"","Species","MaternalLine","SeedlingID","InoculationDate","ScoringDate","Flecking","Chlorosis","Necrosis","ActiveSpores","Coverage","ImmuneResponse","summary_score"
"1","Backhousia leptopetala","NSW349884",9320,"11/08/2026","22/08/2026","N","Y","Y","Y",20,"S",17.5
"2","Backhousia leptopetala","NSW349884",4324,"11/08/2026","22/08/2026","Y","N","N","N",5,"R",1.25
"3","Backhousia leptopetala","NSW349884",3464,"11/08/2026","22/08/2026","Y","N","N","N",5,"R",1.25
"4","Backhousia leptopetala","NSW349884",3425,"11/08/2026","22/08/2026","Y","N","Y","N",5,"R",1.25
"5","Decaspermum humile","NSW298140",3902,"12/08/2026","24/08/2026","N","N","N","N",0,"HR",0
"6","Decaspermum humile","NSW298140",2001,"12/08/2026","24/08/2026","N","N","N","N",0,"HR",0
"7","Decaspermum humile","NSW943924",2919,"12/08/2026","24/08/2026","N","N","N","N",0,"HR",0
"8","Decaspermum humile","NSW943924",3256,"12/08/2026","24/08/2026","N","Y","N","Mix",30,"MS",22.5
"9","Decaspermum humile","NSW298140",2341,"12/08/2026","24/08/2026","Y","N","N","N",5,"R",1.25
"10","Decaspermum humile","NSW943924",3445,"12/08/2026","24/08/2026","N","Y","Y","Mix",45,"MS",33.75
"11","Melaleuca quinquenervia","NSW1071070",1,"3/02/2026","24/02/2026","Y","N","N","R",72,"S",63
"12","Melaleuca quinquenervia","NSW1071070",2,"3/02/2026","24/02/2026","N","Y","Y","N",74,"R",18.5
"13","Melaleuca quinquenervia","NSW1071070",3,"3/02/2026","24/02/2026","Y","N","Y","R",78,"R",19.5
"14","Melaleuca quinquenervia","NSW1071070",4,"3/02/2026","24/02/2026","N","Y","N","UR",79,"R",19.75
"15","Melaleuca quinquenervia","NSW1071070",5,"3/02/2026","24/02/2026","Y","N","Y","Mix",39,"HR",0
"16","Melaleuca quinquenervia","NSW1071070",6,"3/02/2026","24/02/2026","Y","N","Y","N",32,"HR",0
"17","Melaleuca quinquenervia","NSW1071070",7,"3/02/2026","24/02/2026","N","Y","N","Mix",35,"HR",0
"18","Melaleuca quinquenervia","NSW1071070",8,"3/02/2026","24/02/2026","Y","Y","Y","Mix",1,"MS",0.75
"19","Melaleuca quinquenervia","NSW1071070",9,"3/02/2026","24/02/2026","Y","Y","Y","UR",88,"R",22
"20","Melaleuca quinquenervia","NSW1071070",10,"3/02/2026","24/02/2026","N","Y","Y","Mix",86,"MS",64.5
"21","Melaleuca quinquenervia","NSW1071075",14,"3/02/2026","24/02/2026","Y","N","Y","Mix",45,"S",39.375
"22","Melaleuca quinquenervia","NSW1071075",15,"3/02/2026","24/02/2026","N","N","Y","UR",56,"R",14
"23","Melaleuca quinquenervia","NSW1071075",16,"3/02/2026","24/02/2026","Y","Y","N","UR",40,"R",10
"24","Melaleuca quinquenervia","NSW1071075",19,"3/02/2026","24/02/2026","N","N","Y","UR",78,"R",19.5
"25","Melaleuca quinquenervia","NSW1071075",20,"3/02/2026","24/02/2026","N","Y","Y","N",3,"HR",0
"26","Melaleuca quinquenervia","NSW1071075",22,"3/02/2026","24/02/2026","N","Y","Y","UR",78,"HR",0
"27","Melaleuca quinquenervia","NSW1071075",24,"3/02/2026","24/02/2026","N","Y","N","Mix",30,"HR",0
"28","Melaleuca quinquenervia","NSW1071080",25,"3/02/2026","24/02/2026","Y","N","Y","Mix",57,"MS",42.75
"29","Melaleuca quinquenervia","NSW1071080",27,"3/02/2026","24/02/2026","N","Y","N","UR",92,"R",23
"30","Melaleuca quinquenervia","NSW1071080",28,"3/02/2026","24/02/2026","N","N","N","R",45,"MS",33.75
"31","Melaleuca quinquenervia","NSW1071080",31,"3/02/2026","24/02/2026","Y","N","N","N",94,"S",82.25
"32","Melaleuca quinquenervia","NSW1071080",32,"3/02/2026","24/02/2026","N","N","N","UR",58,"R",14.5
"33","Melaleuca quinquenervia","NSW1071080",35,"3/02/2026","24/02/2026","Y","Y","N","UR",23,"R",5.75
"34","Melaleuca quinquenervia","NSW1071080",36,"3/02/2026","24/02/2026","N","Y","N","Mix",11,"R",2.75
"35","Melaleuca quinquenervia","NSW1071090",37,"3/02/2026","24/02/2026","Y","N","N","Mix",71,"HR",0
"36","Melaleuca quinquenervia","NSW1071090",39,"3/02/2026","24/02/2026","Y","N","Y","N",86,"HR",0
"37","Melaleuca quinquenervia","NSW1071090",41,"3/02/2026","24/02/2026","N","N","N","R",24,"HR",0
"38","Melaleuca quinquenervia","NSW1071090",43,"3/02/2026","24/02/2026","Y","Y","Y","N",38,"MS",28.5
"39","Melaleuca quinquenervia","NSW1071090",45,"3/02/2026","24/02/2026","Y","N","Y","UR",86,"R",21.5
"40","Melaleuca quinquenervia","NSW1071090",49,"3/02/2026","24/02/2026","N","N","Y","UR",17,"MS",12.75
"41","Melaleuca quinquenervia","NSW1071090",51,"3/02/2026","24/02/2026","Y","N","N","R",98,"S",85.75
"42","Melaleuca quinquenervia","NSW1071090",55,"3/02/2026","24/02/2026","N","Y","N","N",23,"R",5.75
"43","Melaleuca quinquenervia","NSW1071090",57,"3/02/2026","24/02/2026","Y","N","N","R",65,"R",16.25
"44","Melaleuca quinquenervia","NSW1071110",61,"3/02/2026","24/02/2026","N","N","N","R",56,"R",14
"45","Melaleuca quinquenervia","NSW1071110",62,"3/02/2026","24/02/2026","N","N","Y","Mix",72,"HR",0
"46","Melaleuca quinquenervia","NSW1071110",63,"3/02/2026","24/02/2026","Y","N","N","Mix",13,"HR",0
"47","Melaleuca quinquenervia","NSW1071110",65,"3/02/2026","24/02/2026","Y","N","Y","UR",60,"HR",0
"48","Melaleuca quinquenervia","NSW1071110",66,"3/02/2026","24/02/2026","Y","Y","Y","N",27,"MS",20.25
"49","Melaleuca quinquenervia","NSW1071110",68,"3/02/2026","24/02/2026","N","N","N","R",41,"R",10.25
"50","Melaleuca quinquenervia","NSW1071110",71,"3/02/2026","24/02/2026","Y","Y","N","Mix",4,"MS",3
"51","Melaleuca quinquenervia","NSW1071113",81,"3/02/2026","24/02/2026","Y","N","Y","N",16,"S",14
"52","Melaleuca quinquenervia","NSW1071113",82,"3/02/2026","24/02/2026","Y","Y","Y","R",2,"R",0.5
"53","Melaleuca quinquenervia","NSW1071113",83,"3/02/2026","24/02/2026","N","N","Y","R",43,"R",10.75
"54","Melaleuca quinquenervia","NSW1071115",85,"3/02/2026","24/02/2026","Y","Y","N","R",22,"R",5.5
"55","Melaleuca quinquenervia","NSW1071115",87,"3/02/2026","24/02/2026","Y","Y","N","Mix",58,"HR",0
"56","Melaleuca quinquenervia","NSW1071115",89,"3/02/2026","24/02/2026","Y","Y","Y","N",82,"HR",0
"57","Melaleuca quinquenervia","NSW1071115",90,"3/02/2026","24/02/2026","Y","N","Y","Mix",62,"HR",0
"58","Melaleuca quinquenervia","NSW1071115",94,"3/02/2026","24/02/2026","N","Y","N","UR",17,"MS",12.75
"59","Melaleuca quinquenervia","NSW1071118",97,"3/02/2026","24/02/2026","Y","Y","Y","Mix",36,"R",9
"60","Melaleuca quinquenervia","NSW1071118",98,"3/02/2026","24/02/2026","Y","N","N","R",10,"MS",7.5
"61","Melaleuca quinquenervia","NSW1071118",99,"3/02/2026","24/02/2026","N","Y","N","UR",5,"HR",0
"62","Melaleuca quinquenervia","NSW1071118",101,"3/02/2026","24/02/2026","N","Y","N","N",76,"MS",57
"63","Melaleuca quinquenervia","NSW1071118",102,"3/02/2026","24/02/2026","N","Y","N","R",48,"R",12
"64","Melaleuca quinquenervia","NSW1071118",103,"3/02/2026","24/02/2026","Y","N","Y","N",65,"MS",48.75
"65","Melaleuca quinquenervia","NSW1071118",106,"3/02/2026","24/02/2026","N","Y","Y","R",4,"S",3.5
"66","Melaleuca quinquenervia","NSW1071118",107,"3/02/2026","24/02/2026","N","N","Y","UR",27,"R",6.75
"67","Melaleuca quinquenervia","NSW1071118",108,"3/02/2026","24/02/2026","N","Y","N","UR",49,"R",12.25
"68","Melaleuca quinquenervia","NSW1071123",109,"3/02/2026","24/02/2026","Y","Y","Y","Mix",26,"R",6.5
"69","Melaleuca quinquenervia","NSW1071123",112,"3/02/2026","24/02/2026","N","N","N","R",28,"HR",0
"70","Melaleuca quinquenervia","NSW1071123",113,"3/02/2026","24/02/2026","N","Y","N","Mix",60,"HR",0
"71","Melaleuca quinquenervia","NSW1071123",116,"3/02/2026","24/02/2026","N","N","N","Mix",65,"HR",0
"72","Melaleuca quinquenervia","NSW1071123",118,"3/02/2026","24/02/2026","N","N","Y","Mix",2,"MS",1.5
"73","Melaleuca quinquenervia","NSW1071123",120,"3/02/2026","24/02/2026","N","N","N","N",3,"R",0.75
"74","Melaleuca quinquenervia","NSW1071128",121,"3/02/2026","24/02/2026","Y","Y","N","N",56,"MS",42
"75","Melaleuca quinquenervia","NSW1071128",122,"3/02/2026","24/02/2026","Y","Y","N","R",36,"HR",0
"76","Melaleuca quinquenervia","NSW1071128",123,"3/02/2026","24/02/2026","N","N","N","R",76,"MS",57
"77","Melaleuca quinquenervia","NSW1071128",124,"3/02/2026","24/02/2026","Y","N","Y","Mix",47,"R",11.75
"78","Melaleuca quinquenervia","NSW1071128",125,"3/02/2026","24/02/2026","Y","N","Y","R",71,"MS",53.25
"79","Melaleuca quinquenervia","NSW1071128",126,"3/02/2026","24/02/2026","N","Y","Y","R",100,"S",87.5
"80","Melaleuca quinquenervia","NSW1071128",127,"3/02/2026","24/02/2026","N","N","N","Mix",69,"R",17.25
"81","Melaleuca quinquenervia","NSW1071128",128,"3/02/2026","24/02/2026","N","Y","Y","UR",75,"R",18.75
"82","Melaleuca quinquenervia","NSW1071128",129,"3/02/2026","24/02/2026","N","Y","Y","R",11,"R",2.75
"83","Melaleuca quinquenervia","NSW1071128",130,"3/02/2026","24/02/2026","N","N","N","R",99,"HR",0
"84","Melaleuca quinquenervia","NSW1071128",131,"3/02/2026","24/02/2026","Y","Y","Y","R",87,"HR",0
"85","Melaleuca quinquenervia","NSW1071128",132,"3/02/2026","24/02/2026","Y","Y","Y","N",22,"HR",0
"86","Melaleuca quinquenervia","NSW1071133",133,"3/02/2026","24/02/2026","N","Y","N","R",76,"MS",57
"87","Melaleuca quinquenervia","NSW1071133",134,"3/02/2026","24/02/2026","N","N","Y","R",25,"R",6.25
"88","Melaleuca quinquenervia","NSW1071133",136,"3/02/2026","24/02/2026","Y","Y","N","UR",31,"MS",23.25
"89","Melaleuca quinquenervia","NSW1071133",137,"3/02/2026","24/02/2026","Y","N","N","R",23,"MS",17.25
"90","Melaleuca quinquenervia","NSW1071133",138,"3/02/2026","24/02/2026","N","N","Y","N",59,"R",14.75
"91","Melaleuca quinquenervia","NSW1071133",139,"3/02/2026","24/02/2026","N","Y","N","Mix",43,"MS",32.25
"92","Melaleuca quinquenervia","NSW1071133",140,"3/02/2026","24/02/2026","Y","Y","N","R",100,"HR",0
"93","Melaleuca quinquenervia","NSW1071133",141,"3/02/2026","24/02/2026","N","Y","N","UR",74,"MS",55.5
"94","Melaleuca quinquenervia","NSW1071133",142,"3/02/2026","24/02/2026","N","Y","Y","R",34,"R",8.5
"95","Melaleuca quinquenervia","NSW1071133",143,"3/02/2026","24/02/2026","N","Y","N","Mix",5,"MS",3.75
"96","Melaleuca quinquenervia","NSW1071138",145,"3/02/2026","24/02/2026","Y","Y","Y","R",26,"S",22.75
"97","Melaleuca quinquenervia","NSW1071138",146,"3/02/2026","24/02/2026","N","Y","N","N",15,"R",3.75
"98","Melaleuca quinquenervia","NSW1071138",147,"3/02/2026","24/02/2026","Y","N","N","N",8,"R",2
"99","Melaleuca quinquenervia","NSW1071138",148,"3/02/2026","24/02/2026","N","Y","N","Mix",2,"R",0.5
"100","Melaleuca quinquenervia","NSW1071138",149,"3/02/2026","24/02/2026","Y","Y","Y","N",24,"HR",0
"101","Melaleuca quinquenervia","NSW1071138",150,"3/02/2026","24/02/2026","Y","N","N","N",69,"HR",0
"102","Melaleuca quinquenervia","NSW1071138",151,"3/02/2026","24/02/2026","N","N","N","R",49,"HR",0
"103","Melaleuca quinquenervia","NSW1071138",152,"3/02/2026","24/02/2026","Y","Y","Y","N",69,"MS",51.75
"104","Melaleuca quinquenervia","NSW1071138",153,"3/02/2026","24/02/2026","Y","N","N","Mix",72,"R",18
"105","Melaleuca quinquenervia","NSW1071138",154,"3/02/2026","24/02/2026","Y","N","Y","UR",75,"MS",56.25
"106","Melaleuca quinquenervia","NSW1071138",155,"3/02/2026","24/02/2026","N","N","Y","UR",16,"HR",0
"107","Melaleuca quinquenervia","NSW1071143",157,"3/02/2026","24/02/2026","Y","Y","Y","R",54,"MS",40.5
"108","Melaleuca quinquenervia","NSW1071143",159,"3/02/2026","24/02/2026","Y","N","Y","UR",90,"R",22.5
"109","Melaleuca quinquenervia","NSW1071143",161,"3/02/2026","24/02/2026","N","N","Y","Mix",79,"MS",59.25
"110","Melaleuca quinquenervia","NSW1071143",163,"3/02/2026","24/02/2026","N","Y","Y","R",24,"S",21
"111","Melaleuca quinquenervia","NSW1071143",165,"3/02/2026","24/02/2026","Y","N","N","R",94,"R",23.5
"112","Melaleuca quinquenervia","NSW1071143",169,"3/02/2026","24/02/2026","Y","Y","N","UR",64,"R",16
"113","Melaleuca quinquenervia","NSW1071143",171,"3/02/2026","24/02/2026","N","Y","N","R",65,"R",16.25
"114","Melaleuca quinquenervia","NSW1071143",173,"3/02/2026","24/02/2026","N","N","N","N",79,"HR",0
"115","Melaleuca quinquenervia","NSW1071143",175,"3/02/2026","24/02/2026","Y","N","Y","R",5,"HR",0
"116","Melaleuca quinquenervia","NSW1071143",177,"3/02/2026","24/02/2026","N","N","N","UR",73,"HR",0
"117","Melaleuca quinquenervia","NSW1071143",179,"3/02/2026","24/02/2026","Y","N","N","N",86,"MS",64.5
"118","Melaleuca quinquenervia","NSW1071148",181,"3/02/2026","24/02/2026","Y","Y","Y","UR",15,"R",3.75
"119","Melaleuca quinquenervia","NSW1071148",182,"3/02/2026","24/02/2026","Y","Y","Y","UR",34,"MS",25.5
"120","Melaleuca quinquenervia","NSW1071148",183,"3/02/2026","24/02/2026","Y","N","Y","R",27,"MS",20.25
"121","Melaleuca quinquenervia","NSW1071148",184,"3/02/2026","24/02/2026","N","Y","Y","R",3,"R",0.75
"122","Melaleuca quinquenervia","NSW1071148",185,"3/02/2026","24/02/2026","N","N","Y","UR",50,"MS",37.5
"123","Melaleuca quinquenervia","NSW1071148",186,"3/02/2026","24/02/2026","N","N","Y","N",44,"HR",0
"124","Melaleuca quinquenervia","NSW1071148",187,"3/02/2026","24/02/2026","N","Y","N","R",5,"MS",3.75
"125","Melaleuca quinquenervia","NSW1071148",188,"3/02/2026","24/02/2026","Y","N","Y","Mix",32,"R",8
"126","Melaleuca quinquenervia","NSW1071148",189,"3/02/2026","24/02/2026","N","N","N","R",35,"MS",26.25
"127","Melaleuca quinquenervia","NSW1071148",190,"3/02/2026","24/02/2026","Y","N","Y","Mix",94,"S",82.25
"128","Melaleuca quinquenervia","NSW1071148",192,"3/02/2026","24/02/2026","N","N","Y","UR",96,"R",24
"129","Melaleuca quinquenervia","NSW1074318",193,"3/02/2026","24/02/2026","N","N","Y","UR",36,"R",9
"130","Melaleuca quinquenervia","NSW1074318",195,"3/02/2026","24/02/2026","Y","Y","N","UR",33,"R",8.25
"131","Melaleuca quinquenervia","NSW1074318",196,"3/02/2026","24/02/2026","N","N","Y","R",20,"HR",0
"132","Melaleuca quinquenervia","NSW1074318",197,"3/02/2026","24/02/2026","Y","N","N","Mix",98,"HR",0
"133","Melaleuca quinquenervia","NSW1074318",198,"3/02/2026","24/02/2026","N","Y","N","UR",52,"HR",0
"134","Melaleuca quinquenervia","NSW1074318",199,"3/02/2026","24/02/2026","N","Y","Y","Mix",62,"MS",46.5
"135","Melaleuca quinquenervia","NSW1074324",205,"3/02/2026","24/02/2026","N","N","Y","R",35,"R",8.75
"136","Melaleuca quinquenervia","NSW1075719",206,"3/02/2026","24/02/2026","N","N","N","R",15,"MS",11.25
"137","Melaleuca quinquenervia","NSW1074324",209,"3/02/2026","24/02/2026","N","N","Y","N",73,"HR",0
"138","Melaleuca quinquenervia","NSW1075719",210,"3/02/2026","24/02/2026","N","Y","Y","R",9,"MS",6.75
"139","Melaleuca quinquenervia","NSW1074324",211,"3/02/2026","24/02/2026","N","N","Y","N",38,"R",9.5
"140","Melaleuca quinquenervia","NSW1075719",212,"3/02/2026","24/02/2026","N","Y","Y","Mix",17,"MS",12.75
"141","Melaleuca quinquenervia","NSW1075719",218,"3/02/2026","24/02/2026","Y","N","N","UR",42,"S",36.75
"142","Melaleuca quinquenervia","NSW1074324",221,"3/02/2026","24/02/2026","Y","Y","N","R",65,"R",16.25
"143","Melaleuca quinquenervia","NSW1074324",225,"3/02/2026","24/02/2026","N","N","Y","UR",96,"R",24
"144","Melaleuca quinquenervia","NSW1075719",228,"3/02/2026","24/02/2026","Y","N","Y","Mix",63,"R",15.75
"145","Melaleuca quinquenervia","NSW1074429",229,"3/02/2026","24/02/2026","Y","Y","N","N",90,"HR",0
"146","Melaleuca quinquenervia","NSW1074429",231,"3/02/2026","24/02/2026","Y","N","Y","UR",23,"HR",0
"147","Melaleuca quinquenervia","NSW1074429",233,"3/02/2026","24/02/2026","N","N","Y","UR",42,"HR",0
"148","Melaleuca quinquenervia","NSW1074429",237,"3/02/2026","24/02/2026","Y","N","N","UR",17,"MS",12.75
"149","Melaleuca quinquenervia","NSW1075723",242,"3/02/2026","24/02/2026","N","N","Y","Mix",78,"R",19.5
"150","Melaleuca quinquenervia","NSW1075723",245,"3/02/2026","24/02/2026","Y","Y","Y","UR",68,"MS",51
"151","Melaleuca quinquenervia","NSW1075723",248,"3/02/2026","24/02/2026","N","N","N","R",38,"MS",28.5
"152","Melaleuca quinquenervia","NSW1075723",249,"3/02/2026","24/02/2026","N","Y","Y","UR",6,"R",1.5
"153","Melaleuca quinquenervia","NSW1074334",253,"3/02/2026","24/02/2026","Y","N","N","UR",35,"MS",26.25
"154","Melaleuca quinquenervia","NSW1074334",254,"3/02/2026","24/02/2026","Y","N","Y","UR",78,"HR",0
"155","Melaleuca quinquenervia","NSW1074334",255,"3/02/2026","24/02/2026","Y","Y","Y","R",78,"MS",58.5
"156","Melaleuca quinquenervia","NSW1074334",256,"3/02/2026","24/02/2026","Y","N","Y","N",69,"R",17.25
"157","Melaleuca quinquenervia","NSW1074334",258,"3/02/2026","24/02/2026","N","N","Y","R",13,"MS",9.75
"158","Melaleuca quinquenervia","NSW1074334",259,"3/02/2026","24/02/2026","N","N","Y","UR",57,"S",49.875
"159","Melaleuca quinquenervia","NSW1074334",261,"3/02/2026","24/02/2026","N","N","N","R",61,"R",15.25
"160","Melaleuca quinquenervia","NSW1074334",264,"3/02/2026","24/02/2026","Y","N","N","Mix",13,"R",3.25
"161","Melaleuca quinquenervia","NSW1074339",266,"3/02/2026","24/02/2026","Y","Y","Y","R",75,"R",18.75
"162","Melaleuca quinquenervia","NSW1074339",268,"3/02/2026","24/02/2026","Y","Y","N","R",59,"HR",0
"163","Melaleuca quinquenervia","NSW1074339",269,"3/02/2026","24/02/2026","Y","Y","N","UR",43,"HR",0
"164","Melaleuca quinquenervia","NSW1074339",272,"3/02/2026","24/02/2026","Y","N","N","R",4,"HR",0
"165","Melaleuca quinquenervia","NSW1074339",273,"3/02/2026","24/02/2026","Y","N","Y","UR",0,"MS",0
"166","Melaleuca quinquenervia","NSW1074339",274,"3/02/2026","24/02/2026","Y","Y","N","Mix",58,"R",14.5
"167","Melaleuca quinquenervia","NSW1074339",276,"3/02/2026","24/02/2026","N","N","N","UR",69,"MS",51.75
"168","Melaleuca quinquenervia","NSW1074398",279,"3/02/2026","24/02/2026","Y","Y","N","UR",59,"HR",0
"169","Melaleuca quinquenervia","NSW1074398",283,"3/02/2026","24/02/2026","N","Y","Y","N",99,"MS",74.25
"170","Melaleuca quinquenervia","NSW1074398",285,"3/02/2026","24/02/2026","Y","N","N","UR",41,"R",10.25
"171","Melaleuca quinquenervia","NSW1074423",289,"3/02/2026","24/02/2026","Y","Y","N","Mix",6,"MS",4.5
"172","Melaleuca quinquenervia","NSW1074423",291,"3/02/2026","24/02/2026","N","Y","N","R",92,"S",80.5
"173","Melaleuca quinquenervia","NSW1074423",292,"3/02/2026","24/02/2026","Y","Y","N","UR",38,"R",9.5
"174","Melaleuca quinquenervia","NSW1074423",293,"3/02/2026","24/02/2026","Y","Y","N","Mix",34,"R",8.5
"175","Melaleuca quinquenervia","NSW1074423",294,"3/02/2026","24/02/2026","N","N","Y","UR",93,"R",23.25
"176","Melaleuca quinquenervia","NSW1074423",295,"3/02/2026","24/02/2026","N","Y","N","Mix",15,"HR",0
"177","Melaleuca quinquenervia","NSW1074423",297,"3/02/2026","24/02/2026","Y","Y","N","Mix",47,"HR",0
"178","Melaleuca quinquenervia","NSW1074423",298,"3/02/2026","24/02/2026","Y","Y","N","Mix",88,"HR",0
"179","Melaleuca quinquenervia","NSW1074423",299,"3/02/2026","24/02/2026","Y","N","N","Mix",62,"MS",46.5
"180","Melaleuca quinquenervia","NSW1075706",302,"3/02/2026","24/02/2026","N","Y","Y","R",13,"R",3.25
"181","Melaleuca quinquenervia","NSW1075706",304,"3/02/2026","24/02/2026","Y","Y","Y","UR",70,"MS",52.5
"182","Melaleuca quinquenervia","NSW1074428",305,"3/02/2026","24/02/2026","Y","Y","Y","N",32,"MS",24
"183","Melaleuca quinquenervia","NSW1074329",325,"3/02/2026","24/02/2026","N","N","Y","UR",54,"R",13.5
"184","Melaleuca quinquenervia","NSW1074329",327,"3/02/2026","24/02/2026","Y","Y","Y","R",6,"MS",4.5
"185","Melaleuca quinquenervia","NSW1074329",328,"3/02/2026","24/02/2026","N","Y","Y","R",14,"HR",0
"186","Melaleuca quinquenervia","NSW1074329",331,"3/02/2026","24/02/2026","Y","N","N","N",71,"MS",53.25
"187","Melaleuca quinquenervia","NSW1074329",334,"3/02/2026","24/02/2026","Y","Y","Y","R",70,"R",17.5
"188","Melaleuca quinquenervia","NSW1074329",336,"3/02/2026","24/02/2026","N","N","Y","N",28,"MS",21
"189","Melaleuca quinquenervia","NSW1074433",337,"3/02/2026","24/02/2026","N","N","N","UR",45,"S",39.375
"190","Melaleuca quinquenervia","NSW1074433",339,"3/02/2026","24/02/2026","Y","Y","Y","Mix",72,"R",18
"191","Melaleuca quinquenervia","NSW1074433",340,"3/02/2026","24/02/2026","Y","Y","N","R",36,"R",9
"192","Melaleuca quinquenervia","NSW1074433",341,"3/02/2026","24/02/2026","Y","Y","Y","UR",18,"R",4.5
"193","Melaleuca quinquenervia","NSW1074433",344,"3/02/2026","24/02/2026","N","N","Y","Mix",96,"HR",0
"194","Melaleuca quinquenervia","NSW1074453",349,"3/02/2026","24/02/2026","N","Y","N","N",94,"HR",0
"195","Melaleuca quinquenervia","NSW1074453",351,"3/02/2026","24/02/2026","N","Y","Y","UR",96,"HR",0
"196","Melaleuca quinquenervia","NSW1074453",357,"3/02/2026","24/02/2026","N","N","N","N",66,"MS",49.5
"197","Melaleuca quinquenervia","NSW1074453",358,"3/02/2026","24/02/2026","Y","N","Y","Mix",96,"R",24
"198","Melaleuca quinquenervia","NSW1074458",361,"3/02/2026","24/02/2026","Y","Y","Y","Mix",12,"MS",9
"199","Melaleuca quinquenervia","NSW1074458",370,"3/02/2026","24/02/2026","Y","N","N","UR",24,"HR",0
"200","Melaleuca quinquenervia","NSW1074458",371,"3/02/2026","24/02/2026","Y","Y","N","R",30,"MS",22.5
"201","Melaleuca quinquenervia","NSW1078636",373,"3/02/2026","24/02/2026","N","Y","N","N",89,"R",22.25
"202","Melaleuca quinquenervia","NSW1078636",374,"3/02/2026","24/02/2026","N","N","Y","R",47,"MS",35.25
"203","Melaleuca quinquenervia","NSW1078636",375,"3/02/2026","24/02/2026","N","N","N","UR",71,"S",62.125
"204","Melaleuca quinquenervia","NSW1078636",376,"3/02/2026","24/02/2026","N","Y","N","Mix",68,"R",17
"205","Melaleuca quinquenervia","NSW1078636",377,"3/02/2026","24/02/2026","N","N","Y","R",84,"R",21
"206","Melaleuca quinquenervia","NSW1078636",378,"3/02/2026","24/02/2026","Y","N","Y","Mix",81,"R",20.25
"207","Melaleuca quinquenervia","NSW1078636",379,"3/02/2026","24/02/2026","N","Y","Y","Mix",44,"HR",0
"208","Melaleuca quinquenervia","NSW1078636",380,"3/02/2026","24/02/2026","N","N","Y","R",87,"HR",0
"209","Melaleuca quinquenervia","NSW1078636",381,"3/02/2026","24/02/2026","Y","Y","N","N",70,"HR",0
"210","Melaleuca quinquenervia","NSW1078636",382,"3/02/2026","24/02/2026","Y","N","N","N",78,"MS",58.5
"211","Melaleuca quinquenervia","NSW1078636",384,"3/02/2026","24/02/2026","Y","N","N","Mix",85,"R",21.25
"212","Melaleuca quinquenervia","NSW1078637",385,"3/02/2026","24/02/2026","Y","Y","Y","R",78,"MS",58.5
"213","Melaleuca quinquenervia","NSW1078637",386,"3/02/2026","24/02/2026","Y","N","Y","N",94,"R",23.5
"214","Melaleuca quinquenervia","NSW1078637",387,"3/02/2026","24/02/2026","N","N","Y","Mix",80,"R",20
"215","Melaleuca quinquenervia","NSW1078637",389,"3/02/2026","24/02/2026","N","N","N","N",24,"HR",0
"216","Melaleuca quinquenervia","NSW1078637",391,"3/02/2026","24/02/2026","N","Y","N","N",50,"HR",0
"217","Melaleuca quinquenervia","NSW1078637",392,"3/02/2026","24/02/2026","N","N","Y","R",39,"HR",0
"218","Melaleuca quinquenervia","NSW1078637",393,"3/02/2026","24/02/2026","Y","Y","Y","R",42,"MS",31.5
"219","Melaleuca quinquenervia","NSW1078637",394,"3/02/2026","24/02/2026","N","N","Y","Mix",15,"R",3.75
"220","Melaleuca quinquenervia","NSW1078637",395,"3/02/2026","24/02/2026","Y","Y","N","N",57,"MS",42.75
"221","Melaleuca quinquenervia","NSW1078637",396,"3/02/2026","24/02/2026","N","N","Y","R",60,"MS",45
"222","Melaleuca quinquenervia","NSW1078640",397,"3/02/2026","24/02/2026","Y","Y","N","N",99,"R",24.75
"223","Melaleuca quinquenervia","NSW1078640",398,"3/02/2026","24/02/2026","Y","Y","Y","R",62,"MS",46.5
"224","Melaleuca quinquenervia","NSW1078640",399,"3/02/2026","24/02/2026","N","N","Y","UR",86,"HR",0
"225","Melaleuca quinquenervia","NSW1078640",400,"3/02/2026","24/02/2026","N","N","N","R",49,"MS",36.75
"226","Melaleuca quinquenervia","NSW1078640",401,"3/02/2026","24/02/2026","Y","Y","Y","UR",97,"R",24.25
"227","Melaleuca quinquenervia","NSW1078640",402,"3/02/2026","24/02/2026","N","Y","Y","UR",73,"MS",54.75
"228","Melaleuca quinquenervia","NSW1078640",406,"3/02/2026","24/02/2026","Y","Y","N","UR",11,"S",9.625
"229","Melaleuca quinquenervia","NSW1078640",407,"3/02/2026","24/02/2026","Y","Y","Y","UR",19,"R",4.75
"230","Melaleuca quinquenervia","NSW1078641",411,"3/02/2026","24/02/2026","Y","N","N","R",81,"R",20.25
"231","Melaleuca quinquenervia","NSW1078641",413,"3/02/2026","24/02/2026","Y","Y","N","Mix",61,"R",15.25
"232","Melaleuca quinquenervia","NSW1078641",415,"3/02/2026","24/02/2026","Y","N","Y","R",21,"HR",0
"233","Melaleuca quinquenervia","NSW1078641",417,"3/02/2026","24/02/2026","N","Y","Y","Mix",95,"HR",0
"234","Melaleuca quinquenervia","NSW1078641",419,"3/02/2026","24/02/2026","Y","N","Y","Mix",59,"HR",0
"235","Melaleuca quinquenervia","NSW1078641",421,"3/02/2026","24/02/2026","N","N","N","R",46,"MS",34.5
"236","Melaleuca quinquenervia","NSW1078641",425,"3/02/2026","24/02/2026","N","Y","N","Mix",32,"R",8
"237","Melaleuca quinquenervia","NSW1078641",427,"3/02/2026","24/02/2026","Y","N","N","R",33,"MS",24.75
"238","Melaleuca quinquenervia","NSW1078641",429,"3/02/2026","24/02/2026","Y","N","N","Mix",40,"HR",0
"239","Melaleuca quinquenervia","NSW1078642",437,"3/02/2026","24/02/2026","Y","N","Y","R",11,"MS",8.25
"240","Melaleuca quinquenervia","NSW1078642",439,"3/02/2026","24/02/2026","Y","N","N","R",35,"R",8.75
"241","Melaleuca quinquenervia","NSW1078642",440,"3/02/2026","24/02/2026","N","N","N","Mix",32,"MS",24
"242","Melaleuca quinquenervia","NSW1078642",442,"3/02/2026","24/02/2026","Y","Y","N","Mix",63,"S",55.125
"243","Melaleuca quinquenervia","NSW1078645",449,"3/02/2026","24/02/2026","N","Y","Y","UR",82,"R",20.5
"244","Melaleuca quinquenervia","NSW1078645",450,"3/02/2026","24/02/2026","N","Y","Y","Mix",69,"R",17.25
"245","Melaleuca quinquenervia","NSW1078645",451,"3/02/2026","24/02/2026","N","N","N","N",51,"R",12.75
"246","Melaleuca quinquenervia","NSW1078645",452,"3/02/2026","24/02/2026","N","N","N","Mix",24,"HR",0
"247","Melaleuca quinquenervia","NSW1078645",453,"3/02/2026","24/02/2026","N","Y","Y","N",90,"HR",0
"248","Melaleuca quinquenervia","NSW1078645",454,"3/02/2026","24/02/2026","Y","Y","Y","UR",69,"HR",0
"249","Melaleuca quinquenervia","NSW1078647",469,"3/02/2026","24/02/2026","N","N","Y","R",43,"MS",32.25
"250","Melaleuca quinquenervia","NSW1078647",470,"3/02/2026","24/02/2026","N","Y","N","R",8,"R",2
"251","Melaleuca quinquenervia","NSW1078647",471,"3/02/2026","24/02/2026","Y","Y","N","N",57,"MS",42.75
"252","Melaleuca quinquenervia","NSW1078647",473,"3/02/2026","24/02/2026","Y","N","Y","UR",48,"MS",36
"253","Melaleuca quinquenervia","NSW1078647",474,"3/02/2026","24/02/2026","N","N","Y","R",78,"R",19.5
"254","Melaleuca quinquenervia","NSW1078647",475,"3/02/2026","24/02/2026","Y","N","Y","R",66,"MS",49.5
"255","Melaleuca quinquenervia","NSW1078647",476,"3/02/2026","24/02/2026","Y","Y","Y","Mix",25,"HR",0
"256","Melaleuca quinquenervia","NSW1078647",477,"3/02/2026","24/02/2026","N","N","Y","Mix",89,"MS",66.75
"257","Melaleuca quinquenervia","NSW1078647",479,"3/02/2026","24/02/2026","N","N","Y","UR",51,"R",12.75
"258","Melaleuca quinquenervia","NSW1078651",481,"3/02/2026","24/02/2026","N","N","N","R",43,"MS",32.25
"259","Melaleuca quinquenervia","NSW1078651",483,"3/02/2026","24/02/2026","N","Y","Y","N",0,"S",0
"260","Melaleuca quinquenervia","NSW1078651",486,"3/02/2026","24/02/2026","N","Y","Y","Mix",45,"R",11.25
"261","Melaleuca quinquenervia","NSW1078651",487,"3/02/2026","24/02/2026","Y","N","N","Mix",86,"R",21.5
"262","Melaleuca quinquenervia","NSW1078651",488,"3/02/2026","24/02/2026","N","Y","Y","N",40,"R",10
"263","Melaleuca quinquenervia","NSW1078652",493,"3/02/2026","24/02/2026","Y","N","N","Mix",15,"HR",0
"264","Melaleuca quinquenervia","NSW1078652",494,"3/02/2026","24/02/2026","N","Y","Y","UR",45,"HR",0
"265","Melaleuca quinquenervia","NSW1078652",496,"3/02/2026","24/02/2026","Y","Y","N","Mix",67,"HR",0
"266","Melaleuca quinquenervia","NSW1078652",497,"3/02/2026","24/02/2026","Y","Y","N","N",98,"MS",73.5
"267","Melaleuca quinquenervia","NSW1078652",499,"3/02/2026","24/02/2026","N","N","Y","N",43,"R",10.75
"268","Melaleuca quinquenervia","NSW1078652",500,"3/02/2026","24/02/2026","Y","N","N","UR",23,"MS",17.25
"269","Melaleuca quinquenervia","NSW1078652",501,"3/02/2026","24/02/2026","N","Y","N","R",1,"HR",0
"270","Melaleuca quinquenervia","NSW1078652",502,"3/02/2026","24/02/2026","N","Y","Y","UR",1,"MS",0.75
"271","Melaleuca quinquenervia","NSW1078653",505,"3/02/2026","24/02/2026","Y","Y","N","R",63,"R",15.75
"272","Melaleuca quinquenervia","NSW1078653",507,"3/02/2026","24/02/2026","N","Y","N","R",27,"MS",20.25
"273","Melaleuca quinquenervia","NSW1078653",508,"3/02/2026","24/02/2026","N","N","N","UR",79,"S",69.125
"274","Melaleuca quinquenervia","NSW1078653",509,"3/02/2026","24/02/2026","Y","N","Y","R",45,"R",11.25
"275","Melaleuca quinquenervia","NSW1078653",511,"3/02/2026","24/02/2026","N","N","Y","R",26,"R",6.5
"276","Melaleuca quinquenervia","NSW1078653",512,"3/02/2026","24/02/2026","N","N","N","Mix",70,"R",17.5
"277","Melaleuca quinquenervia","NSW1078653",514,"3/02/2026","24/02/2026","N","Y","Y","UR",29,"HR",0
"278","Melaleuca quinquenervia","NSW1078653",515,"3/02/2026","24/02/2026","Y","N","N","N",97,"HR",0
"279","Melaleuca quinquenervia","NSW1078653",516,"3/02/2026","24/02/2026","N","N","N","UR",61,"HR",0
"280","Melaleuca quinquenervia","NSW1078654",517,"3/02/2026","24/02/2026","Y","Y","Y","UR",93,"MS",69.75
"281","Melaleuca quinquenervia","NSW1078654",518,"3/02/2026","24/02/2026","N","Y","Y","R",68,"R",17
"282","Melaleuca quinquenervia","NSW1078654",519,"3/02/2026","24/02/2026","N","Y","Y","R",93,"MS",69.75
"283","Melaleuca quinquenervia","NSW1078654",520,"3/02/2026","24/02/2026","N","N","N","R",65,"R",16.25
"284","Melaleuca quinquenervia","NSW1078654",522,"3/02/2026","24/02/2026","Y","N","Y","R",95,"R",23.75
"285","Melaleuca quinquenervia","NSW1078654",523,"3/02/2026","24/02/2026","N","Y","Y","Mix",66,"HR",0
"286","Melaleuca quinquenervia","NSW1078654",524,"3/02/2026","24/02/2026","N","N","Y","UR",54,"HR",0
"287","Melaleuca quinquenervia","NSW1078654",525,"3/02/2026","24/02/2026","N","Y","N","UR",11,"HR",0
"288","Melaleuca quinquenervia","NSW1078654",528,"3/02/2026","24/02/2026","N","Y","N","Mix",87,"MS",65.25
"289","Melaleuca quinquenervia","NSW1078656",529,"3/02/2026","24/02/2026","N","Y","N","Mix",14,"R",3.5
"290","Melaleuca quinquenervia","NSW1078656",530,"3/02/2026","24/02/2026","Y","Y","N","R",29,"MS",21.75
"291","Melaleuca quinquenervia","NSW1078656",533,"3/02/2026","24/02/2026","N","N","N","Mix",98,"MS",73.5
"292","Melaleuca quinquenervia","NSW1078656",534,"3/02/2026","24/02/2026","N","Y","N","R",84,"R",21
"293","Melaleuca quinquenervia","NSW1078656",535,"3/02/2026","24/02/2026","N","Y","Y","N",73,"MS",54.75
"294","Melaleuca quinquenervia","NSW1078656",537,"3/02/2026","24/02/2026","N","N","Y","N",38,"HR",0
"295","Melaleuca quinquenervia","NSW1078657",541,"3/02/2026","24/02/2026","Y","Y","Y","R",54,"MS",40.5
"296","Melaleuca quinquenervia","NSW1078657",542,"3/02/2026","24/02/2026","N","Y","Y","Mix",82,"R",20.5
"297","Melaleuca quinquenervia","NSW1078657",544,"3/02/2026","24/02/2026","Y","N","Y","Mix",50,"MS",37.5
"298","Melaleuca quinquenervia","NSW1078657",545,"3/02/2026","24/02/2026","Y","N","N","UR",45,"S",39.375
"299","Melaleuca quinquenervia","NSW1078657",547,"3/02/2026","24/02/2026","N","N","N","R",92,"R",23
"300","Melaleuca quinquenervia","NSW1078657",550,"3/02/2026","24/02/2026","N","Y","N","R",64,"R",16
"301","Melaleuca quinquenervia","NSW1078657",552,"3/02/2026","24/02/2026","Y","N","N","N",62,"R",15.5
"302","Melaleuca quinquenervia","NSW1078658",555,"3/02/2026","24/02/2026","Y","N","Y","UR",87,"HR",0
"303","Melaleuca quinquenervia","NSW1078658",557,"3/02/2026","24/02/2026","Y","N","Y","UR",38,"HR",0
"304","Melaleuca quinquenervia","NSW1078658",559,"3/02/2026","24/02/2026","Y","N","N","R",64,"HR",0
"305","Melaleuca quinquenervia","NSW1078658",560,"3/02/2026","24/02/2026","Y","N","Y","R",92,"MS",69
"306","Melaleuca quinquenervia","NSW1078658",563,"3/02/2026","24/02/2026","Y","N","Y","N",57,"R",14.25
"307","Melaleuca quinquenervia","NSW1078658",564,"3/02/2026","24/02/2026","N","Y","N","R",0,"MS",0
"308","Melaleuca quinquenervia","NSW1078660",565,"3/02/2026","24/02/2026","Y","Y","Y","UR",29,"HR",0
"309","Melaleuca quinquenervia","NSW1078660",567,"3/02/2026","24/02/2026","N","N","N","N",68,"MS",51
"310","Melaleuca quinquenervia","NSW1078660",572,"3/02/2026","24/02/2026","Y","N","Y","UR",67,"R",16.75
"311","Melaleuca quinquenervia","NSW1078660",574,"3/02/2026","24/02/2026","Y","Y","Y","N",90,"MS",67.5
"312","Melaleuca quinquenervia","NSW1078662",577,"3/02/2026","24/02/2026","Y","N","N","UR",50,"S",43.75
"313","Melaleuca quinquenervia","NSW1078662",579,"3/02/2026","24/02/2026","N","Y","Y","Mix",42,"R",10.5
"314","Melaleuca quinquenervia","NSW1078662",581,"3/02/2026","24/02/2026","N","N","N","N",86,"R",21.5
"315","Melaleuca quinquenervia","NSW1078662",583,"3/02/2026","24/02/2026","Y","Y","Y","R",68,"R",17
"316","Melaleuca quinquenervia","NSW1078662",585,"3/02/2026","24/02/2026","N","N","Y","N",1,"HR",0
"317","Melaleuca quinquenervia","NSW1078662",587,"3/02/2026","24/02/2026","N","Y","Y","R",45,"HR",0
"318","Melaleuca quinquenervia","NSW1075721",590,"3/02/2026","24/02/2026","N","Y","Y","R",53,"HR",0
"319","Melaleuca quinquenervia","NSW1078662",591,"3/02/2026","24/02/2026","N","N","N","UR",8,"MS",6
"320","Melaleuca quinquenervia","NSW1078662",597,"3/02/2026","24/02/2026","N","N","Y","Mix",47,"R",11.75
"321","Melaleuca quinquenervia","NSW1078662",599,"3/02/2026","24/02/2026","Y","N","Y","Mix",14,"MS",10.5
"322","Melaleuca quinquenervia","NSW1078713",611,"3/02/2026","24/02/2026","N","N","N","N",9,"MS",6.75
"323","Melaleuca quinquenervia","NSW1079653",622,"3/02/2026","24/02/2026","N","N","Y","N",69,"R",17.25
"324","Melaleuca quinquenervia","NSW1079654",625,"3/02/2026","24/02/2026","Y","Y","N","N",100,"MS",75
"325","Melaleuca quinquenervia","NSW1079654",626,"3/02/2026","24/02/2026","Y","Y","N","Mix",56,"HR",0
"326","Melaleuca quinquenervia","NSW1079654",627,"3/02/2026","24/02/2026","Y","Y","Y","UR",30,"MS",22.5
"327","Melaleuca quinquenervia","NSW1079654",628,"3/02/2026","24/02/2026","N","N","N","N",43,"R",10.75
"328","Melaleuca quinquenervia","NSW1079654",629,"3/02/2026","24/02/2026","N","N","Y","R",98,"MS",73.5
"329","Melaleuca quinquenervia","NSW1079654",630,"3/02/2026","24/02/2026","N","Y","Y","Mix",6,"S",5.25
"330","Melaleuca quinquenervia","NSW1079654",631,"3/02/2026","24/02/2026","N","N","Y","Mix",33,"R",8.25
"331","Melaleuca quinquenervia","NSW1079654",635,"3/02/2026","24/02/2026","N","N","N","UR",53,"R",13.25
"332","Melaleuca quinquenervia","NSW1079654",636,"3/02/2026","24/02/2026","Y","Y","Y","R",53,"R",13.25
"333","Melaleuca quinquenervia","NSW1079658",637,"3/02/2026","24/02/2026","N","N","Y","Mix",66,"HR",0
"334","Melaleuca quinquenervia","NSW1079658",638,"3/02/2026","24/02/2026","Y","Y","N","N",4,"HR",0
"335","Melaleuca quinquenervia","NSW1079658",640,"3/02/2026","24/02/2026","N","N","N","R",20,"HR",0
"336","Melaleuca quinquenervia","NSW1079658",641,"3/02/2026","24/02/2026","N","N","N","R",14,"MS",10.5
"337","Melaleuca quinquenervia","NSW1079658",642,"3/02/2026","24/02/2026","N","N","N","N",33,"R",8.25
"338","Melaleuca quinquenervia","NSW1079658",644,"3/02/2026","24/02/2026","N","Y","Y","N",86,"MS",64.5
"339","Melaleuca quinquenervia","NSW1079658",645,"3/02/2026","24/02/2026","N","Y","N","Mix",99,"HR",0
"340","Melaleuca quinquenervia","NSW1079658",646,"3/02/2026","24/02/2026","Y","Y","N","UR",62,"MS",46.5
"341","Melaleuca quinquenervia","NSW1079658",648,"3/02/2026","24/02/2026","N","Y","N","N",0,"R",0
"342","Melaleuca quinquenervia","NSW1079670",649,"3/02/2026","24/02/2026","Y","N","Y","R",3,"MS",2.25
"343","Melaleuca quinquenervia","NSW1079670",650,"3/02/2026","24/02/2026","N","N","Y","R",61,"S",53.375
"344","Melaleuca quinquenervia","NSW1079670",651,"3/02/2026","24/02/2026","N","N","N","UR",73,"R",18.25
"345","Melaleuca quinquenervia","NSW1079670",652,"3/02/2026","24/02/2026","Y","N","N","Mix",86,"R",21.5
"346","Melaleuca quinquenervia","NSW1079670",653,"3/02/2026","24/02/2026","N","N","Y","UR",91,"R",22.75
"347","Melaleuca quinquenervia","NSW1079670",654,"3/02/2026","24/02/2026","Y","Y","N","R",64,"HR",0
"348","Melaleuca quinquenervia","NSW1079670",656,"3/02/2026","24/02/2026","Y","Y","N","N",67,"HR",0
"349","Melaleuca quinquenervia","NSW1079670",657,"3/02/2026","24/02/2026","Y","Y","Y","R",29,"HR",0
"350","Melaleuca quinquenervia","NSW1079670",658,"3/02/2026","24/02/2026","Y","Y","Y","R",46,"MS",34.5
"351","Melaleuca quinquenervia","NSW1079670",659,"3/02/2026","24/02/2026","N","N","N","UR",100,"R",25
"352","Melaleuca quinquenervia","NSW1079671",662,"3/02/2026","24/02/2026","N","N","N","R",72,"MS",54
"353","Melaleuca quinquenervia","NSW1079671",665,"3/02/2026","24/02/2026","Y","N","N","Mix",1,"R",0.25
"354","Melaleuca quinquenervia","NSW1079672",673,"3/02/2026","24/02/2026","N","N","Y","UR",4,"R",1
"355","Melaleuca quinquenervia","NSW1079672",674,"3/02/2026","24/02/2026","N","Y","N","Mix",82,"HR",0
"356","Melaleuca quinquenervia","NSW1079672",679,"3/02/2026","24/02/2026","N","N","Y","UR",90,"HR",0
"357","Melaleuca quinquenervia","NSW1079672",683,"3/02/2026","24/02/2026","N","N","Y","UR",30,"HR",0
"358","Melaleuca quinquenervia","NSW1079675",685,"3/02/2026","24/02/2026","Y","N","N","Mix",17,"MS",12.75
"359","Melaleuca quinquenervia","NSW1079675",686,"3/02/2026","24/02/2026","N","N","N","N",71,"R",17.75
"360","Melaleuca quinquenervia","NSW1079675",687,"3/02/2026","24/02/2026","N","Y","Y","Mix",99,"MS",74.25
"361","Melaleuca quinquenervia","NSW1079675",692,"3/02/2026","24/02/2026","Y","Y","N","N",25,"MS",18.75
"362","Melaleuca quinquenervia","NSW1079675",694,"3/02/2026","24/02/2026","N","N","N","R",28,"R",7
"363","Melaleuca quinquenervia","NSW1079675",695,"3/02/2026","24/02/2026","N","N","Y","N",40,"MS",30
"364","Melaleuca quinquenervia","NSW1079675",696,"3/02/2026","24/02/2026","Y","N","N","Mix",81,"HR",0
"365","Melaleuca quinquenervia","NSW1079677",697,"3/02/2026","24/02/2026","Y","Y","N","N",22,"MS",16.5
"366","Melaleuca quinquenervia","NSW1079677",698,"3/02/2026","24/02/2026","N","N","N","UR",54,"R",13.5
"367","Melaleuca quinquenervia","NSW1079677",699,"3/02/2026","24/02/2026","N","N","Y","Mix",3,"MS",2.25
"368","Melaleuca quinquenervia","NSW1079677",700,"3/02/2026","24/02/2026","Y","N","N","Mix",87,"S",76.125
"369","Melaleuca quinquenervia","NSW1079677",701,"3/02/2026","24/02/2026","N","Y","N","Mix",98,"R",24.5
"370","Melaleuca quinquenervia","NSW1079677",702,"3/02/2026","24/02/2026","Y","N","Y","N",73,"R",18.25
"371","Melaleuca quinquenervia","NSW1079677",703,"3/02/2026","24/02/2026","Y","N","Y","R",62,"R",15.5
"372","Melaleuca quinquenervia","NSW1079677",704,"3/02/2026","24/02/2026","Y","N","Y","R",86,"HR",0
"373","Melaleuca quinquenervia","NSW1079677",706,"3/02/2026","24/02/2026","Y","Y","N","N",31,"HR",0
"374","Melaleuca quinquenervia","NSW1079677",707,"3/02/2026","24/02/2026","Y","N","Y","Mix",74,"HR",0
"375","Melaleuca quinquenervia","NSW1079680",709,"3/02/2026","24/02/2026","Y","N","N","Mix",79,"MS",59.25
"376","Melaleuca quinquenervia","NSW1079680",711,"3/02/2026","24/02/2026","N","N","N","UR",66,"R",16.5
"377","Melaleuca quinquenervia","NSW1079680",712,"3/02/2026","24/02/2026","Y","Y","N","Mix",33,"MS",24.75
"378","Melaleuca quinquenervia","NSW1079680",713,"3/02/2026","24/02/2026","Y","N","Y","Mix",57,"HR",0
"379","Melaleuca quinquenervia","NSW1079680",714,"3/02/2026","24/02/2026","N","Y","N","UR",28,"MS",21
"380","Melaleuca quinquenervia","NSW1079680",716,"3/02/2026","24/02/2026","N","Y","Y","N",3,"R",0.75
"381","Melaleuca quinquenervia","NSW1079680",717,"3/02/2026","24/02/2026","Y","N","N","Mix",35,"MS",26.25
"382","Melaleuca quinquenervia","NSW1079680",718,"3/02/2026","24/02/2026","Y","N","Y","Mix",46,"S",40.25
"383","Melaleuca quinquenervia","NSW1079681",726,"3/02/2026","24/02/2026","N","Y","Y","R",23,"R",5.75
"384","Melaleuca quinquenervia","NSW1079681",732,"3/02/2026","24/02/2026","N","N","Y","N",1,"R",0.25
"385","Melaleuca quinquenervia","NSW1079682",733,"3/02/2026","24/02/2026","Y","N","N","R",11,"R",2.75
"386","Melaleuca quinquenervia","NSW1079682",734,"3/02/2026","24/02/2026","Y","N","Y","Mix",68,"HR",0
"387","Melaleuca quinquenervia","NSW1079682",735,"3/02/2026","24/02/2026","N","Y","N","Mix",99,"HR",0
"388","Melaleuca quinquenervia","NSW1079682",736,"3/02/2026","24/02/2026","N","N","Y","R",6,"HR",0
"389","Melaleuca quinquenervia","NSW1079682",737,"3/02/2026","24/02/2026","Y","N","N","R",69,"MS",51.75
"390","Melaleuca quinquenervia","NSW1079682",738,"3/02/2026","24/02/2026","Y","Y","Y","UR",66,"R",16.5
"391","Melaleuca quinquenervia","NSW1079682",740,"3/02/2026","24/02/2026","N","Y","N","Mix",59,"MS",44.25
"392","Melaleuca quinquenervia","NSW1079682",741,"3/02/2026","24/02/2026","Y","Y","N","N",64,"MS",48
"393","Melaleuca quinquenervia","NSW1079682",742,"3/02/2026","24/02/2026","N","Y","Y","Mix",82,"R",20.5
"394","Melaleuca quinquenervia","NSW1079682",743,"3/02/2026","24/02/2026","Y","Y","Y","R",70,"MS",52.5
"395","Melaleuca quinquenervia","NSW1079686",748,"3/02/2026","24/02/2026","N","N","N","Mix",98,"HR",0
"396","Melaleuca quinquenervia","NSW1079687",757,"3/02/2026","24/02/2026","Y","N","N","N",41,"MS",30.75
"397","Melaleuca quinquenervia","NSW1079687",758,"3/02/2026","24/02/2026","N","Y","Y","UR",85,"R",21.25
"398","Melaleuca quinquenervia","NSW1079687",762,"3/02/2026","24/02/2026","Y","Y","N","R",57,"MS",42.75
"399","Melaleuca quinquenervia","NSW1079687",764,"3/02/2026","24/02/2026","Y","Y","Y","UR",68,"S",59.5
"400","Melaleuca quinquenervia","NSW1079687",765,"3/02/2026","24/02/2026","N","Y","Y","R",39,"R",9.75
"401","Melaleuca quinquenervia","NSW1079691",769,"3/02/2026","24/02/2026","N","N","Y","N",33,"R",8.25
"402","Melaleuca quinquenervia","NSW1079691",770,"3/02/2026","24/02/2026","N","N","N","UR",71,"R",17.75
"403","Melaleuca quinquenervia","NSW1079691",772,"3/02/2026","24/02/2026","Y","N","Y","UR",65,"HR",0
"404","Melaleuca quinquenervia","NSW1079691",774,"3/02/2026","24/02/2026","N","Y","N","N",87,"HR",0
"405","Melaleuca quinquenervia","NSW1079691",779,"3/02/2026","24/02/2026","N","Y","Y","Mix",43,"HR",0
"406","Melaleuca quinquenervia","NSW1079692",782,"3/02/2026","24/02/2026","Y","Y","N","UR",33,"MS",24.75
"407","Melaleuca quinquenervia","NSW1079692",790,"3/02/2026","24/02/2026","Y","Y","N","R",23,"R",5.75
"408","Melaleuca quinquenervia","NSW1079692",791,"3/02/2026","24/02/2026","N","N","N","N",49,"MS",36.75
"409","Melaleuca quinquenervia","NSW1079696",795,"3/02/2026","24/02/2026","N","N","Y","R",81,"HR",0
"410","Melaleuca quinquenervia","NSW1079696",797,"3/02/2026","24/02/2026","Y","N","N","Mix",42,"MS",31.5
"411","Melaleuca quinquenervia","NSW1079696",799,"3/02/2026","24/02/2026","Y","Y","Y","Mix",67,"R",16.75
"412","Melaleuca quinquenervia","NSW1079696",801,"3/02/2026","24/02/2026","Y","Y","N","N",9,"MS",6.75
"413","Melaleuca quinquenervia","NSW1079696",803,"3/02/2026","24/02/2026","N","N","N","Mix",10,"S",8.75
"414","Melaleuca quinquenervia","NSW1079696",805,"3/02/2026","24/02/2026","Y","N","N","R",48,"R",12
"415","Melaleuca quinquenervia","NSW1079696",809,"3/02/2026","24/02/2026","N","N","Y","UR",31,"R",7.75
"416","Melaleuca quinquenervia","NSW1079696",811,"3/02/2026","24/02/2026","Y","N","Y","N",40,"R",10
"417","Melaleuca quinquenervia","NSW1079696",813,"3/02/2026","24/02/2026","N","Y","N","Mix",95,"HR",0
"418","Melaleuca quinquenervia","NSW1079696",815,"3/02/2026","24/02/2026","Y","Y","N","UR",31,"HR",0
"419","Melaleuca quinquenervia","NSW1079697",819,"3/02/2026","24/02/2026","N","Y","Y","R",73,"HR",0
"420","Melaleuca quinquenervia","NSW1079697",822,"3/02/2026","24/02/2026","N","N","N","Mix",18,"MS",13.5
"421","Melaleuca quinquenervia","NSW1079697",824,"3/02/2026","24/02/2026","N","Y","N","Mix",72,"R",18
"422","Melaleuca quinquenervia","NSW1079697",825,"3/02/2026","24/02/2026","N","N","N","Mix",64,"MS",48
"423","Melaleuca quinquenervia","NSW1079697",826,"3/02/2026","24/02/2026","N","Y","Y","Mix",64,"R",16
"424","Melaleuca quinquenervia","NSW1079701",829,"3/02/2026","24/02/2026","Y","N","N","UR",4,"R",1
"425","Melaleuca quinquenervia","NSW1079701",830,"3/02/2026","24/02/2026","Y","Y","N","N",45,"HR",0
"426","Melaleuca quinquenervia","NSW1079701",831,"3/02/2026","24/02/2026","N","Y","N","R",5,"HR",0
"427","Melaleuca quinquenervia","NSW1079701",832,"3/02/2026","24/02/2026","Y","Y","Y","R",6,"HR",0
"428","Melaleuca quinquenervia","NSW1079701",833,"3/02/2026","24/02/2026","Y","N","N","UR",6,"MS",4.5
"429","Melaleuca quinquenervia","NSW1079701",834,"3/02/2026","24/02/2026","N","Y","N","R",87,"R",21.75
"430","Melaleuca quinquenervia","NSW1079701",835,"3/02/2026","24/02/2026","Y","Y","N","R",18,"MS",13.5
"431","Melaleuca quinquenervia","NSW1079701",837,"3/02/2026","24/02/2026","N","Y","Y","UR",53,"MS",39.75
"432","Melaleuca quinquenervia","NSW1079701",838,"3/02/2026","24/02/2026","Y","N","Y","UR",25,"R",6.25
"433","Melaleuca quinquenervia","NSW1079701",840,"3/02/2026","24/02/2026","N","N","N","Mix",15,"MS",11.25
"434","Melaleuca quinquenervia","NSW1075707",844,"3/02/2026","24/02/2026","N","Y","N","R",24,"HR",0
"435","Melaleuca quinquenervia","NSW1075707",846,"3/02/2026","24/02/2026","Y","N","Y","R",97,"MS",72.75
"436","Melaleuca quinquenervia","NSW1079702",847,"3/02/2026","24/02/2026","N","N","N","UR",27,"R",6.75
"437","Melaleuca quinquenervia","NSW1075707",848,"3/02/2026","24/02/2026","Y","Y","N","R",91,"MS",68.25
"438","Melaleuca quinquenervia","NSW1079702",849,"3/02/2026","24/02/2026","N","Y","N","R",69,"S",60.375
"439","Melaleuca quinquenervia","NSW1079702",853,"3/02/2026","24/02/2026","N","Y","Y","Mix",82,"R",20.5
"440","Melaleuca quinquenervia","NSW1075707",856,"3/02/2026","24/02/2026","N","Y","Y","Mix",33,"R",8.25
"441","Melaleuca quinquenervia","NSW1079702",861,"3/02/2026","24/02/2026","N","Y","Y","Mix",66,"R",16.5
"442","Melaleuca quinquenervia","NSW1079703",865,"3/02/2026","24/02/2026","Y","Y","Y","R",51,"HR",0
"443","Melaleuca quinquenervia","NSW1079703",866,"3/02/2026","24/02/2026","N","N","Y","Mix",18,"HR",0
"444","Melaleuca quinquenervia","NSW1079703",867,"3/02/2026","24/02/2026","Y","Y","Y","UR",57,"HR",0
"445","Melaleuca quinquenervia","NSW1079703",868,"3/02/2026","24/02/2026","N","N","N","Mix",14,"MS",10.5
"446","Melaleuca quinquenervia","NSW1079703",869,"3/02/2026","24/02/2026","Y","N","Y","N",38,"R",9.5
"447","Melaleuca quinquenervia","NSW1079703",872,"3/02/2026","24/02/2026","Y","Y","N","Mix",17,"MS",12.75
"448","Melaleuca quinquenervia","NSW1079703",874,"3/02/2026","24/02/2026","Y","Y","Y","R",66,"HR",0
"449","Melaleuca quinquenervia","NSW1079705",879,"3/02/2026","24/02/2026","N","N","Y","N",49,"MS",36.75
"450","Melaleuca quinquenervia","NSW1079705",881,"3/02/2026","24/02/2026","Y","N","N","N",30,"R",7.5
"451","Melaleuca quinquenervia","NSW1079705",882,"3/02/2026","24/02/2026","Y","Y","N","UR",21,"MS",15.75
"452","Melaleuca quinquenervia","NSW1079705",884,"3/02/2026","24/02/2026","N","Y","N","UR",44,"S",38.5
"453","Melaleuca quinquenervia","NSW1079705",885,"3/02/2026","24/02/2026","Y","N","N","R",2,"R",0.5
"454","Melaleuca quinquenervia","NSW1079705",886,"3/02/2026","24/02/2026","N","N","Y","UR",37,"R",9.25
"455","Melaleuca quinquenervia","NSW1079705",888,"3/02/2026","24/02/2026","N","Y","N","N",65,"R",16.25
"456","Melaleuca quinquenervia","NSW1079706",893,"3/02/2026","24/02/2026","N","Y","Y","Mix",66,"HR",0
"457","Melaleuca quinquenervia","NSW1079706",895,"3/02/2026","24/02/2026","Y","Y","Y","UR",77,"HR",0
"458","Melaleuca quinquenervia","NSW1079706",901,"3/02/2026","24/02/2026","N","Y","N","N",64,"HR",0
"459","Melaleuca quinquenervia","NSW1079706",905,"3/02/2026","24/02/2026","N","N","Y","UR",24,"MS",18
"460","Melaleuca quinquenervia","NSW1079706",907,"3/02/2026","24/02/2026","N","Y","N","N",54,"R",13.5
"461","Melaleuca quinquenervia","NSW1079707",914,"3/02/2026","24/02/2026","N","N","Y","Mix",47,"MS",35.25
"462","Melaleuca quinquenervia","NSW1079707",917,"3/02/2026","24/02/2026","Y","Y","Y","UR",19,"MS",14.25
"463","Melaleuca quinquenervia","NSW1079707",924,"3/02/2026","24/02/2026","N","N","N","UR",11,"R",2.75
"464","Melaleuca quinquenervia","NSW1079708",927,"3/02/2026","24/02/2026","N","N","Y","R",84,"MS",63
"465","Melaleuca quinquenervia","NSW1079708",929,"3/02/2026","24/02/2026","Y","N","N","R",59,"HR",0
"466","Melaleuca quinquenervia","NSW1079708",932,"3/02/2026","24/02/2026","N","Y","Y","R",89,"MS",66.75
"467","Melaleuca quinquenervia","NSW1079708",934,"3/02/2026","24/02/2026","Y","Y","N","R",58,"R",14.5
"468","Melaleuca quinquenervia","NSW1079709",937,"3/02/2026","24/02/2026","N","Y","Y","R",0,"MS",0
"469","Melaleuca quinquenervia","NSW1079709",948,"3/02/2026","24/02/2026","N","N","N","UR",14,"S",12.25
"470","Melaleuca quinquenervia","NSW1079710",953,"3/02/2026","24/02/2026","Y","N","N","Mix",88,"R",22
"471","Melaleuca quinquenervia","NSW1079710",954,"3/02/2026","24/02/2026","N","N","N","N",57,"R",14.25
"472","Melaleuca quinquenervia","NSW1079710",958,"3/02/2026","24/02/2026","N","Y","Y","N",40,"R",10
"473","Melaleuca quinquenervia","NSW1079711",961,"3/02/2026","24/02/2026","Y","N","Y","Mix",56,"HR",0
"474","Melaleuca quinquenervia","NSW1079711",962,"3/02/2026","24/02/2026","N","N","N","R",26,"HR",0
"475","Melaleuca quinquenervia","NSW1079711",963,"3/02/2026","24/02/2026","N","Y","N","UR",84,"HR",0
"476","Melaleuca quinquenervia","NSW1079711",966,"3/02/2026","24/02/2026","N","N","N","N",2,"MS",1.5
"477","Melaleuca quinquenervia","NSW1079711",967,"3/02/2026","24/02/2026","Y","N","N","Mix",21,"R",5.25
"478","Melaleuca quinquenervia","NSW1079711",969,"3/02/2026","24/02/2026","Y","N","Y","Mix",11,"MS",8.25
"479","Melaleuca quinquenervia","NSW1079711",970,"3/02/2026","24/02/2026","Y","Y","Y","UR",93,"HR",0
"480","Melaleuca quinquenervia","NSW1079711",972,"3/02/2026","24/02/2026","N","Y","Y","R",31,"MS",23.25
"481","Melaleuca quinquenervia","NSW1075712",973,"3/02/2026","24/02/2026","N","Y","N","R",76,"R",19
"482","Melaleuca quinquenervia","NSW1075712",978,"3/02/2026","24/02/2026","N","Y","N","R",54,"MS",40.5
"483","Melaleuca quinquenervia","NSW1075712",979,"3/02/2026","24/02/2026","N","Y","Y","Mix",12,"S",10.5
"484","Melaleuca quinquenervia","NSW1075712",980,"3/02/2026","24/02/2026","Y","N","N","UR",53,"R",13.25
"485","Melaleuca quinquenervia","NSW1075712",981,"3/02/2026","24/02/2026","N","Y","Y","Mix",6,"R",1.5
"486","Melaleuca quinquenervia","NSW1075712",982,"3/02/2026","24/02/2026","N","Y","N","UR",3,"R",0.75
"487","Melaleuca quinquenervia","NSW1075712",983,"3/02/2026","24/02/2026","N","N","Y","UR",97,"HR",0
"488","Melaleuca quinquenervia","NSW1075712",984,"3/02/2026","24/02/2026","N","N","Y","N",14,"HR",0
"489","Melaleuca quinquenervia","NSW1079713",985,"3/02/2026","24/02/2026","Y","Y","N","R",8,"HR",0
"490","Melaleuca quinquenervia","NSW1079713",986,"3/02/2026","24/02/2026","Y","Y","Y","Mix",91,"MS",68.25
"491","Melaleuca quinquenervia","NSW1079713",987,"3/02/2026","24/02/2026","N","N","Y","N",43,"R",10.75
"492","Melaleuca quinquenervia","NSW1079713",988,"3/02/2026","24/02/2026","Y","Y","Y","N",98,"MS",73.5
"493","Melaleuca quinquenervia","NSW1079713",989,"3/02/2026","24/02/2026","Y","N","Y","N",74,"R",18.5
"494","Melaleuca quinquenervia","NSW1079713",991,"3/02/2026","24/02/2026","N","Y","Y","N",92,"R",23
"495","Melaleuca quinquenervia","NSW1079713",992,"3/02/2026","24/02/2026","N","N","Y","N",36,"HR",0
"496","Melaleuca quinquenervia","NSW1079713",993,"3/02/2026","24/02/2026","Y","N","Y","N",24,"HR",0
"497","Melaleuca quinquenervia","NSW1079714",998,"3/02/2026","24/02/2026","Y","N","Y","R",96,"HR",0
"498","Melaleuca quinquenervia","NSW1079714",999,"3/02/2026","24/02/2026","N","Y","N","Mix",95,"MS",71.25
"499","Melaleuca quinquenervia","NSW1079714",1001,"3/02/2026","24/02/2026","Y","N","N","R",98,"R",24.5
"500","Melaleuca quinquenervia","NSW1079714",1004,"3/02/2026","24/02/2026","Y","N","Y","Mix",78,"MS",58.5
"501","Melaleuca quinquenervia","NSW1079714",1006,"3/02/2026","24/02/2026","N","Y","N","UR",4,"MS",3
"502","Melaleuca quinquenervia","NSW1079714",1007,"3/02/2026","24/02/2026","Y","N","N","R",47,"R",11.75
"503","Melaleuca quinquenervia","NSW1079715",1009,"3/02/2026","24/02/2026","N","Y","N","Mix",81,"MS",60.75
"504","Melaleuca quinquenervia","NSW1079715",1010,"3/02/2026","24/02/2026","Y","Y","Y","UR",95,"HR",0
"505","Melaleuca quinquenervia","NSW1079715",1012,"3/02/2026","24/02/2026","N","N","N","UR",51,"MS",38.25
"506","Melaleuca quinquenervia","NSW1079715",1013,"3/02/2026","24/02/2026","Y","Y","N","R",78,"R",19.5
"507","Melaleuca quinquenervia","NSW1079715",1016,"3/02/2026","24/02/2026","N","N","Y","N",87,"MS",65.25
"508","Melaleuca quinquenervia","NSW1079715",1017,"3/02/2026","24/02/2026","N","N","Y","Mix",8,"S",7
"509","Melaleuca quinquenervia","NSW1079715",1019,"3/02/2026","24/02/2026","N","Y","Y","Mix",84,"R",21
"510","Melaleuca quinquenervia","NSW1079715",1020,"3/02/2026","24/02/2026","Y","N","Y","UR",69,"R",17.25
"511","Melaleuca quinquenervia","NSW1079716",1021,"3/02/2026","24/02/2026","N","Y","N","UR",82,"R",20.5
"512","Melaleuca quinquenervia","NSW1079716",1022,"3/02/2026","24/02/2026","N","Y","Y","UR",28,"HR",0
"513","Melaleuca quinquenervia","NSW1079716",1023,"3/02/2026","24/02/2026","Y","Y","N","N",21,"HR",0
"514","Melaleuca quinquenervia","NSW1079716",1025,"3/02/2026","24/02/2026","Y","Y","Y","N",67,"HR",0
"515","Melaleuca quinquenervia","NSW1079716",1026,"3/02/2026","24/02/2026","N","N","N","R",56,"MS",42
"516","Melaleuca quinquenervia","NSW1079716",1027,"3/02/2026","24/02/2026","N","Y","N","Mix",14,"R",3.5
"517","Melaleuca quinquenervia","NSW1079716",1029,"3/02/2026","24/02/2026","Y","Y","N","N",52,"MS",39
"518","Melaleuca quinquenervia","NSW1079716",1030,"3/02/2026","24/02/2026","N","N","Y","Mix",23,"HR",0
"519","Melaleuca quinquenervia","NSW1079716",1031,"3/02/2026","24/02/2026","N","Y","N","UR",53,"MS",39.75
"520","Melaleuca quinquenervia","NSW1079717",1036,"3/02/2026","24/02/2026","N","Y","N","R",81,"R",20.25
"521","Melaleuca quinquenervia","NSW1079717",1041,"3/02/2026","24/02/2026","N","Y","Y","N",42,"MS",31.5
"522","Melaleuca quinquenervia","NSW1079717",1043,"3/02/2026","24/02/2026","N","Y","Y","N",85,"S",74.375
"523","Melaleuca quinquenervia","NSW1079718",1045,"3/02/2026","24/02/2026","N","N","N","UR",20,"R",5
"524","Melaleuca quinquenervia","NSW1079718",1048,"3/02/2026","24/02/2026","N","Y","N","N",37,"R",9.25
"525","Melaleuca quinquenervia","NSW1079718",1051,"3/02/2026","24/02/2026","N","Y","N","R",11,"R",2.75
"526","Melaleuca quinquenervia","NSW1079718",1052,"3/02/2026","24/02/2026","N","N","Y","UR",98,"HR",0
"527","Melaleuca quinquenervia","NSW1079718",1053,"3/02/2026","24/02/2026","N","Y","Y","R",56,"HR",0
"528","Melaleuca quinquenervia","NSW1079718",1054,"3/02/2026","24/02/2026","Y","Y","Y","N",64,"HR",0
"529","Melaleuca quinquenervia","NSW1079718",1055,"3/02/2026","24/02/2026","N","N","N","R",5,"MS",3.75
"530","Melaleuca quinquenervia","NSW1079719",1057,"3/02/2026","24/02/2026","N","Y","Y","Mix",13,"R",3.25
"531","Melaleuca quinquenervia","NSW1079719",1058,"3/02/2026","24/02/2026","N","N","N","N",98,"MS",73.5
"532","Melaleuca quinquenervia","NSW1079719",1059,"3/02/2026","24/02/2026","N","N","Y","Mix",32,"MS",24
"533","Melaleuca quinquenervia","NSW1079719",1063,"3/02/2026","24/02/2026","Y","N","Y","R",76,"R",19
"534","Melaleuca quinquenervia","NSW1079719",1064,"3/02/2026","24/02/2026","Y","Y","Y","Mix",60,"MS",45
"535","Melaleuca quinquenervia","NSW1079720",1070,"3/02/2026","24/02/2026","Y","Y","Y","N",64,"HR",0
"536","Melaleuca quinquenervia","NSW1079720",1075,"3/02/2026","24/02/2026","N","N","Y","R",88,"MS",66
"537","Melaleuca quinquenervia","NSW1079720",1076,"3/02/2026","24/02/2026","Y","Y","Y","UR",22,"R",5.5
"538","Melaleuca quinquenervia","NSW1079720",1079,"3/02/2026","24/02/2026","N","N","Y","UR",87,"MS",65.25
"539","Melaleuca quinquenervia","NSW1079721",1081,"3/02/2026","24/02/2026","N","N","N","N",76,"S",66.5
"540","Melaleuca quinquenervia","NSW1079721",1082,"3/02/2026","24/02/2026","Y","N","N","UR",79,"R",19.75
"541","Melaleuca quinquenervia","NSW1079721",1091,"3/02/2026","24/02/2026","Y","N","Y","N",90,"R",22.5
"542","Melaleuca quinquenervia","NSW1079721",1092,"3/02/2026","24/02/2026","N","N","N","R",11,"R",2.75
"543","Melaleuca quinquenervia","NSW1079722",1093,"3/02/2026","24/02/2026","Y","N","Y","Mix",40,"HR",0
"544","Melaleuca quinquenervia","NSW1079722",1095,"3/02/2026","24/02/2026","Y","N","N","UR",92,"HR",0
"545","Melaleuca quinquenervia","NSW1079722",1099,"3/02/2026","24/02/2026","Y","Y","Y","Mix",2,"HR",0
"546","Melaleuca quinquenervia","NSW1079722",1101,"3/02/2026","24/02/2026","N","N","N","Mix",70,"MS",52.5
"547","Melaleuca quinquenervia","NSW1079722",1103,"3/02/2026","24/02/2026","Y","N","Y","N",79,"R",19.75
"548","Melaleuca quinquenervia","NSW1079722",1111,"3/02/2026","24/02/2026","N","N","N","Mix",96,"MS",72
"549","Melaleuca quinquenervia","NSW1079723",1118,"3/02/2026","24/02/2026","N","Y","N","UR",24,"HR",0
"550","Melaleuca quinquenervia","NSW1079723",1120,"3/02/2026","24/02/2026","Y","N","Y","R",47,"MS",35.25
"551","Melaleuca quinquenervia","NSW1079723",1124,"3/02/2026","24/02/2026","N","Y","N","R",32,"R",8
"552","Melaleuca quinquenervia","NSW1079723",1125,"3/02/2026","24/02/2026","Y","Y","N","N",55,"MS",41.25
"553","Melaleuca quinquenervia","NSW1079723",1127,"3/02/2026","24/02/2026","N","Y","Y","UR",16,"S",14
"554","Melaleuca quinquenervia","NSW1079724",1129,"3/02/2026","24/02/2026","N","Y","Y","N",3,"R",0.75
"555","Melaleuca quinquenervia","NSW1079724",1130,"3/02/2026","24/02/2026","N","N","Y","R",64,"R",16
"556","Melaleuca quinquenervia","NSW1079724",1131,"3/02/2026","24/02/2026","N","N","Y","N",6,"R",1.5
"557","Melaleuca quinquenervia","NSW1079724",1132,"3/02/2026","24/02/2026","Y","Y","Y","R",53,"HR",0
"558","Melaleuca quinquenervia","NSW1079724",1133,"3/02/2026","24/02/2026","N","N","N","N",0,"HR",0
"559","Melaleuca quinquenervia","NSW1079724",1134,"3/02/2026","24/02/2026","Y","Y","N","R",90,"HR",0
"560","Melaleuca quinquenervia","NSW1079724",1135,"3/02/2026","24/02/2026","Y","N","N","R",0,"MS",0
"561","Melaleuca quinquenervia","NSW1079724",1138,"3/02/2026","24/02/2026","Y","Y","Y","UR",65,"R",16.25
"562","Melaleuca quinquenervia","NSW1079724",1140,"3/02/2026","24/02/2026","Y","Y","N","UR",85,"MS",63.75
"563","Melaleuca quinquenervia","NSW1079725",1143,"3/02/2026","24/02/2026","Y","Y","Y","N",21,"R",5.25
"564","Melaleuca quinquenervia","NSW1079725",1147,"3/02/2026","24/02/2026","N","N","Y","Mix",25,"R",6.25
"565","Melaleuca quinquenervia","NSW1079726",1154,"3/02/2026","24/02/2026","Y","Y","Y","N",72,"HR",0
"566","Melaleuca quinquenervia","NSW1079726",1155,"3/02/2026","24/02/2026","Y","N","N","Mix",59,"HR",0
"567","Melaleuca quinquenervia","NSW1079726",1156,"3/02/2026","24/02/2026","N","Y","Y","Mix",11,"HR",0
"568","Melaleuca quinquenervia","NSW1079726",1159,"3/02/2026","24/02/2026","Y","Y","Y","N",62,"MS",46.5
"569","Melaleuca quinquenervia","NSW1079726",1160,"3/02/2026","24/02/2026","N","Y","N","UR",76,"R",19
"570","Melaleuca quinquenervia","NSW1079726",1161,"3/02/2026","24/02/2026","N","N","N","Mix",62,"MS",46.5
"571","Melaleuca quinquenervia","NSW1079726",1162,"3/02/2026","24/02/2026","N","Y","N","UR",75,"MS",56.25
"572","Melaleuca quinquenervia","NSW1079726",1163,"3/02/2026","24/02/2026","Y","N","N","R",81,"R",20.25
"573","Melaleuca quinquenervia","NSW1079726",1164,"3/02/2026","24/02/2026","Y","N","N","N",47,"MS",35.25
"574","Melaleuca quinquenervia","NSW1079727",1172,"3/02/2026","24/02/2026","Y","Y","N","Mix",87,"HR",0
"575","Melaleuca quinquenervia","NSW1079728",1177,"3/02/2026","24/02/2026","Y","N","Y","UR",89,"MS",66.75
"576","Melaleuca quinquenervia","NSW1079728",1179,"3/02/2026","24/02/2026","N","Y","Y","UR",16,"R",4
"577","Melaleuca quinquenervia","NSW1079728",1185,"3/02/2026","24/02/2026","Y","N","Y","N",87,"MS",65.25
"578","Melaleuca quinquenervia","NSW1079729",1189,"3/02/2026","24/02/2026","Y","N","N","Mix",39,"S",34.125
"579","Melaleuca quinquenervia","NSW1079729",1193,"3/02/2026","24/02/2026","Y","N","N","N",56,"R",14
"580","Melaleuca quinquenervia","NSW1079729",1194,"3/02/2026","24/02/2026","N","Y","N","Mix",83,"R",20.75
"581","Melaleuca quinquenervia","NSW1079729",1200,"3/02/2026","24/02/2026","Y","Y","N","UR",31,"R",7.75
"582","Melaleuca quinquenervia","NSW1079730",1202,"3/02/2026","24/02/2026","N","N","N","Mix",39,"HR",0
"583","Melaleuca quinquenervia","NSW1079730",1203,"3/02/2026","24/02/2026","Y","N","N","UR",1,"HR",0
"584","Melaleuca quinquenervia","NSW1079730",1205,"3/02/2026","24/02/2026","Y","N","Y","R",52,"HR",0
"585","Melaleuca quinquenervia","NSW1079730",1210,"3/02/2026","24/02/2026","N","N","N","UR",38,"MS",28.5
"586","Melaleuca quinquenervia","NSW1079731",1213,"3/02/2026","24/02/2026","Y","N","N","N",52,"R",13
"587","Melaleuca quinquenervia","NSW1079731",1215,"3/02/2026","24/02/2026","N","N","N","R",95,"MS",71.25
"588","Melaleuca quinquenervia","NSW1079731",1217,"3/02/2026","24/02/2026","N","N","Y","Mix",35,"HR",0
"589","Melaleuca quinquenervia","NSW1079731",1219,"3/02/2026","24/02/2026","N","N","Y","UR",38,"MS",28.5
"590","Melaleuca quinquenervia","NSW1079731",1223,"3/02/2026","24/02/2026","Y","Y","N","N",84,"R",21
"591","Melaleuca quinquenervia","NSW1079731",1225,"3/02/2026","24/02/2026","N","N","N","R",80,"MS",60
"592","Melaleuca quinquenervia","NSW1079731",1227,"3/02/2026","24/02/2026","N","Y","N","UR",5,"S",4.375
"593","Melaleuca quinquenervia","NSW1079732",1237,"3/02/2026","24/02/2026","N","Y","N","Mix",90,"R",22.5
"594","Melaleuca quinquenervia","NSW1079732",1238,"3/02/2026","24/02/2026","Y","N","Y","Mix",42,"R",10.5
"595","Melaleuca quinquenervia","NSW1079732",1243,"3/02/2026","24/02/2026","Y","N","N","R",89,"R",22.25
"596","Melaleuca quinquenervia","NSW1079732",1245,"3/02/2026","24/02/2026","N","N","N","R",81,"HR",0
"597","Melaleuca quinquenervia","NSW1079732",1247,"3/02/2026","24/02/2026","N","N","Y","Mix",65,"HR",0
"598","Melaleuca quinquenervia","NSW1079732",1248,"3/02/2026","24/02/2026","Y","Y","Y","N",52,"HR",0
"599","Melaleuca quinquenervia","NSW1079733",1249,"3/02/2026","24/02/2026","N","N","Y","UR",96,"MS",72
"600","Melaleuca quinquenervia","NSW1079733",1255,"3/02/2026","24/02/2026","N","N","N","N",18,"R",4.5
"601","Melaleuca quinquenervia","NSW1079733",1256,"3/02/2026","24/02/2026","N","N","N","Mix",65,"MS",48.75
"602","Melaleuca quinquenervia","NSW1079733",1257,"3/02/2026","24/02/2026","Y","N","Y","R",92,"MS",69
"603","Melaleuca quinquenervia","NSW1079735",1276,"3/02/2026","24/02/2026","N","Y","N","Mix",37,"R",9.25
"604","Melaleuca quinquenervia","NSW1079735",1278,"3/02/2026","24/02/2026","N","N","Y","Mix",60,"MS",45
"605","Melaleuca quinquenervia","NSW1079735",1280,"3/02/2026","24/02/2026","N","Y","Y","Mix",74,"HR",0
"606","Melaleuca quinquenervia","NSW1079735",1284,"3/02/2026","24/02/2026","N","N","Y","UR",83,"MS",62.25
"607","Melaleuca quinquenervia","NSW1079736",1285,"3/02/2026","24/02/2026","Y","Y","N","N",66,"R",16.5
"608","Melaleuca quinquenervia","NSW1079736",1287,"3/02/2026","24/02/2026","N","N","N","N",90,"MS",67.5
"609","Melaleuca quinquenervia","NSW1079736",1289,"3/02/2026","24/02/2026","Y","N","N","UR",0,"S",0
"610","Melaleuca quinquenervia","NSW1079736",1290,"3/02/2026","24/02/2026","Y","N","N","UR",63,"R",15.75
"611","Melaleuca quinquenervia","NSW1079736",1291,"3/02/2026","24/02/2026","N","Y","Y","N",97,"R",24.25
"612","Melaleuca quinquenervia","NSW1079736",1292,"3/02/2026","24/02/2026","N","Y","Y","UR",24,"R",6
"613","Melaleuca quinquenervia","NSW1079736",1294,"3/02/2026","24/02/2026","N","N","N","R",84,"HR",0
"614","Melaleuca quinquenervia","NSW1079736",1296,"3/02/2026","24/02/2026","Y","Y","N","N",90,"HR",0
"615","Melaleuca quinquenervia","NSW1079737",1297,"3/02/2026","24/02/2026","N","Y","N","Mix",58,"HR",0
"616","Melaleuca quinquenervia","NSW1079737",1302,"3/02/2026","24/02/2026","Y","N","Y","Mix",29,"MS",21.75
"617","Melaleuca quinquenervia","NSW1079737",1304,"3/02/2026","24/02/2026","N","Y","Y","N",77,"R",19.25
"618","Melaleuca quinquenervia","NSW1079737",1305,"3/02/2026","24/02/2026","N","N","N","R",61,"MS",45.75
"619","Melaleuca quinquenervia","NSW1079737",1306,"3/02/2026","24/02/2026","Y","Y","N","R",8,"HR",0
"620","Melaleuca quinquenervia","NSW1079737",1308,"3/02/2026","24/02/2026","N","N","N","UR",38,"MS",28.5
"621","Melaleuca quinquenervia","NSW1079738",1309,"3/02/2026","24/02/2026","Y","N","N","N",92,"R",23
"622","Melaleuca quinquenervia","NSW1079738",1312,"3/02/2026","24/02/2026","Y","N","N","UR",97,"MS",72.75
"623","Melaleuca quinquenervia","NSW1079738",1313,"3/02/2026","24/02/2026","N","Y","Y","Mix",74,"S",64.75
"624","Melaleuca quinquenervia","NSW1079738",1315,"3/02/2026","24/02/2026","Y","Y","Y","Mix",46,"R",11.5
"625","Melaleuca quinquenervia","NSW1079738",1317,"3/02/2026","24/02/2026","Y","Y","N","N",95,"R",23.75
"626","Melaleuca quinquenervia","NSW1079739",1323,"3/02/2026","24/02/2026","Y","Y","N","Mix",0,"R",0
"627","Melaleuca quinquenervia","NSW1079739",1324,"3/02/2026","24/02/2026","N","Y","Y","R",59,"HR",0
"628","Melaleuca quinquenervia","NSW1079739",1326,"3/02/2026","24/02/2026","Y","Y","Y","N",61,"HR",0
"629","Melaleuca quinquenervia","NSW1079739",1328,"3/02/2026","24/02/2026","N","Y","Y","UR",100,"HR",0
"630","Melaleuca quinquenervia","NSW1079739",1329,"3/02/2026","24/02/2026","N","Y","N","UR",79,"MS",59.25
"631","Melaleuca quinquenervia","NSW1079739",1330,"3/02/2026","24/02/2026","N","N","Y","N",19,"R",4.75
"632","Melaleuca quinquenervia","NSW1079740",1334,"3/02/2026","24/02/2026","N","Y","N","R",42,"MS",31.5
"633","Melaleuca quinquenervia","NSW1079740",1335,"3/02/2026","24/02/2026","Y","N","Y","R",31,"R",7.75
"634","Melaleuca quinquenervia","NSW1079740",1336,"3/02/2026","24/02/2026","N","Y","Y","Mix",3,"R",0.75
"635","Melaleuca quinquenervia","NSW1079740",1337,"3/02/2026","24/02/2026","N","N","Y","R",2,"HR",0
"636","Melaleuca quinquenervia","NSW1079740",1340,"3/02/2026","24/02/2026","N","Y","Y","N",3,"HR",0
"637","Melaleuca quinquenervia","NSW1079740",1343,"3/02/2026","24/02/2026","N","Y","N","Mix",17,"HR",0
"638","Melaleuca quinquenervia","NSW1079740",1344,"3/02/2026","24/02/2026","N","Y","N","N",58,"MS",43.5
"639","Melaleuca quinquenervia","NSW1079741",1356,"3/02/2026","24/02/2026","Y","N","Y","UR",25,"R",6.25
"640","Melaleuca quinquenervia","NSW1079743",1359,"3/02/2026","24/02/2026","N","Y","Y","N",40,"MS",30
"641","Melaleuca quinquenervia","NSW1079744",1370,"3/02/2026","24/02/2026","N","Y","Y","Mix",39,"MS",29.25
"642","Melaleuca quinquenervia","NSW1079744",1373,"3/02/2026","24/02/2026","Y","Y","Y","UR",8,"R",2
"643","Melaleuca quinquenervia","NSW1079744",1374,"3/02/2026","24/02/2026","Y","N","Y","R",44,"MS",33
"644","Melaleuca quinquenervia","NSW1079744",1377,"3/02/2026","24/02/2026","N","N","Y","Mix",6,"HR",0
"645","Melaleuca quinquenervia","NSW1079744",1379,"3/02/2026","24/02/2026","Y","Y","N","Mix",79,"MS",59.25
"646","Melaleuca quinquenervia","NSW1079744",1380,"3/02/2026","24/02/2026","N","N","Y","UR",37,"R",9.25
"647","Melaleuca quinquenervia","NSW1079745",1383,"3/02/2026","24/02/2026","Y","N","Y","Mix",98,"MS",73.5
"648","Melaleuca quinquenervia","NSW1079745",1384,"3/02/2026","24/02/2026","Y","N","Y","R",16,"S",14
"649","Melaleuca quinquenervia","NSW1079745",1390,"3/02/2026","24/02/2026","Y","Y","N","UR",37,"R",9.25
"650","Melaleuca quinquenervia","NSW1079746",1393,"3/02/2026","24/02/2026","N","N","Y","UR",52,"R",13
"651","Melaleuca quinquenervia","NSW1079746",1395,"3/02/2026","24/02/2026","Y","Y","Y","UR",59,"R",14.75
"652","Melaleuca quinquenervia","NSW1079746",1396,"3/02/2026","24/02/2026","N","N","Y","N",5,"HR",0
"653","Melaleuca quinquenervia","NSW1079746",1397,"3/02/2026","24/02/2026","N","Y","Y","R",29,"HR",0
"654","Melaleuca quinquenervia","NSW1079746",1403,"3/02/2026","24/02/2026","Y","N","N","UR",37,"HR",0
"655","Melaleuca quinquenervia","NSW1079746",1404,"3/02/2026","24/02/2026","N","Y","Y","N",92,"MS",69
"656","Melaleuca quinquenervia","NSW1079747",1405,"3/02/2026","24/02/2026","Y","Y","Y","R",1,"R",0.25
"657","Melaleuca quinquenervia","NSW1079747",1406,"3/02/2026","24/02/2026","Y","Y","Y","R",78,"MS",58.5
"658","Melaleuca quinquenervia","NSW1079747",1407,"3/02/2026","24/02/2026","N","N","Y","UR",69,"HR",0
"659","Melaleuca quinquenervia","NSW1079747",1408,"3/02/2026","24/02/2026","N","Y","N","R",65,"MS",48.75
"660","Melaleuca quinquenervia","NSW1079747",1409,"3/02/2026","24/02/2026","N","Y","Y","R",56,"R",14
"661","Melaleuca quinquenervia","NSW1079747",1411,"3/02/2026","24/02/2026","N","N","Y","R",79,"MS",59.25
"662","Melaleuca quinquenervia","NSW1079747",1412,"3/02/2026","24/02/2026","N","N","Y","N",45,"S",39.375
"663","Melaleuca quinquenervia","NSW1079747",1413,"3/02/2026","24/02/2026","N","Y","Y","Mix",39,"R",9.75
"664","Melaleuca quinquenervia","NSW1079747",1415,"3/02/2026","24/02/2026","Y","N","Y","N",96,"R",24
"665","Melaleuca quinquenervia","NSW1079747",1416,"3/02/2026","24/02/2026","Y","N","N","UR",32,"R",8
"666","Melaleuca quinquenervia","NSW1079748",1421,"3/02/2026","24/02/2026","Y","Y","N","Mix",97,"HR",0
"667","Melaleuca quinquenervia","NSW1079748",1422,"3/02/2026","24/02/2026","Y","Y","N","Mix",54,"HR",0
"668","Melaleuca quinquenervia","NSW1079748",1423,"3/02/2026","24/02/2026","N","N","Y","UR",44,"HR",0
"669","Melaleuca quinquenervia","NSW1079750",1429,"3/02/2026","24/02/2026","N","N","N","N",63,"MS",47.25
"670","Melaleuca quinquenervia","NSW1079750",1430,"3/02/2026","24/02/2026","Y","Y","Y","R",71,"R",17.75
"671","Melaleuca quinquenervia","NSW1079750",1431,"3/02/2026","24/02/2026","Y","Y","N","UR",8,"MS",6
"672","Melaleuca quinquenervia","NSW1079750",1432,"3/02/2026","24/02/2026","Y","N","N","Mix",64,"MS",48
"673","Melaleuca quinquenervia","NSW1079750",1433,"3/02/2026","24/02/2026","N","N","N","UR",89,"R",22.25
"674","Melaleuca quinquenervia","NSW1079750",1434,"3/02/2026","24/02/2026","N","Y","Y","UR",97,"MS",72.75
"675","Melaleuca quinquenervia","NSW1079750",1436,"3/02/2026","24/02/2026","Y","Y","N","N",0,"HR",0
"676","Melaleuca quinquenervia","NSW1079750",1437,"3/02/2026","24/02/2026","N","Y","N","Mix",21,"MS",15.75
"677","Melaleuca quinquenervia","NSW1079750",1438,"3/02/2026","24/02/2026","Y","Y","N","N",9,"R",2.25
"678","Melaleuca quinquenervia","NSW1079751",1441,"3/02/2026","24/02/2026","N","N","N","UR",87,"MS",65.25
"679","Melaleuca quinquenervia","NSW1079751",1442,"3/02/2026","24/02/2026","N","Y","N","R",8,"S",7
"680","Melaleuca quinquenervia","NSW1079751",1443,"3/02/2026","24/02/2026","N","N","N","Mix",68,"R",17
"681","Melaleuca quinquenervia","NSW1079751",1444,"3/02/2026","24/02/2026","Y","Y","Y","UR",46,"R",11.5
"682","Melaleuca quinquenervia","NSW1079751",1446,"3/02/2026","24/02/2026","N","N","Y","N",73,"R",18.25
"683","Melaleuca quinquenervia","NSW1079751",1447,"3/02/2026","24/02/2026","Y","Y","Y","UR",10,"HR",0
"684","Melaleuca quinquenervia","NSW1079751",1449,"3/02/2026","24/02/2026","Y","Y","N","Mix",38,"HR",0
"685","Melaleuca quinquenervia","NSW1079751",1451,"3/02/2026","24/02/2026","N","N","Y","UR",73,"HR",0
"686","Melaleuca quinquenervia","NSW1079751",1452,"3/02/2026","24/02/2026","N","Y","N","UR",23,"MS",17.25
"687","Melaleuca quinquenervia","NSW1079752",1462,"3/02/2026","24/02/2026","Y","Y","Y","N",3,"R",0.75
"688","Melaleuca quinquenervia","NSW1079752",1464,"3/02/2026","24/02/2026","N","Y","N","R",55,"MS",41.25
"689","Melaleuca quinquenervia","NSW1079753",1467,"3/02/2026","24/02/2026","N","N","N","Mix",69,"HR",0
"690","Melaleuca quinquenervia","NSW1079753",1468,"3/02/2026","24/02/2026","N","Y","N","N",31,"MS",23.25
"691","Melaleuca quinquenervia","NSW1079753",1470,"3/02/2026","24/02/2026","N","Y","Y","Mix",100,"R",25
"692","Melaleuca quinquenervia","NSW1079753",1472,"3/02/2026","24/02/2026","Y","Y","Y","UR",79,"MS",59.25
"693","Melaleuca quinquenervia","NSW1079753",1473,"3/02/2026","24/02/2026","Y","Y","Y","N",18,"S",15.75
"694","Melaleuca quinquenervia","NSW1079755",1478,"3/02/2026","24/02/2026","Y","N","Y","N",64,"R",16
"695","Melaleuca quinquenervia","NSW1079755",1479,"3/02/2026","24/02/2026","N","Y","N","N",34,"R",8.5
"696","Melaleuca quinquenervia","NSW1079755",1481,"3/02/2026","24/02/2026","Y","N","Y","Mix",86,"R",21.5
"697","Melaleuca quinquenervia","NSW1079755",1484,"3/02/2026","24/02/2026","N","Y","N","R",77,"HR",0
"698","Melaleuca quinquenervia","NSW1079755",1488,"3/02/2026","24/02/2026","Y","N","Y","UR",60,"HR",0
"699","Melaleuca quinquenervia","NSW1079756",1489,"3/02/2026","24/02/2026","Y","Y","Y","R",89,"HR",0
"700","Melaleuca quinquenervia","NSW1079756",1490,"3/02/2026","24/02/2026","N","N","N","N",22,"MS",16.5
"701","Melaleuca quinquenervia","NSW1079756",1493,"3/02/2026","24/02/2026","N","Y","Y","UR",74,"R",18.5
"702","Melaleuca quinquenervia","NSW1079756",1496,"3/02/2026","24/02/2026","N","N","Y","R",5,"MS",3.75
"703","Melaleuca quinquenervia","NSW1079756",1498,"3/02/2026","24/02/2026","Y","Y","Y","Mix",22,"R",5.5
"704","Melaleuca quinquenervia","NSW1079756",1499,"3/02/2026","24/02/2026","Y","Y","N","R",41,"R",10.25
"705","Melaleuca quinquenervia","NSW1079758",1502,"3/02/2026","24/02/2026","Y","Y","Y","Mix",70,"HR",0
"706","Melaleuca quinquenervia","NSW1079758",1506,"3/02/2026","24/02/2026","Y","Y","Y","Mix",22,"HR",0
"707","Melaleuca quinquenervia","NSW1079758",1508,"3/02/2026","24/02/2026","N","Y","N","UR",57,"HR",0
"708","Melaleuca quinquenervia","NSW1079758",1509,"3/02/2026","24/02/2026","Y","N","Y","N",8,"MS",6
"709","Melaleuca quinquenervia","NSW1079758",1512,"3/02/2026","24/02/2026","Y","Y","Y","N",1,"R",0.25
"710","Melaleuca quinquenervia","NSW1079760",1513,"3/02/2026","24/02/2026","N","N","Y","N",29,"MS",21.75
"711","Melaleuca quinquenervia","NSW1079760",1515,"3/02/2026","24/02/2026","N","N","N","R",9,"MS",6.75
"712","Melaleuca quinquenervia","NSW1079760",1516,"3/02/2026","24/02/2026","Y","N","Y","N",74,"R",18.5
"713","Melaleuca quinquenervia","NSW1079760",1517,"3/02/2026","24/02/2026","Y","N","Y","R",63,"MS",47.25
"714","Melaleuca quinquenervia","NSW1079760",1518,"3/02/2026","24/02/2026","N","N","Y","R",23,"HR",0
"715","Melaleuca quinquenervia","NSW1079760",1519,"3/02/2026","24/02/2026","Y","Y","Y","N",39,"MS",29.25
"716","Melaleuca quinquenervia","NSW1079760",1521,"3/02/2026","24/02/2026","N","Y","N","UR",16,"R",4
"717","Melaleuca quinquenervia","NSW1079760",1522,"3/02/2026","24/02/2026","Y","N","N","UR",30,"MS",22.5
"718","Melaleuca quinquenervia","NSW1079760",1523,"3/02/2026","24/02/2026","N","N","Y","Mix",11,"S",9.625
"719","Melaleuca quinquenervia","NSW1079760",1524,"3/02/2026","24/02/2026","N","N","N","Mix",100,"R",25
"720","Melaleuca quinquenervia","NSW1079761",1528,"3/02/2026","24/02/2026","Y","Y","Y","UR",76,"R",19
"721","Melaleuca quinquenervia","NSW1079761",1529,"3/02/2026","24/02/2026","Y","N","Y","R",66,"R",16.5
"722","Melaleuca quinquenervia","NSW1079761",1530,"3/02/2026","24/02/2026","N","N","Y","N",27,"HR",0
"723","Melaleuca quinquenervia","NSW1079761",1531,"3/02/2026","24/02/2026","Y","N","Y","UR",63,"HR",0
"724","Melaleuca quinquenervia","NSW1079761",1532,"3/02/2026","24/02/2026","N","Y","Y","UR",21,"HR",0
"725","Melaleuca quinquenervia","NSW1079761",1533,"3/02/2026","24/02/2026","N","Y","Y","N",6,"MS",4.5
"726","Melaleuca quinquenervia","NSW1079761",1534,"3/02/2026","24/02/2026","N","N","N","N",18,"R",4.5
"727","Melaleuca quinquenervia","NSW1079761",1535,"3/02/2026","24/02/2026","Y","Y","N","N",24,"MS",18
"728","Melaleuca quinquenervia","NSW1079762",1542,"3/02/2026","24/02/2026","Y","N","Y","Mix",48,"HR",0
"729","Melaleuca quinquenervia","NSW1079762",1544,"3/02/2026","24/02/2026","Y","N","Y","Mix",98,"MS",73.5
"730","Melaleuca quinquenervia","NSW1079762",1545,"3/02/2026","24/02/2026","N","Y","N","UR",28,"R",7
"731","Melaleuca quinquenervia","NSW1079762",1546,"3/02/2026","24/02/2026","N","N","Y","UR",74,"MS",55.5
"732","Melaleuca quinquenervia","NSW1079762",1547,"3/02/2026","24/02/2026","N","Y","N","UR",92,"S",80.5
"733","Melaleuca quinquenervia","NSW1079762",1548,"3/02/2026","24/02/2026","Y","Y","Y","R",53,"R",13.25
"734","Melaleuca quinquenervia","NSW1079763",1549,"3/02/2026","24/02/2026","Y","Y","Y","N",44,"R",11
"735","Melaleuca quinquenervia","NSW1079763",1550,"3/02/2026","24/02/2026","N","N","N","N",83,"R",20.75
"736","Melaleuca quinquenervia","NSW1079763",1551,"3/02/2026","24/02/2026","Y","Y","N","Mix",99,"HR",0
"737","Melaleuca quinquenervia","NSW1079763",1552,"3/02/2026","24/02/2026","Y","N","N","UR",65,"HR",0
"738","Melaleuca quinquenervia","NSW1079763",1553,"3/02/2026","24/02/2026","N","Y","N","UR",50,"HR",0
"739","Melaleuca quinquenervia","NSW1079765",1561,"3/02/2026","24/02/2026","Y","N","Y","UR",49,"MS",36.75
"740","Melaleuca quinquenervia","NSW1079765",1563,"3/02/2026","24/02/2026","Y","Y","Y","R",73,"R",18.25
"741","Melaleuca quinquenervia","NSW1079765",1564,"3/02/2026","24/02/2026","N","N","Y","N",68,"MS",51
"742","Melaleuca quinquenervia","NSW1079765",1565,"3/02/2026","24/02/2026","N","Y","N","R",71,"MS",53.25
"743","Melaleuca quinquenervia","NSW1079765",1566,"3/02/2026","24/02/2026","N","N","Y","UR",87,"R",21.75
"744","Melaleuca quinquenervia","NSW1079765",1567,"3/02/2026","24/02/2026","N","Y","Y","UR",64,"MS",48
"745","Melaleuca quinquenervia","NSW1079765",1568,"3/02/2026","24/02/2026","N","N","Y","Mix",17,"HR",0
"746","Melaleuca quinquenervia","NSW1079765",1570,"3/02/2026","24/02/2026","N","N","Y","N",49,"MS",36.75
"747","Melaleuca quinquenervia","NSW1079766",1573,"3/02/2026","24/02/2026","N","N","Y","R",42,"R",10.5
"748","Melaleuca quinquenervia","NSW1079766",1578,"3/02/2026","24/02/2026","Y","Y","Y","R",91,"MS",68.25
"749","Melaleuca quinquenervia","NSW1079766",1579,"3/02/2026","24/02/2026","N","Y","N","Mix",74,"S",64.75
"750","Melaleuca quinquenervia","NSW1079766",1584,"3/02/2026","24/02/2026","Y","N","Y","Mix",39,"R",9.75
"751","Melaleuca quinquenervia","NSW1079768",1597,"3/02/2026","24/02/2026","Y","N","N","Mix",98,"R",24.5
"752","Melaleuca quinquenervia","NSW1079768",1598,"3/02/2026","24/02/2026","N","Y","N","Mix",97,"R",24.25
"753","Melaleuca quinquenervia","NSW1079768",1599,"3/02/2026","24/02/2026","N","N","N","UR",96,"HR",0
"754","Melaleuca quinquenervia","NSW1079768",1600,"3/02/2026","24/02/2026","N","N","Y","R",39,"HR",0
"755","Melaleuca quinquenervia","NSW1079768",1603,"3/02/2026","24/02/2026","N","Y","Y","Mix",34,"HR",0
"756","Melaleuca quinquenervia","NSW1079768",1604,"3/02/2026","24/02/2026","Y","N","Y","UR",94,"MS",70.5
"757","Melaleuca quinquenervia","NSW1079768",1605,"3/02/2026","24/02/2026","N","N","Y","Mix",99,"R",24.75
"758","Melaleuca quinquenervia","NSW1079768",1606,"3/02/2026","24/02/2026","N","Y","N","Mix",62,"MS",46.5
"759","Melaleuca quinquenervia","NSW1079768",1608,"3/02/2026","24/02/2026","Y","N","Y","Mix",37,"HR",0
"760","Melaleuca quinquenervia","NSW1079772",1609,"3/02/2026","24/02/2026","Y","N","N","N",93,"MS",69.75
"761","Melaleuca quinquenervia","NSW1079772",1612,"3/02/2026","24/02/2026","Y","Y","Y","Mix",10,"R",2.5
"762","Melaleuca quinquenervia","NSW1079772",1613,"3/02/2026","24/02/2026","Y","Y","N","UR",86,"MS",64.5
"763","Melaleuca quinquenervia","NSW1079772",1614,"3/02/2026","24/02/2026","N","N","N","Mix",85,"S",74.375
"764","Melaleuca quinquenervia","NSW1079772",1616,"3/02/2026","24/02/2026","N","Y","N","N",26,"R",6.5
"765","Melaleuca quinquenervia","NSW1079772",1617,"3/02/2026","24/02/2026","Y","Y","Y","R",67,"R",16.75
"766","Melaleuca quinquenervia","NSW1079772",1618,"3/02/2026","24/02/2026","N","N","N","UR",41,"R",10.25
"767","Melaleuca quinquenervia","NSW1079772",1619,"3/02/2026","24/02/2026","Y","N","Y","UR",64,"HR",0
"768","Melaleuca quinquenervia","NSW1079772",1620,"3/02/2026","24/02/2026","Y","Y","Y","UR",44,"HR",0
"769","Melaleuca quinquenervia","NSW1079773",1621,"3/02/2026","24/02/2026","Y","Y","N","Mix",76,"HR",0
"770","Melaleuca quinquenervia","NSW1079773",1622,"3/02/2026","24/02/2026","N","Y","Y","UR",22,"MS",16.5
"771","Melaleuca quinquenervia","NSW1079773",1623,"3/02/2026","24/02/2026","N","N","N","R",7,"R",1.75
"772","Melaleuca quinquenervia","NSW1079773",1624,"3/02/2026","24/02/2026","Y","N","Y","UR",55,"MS",41.25
"773","Melaleuca quinquenervia","NSW1079773",1626,"3/02/2026","24/02/2026","N","N","N","UR",82,"R",20.5
"774","Melaleuca quinquenervia","NSW1079773",1627,"3/02/2026","24/02/2026","N","Y","Y","R",67,"R",16.75
"775","Melaleuca quinquenervia","NSW1079773",1628,"3/02/2026","24/02/2026","N","N","N","R",88,"HR",0
"776","Melaleuca quinquenervia","NSW1079773",1629,"3/02/2026","24/02/2026","N","Y","Y","Mix",97,"HR",0
"777","Melaleuca quinquenervia","NSW1079773",1631,"3/02/2026","24/02/2026","Y","N","Y","UR",95,"HR",0
"778","Melaleuca quinquenervia","NSW1079773",1632,"3/02/2026","24/02/2026","Y","Y","N","R",50,"MS",37.5
"779","Melaleuca quinquenervia","NSW1079774",1633,"3/02/2026","24/02/2026","N","N","Y","UR",55,"R",13.75
"780","Melaleuca quinquenervia","NSW1079774",1637,"3/02/2026","24/02/2026","Y","N","Y","Mix",0,"MS",0
"781","Melaleuca quinquenervia","NSW1079774",1639,"3/02/2026","24/02/2026","N","N","Y","Mix",7,"MS",5.25
"782","Melaleuca quinquenervia","NSW1079774",1641,"3/02/2026","24/02/2026","N","Y","N","UR",94,"R",23.5
"783","Melaleuca quinquenervia","NSW1079774",1643,"3/02/2026","24/02/2026","N","N","Y","R",77,"MS",57.75
"784","Melaleuca quinquenervia","NSW1079774",1645,"3/02/2026","24/02/2026","N","N","Y","N",51,"HR",0
"785","Melaleuca quinquenervia","NSW1079774",1647,"3/02/2026","24/02/2026","N","N","Y","R",79,"MS",59.25
"786","Melaleuca quinquenervia","NSW1079774",1649,"3/02/2026","24/02/2026","N","N","Y","R",82,"R",20.5
"787","Melaleuca quinquenervia","NSW1079774",1651,"3/02/2026","24/02/2026","N","N","N","UR",36,"MS",27
"788","Melaleuca quinquenervia","NSW1079774",1653,"3/02/2026","24/02/2026","Y","Y","Y","N",71,"S",62.125
"789","Melaleuca quinquenervia","NSW1079778",1657,"3/02/2026","24/02/2026","Y","N","Y","N",69,"R",17.25
"790","Melaleuca quinquenervia","NSW1079778",1660,"3/02/2026","24/02/2026","Y","Y","N","UR",22,"R",5.5
"791","Melaleuca quinquenervia","NSW1079778",1661,"3/02/2026","24/02/2026","Y","N","N","UR",35,"R",8.75
"792","Melaleuca quinquenervia","NSW1079778",1662,"3/02/2026","24/02/2026","Y","N","Y","R",33,"HR",0
"793","Melaleuca quinquenervia","NSW1079778",1664,"3/02/2026","24/02/2026","N","Y","N","R",96,"HR",0
"794","Melaleuca quinquenervia","NSW1079778",1667,"3/02/2026","24/02/2026","N","Y","Y","N",9,"HR",0
"795","Melaleuca quinquenervia","NSW1079779",1669,"3/02/2026","24/02/2026","N","N","Y","R",65,"MS",48.75
"796","Melaleuca quinquenervia","NSW1079779",1674,"3/02/2026","24/02/2026","N","N","Y","UR",40,"R",10
"797","Melaleuca quinquenervia","NSW1079779",1675,"3/02/2026","24/02/2026","Y","N","N","R",29,"MS",21.75
"798","Melaleuca quinquenervia","NSW1079779",1676,"3/02/2026","24/02/2026","N","Y","Y","N",13,"HR",0
"799","Melaleuca quinquenervia","NSW1079779",1677,"3/02/2026","24/02/2026","N","Y","N","UR",85,"MS",63.75
"800","Melaleuca quinquenervia","NSW1079779",1678,"3/02/2026","24/02/2026","N","N","N","R",29,"R",7.25
"801","Melaleuca quinquenervia","NSW1079783",1681,"3/02/2026","24/02/2026","Y","N","Y","N",49,"MS",36.75
"802","Melaleuca quinquenervia","NSW1079783",1683,"3/02/2026","24/02/2026","Y","N","Y","R",22,"S",19.25
"803","Melaleuca quinquenervia","NSW1079783",1687,"3/02/2026","24/02/2026","Y","Y","Y","UR",28,"R",7
"804","Melaleuca quinquenervia","NSW1079783",1689,"3/02/2026","24/02/2026","N","Y","Y","Mix",87,"R",21.75
"805","Melaleuca quinquenervia","NSW1079783",1691,"3/02/2026","24/02/2026","Y","Y","N","N",57,"R",14.25
"806","Melaleuca quinquenervia","NSW1079783",1693,"3/02/2026","24/02/2026","N","Y","N","N",60,"HR",0
"807","Melaleuca quinquenervia","NSW1079783",1695,"3/02/2026","24/02/2026","Y","Y","N","R",21,"HR",0
"808","Melaleuca quinquenervia","NSW1079783",1697,"3/02/2026","24/02/2026","N","Y","N","UR",10,"HR",0
"809","Melaleuca quinquenervia","NSW1079783",1699,"3/02/2026","24/02/2026","Y","N","Y","N",46,"MS",34.5
"810","Melaleuca quinquenervia","NSW1079783",1703,"3/02/2026","24/02/2026","N","N","Y","UR",29,"R",7.25
"811","Melaleuca quinquenervia","NSW1079784",1708,"3/02/2026","24/02/2026","N","N","Y","UR",74,"MS",55.5
"812","Melaleuca quinquenervia","NSW1079784",1710,"3/02/2026","24/02/2026","Y","Y","N","UR",79,"MS",59.25
"813","Melaleuca quinquenervia","NSW1079784",1713,"3/02/2026","24/02/2026","N","N","Y","UR",62,"R",15.5
"814","Melaleuca quinquenervia","NSW1079784",1714,"3/02/2026","24/02/2026","Y","N","N","Mix",55,"MS",41.25
"815","Melaleuca quinquenervia","NSW1079784",1715,"3/02/2026","24/02/2026","Y","N","Y","Mix",96,"HR",0
"816","Melaleuca quinquenervia","NSW1079788",1717,"3/02/2026","24/02/2026","Y","N","N","N",31,"MS",23.25
"817","Melaleuca quinquenervia","NSW1079788",1718,"3/02/2026","24/02/2026","Y","Y","Y","R",46,"R",11.5
"818","Melaleuca quinquenervia","NSW1079788",1719,"3/02/2026","24/02/2026","N","N","N","Mix",0,"MS",0
"819","Melaleuca quinquenervia","NSW1079788",1720,"3/02/2026","24/02/2026","Y","N","N","Mix",97,"S",84.875
"820","Melaleuca quinquenervia","NSW1079788",1722,"3/02/2026","24/02/2026","N","Y","N","N",47,"R",11.75
"821","Melaleuca quinquenervia","NSW1079788",1723,"3/02/2026","24/02/2026","Y","N","N","UR",16,"R",4
"822","Melaleuca quinquenervia","NSW1079788",1724,"3/02/2026","24/02/2026","N","Y","N","N",10,"R",2.5
"823","Melaleuca quinquenervia","NSW1079788",1725,"3/02/2026","24/02/2026","Y","Y","Y","Mix",89,"HR",0
"824","Melaleuca quinquenervia","NSW1079788",1726,"3/02/2026","24/02/2026","Y","N","N","N",36,"HR",0
"825","Melaleuca quinquenervia","NSW1079788",1727,"3/02/2026","24/02/2026","N","Y","Y","UR",25,"HR",0
"826","Melaleuca quinquenervia","NSW1079788",1728,"3/02/2026","24/02/2026","N","N","N","Mix",53,"MS",39.75
"827","Melaleuca quinquenervia","NSW1079789",1729,"3/02/2026","24/02/2026","N","N","N","R",82,"R",20.5
"828","Melaleuca quinquenervia","NSW1079789",1732,"3/02/2026","24/02/2026","N","N","Y","R",78,"MS",58.5
"829","Melaleuca quinquenervia","NSW1079789",1734,"3/02/2026","24/02/2026","N","N","N","N",58,"HR",0
"830","Melaleuca quinquenervia","NSW1079789",1735,"3/02/2026","24/02/2026","Y","Y","Y","UR",21,"MS",15.75
"831","Melaleuca quinquenervia","NSW1079789",1736,"3/02/2026","24/02/2026","Y","N","N","R",0,"R",0
"832","Melaleuca quinquenervia","NSW1079789",1740,"3/02/2026","24/02/2026","N","N","N","UR",49,"MS",36.75
"833","Melaleuca quinquenervia","NSW1079793",1742,"3/02/2026","24/02/2026","Y","Y","N","N",20,"S",17.5
"834","Melaleuca quinquenervia","NSW1079793",1747,"3/02/2026","24/02/2026","Y","Y","N","N",59,"R",14.75
"835","Melaleuca quinquenervia","NSW1079793",1749,"3/02/2026","24/02/2026","Y","N","Y","Mix",48,"R",12
"836","Melaleuca quinquenervia","NSW1079793",1752,"3/02/2026","24/02/2026","N","N","N","Mix",62,"R",15.5
"837","Melaleuca quinquenervia","NSW1079794",1753,"3/02/2026","24/02/2026","Y","Y","Y","UR",88,"HR",0
"838","Melaleuca quinquenervia","NSW1079794",1755,"3/02/2026","24/02/2026","Y","N","Y","N",52,"HR",0
"839","Melaleuca quinquenervia","NSW1079794",1757,"3/02/2026","24/02/2026","N","Y","N","UR",82,"HR",0
"840","Melaleuca quinquenervia","NSW1079794",1765,"3/02/2026","24/02/2026","Y","N","Y","R",88,"MS",66
"841","Melaleuca quinquenervia","NSW1079798",1777,"3/02/2026","24/02/2026","Y","Y","Y","N",2,"R",0.5
"842","Melaleuca quinquenervia","NSW1079798",1778,"3/02/2026","24/02/2026","N","N","Y","UR",94,"MS",70.5
"843","Melaleuca quinquenervia","NSW1079798",1779,"3/02/2026","24/02/2026","Y","Y","Y","R",100,"R",25
"844","Melaleuca quinquenervia","NSW1079798",1780,"3/02/2026","24/02/2026","N","N","Y","UR",86,"R",21.5
"845","Melaleuca quinquenervia","NSW1079798",1781,"3/02/2026","24/02/2026","Y","N","Y","N",42,"HR",0
"846","Melaleuca quinquenervia","NSW1079798",1782,"3/02/2026","24/02/2026","N","Y","N","N",60,"HR",0
"847","Melaleuca quinquenervia","NSW1079798",1783,"3/02/2026","24/02/2026","Y","Y","N","UR",34,"HR",0
"848","Melaleuca quinquenervia","NSW1079798",1784,"3/02/2026","24/02/2026","N","Y","Y","Mix",65,"MS",48.75
"849","Melaleuca quinquenervia","NSW1079798",1785,"3/02/2026","24/02/2026","N","N","N","N",100,"R",25
"850","Melaleuca quinquenervia","NSW1079798",1788,"3/02/2026","24/02/2026","Y","N","Y","Mix",51,"MS",38.25
"851","Melaleuca quinquenervia","NSW1079799",1792,"3/02/2026","24/02/2026","N","Y","Y","UR",95,"MS",71.25
"852","Melaleuca quinquenervia","NSW1079799",1795,"3/02/2026","24/02/2026","N","Y","N","R",68,"R",17
"853","Melaleuca quinquenervia","NSW1079799",1799,"3/02/2026","24/02/2026","Y","Y","Y","Mix",63,"MS",47.25
"854","Melaleuca quinquenervia","NSW1079799",1800,"3/02/2026","24/02/2026","N","Y","N","R",67,"HR",0
"855","Melaleuca quinquenervia","NSW1079803",1806,"3/02/2026","24/02/2026","N","Y","N","Mix",93,"MS",69.75
"856","Melaleuca quinquenervia","NSW1079803",1810,"3/02/2026","24/02/2026","Y","Y","N","Mix",25,"R",6.25
"857","Melaleuca quinquenervia","NSW1079803",1811,"3/02/2026","24/02/2026","Y","Y","Y","UR",56,"MS",42
"858","Melaleuca quinquenervia","NSW1079804",1813,"3/02/2026","24/02/2026","Y","N","N","R",48,"S",42
"859","Melaleuca quinquenervia","NSW1079804",1814,"3/02/2026","24/02/2026","Y","N","N","R",73,"R",18.25
"860","Melaleuca quinquenervia","NSW1079804",1815,"3/02/2026","24/02/2026","Y","N","N","UR",13,"R",3.25
"861","Melaleuca quinquenervia","NSW1079804",1816,"3/02/2026","24/02/2026","Y","N","Y","N",60,"R",15
"862","Melaleuca quinquenervia","NSW1079804",1817,"3/02/2026","24/02/2026","Y","Y","N","Mix",2,"HR",0
"863","Melaleuca quinquenervia","NSW1079804",1818,"3/02/2026","24/02/2026","Y","Y","N","UR",57,"HR",0
"864","Melaleuca quinquenervia","NSW1079804",1819,"3/02/2026","24/02/2026","N","N","Y","N",13,"HR",0
"865","Melaleuca quinquenervia","NSW1079804",1820,"3/02/2026","24/02/2026","N","Y","Y","R",24,"MS",18
"866","Melaleuca quinquenervia","NSW1079804",1821,"3/02/2026","24/02/2026","Y","N","Y","R",26,"R",6.5
"867","Melaleuca quinquenervia","NSW1079804",1822,"3/02/2026","24/02/2026","Y","Y","Y","R",40,"MS",30
"868","Melaleuca quinquenervia","NSW1079804",1823,"3/02/2026","24/02/2026","Y","N","Y","UR",50,"HR",0
"869","Melaleuca quinquenervia","NSW1079804",1824,"3/02/2026","24/02/2026","N","Y","N","R",75,"MS",56.25
"870","Melaleuca quinquenervia","NSW1079808",1825,"3/02/2026","24/02/2026","N","N","Y","UR",27,"R",6.75
"871","Melaleuca quinquenervia","NSW1079808",1827,"3/02/2026","24/02/2026","N","Y","Y","R",85,"MS",63.75
"872","Melaleuca quinquenervia","NSW1079808",1828,"3/02/2026","24/02/2026","Y","N","Y","UR",47,"S",41.125
"873","Melaleuca quinquenervia","NSW1079808",1830,"3/02/2026","24/02/2026","Y","N","N","R",38,"R",9.5
"874","Melaleuca quinquenervia","NSW1079808",1831,"3/02/2026","24/02/2026","N","N","N","UR",60,"R",15
"875","Melaleuca quinquenervia","NSW1079808",1834,"3/02/2026","24/02/2026","N","Y","N","R",0,"R",0
"876","Melaleuca quinquenervia","NSW1079808",1835,"3/02/2026","24/02/2026","Y","N","N","R",52,"HR",0
"877","Melaleuca quinquenervia","NSW1079808",1836,"3/02/2026","24/02/2026","N","Y","Y","Mix",24,"HR",0
"878","Melaleuca quinquenervia","NSW1079809",1837,"3/02/2026","24/02/2026","N","Y","Y","Mix",71,"HR",0
"879","Melaleuca quinquenervia","NSW1079809",1839,"3/02/2026","24/02/2026","Y","Y","Y","R",39,"MS",29.25
"880","Melaleuca quinquenervia","NSW1079809",1841,"3/02/2026","24/02/2026","Y","N","Y","Mix",74,"R",18.5
"881","Melaleuca quinquenervia","NSW1079809",1845,"3/02/2026","24/02/2026","Y","Y","Y","UR",85,"MS",63.75
"882","Melaleuca quinquenervia","NSW1079809",1846,"3/02/2026","24/02/2026","Y","Y","Y","Mix",68,"MS",51
"883","Melaleuca quinquenervia","NSW1079809",1847,"3/02/2026","24/02/2026","Y","N","N","Mix",68,"R",17
"884","Melaleuca quinquenervia","NSW1079813",1849,"3/02/2026","24/02/2026","Y","Y","Y","UR",39,"MS",29.25
"885","Melaleuca quinquenervia","NSW1079813",1855,"3/02/2026","24/02/2026","Y","Y","N","N",30,"HR",0
"886","Melaleuca quinquenervia","NSW1079813",1856,"3/02/2026","24/02/2026","Y","N","N","UR",82,"MS",61.5
"887","Melaleuca quinquenervia","NSW1079813",1858,"3/02/2026","24/02/2026","Y","N","Y","UR",72,"R",18
"888","Melaleuca quinquenervia","NSW1079813",1859,"3/02/2026","24/02/2026","Y","Y","Y","UR",51,"MS",38.25
"889","Melaleuca quinquenervia","NSW1079814",1861,"3/02/2026","24/02/2026","Y","Y","N","Mix",10,"S",8.75
"890","Melaleuca quinquenervia","NSW1079814",1862,"3/02/2026","24/02/2026","Y","Y","N","UR",71,"R",17.75
"891","Melaleuca quinquenervia","NSW1079814",1865,"3/02/2026","24/02/2026","Y","Y","N","R",69,"R",17.25
"892","Melaleuca quinquenervia","NSW1079814",1866,"3/02/2026","24/02/2026","Y","N","N","R",98,"R",24.5
"893","Melaleuca quinquenervia","NSW1079814",1867,"3/02/2026","24/02/2026","Y","Y","N","UR",29,"HR",0
"894","Melaleuca quinquenervia","NSW1079814",1868,"3/02/2026","24/02/2026","N","Y","N","R",20,"HR",0
"895","Melaleuca quinquenervia","NSW1079814",1869,"3/02/2026","24/02/2026","N","Y","N","R",13,"HR",0
"896","Melaleuca quinquenervia","NSW1079814",1871,"3/02/2026","24/02/2026","N","N","Y","UR",36,"MS",27
"897","Melaleuca quinquenervia","NSW1079818",1873,"3/02/2026","24/02/2026","Y","N","N","UR",14,"R",3.5
"898","Melaleuca quinquenervia","NSW1079818",1874,"3/02/2026","24/02/2026","N","N","N","UR",24,"MS",18
"899","Melaleuca quinquenervia","NSW1079818",1875,"3/02/2026","24/02/2026","Y","Y","N","N",59,"HR",0
"900","Melaleuca quinquenervia","NSW1079818",1876,"3/02/2026","24/02/2026","Y","N","N","Mix",92,"MS",69
"901","Melaleuca quinquenervia","NSW1079818",1877,"3/02/2026","24/02/2026","Y","Y","Y","UR",69,"R",17.25
"902","Melaleuca quinquenervia","NSW1079818",1879,"3/02/2026","24/02/2026","Y","N","Y","R",64,"MS",48
"903","Melaleuca quinquenervia","NSW1079821",1898,"3/02/2026","24/02/2026","Y","N","N","UR",9,"S",7.875
"904","Melaleuca quinquenervia","NSW1079821",1899,"3/02/2026","24/02/2026","Y","Y","Y","UR",81,"R",20.25
"905","Melaleuca quinquenervia","NSW1079821",1900,"3/02/2026","24/02/2026","N","N","N","UR",75,"R",18.75
"906","Melaleuca quinquenervia","NSW1079821",1901,"3/02/2026","24/02/2026","N","Y","N","R",15,"R",3.75
"907","Melaleuca quinquenervia","NSW1079821",1903,"3/02/2026","24/02/2026","Y","N","Y","N",70,"HR",0
"908","Melaleuca quinquenervia","NSW1079821",1908,"3/02/2026","24/02/2026","N","Y","N","R",77,"HR",0
"909","Melaleuca quinquenervia","NSW1079822",1909,"3/02/2026","24/02/2026","Y","N","N","Mix",20,"HR",0
"910","Melaleuca quinquenervia","NSW1079822",1910,"3/02/2026","24/02/2026","Y","N","Y","N",92,"MS",69
"911","Melaleuca quinquenervia","NSW1079822",1916,"3/02/2026","24/02/2026","Y","N","N","R",60,"R",15
"912","Melaleuca quinquenervia","NSW1079822",1918,"3/02/2026","24/02/2026","N","Y","Y","N",79,"MS",59.25
"913","Melaleuca quinquenervia","NSW1079822",1920,"3/02/2026","24/02/2026","N","N","Y","N",93,"R",23.25
"914","Melaleuca quinquenervia","NSW1080758",1921,"3/02/2026","24/02/2026","N","Y","Y","N",4,"R",1
"915","Melaleuca quinquenervia","NSW1080759",1934,"3/02/2026","24/02/2026","N","Y","N","R",12,"HR",0
"916","Melaleuca quinquenervia","NSW1080759",1935,"3/02/2026","24/02/2026","N","Y","N","Mix",60,"HR",0
"917","Melaleuca quinquenervia","NSW1080759",1936,"3/02/2026","24/02/2026","Y","N","N","Mix",67,"HR",0
"918","Melaleuca quinquenervia","NSW1080759",1937,"3/02/2026","24/02/2026","N","Y","Y","R",7,"MS",5.25
"919","Melaleuca quinquenervia","NSW1080759",1939,"3/02/2026","24/02/2026","Y","Y","N","UR",71,"R",17.75
"920","Melaleuca quinquenervia","NSW1080759",1940,"3/02/2026","24/02/2026","N","N","Y","R",48,"MS",36
"921","Melaleuca quinquenervia","NSW1080759",1944,"3/02/2026","24/02/2026","Y","N","N","Mix",73,"MS",54.75
"922","Melaleuca quinquenervia","NSW1080761",1945,"3/02/2026","24/02/2026","N","Y","Y","R",6,"R",1.5
"923","Melaleuca quinquenervia","NSW1080761",1946,"3/02/2026","24/02/2026","Y","Y","N","Mix",19,"MS",14.25
"924","Melaleuca quinquenervia","NSW1080761",1950,"3/02/2026","24/02/2026","N","Y","N","N",31,"HR",0
"925","Melaleuca quinquenervia","NSW1080761",1951,"3/02/2026","24/02/2026","N","Y","Y","N",65,"MS",48.75
"926","Melaleuca quinquenervia","NSW1080761",1952,"3/02/2026","24/02/2026","Y","N","N","Mix",30,"R",7.5
"927","Melaleuca quinquenervia","NSW1080761",1954,"3/02/2026","24/02/2026","Y","Y","Y","N",82,"MS",61.5
"928","Melaleuca quinquenervia","NSW1080761",1955,"3/02/2026","24/02/2026","Y","Y","N","Mix",69,"S",60.375
"929","Melaleuca quinquenervia","NSW1080761",1956,"3/02/2026","24/02/2026","Y","Y","N","R",7,"R",1.75
"930","Melaleuca quinquenervia","NSW1080762",1959,"3/02/2026","24/02/2026","N","Y","N","N",99,"R",24.75
"931","Melaleuca quinquenervia","NSW1080762",1961,"3/02/2026","24/02/2026","Y","Y","N","UR",93,"R",23.25
"932","Melaleuca quinquenervia","NSW1080762",1963,"3/02/2026","24/02/2026","Y","N","N","R",85,"HR",0
"933","Melaleuca quinquenervia","NSW1080762",1967,"3/02/2026","24/02/2026","N","N","Y","R",71,"HR",0
"934","Melaleuca quinquenervia","NSW1080762",1969,"3/02/2026","24/02/2026","Y","N","N","N",5,"HR",0
"935","Melaleuca quinquenervia","NSW1080762",1971,"3/02/2026","24/02/2026","N","N","N","N",58,"MS",43.5
"936","Melaleuca quinquenervia","NSW1080762",1973,"3/02/2026","24/02/2026","Y","N","Y","Mix",37,"R",9.25
"937","Melaleuca quinquenervia","NSW1080763",1981,"3/02/2026","24/02/2026","N","N","Y","N",20,"MS",15
"938","Melaleuca quinquenervia","NSW1080763",1982,"3/02/2026","24/02/2026","N","N","Y","UR",45,"HR",0
"939","Melaleuca quinquenervia","NSW1080764",1995,"3/02/2026","24/02/2026","N","Y","N","N",87,"MS",65.25
"940","Melaleuca quinquenervia","NSW1080764",1997,"3/02/2026","24/02/2026","Y","Y","Y","Mix",73,"R",18.25
"941","Melaleuca quinquenervia","NSW1080764",1998,"3/02/2026","24/02/2026","N","N","Y","Mix",16,"MS",12
"942","Melaleuca quinquenervia","NSW1080764",1999,"3/02/2026","24/02/2026","N","Y","Y","N",35,"S",30.625
"943","Melaleuca quinquenervia","NSW1080764",2000,"3/02/2026","24/02/2026","Y","N","Y","R",73,"R",18.25
"944","Melaleuca quinquenervia","NSW1080764",2003,"3/02/2026","24/02/2026","N","N","N","UR",17,"R",4.25
"945","Melaleuca quinquenervia","NSW1080765",2005,"3/02/2026","24/02/2026","N","Y","Y","R",61,"R",15.25
"946","Melaleuca quinquenervia","NSW1080765",2006,"3/02/2026","24/02/2026","Y","Y","N","R",50,"HR",0
"947","Melaleuca quinquenervia","NSW1080765",2007,"3/02/2026","24/02/2026","N","N","Y","N",91,"HR",0
"948","Melaleuca quinquenervia","NSW1080765",2008,"3/02/2026","24/02/2026","Y","Y","Y","Mix",71,"HR",0
"949","Melaleuca quinquenervia","NSW1080765",2010,"3/02/2026","24/02/2026","N","Y","Y","R",17,"MS",12.75
"950","Melaleuca quinquenervia","NSW1080765",2011,"3/02/2026","24/02/2026","Y","N","Y","Mix",94,"R",23.5
"951","Melaleuca quinquenervia","NSW1080765",2014,"3/02/2026","24/02/2026","Y","Y","N","Mix",85,"MS",63.75
"952","Melaleuca quinquenervia","NSW1080765",2015,"3/02/2026","24/02/2026","N","N","Y","UR",92,"MS",69
"953","Melaleuca quinquenervia","NSW1080766",2018,"3/02/2026","24/02/2026","N","N","Y","UR",26,"R",6.5
"954","Melaleuca quinquenervia","NSW1080766",2020,"3/02/2026","24/02/2026","N","Y","N","R",94,"MS",70.5
"955","Melaleuca quinquenervia","NSW1080766",2023,"3/02/2026","24/02/2026","N","Y","N","UR",59,"HR",0
"956","Melaleuca quinquenervia","NSW1080766",2025,"3/02/2026","24/02/2026","Y","N","Y","R",26,"MS",19.5
"957","Melaleuca quinquenervia","NSW1080766",2026,"3/02/2026","24/02/2026","N","N","Y","UR",53,"R",13.25
"958","Melaleuca quinquenervia","NSW1080767",2029,"3/02/2026","24/02/2026","Y","N","N","R",60,"MS",45
"959","Melaleuca quinquenervia","NSW1080767",2030,"3/02/2026","24/02/2026","Y","Y","N","UR",32,"S",28
"960","Melaleuca quinquenervia","NSW1080767",2031,"3/02/2026","24/02/2026","N","N","Y","R",58,"R",14.5
"961","Melaleuca quinquenervia","NSW1080767",2032,"3/02/2026","24/02/2026","Y","Y","N","Mix",23,"R",5.75
"962","Melaleuca quinquenervia","NSW1080767",2034,"3/02/2026","24/02/2026","Y","N","Y","R",45,"R",11.25
"963","Melaleuca quinquenervia","NSW1080767",2037,"3/02/2026","24/02/2026","N","N","N","UR",87,"HR",0
"964","Melaleuca quinquenervia","NSW1080767",2038,"3/02/2026","24/02/2026","Y","N","N","N",50,"HR",0
"965","Melaleuca quinquenervia","NSW1080767",2039,"3/02/2026","24/02/2026","Y","N","N","Mix",57,"HR",0
"966","Melaleuca quinquenervia","NSW1080768",2041,"3/02/2026","24/02/2026","Y","N","Y","UR",17,"MS",12.75
"967","Melaleuca quinquenervia","NSW1080768",2043,"3/02/2026","24/02/2026","Y","N","Y","R",49,"R",12.25
"968","Melaleuca quinquenervia","NSW1080768",2045,"3/02/2026","24/02/2026","N","Y","N","R",86,"MS",64.5
"969","Melaleuca quinquenervia","NSW1080768",2046,"3/02/2026","24/02/2026","Y","N","N","R",2,"HR",0
"970","Melaleuca quinquenervia","NSW1080768",2047,"3/02/2026","24/02/2026","Y","Y","Y","R",55,"MS",41.25
"971","Melaleuca quinquenervia","NSW1080768",2049,"3/02/2026","24/02/2026","Y","N","N","N",37,"R",9.25
"972","Melaleuca quinquenervia","NSW1080768",2051,"3/02/2026","24/02/2026","N","Y","Y","N",75,"MS",56.25
"973","Melaleuca quinquenervia","NSW1080770",2065,"3/02/2026","24/02/2026","N","Y","N","N",68,"S",59.5
"974","Melaleuca quinquenervia","NSW1080770",2066,"3/02/2026","24/02/2026","Y","Y","Y","R",74,"R",18.5
"975","Melaleuca quinquenervia","NSW1080770",2068,"3/02/2026","24/02/2026","Y","N","N","Mix",89,"R",22.25
"976","Melaleuca quinquenervia","NSW1080770",2073,"3/02/2026","24/02/2026","Y","Y","Y","UR",87,"R",21.75
"977","Melaleuca quinquenervia","NSW1080770",2074,"3/02/2026","24/02/2026","Y","Y","N","UR",75,"HR",0
"978","Melaleuca quinquenervia","NSW1080770",2075,"3/02/2026","24/02/2026","N","Y","Y","R",2,"HR",0
"979","Melaleuca quinquenervia","NSW1080770",2076,"3/02/2026","24/02/2026","Y","Y","N","UR",11,"HR",0
"980","Melaleuca quinquenervia","NSW1080771",2077,"3/02/2026","24/02/2026","N","Y","N","N",19,"MS",14.25
"981","Melaleuca quinquenervia","NSW1080771",2078,"3/02/2026","24/02/2026","N","N","Y","R",72,"R",18
"982","Melaleuca quinquenervia","NSW1080771",2080,"3/02/2026","24/02/2026","Y","N","Y","Mix",26,"MS",19.5
"983","Melaleuca quinquenervia","NSW1080771",2083,"3/02/2026","24/02/2026","N","Y","Y","UR",24,"R",6
"984","Melaleuca quinquenervia","NSW1080772",2089,"3/02/2026","24/02/2026","N","Y","Y","Mix",58,"R",14.5
"985","Melaleuca quinquenervia","NSW1080772",2090,"3/02/2026","24/02/2026","Y","Y","Y","Mix",10,"HR",0
"986","Melaleuca quinquenervia","NSW1080772",2091,"3/02/2026","24/02/2026","Y","Y","N","R",93,"HR",0
"987","Melaleuca quinquenervia","NSW1080772",2092,"3/02/2026","24/02/2026","N","N","N","N",16,"HR",0
"988","Melaleuca quinquenervia","NSW1080772",2093,"3/02/2026","24/02/2026","N","N","Y","N",27,"MS",20.25
"989","Melaleuca quinquenervia","NSW1080772",2095,"3/02/2026","24/02/2026","Y","N","N","R",21,"R",5.25
"990","Melaleuca quinquenervia","NSW1080772",2096,"3/02/2026","24/02/2026","Y","N","N","UR",78,"MS",58.5
"991","Melaleuca quinquenervia","NSW1080772",2098,"3/02/2026","24/02/2026","N","Y","N","Mix",57,"MS",42.75
"992","Melaleuca quinquenervia","NSW1080772",2099,"3/02/2026","24/02/2026","Y","Y","Y","N",69,"R",17.25
"993","Melaleuca quinquenervia","NSW1080772",2100,"3/02/2026","24/02/2026","N","Y","N","N",19,"MS",14.25
"994","Melaleuca quinquenervia","NSW1080773",2101,"3/02/2026","24/02/2026","Y","N","N","R",34,"HR",0
"995","Melaleuca quinquenervia","NSW1080773",2103,"3/02/2026","24/02/2026","N","N","Y","N",63,"MS",47.25
"996","Melaleuca quinquenervia","NSW1080773",2104,"3/02/2026","24/02/2026","N","Y","N","Mix",98,"R",24.5
"997","Melaleuca quinquenervia","NSW1080773",2105,"3/02/2026","24/02/2026","Y","Y","N","R",1,"MS",0.75
"998","Melaleuca quinquenervia","NSW1080773",2106,"3/02/2026","24/02/2026","Y","Y","Y","R",42,"S",36.75
"999","Melaleuca quinquenervia","NSW1080773",2107,"3/02/2026","24/02/2026","N","Y","N","N",23,"R",5.75
"1000","Melaleuca quinquenervia","NSW1080773",2108,"3/02/2026","24/02/2026","Y","N","N","N",51,"R",12.75
"1001","Melaleuca quinquenervia","NSW1080773",2111,"3/02/2026","24/02/2026","N","Y","N","N",55,"R",13.75
"1002","Melaleuca quinquenervia","NSW1080773",2112,"3/02/2026","24/02/2026","Y","Y","N","UR",2,"HR",0
"1003","Melaleuca quinquenervia","NSW1080774",2113,"3/02/2026","24/02/2026","N","N","N","UR",26,"HR",0
"1004","Melaleuca quinquenervia","NSW1080774",2114,"3/02/2026","24/02/2026","N","N","N","N",9,"HR",0
"1005","Melaleuca quinquenervia","NSW1080774",2115,"3/02/2026","24/02/2026","N","N","N","N",31,"MS",23.25
"1006","Melaleuca quinquenervia","NSW1080774",2116,"3/02/2026","24/02/2026","N","Y","Y","R",78,"R",19.5
"1007","Melaleuca quinquenervia","NSW1080774",2120,"3/02/2026","24/02/2026","N","N","N","UR",36,"MS",27
"1008","Melaleuca quinquenervia","NSW1080774",2121,"3/02/2026","24/02/2026","Y","N","Y","UR",100,"HR",0
"1009","Melaleuca quinquenervia","NSW1080774",2122,"3/02/2026","24/02/2026","N","N","Y","Mix",69,"MS",51.75
"1010","Melaleuca quinquenervia","NSW1080774",2124,"3/02/2026","24/02/2026","N","Y","Y","Mix",29,"R",7.25
"1011","Melaleuca quinquenervia","NSW1080775",2125,"3/02/2026","24/02/2026","Y","N","Y","Mix",47,"MS",35.25
"1012","Melaleuca quinquenervia","NSW1080775",2126,"3/02/2026","24/02/2026","N","N","Y","Mix",2,"S",1.75
"1013","Melaleuca quinquenervia","NSW1080775",2129,"3/02/2026","24/02/2026","Y","Y","N","R",23,"R",5.75
"1014","Melaleuca quinquenervia","NSW1080775",2130,"3/02/2026","24/02/2026","N","N","N","R",41,"R",10.25
"1015","Melaleuca quinquenervia","NSW1080775",2131,"3/02/2026","24/02/2026","Y","N","N","UR",35,"R",8.75
"1016","Melaleuca quinquenervia","NSW1080775",2132,"3/02/2026","24/02/2026","N","N","Y","Mix",40,"HR",0
"1017","Melaleuca quinquenervia","NSW1080775",2133,"3/02/2026","24/02/2026","N","N","N","N",48,"HR",0
"1018","Melaleuca quinquenervia","NSW1080775",2134,"3/02/2026","24/02/2026","Y","Y","Y","R",0,"HR",0
"1019","Melaleuca quinquenervia","NSW1080775",2135,"3/02/2026","24/02/2026","Y","N","Y","Mix",50,"MS",37.5
"1020","Melaleuca quinquenervia","NSW1080775",2136,"3/02/2026","24/02/2026","N","N","N","R",96,"R",24
"1021","Melaleuca quinquenervia","NSW1080776",2138,"3/02/2026","24/02/2026","N","N","N","UR",15,"MS",11.25
"1022","Melaleuca quinquenervia","NSW1080776",2139,"3/02/2026","24/02/2026","Y","Y","N","R",56,"MS",42
"1023","Melaleuca quinquenervia","NSW1080776",2140,"3/02/2026","24/02/2026","N","N","N","N",85,"R",21.25
"1024","Melaleuca quinquenervia","NSW1080776",2141,"3/02/2026","24/02/2026","N","N","N","R",79,"MS",59.25
"1025","Melaleuca quinquenervia","NSW1080776",2142,"3/02/2026","24/02/2026","Y","Y","Y","R",7,"HR",0
"1026","Melaleuca quinquenervia","NSW1080776",2143,"3/02/2026","24/02/2026","N","N","Y","R",7,"MS",5.25
"1027","Melaleuca quinquenervia","NSW1080776",2144,"3/02/2026","24/02/2026","N","Y","N","R",0,"R",0
"1028","Melaleuca quinquenervia","NSW1080776",2145,"3/02/2026","24/02/2026","N","N","N","Mix",96,"MS",72
"1029","Melaleuca quinquenervia","NSW1080776",2147,"3/02/2026","24/02/2026","Y","Y","N","N",76,"S",66.5
"1030","Melaleuca quinquenervia","NSW1080777",2149,"3/02/2026","24/02/2026","Y","Y","Y","N",23,"R",5.75
"1031","Melaleuca quinquenervia","NSW1080777",2153,"3/02/2026","24/02/2026","N","N","N","R",81,"R",20.25
"1032","Melaleuca quinquenervia","NSW1080777",2155,"3/02/2026","24/02/2026","Y","Y","N","R",11,"R",2.75
"1033","Melaleuca quinquenervia","NSW1080777",2157,"3/02/2026","24/02/2026","N","Y","N","UR",4,"HR",0
"1034","Melaleuca quinquenervia","NSW1080777",2158,"3/02/2026","24/02/2026","N","Y","N","N",75,"HR",0
"1035","Melaleuca quinquenervia","NSW1080777",2159,"3/02/2026","24/02/2026","N","Y","Y","N",84,"HR",0
"1036","Melaleuca quinquenervia","NSW1080778",2162,"3/02/2026","24/02/2026","N","N","Y","R",71,"MS",53.25
"1037","Melaleuca quinquenervia","NSW1080778",2163,"3/02/2026","24/02/2026","N","N","N","R",7,"R",1.75
"1038","Melaleuca quinquenervia","NSW1080778",2164,"3/02/2026","24/02/2026","Y","Y","N","N",46,"MS",34.5
"1039","Melaleuca quinquenervia","NSW1080778",2165,"3/02/2026","24/02/2026","Y","N","Y","R",27,"HR",0
"1040","Melaleuca quinquenervia","NSW1080778",2167,"3/02/2026","24/02/2026","N","Y","N","N",51,"MS",38.25
"1041","Melaleuca quinquenervia","NSW1080778",2168,"3/02/2026","24/02/2026","N","Y","N","N",97,"R",24.25
"1042","Melaleuca quinquenervia","NSW1080779",2177,"3/02/2026","24/02/2026","Y","N","N","N",64,"MS",48
"1043","Melaleuca quinquenervia","NSW1080779",2178,"3/02/2026","24/02/2026","N","N","Y","UR",76,"S",66.5
"1044","Melaleuca quinquenervia","NSW1080779",2182,"3/02/2026","24/02/2026","Y","Y","N","N",72,"R",18
"1045","Melaleuca quinquenervia","NSW1080779",2183,"3/02/2026","24/02/2026","N","Y","Y","Mix",9,"R",2.25
"1046","Melaleuca quinquenervia","NSW1080779",2184,"3/02/2026","24/02/2026","Y","Y","Y","R",70,"R",17.5
"1047","Melaleuca quinquenervia","NSW1080780",2185,"3/02/2026","24/02/2026","Y","Y","N","Mix",16,"HR",0
"1048","Melaleuca quinquenervia","NSW1080780",2187,"3/02/2026","24/02/2026","Y","N","Y","R",67,"HR",0
"1049","Melaleuca quinquenervia","NSW1080780",2188,"3/02/2026","24/02/2026","N","Y","N","R",39,"HR",0
"1050","Melaleuca quinquenervia","NSW1080780",2190,"3/02/2026","24/02/2026","N","Y","Y","R",40,"MS",30
"1051","Melaleuca quinquenervia","NSW1080780",2192,"3/02/2026","24/02/2026","Y","Y","Y","Mix",19,"R",4.75
"1052","Melaleuca quinquenervia","NSW1080780",2193,"3/02/2026","24/02/2026","Y","Y","N","R",77,"MS",57.75
"1053","Melaleuca quinquenervia","NSW1080780",2194,"3/02/2026","24/02/2026","N","Y","Y","R",15,"R",3.75
"1054","Melaleuca quinquenervia","NSW1080780",2195,"3/02/2026","24/02/2026","N","Y","Y","Mix",95,"R",23.75
"1055","Melaleuca quinquenervia","NSW1080781",2197,"3/02/2026","24/02/2026","N","Y","N","R",56,"HR",0
"1056","Melaleuca quinquenervia","NSW1080781",2198,"3/02/2026","24/02/2026","N","Y","Y","Mix",10,"HR",0
"1057","Melaleuca quinquenervia","NSW1080781",2199,"3/02/2026","24/02/2026","Y","Y","N","UR",87,"HR",0
"1058","Melaleuca quinquenervia","NSW1080781",2200,"3/02/2026","24/02/2026","Y","N","N","R",98,"MS",73.5
"1059","Melaleuca quinquenervia","NSW1080781",2201,"3/02/2026","24/02/2026","Y","Y","N","R",26,"R",6.5
"1060","Melaleuca quinquenervia","NSW1080781",2202,"3/02/2026","24/02/2026","Y","N","N","UR",56,"MS",42
"1061","Melaleuca quinquenervia","NSW1080781",2203,"3/02/2026","24/02/2026","Y","N","N","UR",76,"MS",57
"1062","Melaleuca quinquenervia","NSW1080781",2208,"3/02/2026","24/02/2026","Y","Y","Y","R",95,"R",23.75
"1063","Melaleuca quinquenervia","NSW1080782",2211,"3/02/2026","24/02/2026","N","Y","Y","Mix",92,"MS",69
"1064","Melaleuca quinquenervia","NSW1080782",2212,"3/02/2026","24/02/2026","Y","N","N","UR",81,"HR",0
"1065","Melaleuca quinquenervia","NSW1080782",2214,"3/02/2026","24/02/2026","Y","Y","N","UR",89,"MS",66.75
"1066","Melaleuca quinquenervia","NSW1080782",2215,"3/02/2026","24/02/2026","Y","Y","Y","N",77,"R",19.25
"1067","Melaleuca quinquenervia","NSW1080782",2217,"3/02/2026","24/02/2026","Y","N","N","N",72,"MS",54
"1068","Melaleuca quinquenervia","NSW1080782",2218,"3/02/2026","24/02/2026","N","N","Y","R",94,"S",82.25
"1069","Melaleuca quinquenervia","NSW1080782",2220,"3/02/2026","24/02/2026","Y","Y","Y","UR",62,"R",15.5
"1070","Melaleuca quinquenervia","NSW1080784",2224,"3/02/2026","24/02/2026","N","N","Y","R",6,"R",1.5
"1071","Melaleuca quinquenervia","NSW1080784",2225,"3/02/2026","24/02/2026","Y","N","Y","UR",24,"R",6
"1072","Melaleuca quinquenervia","NSW1080784",2226,"3/02/2026","24/02/2026","Y","Y","N","N",54,"HR",0
"1073","Melaleuca quinquenervia","NSW1080784",2227,"3/02/2026","24/02/2026","N","N","N","Mix",75,"HR",0
"1074","Melaleuca quinquenervia","NSW1080784",2228,"3/02/2026","24/02/2026","N","Y","N","UR",56,"HR",0
"1075","Melaleuca quinquenervia","NSW1080784",2229,"3/02/2026","24/02/2026","N","Y","N","N",66,"MS",49.5
"1076","Melaleuca quinquenervia","NSW1080784",2230,"3/02/2026","24/02/2026","N","Y","Y","Mix",42,"R",10.5
"1077","Melaleuca quinquenervia","NSW1080784",2232,"3/02/2026","24/02/2026","Y","Y","Y","UR",60,"MS",45
"1078","Melaleuca quinquenervia","NSW1080785",2233,"3/02/2026","24/02/2026","Y","Y","N","Mix",73,"HR",0
"1079","Melaleuca quinquenervia","NSW1080786",2258,"3/02/2026","24/02/2026","Y","Y","N","Mix",9,"MS",6.75
"1080","Melaleuca quinquenervia","NSW1080786",2265,"3/02/2026","24/02/2026","N","Y","Y","N",34,"R",8.5
"1081","Melaleuca quinquenervia","NSW1080786",2267,"3/02/2026","24/02/2026","N","N","N","R",71,"MS",53.25
"1082","Melaleuca quinquenervia","NSW1080787",2271,"3/02/2026","24/02/2026","Y","Y","Y","R",89,"S",77.875
"1083","Melaleuca quinquenervia","NSW1080787",2277,"3/02/2026","24/02/2026","Y","Y","Y","UR",28,"R",7
"1084","Melaleuca quinquenervia","NSW1080787",2278,"3/02/2026","24/02/2026","Y","Y","Y","N",3,"R",0.75
"1085","Melaleuca quinquenervia","NSW1080787",2279,"3/02/2026","24/02/2026","N","N","Y","UR",11,"R",2.75
"1086","Melaleuca quinquenervia","NSW1075708",2283,"3/02/2026","24/02/2026","Y","Y","N","N",89,"HR",0
"1087","Melaleuca quinquenervia","NSW1075708",2285,"3/02/2026","24/02/2026","Y","N","N","UR",14,"HR",0
"1088","Melaleuca quinquenervia","NSW1075708",2288,"3/02/2026","24/02/2026","N","Y","Y","UR",88,"HR",0
"1089","Melaleuca quinquenervia","NSW1075708",2290,"3/02/2026","24/02/2026","Y","N","Y","UR",29,"MS",21.75
"1090","Melaleuca quinquenervia","NSW1075704",2295,"3/02/2026","24/02/2026","N","N","N","Mix",9,"R",2.25
"1091","Melaleuca quinquenervia","NSW1075704",2296,"3/02/2026","24/02/2026","N","Y","N","Mix",99,"MS",74.25
"1092","Melaleuca quinquenervia","NSW1075704",2299,"3/02/2026","24/02/2026","N","Y","Y","UR",32,"MS",24
"1093","Melaleuca quinquenervia","NSW1075704",2300,"3/02/2026","24/02/2026","Y","N","Y","Mix",40,"R",10
"1094","Melaleuca quinquenervia","NSW1075704",2301,"3/02/2026","24/02/2026","Y","Y","N","N",59,"MS",44.25
"1095","Melaleuca quinquenervia","NSW1075704",2302,"3/02/2026","24/02/2026","Y","Y","N","Mix",67,"HR",0
"1096","Melaleuca quinquenervia","NSW1075720",2305,"3/02/2026","24/02/2026","N","N","Y","UR",33,"MS",24.75
"1097","Melaleuca quinquenervia","NSW1075720",2306,"3/02/2026","24/02/2026","Y","N","N","UR",6,"R",1.5
"1098","Melaleuca quinquenervia","NSW1075720",2307,"3/02/2026","24/02/2026","N","Y","N","Mix",89,"MS",66.75
"1099","Melaleuca quinquenervia","NSW1075720",2308,"3/02/2026","24/02/2026","N","Y","N","UR",21,"S",18.375
"1100","Melaleuca quinquenervia","NSW1075720",2310,"3/02/2026","24/02/2026","Y","N","Y","N",26,"R",6.5
"1101","Melaleuca quinquenervia","NSW1075720",2311,"3/02/2026","24/02/2026","Y","N","Y","Mix",32,"R",8
"1102","Melaleuca quinquenervia","NSW1075720",2312,"3/02/2026","24/02/2026","Y","N","N","R",16,"R",4
"1103","Melaleuca quinquenervia","NSW1075720",2314,"3/02/2026","24/02/2026","Y","N","Y","UR",11,"HR",0
"1104","Melaleuca quinquenervia","NSW1075720",2315,"3/02/2026","24/02/2026","Y","N","Y","Mix",59,"HR",0
"1105","Melaleuca quinquenervia","NSW1075720",2316,"3/02/2026","24/02/2026","Y","Y","N","Mix",60,"HR",0
"1106","Melaleuca quinquenervia","NSW1075709",2317,"3/02/2026","24/02/2026","Y","Y","Y","N",94,"MS",70.5
"1107","Melaleuca quinquenervia","NSW1075709",2318,"3/02/2026","24/02/2026","Y","Y","Y","UR",72,"R",18
"1108","Melaleuca quinquenervia","NSW1075709",2319,"3/02/2026","24/02/2026","N","N","Y","UR",80,"MS",60
"1109","Melaleuca quinquenervia","NSW1075709",2320,"3/02/2026","24/02/2026","N","N","Y","UR",55,"HR",0
"1110","Melaleuca quinquenervia","NSW1075709",2321,"3/02/2026","24/02/2026","Y","N","N","N",44,"MS",33
"1111","Melaleuca quinquenervia","NSW1075709",2322,"3/02/2026","24/02/2026","N","N","Y","R",95,"R",23.75
"1112","Melaleuca quinquenervia","NSW1075709",2323,"3/02/2026","24/02/2026","N","Y","Y","R",11,"MS",8.25
"1113","Melaleuca quinquenervia","NSW1075709",2324,"3/02/2026","24/02/2026","Y","Y","Y","UR",9,"S",7.875
"1114","Melaleuca quinquenervia","NSW1075709",2325,"3/02/2026","24/02/2026","Y","Y","N","R",13,"R",3.25
"1115","Melaleuca quinquenervia","NSW1075709",2326,"3/02/2026","24/02/2026","N","N","N","N",48,"R",12
"1116","Melaleuca quinquenervia","NSW1075709",2327,"3/02/2026","24/02/2026","N","Y","Y","N",89,"R",22.25
"1117","Melaleuca quinquenervia","NSW1075710",2331,"3/02/2026","24/02/2026","N","Y","N","UR",69,"HR",0
"1118","Melaleuca quinquenervia","NSW1075710",2332,"3/02/2026","24/02/2026","N","N","N","N",61,"HR",0
"1119","Melaleuca quinquenervia","NSW1075710",2334,"3/02/2026","24/02/2026","N","N","Y","R",43,"HR",0
"1120","Melaleuca quinquenervia","NSW1075710",2335,"3/02/2026","24/02/2026","N","N","N","Mix",57,"MS",42.75
"1121","Melaleuca quinquenervia","NSW1075710",2337,"3/02/2026","24/02/2026","Y","Y","Y","N",46,"R",11.5
"1122","Melaleuca quinquenervia","NSW1075710",2339,"3/02/2026","24/02/2026","N","N","N","UR",0,"MS",0
"1123","Melaleuca quinquenervia","NSW1075710",2340,"3/02/2026","24/02/2026","N","N","Y","Mix",18,"R",4.5
"1124","Melaleuca quinquenervia","NSW1075713",2341,"3/02/2026","24/02/2026","Y","Y","Y","N",72,"R",18
"1125","Melaleuca quinquenervia","NSW1075713",2344,"3/02/2026","24/02/2026","N","Y","Y","Mix",25,"HR",0
"1126","Melaleuca quinquenervia","NSW1075713",2345,"3/02/2026","24/02/2026","Y","Y","N","Mix",20,"HR",0
"1127","Melaleuca quinquenervia","NSW1075713",2346,"3/02/2026","24/02/2026","Y","Y","Y","UR",93,"HR",0
"1128","Melaleuca quinquenervia","NSW1075713",2347,"3/02/2026","24/02/2026","Y","N","Y","N",93,"MS",69.75
"1129","Melaleuca quinquenervia","NSW1075713",2348,"3/02/2026","24/02/2026","N","N","N","Mix",37,"R",9.25
"1130","Melaleuca quinquenervia","NSW1075713",2351,"3/02/2026","24/02/2026","N","Y","Y","R",6,"MS",4.5
"1131","Melaleuca quinquenervia","NSW1075713",2352,"3/02/2026","24/02/2026","N","Y","Y","Mix",21,"MS",15.75
"1132","Melaleuca quinquenervia","NSW1075711",2355,"3/02/2026","24/02/2026","Y","Y","N","Mix",5,"R",1.25
"1133","Melaleuca quinquenervia","NSW1075711",2357,"3/02/2026","24/02/2026","Y","Y","N","Mix",76,"MS",57
"1134","Melaleuca quinquenervia","NSW1075711",2358,"3/02/2026","24/02/2026","Y","Y","Y","Mix",28,"HR",0
"1135","Melaleuca quinquenervia","NSW1075711",2360,"3/02/2026","24/02/2026","N","Y","Y","R",79,"MS",59.25
"1136","Melaleuca quinquenervia","NSW1075711",2362,"3/02/2026","24/02/2026","Y","N","Y","Mix",75,"R",18.75
"1137","Melaleuca quinquenervia","NSW1075711",2363,"3/02/2026","24/02/2026","N","N","N","R",0,"MS",0
"1138","Melaleuca quinquenervia","NSW1075711",2364,"3/02/2026","24/02/2026","N","N","N","UR",68,"S",59.5
"1139","Melaleuca quinquenervia","NSW1075722",2370,"3/02/2026","24/02/2026","Y","N","N","R",96,"R",24
"1140","Melaleuca quinquenervia","NSW1075722",2371,"3/02/2026","24/02/2026","N","Y","N","R",76,"R",19
"1141","Melaleuca quinquenervia","NSW1075722",2375,"3/02/2026","24/02/2026","N","N","Y","R",33,"R",8.25
"1142","Melaleuca quinquenervia","NSW1075705",2378,"3/02/2026","24/02/2026","N","Y","N","Mix",50,"HR",0
"1143","Melaleuca quinquenervia","NSW1075705",2379,"3/02/2026","24/02/2026","N","Y","Y","UR",65,"HR",0
"1144","Melaleuca quinquenervia","NSW1075705",2381,"3/02/2026","24/02/2026","N","N","N","Mix",28,"HR",0
"1145","Melaleuca quinquenervia","NSW1075705",2383,"3/02/2026","24/02/2026","Y","Y","N","Mix",94,"MS",70.5
"1146","Melaleuca quinquenervia","NSW1075705",2385,"3/02/2026","24/02/2026","Y","Y","Y","R",29,"R",7.25
"1147","Melaleuca quinquenervia","NSW1075705",2386,"3/02/2026","24/02/2026","N","N","Y","N",62,"MS",46.5
"1148","Melaleuca quinquenervia","NSW1075705",2387,"3/02/2026","24/02/2026","Y","Y","N","R",3,"HR",0
"1149","Melaleuca quinquenervia","NSW1075705",2388,"3/02/2026","24/02/2026","Y","Y","N","R",19,"MS",14.25
"1150","Melaleuca quinquenervia","NSW1075718",2391,"3/02/2026","24/02/2026","N","Y","N","R",69,"R",17.25
"1151","Melaleuca quinquenervia","NSW1075718",2393,"3/02/2026","24/02/2026","N","N","Y","R",92,"MS",69
"1152","Melaleuca quinquenervia","NSW1075718",2395,"3/02/2026","24/02/2026","N","N","Y","N",43,"S",37.625
"1153","Melaleuca quinquenervia","NSW1075718",2397,"3/02/2026","24/02/2026","N","Y","Y","N",56,"R",14
