"decimalLatitude","decimalLongitude","species"
-43.389528,147.252389,"Archirhodomyrtus beckleri"
-33.371364,151.318769,"Archirhodomyrtus beckleri"
-32.65,151.016667,"Archirhodomyrtus beckleri"
-32.566667,151.766667,"Archirhodomyrtus beckleri"
-32.566667,151.766667,"Archirhodomyrtus beckleri"
-32.560988,152.284136,"Archirhodomyrtus beckleri"
-32.432265,152.060106,"Archirhodomyrtus beckleri"
-32.432265,152.060106,"Archirhodomyrtus beckleri"
-32.416317,152.069896,"Archirhodomyrtus beckleri"
-32.379262,152.297269,"Archirhodomyrtus beckleri"
-32.379262,152.297269,"Archirhodomyrtus beckleri"
-32.348909,152.123877,"Archirhodomyrtus beckleri"
-32.345126,152.113822,"Archirhodomyrtus beckleri"
-32.344595,152.265754,"Archirhodomyrtus beckleri"
-32.344595,152.265754,"Archirhodomyrtus beckleri"
-32.344155,152.259955,"Archirhodomyrtus beckleri"
-32.344155,152.259955,"Archirhodomyrtus beckleri"
-32.343932,152.25882,"Archirhodomyrtus beckleri"
-32.343932,152.25882,"Archirhodomyrtus beckleri"
-32.3378,152.10857,"Archirhodomyrtus beckleri"
-32.3378,152.10857,"Archirhodomyrtus beckleri"
-32.320463,152.061947,"Archirhodomyrtus beckleri"
-32.320304,152.040702,"Archirhodomyrtus beckleri"
-32.30153,152.122294,"Archirhodomyrtus beckleri"
-32.300372,151.014949,"Archirhodomyrtus beckleri"
-32.299482,152.098873,"Archirhodomyrtus beckleri"
-32.297913,152.06218,"Archirhodomyrtus beckleri"
-32.297894,152.099986,"Archirhodomyrtus beckleri"
-32.297894,152.099986,"Archirhodomyrtus beckleri"
-32.293324,152.051607,"Archirhodomyrtus beckleri"
-32.254731,151.775654,"Archirhodomyrtus beckleri"
-32.249574,151.72724,"Archirhodomyrtus beckleri"
-32.248417,151.584467,"Archirhodomyrtus beckleri"
-32.244176,151.752587,"Archirhodomyrtus beckleri"
-32.241521,151.73372,"Archirhodomyrtus beckleri"
-32.235637,152.102033,"Archirhodomyrtus beckleri"
-32.227828,151.415728,"Archirhodomyrtus beckleri"
-32.216667,151.566667,"Archirhodomyrtus beckleri"
-32.210732,152.083434,"Archirhodomyrtus beckleri"
-32.208534,151.707112,"Archirhodomyrtus beckleri"
-32.188063,152.535414,"Archirhodomyrtus beckleri"
-32.180352,151.680729,"Archirhodomyrtus beckleri"
-32.178908,151.696578,"Archirhodomyrtus beckleri"
-32.178241,151.692872,"Archirhodomyrtus beckleri"
-32.17383,151.633055,"Archirhodomyrtus beckleri"
-32.16888,151.776347,"Archirhodomyrtus beckleri"
-32.164577,151.770806,"Archirhodomyrtus beckleri"
-32.164367,151.7761,"Archirhodomyrtus beckleri"
-32.164249,151.658278,"Archirhodomyrtus beckleri"
-32.164166,151.781395,"Archirhodomyrtus beckleri"
-32.153294,151.691468,"Archirhodomyrtus beckleri"
-32.15,151.5097,"Archirhodomyrtus beckleri"
-32.15,151.5167,"Archirhodomyrtus beckleri"
-32.1491019,151.5236251,"Archirhodomyrtus beckleri"
-32.147897,151.68601,"Archirhodomyrtus beckleri"
-32.146418,151.477199,"Archirhodomyrtus beckleri"
-32.146413,151.477185,"Archirhodomyrtus beckleri"
-32.142483,151.514632,"Archirhodomyrtus beckleri"
-32.1343793,151.4525151,"Archirhodomyrtus beckleri"
-32.133235,151.428577,"Archirhodomyrtus beckleri"
-32.132367,151.599698,"Archirhodomyrtus beckleri"
-32.122906,151.672095,"Archirhodomyrtus beckleri"
-32.1229,151.67208,"Archirhodomyrtus beckleri"
-32.117777,151.480883,"Archirhodomyrtus beckleri"
-32.116931,151.679268,"Archirhodomyrtus beckleri"
-32.1167,151.4667,"Archirhodomyrtus beckleri"
-32.1167,151.4667,"Archirhodomyrtus beckleri"
-32.115275,151.604781,"Archirhodomyrtus beckleri"
-32.114456,151.48005,"Archirhodomyrtus beckleri"
-32.114311,151.68752,"Archirhodomyrtus beckleri"
-32.111329,151.70452,"Archirhodomyrtus beckleri"
-32.107216,151.699279,"Archirhodomyrtus beckleri"
-32.106739,151.653715,"Archirhodomyrtus beckleri"
-32.104211,151.653487,"Archirhodomyrtus beckleri"
-32.103356,151.675012,"Archirhodomyrtus beckleri"
-32.101913,151.765229,"Archirhodomyrtus beckleri"
-32.096301,151.716972,"Archirhodomyrtus beckleri"
-32.09616,151.726278,"Archirhodomyrtus beckleri"
-32.09546,151.679047,"Archirhodomyrtus beckleri"
-32.094385,151.659152,"Archirhodomyrtus beckleri"
-32.094385,151.659152,"Archirhodomyrtus beckleri"
-32.086853,151.523766,"Archirhodomyrtus beckleri"
-32.067849,151.680027,"Archirhodomyrtus beckleri"
-32.067849,151.680027,"Archirhodomyrtus beckleri"
-32.050789,151.63416,"Archirhodomyrtus beckleri"
-32.050783,151.634146,"Archirhodomyrtus beckleri"
-32.040485,151.658127,"Archirhodomyrtus beckleri"
-32.037349,151.655896,"Archirhodomyrtus beckleri"
-31.971881,152.387854,"Archirhodomyrtus beckleri"
-31.971881,152.387854,"Archirhodomyrtus beckleri"
-31.915086,151.251134,"Archirhodomyrtus beckleri"
-31.866667,152.083333,"Archirhodomyrtus beckleri"
-31.81108,152.149536,"Archirhodomyrtus beckleri"
-31.8055,152.6203,"Archirhodomyrtus beckleri"
-31.805475,152.620284,"Archirhodomyrtus beckleri"
-31.80547,152.620276,"Archirhodomyrtus beckleri"
-31.80547,152.620276,"Archirhodomyrtus beckleri"
-31.80547,152.620276,"Archirhodomyrtus beckleri"
-31.790199,152.130208,"Archirhodomyrtus beckleri"
-31.790199,152.130208,"Archirhodomyrtus beckleri"
-31.789048,152.120907,"Archirhodomyrtus beckleri"
-31.788832,152.12618,"Archirhodomyrtus beckleri"
-31.7868,152.127,"Archirhodomyrtus beckleri"
-31.784328,152.125927,"Archirhodomyrtus beckleri"
-31.7826,152.1298,"Archirhodomyrtus beckleri"
-31.750303,152.541556,"Archirhodomyrtus beckleri"
-31.74841,152.584439,"Archirhodomyrtus beckleri"
-31.74521,152.422266,"Archirhodomyrtus beckleri"
-31.74499,152.430978,"Archirhodomyrtus beckleri"
-31.741374,152.13817,"Archirhodomyrtus beckleri"
-31.739091,152.177642,"Archirhodomyrtus beckleri"
-31.731812,152.168206,"Archirhodomyrtus beckleri"
-31.730132,152.799612,"Archirhodomyrtus beckleri"
-31.720952,152.163025,"Archirhodomyrtus beckleri"
-31.714253,152.668637,"Archirhodomyrtus beckleri"
-31.708778,152.64754,"Archirhodomyrtus beckleri"
-31.702691,152.679465,"Archirhodomyrtus beckleri"
-31.702017,152.136664,"Archirhodomyrtus beckleri"
-31.702011,152.136656,"Archirhodomyrtus beckleri"
-31.701513,152.526432,"Archirhodomyrtus beckleri"
-31.7,152.666667,"Archirhodomyrtus beckleri"
-31.699639,152.678536,"Archirhodomyrtus beckleri"
-31.686657,152.682894,"Archirhodomyrtus beckleri"
-31.685875,152.682505,"Archirhodomyrtus beckleri"
-31.685865,152.178112,"Archirhodomyrtus beckleri"
-31.676443,152.704632,"Archirhodomyrtus beckleri"
-31.674746,152.656073,"Archirhodomyrtus beckleri"
-31.669098,152.238388,"Archirhodomyrtus beckleri"
-31.667112,152.419267,"Archirhodomyrtus beckleri"
-31.666675,152.143618,"Archirhodomyrtus beckleri"
-31.665645,152.443058,"Archirhodomyrtus beckleri"
-31.665645,152.443058,"Archirhodomyrtus beckleri"
-31.662513,152.411891,"Archirhodomyrtus beckleri"
-31.6613,152.42289,"Archirhodomyrtus beckleri"
-31.660804,152.418863,"Archirhodomyrtus beckleri"
-31.659312,152.414327,"Archirhodomyrtus beckleri"
-31.659299,152.421204,"Archirhodomyrtus beckleri"
-31.659088,152.422566,"Archirhodomyrtus beckleri"
-31.658521,152.416852,"Archirhodomyrtus beckleri"
-31.657297,152.777633,"Archirhodomyrtus beckleri"
-31.656447,152.777558,"Archirhodomyrtus beckleri"
-31.656407,152.414366,"Archirhodomyrtus beckleri"
-31.654626,152.41751,"Archirhodomyrtus beckleri"
-31.654153,152.788331,"Archirhodomyrtus beckleri"
-31.653507,152.776978,"Archirhodomyrtus beckleri"
-31.640758,152.29778,"Archirhodomyrtus beckleri"
-31.640121,152.220696,"Archirhodomyrtus beckleri"
-31.640079,152.309442,"Archirhodomyrtus beckleri"
-31.637644,152.700545,"Archirhodomyrtus beckleri"
-31.637343,152.20912,"Archirhodomyrtus beckleri"
-31.635466,152.534534,"Archirhodomyrtus beckleri"
-31.6354,152.5345,"Archirhodomyrtus beckleri"
-31.635232,152.539798,"Archirhodomyrtus beckleri"
-31.634989,152.545061,"Archirhodomyrtus beckleri"
-31.6349,152.5451,"Archirhodomyrtus beckleri"
-31.633537,152.364331,"Archirhodomyrtus beckleri"
-31.633333,152.3,"Archirhodomyrtus beckleri"
-31.633333,152.3,"Archirhodomyrtus beckleri"
-31.633333,152.3,"Archirhodomyrtus beckleri"
-31.631234,152.396661,"Archirhodomyrtus beckleri"
-31.63072,152.539514,"Archirhodomyrtus beckleri"
-31.630621,152.14591,"Archirhodomyrtus beckleri"
-31.629522,152.450829,"Archirhodomyrtus beckleri"
-31.626941,152.1354,"Archirhodomyrtus beckleri"
-31.620841,152.539647,"Archirhodomyrtus beckleri"
-31.612567,152.268904,"Archirhodomyrtus beckleri"
-31.608333,152.475,"Archirhodomyrtus beckleri"
-31.606124,152.173758,"Archirhodomyrtus beckleri"
-31.60593,152.468362,"Archirhodomyrtus beckleri"
-31.602584,152.135625,"Archirhodomyrtus beckleri"
-31.601847,152.16823,"Archirhodomyrtus beckleri"
-31.6,152.65,"Archirhodomyrtus beckleri"
-31.6,152.466667,"Archirhodomyrtus beckleri"
-31.592781,152.837717,"Archirhodomyrtus beckleri"
-31.591975,152.619338,"Archirhodomyrtus beckleri"
-31.587959,152.563882,"Archirhodomyrtus beckleri"
-31.587196,152.573024,"Archirhodomyrtus beckleri"
-31.586995,152.431253,"Archirhodomyrtus beckleri"
-31.582941,152.201939,"Archirhodomyrtus beckleri"
-31.582831,152.616403,"Archirhodomyrtus beckleri"
-31.581745,152.417773,"Archirhodomyrtus beckleri"
-31.568845,152.220236,"Archirhodomyrtus beckleri"
-31.560718,152.61438,"Archirhodomyrtus beckleri"
-31.549505,152.158239,"Archirhodomyrtus beckleri"
-31.523833,152.675125,"Archirhodomyrtus beckleri"
-31.521114,152.647194,"Archirhodomyrtus beckleri"
-31.502475,152.78937,"Archirhodomyrtus beckleri"
-31.498411,152.501104,"Archirhodomyrtus beckleri"
-31.488844,152.731555,"Archirhodomyrtus beckleri"
-31.485453,152.158813,"Archirhodomyrtus beckleri"
-31.480243,152.190442,"Archirhodomyrtus beckleri"
-31.477694,152.145197,"Archirhodomyrtus beckleri"
-31.477122,152.127306,"Archirhodomyrtus beckleri"
-31.476284,152.136788,"Archirhodomyrtus beckleri"
-31.474805,152.82136,"Archirhodomyrtus beckleri"
-31.474103,152.147862,"Archirhodomyrtus beckleri"
-31.462129,152.821689,"Archirhodomyrtus beckleri"
-31.459995,152.12957,"Archirhodomyrtus beckleri"
-31.453973,152.173829,"Archirhodomyrtus beckleri"
-31.45,152.916667,"Archirhodomyrtus beckleri"
-31.45,152.916667,"Archirhodomyrtus beckleri"
-31.45,152.916667,"Archirhodomyrtus beckleri"
-31.448181,152.117051,"Archirhodomyrtus beckleri"
-31.439833,152.084508,"Archirhodomyrtus beckleri"
-31.439165,152.70644,"Archirhodomyrtus beckleri"
-31.432432,152.906954,"Archirhodomyrtus beckleri"
-31.431627,152.137198,"Archirhodomyrtus beckleri"
-31.428005,152.135127,"Archirhodomyrtus beckleri"
-31.423204,152.15937,"Archirhodomyrtus beckleri"
-31.415403,152.139451,"Archirhodomyrtus beckleri"
-31.415403,152.139451,"Archirhodomyrtus beckleri"
-31.404581,152.075384,"Archirhodomyrtus beckleri"
-31.403739,152.083807,"Archirhodomyrtus beckleri"
-31.393159,152.625322,"Archirhodomyrtus beckleri"
-31.38708,152.225424,"Archirhodomyrtus beckleri"
-31.383333,152.2,"Archirhodomyrtus beckleri"
-31.382505,152.220781,"Archirhodomyrtus beckleri"
-31.37713,151.929715,"Archirhodomyrtus beckleri"
-31.370674,152.005265,"Archirhodomyrtus beckleri"
-31.369213,152.050494,"Archirhodomyrtus beckleri"
-31.369145,151.927471,"Archirhodomyrtus beckleri"
-31.368446,151.91626,"Archirhodomyrtus beckleri"
-31.366436,152.041059,"Archirhodomyrtus beckleri"
-31.362455,152.114699,"Archirhodomyrtus beckleri"
-31.35,152.58333,"Archirhodomyrtus beckleri"
-31.35,152.583333,"Archirhodomyrtus beckleri"
-31.333379,152.085541,"Archirhodomyrtus beckleri"
-31.303771,152.536619,"Archirhodomyrtus beckleri"
-31.297017,152.54033,"Archirhodomyrtus beckleri"
-31.285911,152.528324,"Archirhodomyrtus beckleri"
-31.282107,152.534099,"Archirhodomyrtus beckleri"
-31.281943,152.538244,"Archirhodomyrtus beckleri"
-31.280763,152.536732,"Archirhodomyrtus beckleri"
-31.280763,152.536732,"Archirhodomyrtus beckleri"
-31.280664,152.536448,"Archirhodomyrtus beckleri"
-31.278057,152.536745,"Archirhodomyrtus beckleri"
-31.269236,152.371871,"Archirhodomyrtus beckleri"
-31.25,152.333333,"Archirhodomyrtus beckleri"
-31.246117,152.72541,"Archirhodomyrtus beckleri"
-31.242914,152.42115,"Archirhodomyrtus beckleri"
-31.240659,152.435592,"Archirhodomyrtus beckleri"
-31.236567,152.362715,"Archirhodomyrtus beckleri"
-31.232299,152.357199,"Archirhodomyrtus beckleri"
-31.231253,152.569524,"Archirhodomyrtus beckleri"
-31.226753,152.557145,"Archirhodomyrtus beckleri"
-31.220556,152.562778,"Archirhodomyrtus beckleri"
-31.22053,152.56267,"Archirhodomyrtus beckleri"
-31.220528,152.562667,"Archirhodomyrtus beckleri"
-31.220528,152.562667,"Archirhodomyrtus beckleri"
-31.216259,152.426813,"Archirhodomyrtus beckleri"
-31.21587,152.237227,"Archirhodomyrtus beckleri"
-31.213094,152.537062,"Archirhodomyrtus beckleri"
-31.207873,152.525737,"Archirhodomyrtus beckleri"
-31.206841,152.554939,"Archirhodomyrtus beckleri"
-31.206717,152.520298,"Archirhodomyrtus beckleri"
-31.20659,152.820535,"Archirhodomyrtus beckleri"
-31.2005,152.7043,"Archirhodomyrtus beckleri"
-31.198672,152.334551,"Archirhodomyrtus beckleri"
-31.198647,152.533984,"Archirhodomyrtus beckleri"
-31.198102,152.402256,"Archirhodomyrtus beckleri"
-31.194768,152.365541,"Archirhodomyrtus beckleri"
-31.194325,152.367119,"Archirhodomyrtus beckleri"
-31.19364,152.41299,"Archirhodomyrtus beckleri"
-31.191021,152.366878,"Archirhodomyrtus beckleri"
-31.188507,152.79538,"Archirhodomyrtus beckleri"
-31.187447,152.715609,"Archirhodomyrtus beckleri"
-31.177625,152.489082,"Archirhodomyrtus beckleri"
-31.169555,152.796462,"Archirhodomyrtus beckleri"
-31.16548,152.769889,"Archirhodomyrtus beckleri"
-31.164147,152.796482,"Archirhodomyrtus beckleri"
-31.161651,152.379207,"Archirhodomyrtus beckleri"
-31.161375,152.425332,"Archirhodomyrtus beckleri"
-31.160755,152.683687,"Archirhodomyrtus beckleri"
-31.153922,152.385915,"Archirhodomyrtus beckleri"
-31.15,152.416667,"Archirhodomyrtus beckleri"
-31.093088,152.331094,"Archirhodomyrtus beckleri"
-31.0667,152.8167,"Archirhodomyrtus beckleri"
-31.060569,152.323985,"Archirhodomyrtus beckleri"
-31.05872,152.315613,"Archirhodomyrtus beckleri"
-31.048977,152.350791,"Archirhodomyrtus beckleri"
-31.047186,152.556013,"Archirhodomyrtus beckleri"
-31.026845,152.421183,"Archirhodomyrtus beckleri"
-31.025815,152.336273,"Archirhodomyrtus beckleri"
-31.02439,152.307477,"Archirhodomyrtus beckleri"
-31.021994,152.438331,"Archirhodomyrtus beckleri"
-31.02006,152.342082,"Archirhodomyrtus beckleri"
-31.010235,152.362053,"Archirhodomyrtus beckleri"
-31.009095,152.348666,"Archirhodomyrtus beckleri"
-31.006209,152.775866,"Archirhodomyrtus beckleri"
-30.994627,152.345884,"Archirhodomyrtus beckleri"
-30.989194,152.348278,"Archirhodomyrtus beckleri"
-30.989167,152.348333,"Archirhodomyrtus beckleri"
-30.982933,152.296404,"Archirhodomyrtus beckleri"
-30.973118,152.346488,"Archirhodomyrtus beckleri"
-30.958515,152.286029,"Archirhodomyrtus beckleri"
-30.956046,152.286511,"Archirhodomyrtus beckleri"
-30.929208,152.277895,"Archirhodomyrtus beckleri"
-30.919147,152.304124,"Archirhodomyrtus beckleri"
-30.909891,152.243423,"Archirhodomyrtus beckleri"
-30.90936,152.8705,"Archirhodomyrtus beckleri"
-30.900204,152.372202,"Archirhodomyrtus beckleri"
-30.898474,153.021968,"Archirhodomyrtus beckleri"
-30.896869,152.302496,"Archirhodomyrtus beckleri"
-30.895895,152.310978,"Archirhodomyrtus beckleri"
-30.895363,152.829999,"Archirhodomyrtus beckleri"
-30.890454,152.829809,"Archirhodomyrtus beckleri"
-30.882635,152.802833,"Archirhodomyrtus beckleri"
-30.880341,152.779999,"Archirhodomyrtus beckleri"
-30.880203,152.836523,"Archirhodomyrtus beckleri"
-30.878177,152.842073,"Archirhodomyrtus beckleri"
-30.87547,152.790329,"Archirhodomyrtus beckleri"
-30.875265,152.834418,"Archirhodomyrtus beckleri"
-30.861729,152.722851,"Archirhodomyrtus beckleri"
-30.85979,152.844153,"Archirhodomyrtus beckleri"
-30.859784,152.844146,"Archirhodomyrtus beckleri"
-30.859162,152.798952,"Archirhodomyrtus beckleri"
-30.847204,152.923153,"Archirhodomyrtus beckleri"
-30.841034,152.284245,"Archirhodomyrtus beckleri"
-30.835858,152.857702,"Archirhodomyrtus beckleri"
-30.835852,152.857695,"Archirhodomyrtus beckleri"
-30.835109,152.916695,"Archirhodomyrtus beckleri"
-30.826639,152.869521,"Archirhodomyrtus beckleri"
-30.826633,152.869514,"Archirhodomyrtus beckleri"
-30.826633,152.869514,"Archirhodomyrtus beckleri"
-30.826247,152.87477,"Archirhodomyrtus beckleri"
-30.826247,152.87477,"Archirhodomyrtus beckleri"
-30.826241,152.874763,"Archirhodomyrtus beckleri"
-30.826241,152.874763,"Archirhodomyrtus beckleri"
-30.824221,152.973559,"Archirhodomyrtus beckleri"
-30.820486,152.909911,"Archirhodomyrtus beckleri"
-30.820404,152.843305,"Archirhodomyrtus beckleri"
-30.819492,152.842638,"Archirhodomyrtus beckleri"
-30.81778,152.911168,"Archirhodomyrtus beckleri"
-30.8167,152.55,"Archirhodomyrtus beckleri"
-30.816667,152.366667,"Archirhodomyrtus beckleri"
-30.814862,152.919974,"Archirhodomyrtus beckleri"
-30.814342,152.713585,"Archirhodomyrtus beckleri"
-30.814009,152.925787,"Archirhodomyrtus beckleri"
-30.813746,152.910587,"Archirhodomyrtus beckleri"
-30.813746,152.910587,"Archirhodomyrtus beckleri"
-30.813152,152.975426,"Archirhodomyrtus beckleri"
-30.81242,152.910452,"Archirhodomyrtus beckleri"
-30.81242,152.910452,"Archirhodomyrtus beckleri"
-30.810706,152.888254,"Archirhodomyrtus beckleri"
-30.81012,152.974674,"Archirhodomyrtus beckleri"
-30.809284,152.882537,"Archirhodomyrtus beckleri"
-30.802029,152.916065,"Archirhodomyrtus beckleri"
-30.799173,152.868973,"Archirhodomyrtus beckleri"
-30.797392,152.954368,"Archirhodomyrtus beckleri"
-30.797279,152.97057,"Archirhodomyrtus beckleri"
-30.796369,152.945212,"Archirhodomyrtus beckleri"
-30.795413,152.977678,"Archirhodomyrtus beckleri"
-30.794409,152.910092,"Archirhodomyrtus beckleri"
-30.790778,152.935285,"Archirhodomyrtus beckleri"
-30.789461,152.898031,"Archirhodomyrtus beckleri"
-30.789455,152.898025,"Archirhodomyrtus beckleri"
-30.789455,152.898025,"Archirhodomyrtus beckleri"
-30.789455,152.898025,"Archirhodomyrtus beckleri"
-30.789102,152.939206,"Archirhodomyrtus beckleri"
-30.785758,152.948719,"Archirhodomyrtus beckleri"
-30.784798,152.965651,"Archirhodomyrtus beckleri"
-30.781876,152.926147,"Archirhodomyrtus beckleri"
-30.781525,152.974379,"Archirhodomyrtus beckleri"
-30.780981,152.93942,"Archirhodomyrtus beckleri"
-30.779821,152.846408,"Archirhodomyrtus beckleri"
-30.776202,152.833357,"Archirhodomyrtus beckleri"
-30.775904,152.975875,"Archirhodomyrtus beckleri"
-30.770786,152.831798,"Archirhodomyrtus beckleri"
-30.764549,152.912791,"Archirhodomyrtus beckleri"
-30.763191,152.905478,"Archirhodomyrtus beckleri"
-30.762451,152.847046,"Archirhodomyrtus beckleri"
-30.762321,152.9781,"Archirhodomyrtus beckleri"
-30.762303,152.929512,"Archirhodomyrtus beckleri"
-30.762204,152.85226,"Archirhodomyrtus beckleri"
-30.748828,152.65222,"Archirhodomyrtus beckleri"
-30.74841,152.837201,"Archirhodomyrtus beckleri"
-30.737771,152.594926,"Archirhodomyrtus beckleri"
-30.735604,152.839172,"Archirhodomyrtus beckleri"
-30.732903,152.844399,"Archirhodomyrtus beckleri"
-30.728093,152.911142,"Archirhodomyrtus beckleri"
-30.726549,152.917471,"Archirhodomyrtus beckleri"
-30.725486,152.823573,"Archirhodomyrtus beckleri"
-30.722394,152.93282,"Archirhodomyrtus beckleri"
-30.712323,152.692993,"Archirhodomyrtus beckleri"
-30.709765,152.117129,"Archirhodomyrtus beckleri"
-30.708829,152.573952,"Archirhodomyrtus beckleri"
-30.70693,152.546287,"Archirhodomyrtus beckleri"
-30.705884,152.896657,"Archirhodomyrtus beckleri"
-30.705478,152.111655,"Archirhodomyrtus beckleri"
-30.705261,152.116867,"Archirhodomyrtus beckleri"
-30.705035,152.12208,"Archirhodomyrtus beckleri"
-30.702402,152.541609,"Archirhodomyrtus beckleri"
-30.701709,152.662754,"Archirhodomyrtus beckleri"
-30.7,152.05,"Archirhodomyrtus beckleri"
-30.698752,152.53014,"Archirhodomyrtus beckleri"
-30.692495,152.546876,"Archirhodomyrtus beckleri"
-30.690426,152.702884,"Archirhodomyrtus beckleri"
-30.68873,152.906009,"Archirhodomyrtus beckleri"
-30.687917,152.905018,"Archirhodomyrtus beckleri"
-30.687764,152.87336,"Archirhodomyrtus beckleri"
-30.683219,152.804283,"Archirhodomyrtus beckleri"
-30.6828,152.8039,"Archirhodomyrtus beckleri"
-30.677574,152.686324,"Archirhodomyrtus beckleri"
-30.677567,152.686318,"Archirhodomyrtus beckleri"
-30.677567,152.686318,"Archirhodomyrtus beckleri"
-30.677548,152.325625,"Archirhodomyrtus beckleri"
-30.676733,152.712948,"Archirhodomyrtus beckleri"
-30.676726,152.712942,"Archirhodomyrtus beckleri"
-30.676587,152.969547,"Archirhodomyrtus beckleri"
-30.676345,152.319892,"Archirhodomyrtus beckleri"
-30.675175,152.865371,"Archirhodomyrtus beckleri"
-30.673176,152.968285,"Archirhodomyrtus beckleri"
-30.671705,152.329841,"Archirhodomyrtus beckleri"
-30.670732,152.978956,"Archirhodomyrtus beckleri"
-30.670732,152.978956,"Archirhodomyrtus beckleri"
-30.669923,152.185424,"Archirhodomyrtus beckleri"
-30.669753,152.963825,"Archirhodomyrtus beckleri"
-30.669522,152.184759,"Archirhodomyrtus beckleri"
-30.668433,152.892,"Archirhodomyrtus beckleri"
-30.6667,151.9167,"Archirhodomyrtus beckleri"
-30.663951,152.654525,"Archirhodomyrtus beckleri"
-30.66331,152.278753,"Archirhodomyrtus beckleri"
-30.662417,152.65343,"Archirhodomyrtus beckleri"
-30.661609,152.200837,"Archirhodomyrtus beckleri"
-30.661522,152.368532,"Archirhodomyrtus beckleri"
-30.661263,152.661841,"Archirhodomyrtus beckleri"
-30.659636,152.191105,"Archirhodomyrtus beckleri"
-30.659611,152.444009,"Archirhodomyrtus beckleri"
-30.658961,152.46113,"Archirhodomyrtus beckleri"
-30.658611,152.205833,"Archirhodomyrtus beckleri"
-30.658611,152.205833,"Archirhodomyrtus beckleri"
-30.6586,152.2058,"Archirhodomyrtus beckleri"
-30.658119,152.983736,"Archirhodomyrtus beckleri"
-30.657025,152.206933,"Archirhodomyrtus beckleri"
-30.656277,152.977204,"Archirhodomyrtus beckleri"
-30.655938,152.919828,"Archirhodomyrtus beckleri"
-30.654527,152.977634,"Archirhodomyrtus beckleri"
-30.654051,152.930034,"Archirhodomyrtus beckleri"
-30.653559,152.912369,"Archirhodomyrtus beckleri"
-30.652182,152.994698,"Archirhodomyrtus beckleri"
-30.65,152.2,"Archirhodomyrtus beckleri"
-30.649973,152.959338,"Archirhodomyrtus beckleri"
-30.649694,152.264243,"Archirhodomyrtus beckleri"
-30.649641,152.338343,"Archirhodomyrtus beckleri"
-30.649161,152.540817,"Archirhodomyrtus beckleri"
-30.646621,152.445023,"Archirhodomyrtus beckleri"
-30.646406,153.000164,"Archirhodomyrtus beckleri"
-30.645736,152.987034,"Archirhodomyrtus beckleri"
-30.644576,153.008396,"Archirhodomyrtus beckleri"
-30.643712,153.004522,"Archirhodomyrtus beckleri"
-30.642386,153.0046,"Archirhodomyrtus beckleri"
-30.642251,152.877418,"Archirhodomyrtus beckleri"
-30.642244,152.877412,"Archirhodomyrtus beckleri"
-30.642244,152.877412,"Archirhodomyrtus beckleri"
-30.641587,152.987519,"Archirhodomyrtus beckleri"
-30.641587,152.987519,"Archirhodomyrtus beckleri"
-30.641355,152.884724,"Archirhodomyrtus beckleri"
-30.641349,152.884719,"Archirhodomyrtus beckleri"
-30.638858,152.262864,"Archirhodomyrtus beckleri"
-30.638848,152.875052,"Archirhodomyrtus beckleri"
-30.638241,152.988557,"Archirhodomyrtus beckleri"
-30.638056,152.992778,"Archirhodomyrtus beckleri"
-30.637814,152.975048,"Archirhodomyrtus beckleri"
-30.6375,152.995833,"Archirhodomyrtus beckleri"
-30.6375,152.9958,"Archirhodomyrtus beckleri"
-30.6375,152.995833,"Archirhodomyrtus beckleri"
-30.63435,152.988777,"Archirhodomyrtus beckleri"
-30.63417,152.982306,"Archirhodomyrtus beckleri"
-30.633723,152.956209,"Archirhodomyrtus beckleri"
-30.631818,152.61916,"Archirhodomyrtus beckleri"
-30.631612,152.984024,"Archirhodomyrtus beckleri"
-30.62883,152.533087,"Archirhodomyrtus beckleri"
-30.625468,152.878587,"Archirhodomyrtus beckleri"
-30.625025,152.608237,"Archirhodomyrtus beckleri"
-30.624941,152.483126,"Archirhodomyrtus beckleri"
-30.624481,152.578502,"Archirhodomyrtus beckleri"
-30.613798,152.849806,"Archirhodomyrtus beckleri"
-30.613791,152.849801,"Archirhodomyrtus beckleri"
-30.613511,152.886707,"Archirhodomyrtus beckleri"
-30.611974,152.489872,"Archirhodomyrtus beckleri"
-30.610284,152.571463,"Archirhodomyrtus beckleri"
-30.60663,152.615086,"Archirhodomyrtus beckleri"
-30.606478,152.594848,"Archirhodomyrtus beckleri"
-30.60633,152.900094,"Archirhodomyrtus beckleri"
-30.603197,152.555123,"Archirhodomyrtus beckleri"
-30.600337,152.943712,"Archirhodomyrtus beckleri"
-30.6,152.15,"Archirhodomyrtus beckleri"
-30.597648,152.852335,"Archirhodomyrtus beckleri"
-30.597641,152.852329,"Archirhodomyrtus beckleri"
-30.597641,152.852329,"Archirhodomyrtus beckleri"
-30.597516,153.002368,"Archirhodomyrtus beckleri"
-30.597399,152.456047,"Archirhodomyrtus beckleri"
-30.597108,152.853483,"Archirhodomyrtus beckleri"
-30.597101,152.853477,"Archirhodomyrtus beckleri"
-30.597101,152.853477,"Archirhodomyrtus beckleri"
-30.595837,152.996913,"Archirhodomyrtus beckleri"
-30.593976,152.886339,"Archirhodomyrtus beckleri"
-30.591592,152.736791,"Archirhodomyrtus beckleri"
-30.591592,152.736791,"Archirhodomyrtus beckleri"
-30.589466,152.888431,"Archirhodomyrtus beckleri"
-30.586837,152.741706,"Archirhodomyrtus beckleri"
-30.586807,152.959365,"Archirhodomyrtus beckleri"
-30.58616,152.925467,"Archirhodomyrtus beckleri"
-30.584021,152.850895,"Archirhodomyrtus beckleri"
-30.583333,152.95,"Archirhodomyrtus beckleri"
-30.583333,152.2,"Archirhodomyrtus beckleri"
-30.5833,152.2167,"Archirhodomyrtus beckleri"
-30.57805,152.777587,"Archirhodomyrtus beckleri"
-30.577705,152.626678,"Archirhodomyrtus beckleri"
-30.5777,152.550953,"Archirhodomyrtus beckleri"
-30.577698,152.626672,"Archirhodomyrtus beckleri"
-30.577693,152.550947,"Archirhodomyrtus beckleri"
-30.577693,152.550947,"Archirhodomyrtus beckleri"
-30.577663,152.344047,"Archirhodomyrtus beckleri"
-30.57726,152.628766,"Archirhodomyrtus beckleri"
-30.577253,152.62876,"Archirhodomyrtus beckleri"
-30.576934,152.675698,"Archirhodomyrtus beckleri"
-30.576927,152.675692,"Archirhodomyrtus beckleri"
-30.575157,152.985956,"Archirhodomyrtus beckleri"
-30.57478,152.80258,"Archirhodomyrtus beckleri"
-30.574734,152.988596,"Archirhodomyrtus beckleri"
-30.574639,152.989503,"Archirhodomyrtus beckleri"
-30.574598,152.989233,"Archirhodomyrtus beckleri"
-30.574429,152.9894,"Archirhodomyrtus beckleri"
-30.573809,152.983919,"Archirhodomyrtus beckleri"
-30.572627,152.563078,"Archirhodomyrtus beckleri"
-30.571304,152.600626,"Archirhodomyrtus beckleri"
-30.571084,152.681974,"Archirhodomyrtus beckleri"
-30.571077,152.681968,"Archirhodomyrtus beckleri"
-30.570476,152.983033,"Archirhodomyrtus beckleri"
-30.570192,153.006987,"Archirhodomyrtus beckleri"
-30.567084,152.551632,"Archirhodomyrtus beckleri"
-30.564611,153.001788,"Archirhodomyrtus beckleri"
-30.564488,153.001851,"Archirhodomyrtus beckleri"
-30.564364,153.001051,"Archirhodomyrtus beckleri"
-30.564247,153.002122,"Archirhodomyrtus beckleri"
-30.564012,152.955682,"Archirhodomyrtus beckleri"
-30.563902,152.998775,"Archirhodomyrtus beckleri"
-30.563156,152.99839,"Archirhodomyrtus beckleri"
-30.561626,152.729137,"Archirhodomyrtus beckleri"
-30.560019,152.728901,"Archirhodomyrtus beckleri"
-30.560012,152.728896,"Archirhodomyrtus beckleri"
-30.55854,152.729051,"Archirhodomyrtus beckleri"
-30.558532,152.729046,"Archirhodomyrtus beckleri"
-30.558532,152.729046,"Archirhodomyrtus beckleri"
-30.557118,152.540208,"Archirhodomyrtus beckleri"
-30.556872,152.958037,"Archirhodomyrtus beckleri"
-30.55623,152.519255,"Archirhodomyrtus beckleri"
-30.554804,152.356191,"Archirhodomyrtus beckleri"
-30.552763,152.587148,"Archirhodomyrtus beckleri"
-30.549394,152.671613,"Archirhodomyrtus beckleri"
-30.546113,152.850426,"Archirhodomyrtus beckleri"
-30.544356,152.89943,"Archirhodomyrtus beckleri"
-30.543394,152.3405,"Archirhodomyrtus beckleri"
-30.542626,152.52516,"Archirhodomyrtus beckleri"
-30.541672,152.936442,"Archirhodomyrtus beckleri"
-30.541242,153.016202,"Archirhodomyrtus beckleri"
-30.541242,153.015159,"Archirhodomyrtus beckleri"
-30.540791,153.01568,"Archirhodomyrtus beckleri"
-30.540067,152.350555,"Archirhodomyrtus beckleri"
-30.536484,152.941996,"Archirhodomyrtus beckleri"
-30.535587,152.356839,"Archirhodomyrtus beckleri"
-30.534991,152.685735,"Archirhodomyrtus beckleri"
-30.533443,152.851357,"Archirhodomyrtus beckleri"
-30.53224,152.936495,"Archirhodomyrtus beckleri"
-30.53224,152.936495,"Archirhodomyrtus beckleri"
-30.53224,152.936495,"Archirhodomyrtus beckleri"
-30.532016,152.936846,"Archirhodomyrtus beckleri"
-30.531997,152.941699,"Archirhodomyrtus beckleri"
-30.531731,152.947107,"Archirhodomyrtus beckleri"
-30.530534,152.813585,"Archirhodomyrtus beckleri"
-30.530527,152.81358,"Archirhodomyrtus beckleri"
-30.530527,152.81358,"Archirhodomyrtus beckleri"
-30.528885,152.809252,"Archirhodomyrtus beckleri"
-30.528878,152.809247,"Archirhodomyrtus beckleri"
-30.528878,152.809247,"Archirhodomyrtus beckleri"
-30.528611,152.449444,"Archirhodomyrtus beckleri"
-30.527825,152.925249,"Archirhodomyrtus beckleri"
-30.527487,152.941407,"Archirhodomyrtus beckleri"
-30.525374,152.895774,"Archirhodomyrtus beckleri"
-30.525374,152.895774,"Archirhodomyrtus beckleri"
-30.518022,152.587295,"Archirhodomyrtus beckleri"
-30.516667,152.75,"Archirhodomyrtus beckleri"
-30.51316,152.423583,"Archirhodomyrtus beckleri"
-30.506437,152.627073,"Archirhodomyrtus beckleri"
-30.50218,152.621598,"Archirhodomyrtus beckleri"
-30.501934,152.626799,"Archirhodomyrtus beckleri"
-30.50138,152.604038,"Archirhodomyrtus beckleri"
-30.501087,153.006295,"Archirhodomyrtus beckleri"
-30.5,152.45,"Archirhodomyrtus beckleri"
-30.5,152.766667,"Archirhodomyrtus beckleri"
-30.5,152.2,"Archirhodomyrtus beckleri"
-30.498413,152.501093,"Archirhodomyrtus beckleri"
-30.49838,153.006295,"Archirhodomyrtus beckleri"
-30.497372,152.857082,"Archirhodomyrtus beckleri"
-30.496552,152.835063,"Archirhodomyrtus beckleri"
-30.492295,152.829568,"Archirhodomyrtus beckleri"
-30.492049,152.834769,"Archirhodomyrtus beckleri"
-30.491794,152.839969,"Archirhodomyrtus beckleri"
-30.491339,152.56761,"Archirhodomyrtus beckleri"
-30.491335,152.566568,"Archirhodomyrtus beckleri"
-30.490539,152.599914,"Archirhodomyrtus beckleri"
-30.485686,152.915089,"Archirhodomyrtus beckleri"
-30.484321,152.633281,"Archirhodomyrtus beckleri"
-30.484321,152.633281,"Archirhodomyrtus beckleri"
-30.483333,152.416667,"Archirhodomyrtus beckleri"
-30.482308,152.565566,"Archirhodomyrtus beckleri"
-30.482165,152.670797,"Archirhodomyrtus beckleri"
-30.481637,152.641626,"Archirhodomyrtus beckleri"
-30.481129,152.839586,"Archirhodomyrtus beckleri"
-30.478576,152.905259,"Archirhodomyrtus beckleri"
-30.475892,152.883375,"Archirhodomyrtus beckleri"
-30.475892,152.883375,"Archirhodomyrtus beckleri"
-30.475892,152.883375,"Archirhodomyrtus beckleri"
-30.475892,152.883375,"Archirhodomyrtus beckleri"
-30.474444,152.541111,"Archirhodomyrtus beckleri"
-30.474444,152.541111,"Archirhodomyrtus beckleri"
-30.474444,152.541111,"Archirhodomyrtus beckleri"
-30.4744,152.5411,"Archirhodomyrtus beckleri"
-30.473333,152.746389,"Archirhodomyrtus beckleri"
-30.472426,152.579153,"Archirhodomyrtus beckleri"
-30.471883,152.517317,"Archirhodomyrtus beckleri"
-30.471745,152.747477,"Archirhodomyrtus beckleri"
-30.470949,152.696879,"Archirhodomyrtus beckleri"
-30.470724,152.522436,"Archirhodomyrtus beckleri"
-30.470458,152.513947,"Archirhodomyrtus beckleri"
-30.470145,152.74272,"Archirhodomyrtus beckleri"
-30.470145,152.74272,"Archirhodomyrtus beckleri"
-30.469857,152.901396,"Archirhodomyrtus beckleri"
-30.469857,152.901396,"Archirhodomyrtus beckleri"
-30.469857,152.901396,"Archirhodomyrtus beckleri"
-30.469857,152.901396,"Archirhodomyrtus beckleri"
-30.469857,152.901396,"Archirhodomyrtus beckleri"
-30.469846,152.85788,"Archirhodomyrtus beckleri"
-30.469175,152.710428,"Archirhodomyrtus beckleri"
-30.466667,152.916667,"Archirhodomyrtus beckleri"
-30.46611,152.756273,"Archirhodomyrtus beckleri"
-30.464495,152.642731,"Archirhodomyrtus beckleri"
-30.460153,152.761604,"Archirhodomyrtus beckleri"
-30.459622,152.586913,"Archirhodomyrtus beckleri"
-30.45798,152.806316,"Archirhodomyrtus beckleri"
-30.455433,152.598808,"Archirhodomyrtus beckleri"
-30.45279,152.761674,"Archirhodomyrtus beckleri"
-30.440987,152.899492,"Archirhodomyrtus beckleri"
-30.440574,153.045397,"Archirhodomyrtus beckleri"
-30.440207,152.67198,"Archirhodomyrtus beckleri"
-30.439001,152.965794,"Archirhodomyrtus beckleri"
-30.438951,152.898178,"Archirhodomyrtus beckleri"
-30.43875,152.898925,"Archirhodomyrtus beckleri"
-30.437977,153.066918,"Archirhodomyrtus beckleri"
-30.436993,153.06773,"Archirhodomyrtus beckleri"
-30.436939,152.630855,"Archirhodomyrtus beckleri"
-30.436476,153.047051,"Archirhodomyrtus beckleri"
-30.436091,153.038949,"Archirhodomyrtus beckleri"
-30.435313,152.898012,"Archirhodomyrtus beckleri"
-30.435,152.93963,"Archirhodomyrtus beckleri"
-30.433559,152.971599,"Archirhodomyrtus beckleri"
-30.433333,152.633333,"Archirhodomyrtus beckleri"
-30.4333,152.6333,"Archirhodomyrtus beckleri"
-30.433222,152.857,"Archirhodomyrtus beckleri"
-30.43322,152.857,"Archirhodomyrtus beckleri"
-30.4331,152.8569,"Archirhodomyrtus beckleri"
-30.433056,152.856944,"Archirhodomyrtus beckleri"
-30.433056,152.856944,"Archirhodomyrtus beckleri"
-30.433056,152.856944,"Archirhodomyrtus beckleri"
-30.432669,152.620978,"Archirhodomyrtus beckleri"
-30.430582,152.829256,"Archirhodomyrtus beckleri"
-30.430582,152.829256,"Archirhodomyrtus beckleri"
-30.43058,152.828214,"Archirhodomyrtus beckleri"
-30.43058,152.828214,"Archirhodomyrtus beckleri"
-30.430557,152.811553,"Archirhodomyrtus beckleri"
-30.430498,152.971954,"Archirhodomyrtus beckleri"
-30.428897,152.971801,"Archirhodomyrtus beckleri"
-30.428774,152.827176,"Archirhodomyrtus beckleri"
-30.428774,152.827176,"Archirhodomyrtus beckleri"
-30.428542,152.972173,"Archirhodomyrtus beckleri"
-30.428419,152.650152,"Archirhodomyrtus beckleri"
-30.428056,152.817934,"Archirhodomyrtus beckleri"
-30.428,152.662128,"Archirhodomyrtus beckleri"
-30.427982,153.034401,"Archirhodomyrtus beckleri"
-30.427931,152.880285,"Archirhodomyrtus beckleri"
-30.427931,152.880285,"Archirhodomyrtus beckleri"
-30.42758,153.018053,"Archirhodomyrtus beckleri"
-30.42757,152.67046,"Archirhodomyrtus beckleri"
-30.427248,153.0184,"Archirhodomyrtus beckleri"
-30.426645,152.661612,"Archirhodomyrtus beckleri"
-30.426548,153.018327,"Archirhodomyrtus beckleri"
-30.425774,152.674111,"Archirhodomyrtus beckleri"
-30.42555,153.042798,"Archirhodomyrtus beckleri"
-30.424259,152.825101,"Archirhodomyrtus beckleri"
-30.424259,152.825101,"Archirhodomyrtus beckleri"
-30.424194,152.61417,"Archirhodomyrtus beckleri"
-30.423623,152.719413,"Archirhodomyrtus beckleri"
-30.423271,152.888802,"Archirhodomyrtus beckleri"
-30.422914,152.617892,"Archirhodomyrtus beckleri"
-30.422066,153.043223,"Archirhodomyrtus beckleri"
-30.42177,152.697552,"Archirhodomyrtus beckleri"
-30.42177,152.697552,"Archirhodomyrtus beckleri"
-30.420705,153.038162,"Archirhodomyrtus beckleri"
-30.420298,152.650181,"Archirhodomyrtus beckleri"
-30.420295,152.649139,"Archirhodomyrtus beckleri"
-30.420219,152.964743,"Archirhodomyrtus beckleri"
-30.420135,152.938961,"Archirhodomyrtus beckleri"
-30.420118,152.937267,"Archirhodomyrtus beckleri"
-30.41975,152.935708,"Archirhodomyrtus beckleri"
-30.4194,152.465055,"Archirhodomyrtus beckleri"
-30.419257,152.940249,"Archirhodomyrtus beckleri"
-30.419204,152.939571,"Archirhodomyrtus beckleri"
-30.418931,152.936524,"Archirhodomyrtus beckleri"
-30.418779,152.935207,"Archirhodomyrtus beckleri"
-30.418724,152.750664,"Archirhodomyrtus beckleri"
-30.41866,152.719427,"Archirhodomyrtus beckleri"
-30.41866,152.719427,"Archirhodomyrtus beckleri"
-30.41866,152.719427,"Archirhodomyrtus beckleri"
-30.41855,152.935682,"Archirhodomyrtus beckleri"
-30.418016,152.892792,"Archirhodomyrtus beckleri"
-30.417829,153.028321,"Archirhodomyrtus beckleri"
-30.417707,152.696524,"Archirhodomyrtus beckleri"
-30.417707,152.696524,"Archirhodomyrtus beckleri"
-30.417321,152.634209,"Archirhodomyrtus beckleri"
-30.417281,152.861572,"Archirhodomyrtus beckleri"
-30.417174,152.940012,"Archirhodomyrtus beckleri"
-30.416847,152.715268,"Archirhodomyrtus beckleri"
-30.416704,152.65592,"Archirhodomyrtus beckleri"
-30.4167,153,"Archirhodomyrtus beckleri"
-30.415754,152.937301,"Archirhodomyrtus beckleri"
-30.415697,153.037702,"Archirhodomyrtus beckleri"
-30.415492,152.714751,"Archirhodomyrtus beckleri"
-30.41513,153.03825,"Archirhodomyrtus beckleri"
-30.415094,153.032152,"Archirhodomyrtus beckleri"
-30.415075,153.084415,"Archirhodomyrtus beckleri"
-30.41502,153.03799,"Archirhodomyrtus beckleri"
-30.414647,152.742345,"Archirhodomyrtus beckleri"
-30.4144,152.885507,"Archirhodomyrtus beckleri"
-30.41416,153.046405,"Archirhodomyrtus beckleri"
-30.41416,153.046405,"Archirhodomyrtus beckleri"
-30.413987,152.963152,"Archirhodomyrtus beckleri"
-30.413715,153.053444,"Archirhodomyrtus beckleri"
-30.413629,152.933414,"Archirhodomyrtus beckleri"
-30.413059,152.887555,"Archirhodomyrtus beckleri"
-30.412635,152.932251,"Archirhodomyrtus beckleri"
-30.410419,152.634599,"Archirhodomyrtus beckleri"
-30.410415,152.60222,"Archirhodomyrtus beckleri"
-30.409268,152.997824,"Archirhodomyrtus beckleri"
-30.408883,152.716281,"Archirhodomyrtus beckleri"
-30.407428,153.026681,"Archirhodomyrtus beckleri"
-30.405842,153.026869,"Archirhodomyrtus beckleri"
-30.405521,152.695,"Archirhodomyrtus beckleri"
-30.404885,152.86518,"Archirhodomyrtus beckleri"
-30.404885,152.86518,"Archirhodomyrtus beckleri"
-30.404792,153.034432,"Archirhodomyrtus beckleri"
-30.404605,152.941868,"Archirhodomyrtus beckleri"
-30.404154,152.689278,"Archirhodomyrtus beckleri"
-30.403748,152.709059,"Archirhodomyrtus beckleri"
-30.403282,152.702294,"Archirhodomyrtus beckleri"
-30.402715,153.033351,"Archirhodomyrtus beckleri"
-30.402715,153.033351,"Archirhodomyrtus beckleri"
-30.402405,152.713748,"Archirhodomyrtus beckleri"
-30.4021478,153.0366438,"Archirhodomyrtus beckleri"
-30.401501,152.994588,"Archirhodomyrtus beckleri"
-30.400253,152.99695,"Archirhodomyrtus beckleri"
-30.4,152.716667,"Archirhodomyrtus beckleri"
-30.4,152.716667,"Archirhodomyrtus beckleri"
-30.398147,152.634645,"Archirhodomyrtus beckleri"
-30.39779,152.996377,"Archirhodomyrtus beckleri"
-30.397321,152.663275,"Archirhodomyrtus beckleri"
-30.395722,152.98223,"Archirhodomyrtus beckleri"
-30.395043,152.982609,"Archirhodomyrtus beckleri"
-30.394612,152.990646,"Archirhodomyrtus beckleri"
-30.393981,152.993931,"Archirhodomyrtus beckleri"
-30.393981,152.993931,"Archirhodomyrtus beckleri"
-30.393675,152.892,"Archirhodomyrtus beckleri"
-30.393482,152.98868,"Archirhodomyrtus beckleri"
-30.392853,152.999615,"Archirhodomyrtus beckleri"
-30.392537,152.983459,"Archirhodomyrtus beckleri"
-30.391997,152.759833,"Archirhodomyrtus beckleri"
-30.391996,152.989944,"Archirhodomyrtus beckleri"
-30.391996,152.989944,"Archirhodomyrtus beckleri"
-30.39122,153.009348,"Archirhodomyrtus beckleri"
-30.390921,152.76342,"Archirhodomyrtus beckleri"
-30.390485,152.807674,"Archirhodomyrtus beckleri"
-30.389666,152.975413,"Archirhodomyrtus beckleri"
-30.38873,152.97974,"Archirhodomyrtus beckleri"
-30.388341,152.991423,"Archirhodomyrtus beckleri"
-30.388293,152.982292,"Archirhodomyrtus beckleri"
-30.388044,152.995816,"Archirhodomyrtus beckleri"
-30.386905,152.982669,"Archirhodomyrtus beckleri"
-30.386365,152.99237,"Archirhodomyrtus beckleri"
-30.385748,152.774509,"Archirhodomyrtus beckleri"
-30.385598,153.00509,"Archirhodomyrtus beckleri"
-30.385569,152.965688,"Archirhodomyrtus beckleri"
-30.384632,153.011824,"Archirhodomyrtus beckleri"
-30.383753,152.936545,"Archirhodomyrtus beckleri"
-30.383753,152.936545,"Archirhodomyrtus beckleri"
-30.382827,152.992402,"Archirhodomyrtus beckleri"
-30.381509,152.968292,"Archirhodomyrtus beckleri"
-30.381509,152.968292,"Archirhodomyrtus beckleri"
-30.38108,152.920218,"Archirhodomyrtus beckleri"
-30.380576,152.905843,"Archirhodomyrtus beckleri"
-30.378341,152.941753,"Archirhodomyrtus beckleri"
-30.378108,152.929074,"Archirhodomyrtus beckleri"
-30.377547,152.923612,"Archirhodomyrtus beckleri"
-30.37738,152.920473,"Archirhodomyrtus beckleri"
-30.375369,153.047751,"Archirhodomyrtus beckleri"
-30.373391,153.009404,"Archirhodomyrtus beckleri"
-30.372939,153.009404,"Archirhodomyrtus beckleri"
-30.372351,152.867615,"Archirhodomyrtus beckleri"
-30.37217,152.8676,"Archirhodomyrtus beckleri"
-30.371959,152.86677,"Archirhodomyrtus beckleri"
-30.371339,153.014164,"Archirhodomyrtus beckleri"
-30.368479,152.799142,"Archirhodomyrtus beckleri"
-30.367772,152.899075,"Archirhodomyrtus beckleri"
-30.36772,152.898976,"Archirhodomyrtus beckleri"
-30.367648,152.898981,"Archirhodomyrtus beckleri"
-30.367533,152.794633,"Archirhodomyrtus beckleri"
-30.366973,152.891603,"Archirhodomyrtus beckleri"
-30.366973,152.891603,"Archirhodomyrtus beckleri"
-30.3667,152.8,"Archirhodomyrtus beckleri"
-30.366667,152.75,"Archirhodomyrtus beckleri"
-30.366425,152.899271,"Archirhodomyrtus beckleri"
-30.365338,152.928798,"Archirhodomyrtus beckleri"
-30.365338,152.928798,"Archirhodomyrtus beckleri"
-30.36517,152.618122,"Archirhodomyrtus beckleri"
-30.363255,152.81309,"Archirhodomyrtus beckleri"
-30.362183,152.7983,"Archirhodomyrtus beckleri"
-30.361873,152.813876,"Archirhodomyrtus beckleri"
-30.361872,152.797106,"Archirhodomyrtus beckleri"
-30.361406,152.813774,"Archirhodomyrtus beckleri"
-30.361032,152.960342,"Archirhodomyrtus beckleri"
-30.360812,152.90462,"Archirhodomyrtus beckleri"
-30.360748,152.904695,"Archirhodomyrtus beckleri"
-30.360272,152.905342,"Archirhodomyrtus beckleri"
-30.360255,152.812388,"Archirhodomyrtus beckleri"
-30.360107,152.941235,"Archirhodomyrtus beckleri"
-30.359217,152.811739,"Archirhodomyrtus beckleri"
-30.3581,152.76637,"Archirhodomyrtus beckleri"
-30.35808,152.768429,"Archirhodomyrtus beckleri"
-30.357935,152.771729,"Archirhodomyrtus beckleri"
-30.355256,152.770572,"Archirhodomyrtus beckleri"
-30.353662,153.076767,"Archirhodomyrtus beckleri"
-30.353632,153.076255,"Archirhodomyrtus beckleri"
-30.353083,153.054982,"Archirhodomyrtus beckleri"
-30.353083,153.05571,"Archirhodomyrtus beckleri"
-30.353074,153.057267,"Archirhodomyrtus beckleri"
-30.352147,152.891058,"Archirhodomyrtus beckleri"
-30.351284,152.917543,"Archirhodomyrtus beckleri"
-30.350719,152.780959,"Archirhodomyrtus beckleri"
-30.349425,152.854336,"Archirhodomyrtus beckleri"
-30.348569,153.039576,"Archirhodomyrtus beckleri"
-30.348569,153.039576,"Archirhodomyrtus beckleri"
-30.346914,153.02628,"Archirhodomyrtus beckleri"
-30.343333,153.087778,"Archirhodomyrtus beckleri"
-30.338442,153.035487,"Archirhodomyrtus beckleri"
-30.338029,152.972773,"Archirhodomyrtus beckleri"
-30.337827,152.934848,"Archirhodomyrtus beckleri"
-30.337685,153.0335,"Archirhodomyrtus beckleri"
-30.337331,152.932424,"Archirhodomyrtus beckleri"
-30.334383,153.028443,"Archirhodomyrtus beckleri"
-30.3333,152.7167,"Archirhodomyrtus beckleri"
-30.331807,153.048672,"Archirhodomyrtus beckleri"
-30.331065,153.00154,"Archirhodomyrtus beckleri"
-30.331065,153.00154,"Archirhodomyrtus beckleri"
-30.330248,153.043552,"Archirhodomyrtus beckleri"
-30.329584,152.936373,"Archirhodomyrtus beckleri"
-30.329258,153.026985,"Archirhodomyrtus beckleri"
-30.329228,153.038345,"Archirhodomyrtus beckleri"
-30.328621,153.039902,"Archirhodomyrtus beckleri"
-30.328613,153.043442,"Archirhodomyrtus beckleri"
-30.328587,153.039543,"Archirhodomyrtus beckleri"
-30.327808,152.998023,"Archirhodomyrtus beckleri"
-30.326933,152.592533,"Archirhodomyrtus beckleri"
-30.326911,152.961548,"Archirhodomyrtus beckleri"
-30.323848,152.582653,"Archirhodomyrtus beckleri"
-30.323579,152.581305,"Archirhodomyrtus beckleri"
-30.323579,152.581305,"Archirhodomyrtus beckleri"
-30.323518,152.972725,"Archirhodomyrtus beckleri"
-30.323105,152.871688,"Archirhodomyrtus beckleri"
-30.322866,152.96736,"Archirhodomyrtus beckleri"
-30.322679,152.972538,"Archirhodomyrtus beckleri"
-30.3224,152.965711,"Archirhodomyrtus beckleri"
-30.321731,152.972279,"Archirhodomyrtus beckleri"
-30.321731,152.972279,"Archirhodomyrtus beckleri"
-30.321483,152.928784,"Archirhodomyrtus beckleri"
-30.320595,152.976804,"Archirhodomyrtus beckleri"
-30.320569,153.0145,"Archirhodomyrtus beckleri"
-30.32014,152.958736,"Archirhodomyrtus beckleri"
-30.32,153.1,"Archirhodomyrtus beckleri"
-30.319793,152.878101,"Archirhodomyrtus beckleri"
-30.319287,152.976502,"Archirhodomyrtus beckleri"
-30.31925,152.975691,"Archirhodomyrtus beckleri"
-30.31903,152.958591,"Archirhodomyrtus beckleri"
-30.318813,152.95882,"Archirhodomyrtus beckleri"
-30.318712,152.912996,"Archirhodomyrtus beckleri"
-30.318341,153.010839,"Archirhodomyrtus beckleri"
-30.318097,153.014718,"Archirhodomyrtus beckleri"
-30.317616,152.876707,"Archirhodomyrtus beckleri"
-30.3167,152.7167,"Archirhodomyrtus beckleri"
-30.316667,152.716667,"Archirhodomyrtus beckleri"
-30.316667,152.716667,"Archirhodomyrtus beckleri"
-30.316667,153.1,"Archirhodomyrtus beckleri"
-30.316667,152.716667,"Archirhodomyrtus beckleri"
-30.315793,153.094777,"Archirhodomyrtus beckleri"
-30.315607,152.875959,"Archirhodomyrtus beckleri"
-30.315178,152.877219,"Archirhodomyrtus beckleri"
-30.315019,152.578257,"Archirhodomyrtus beckleri"
-30.3150041,152.8600507,"Archirhodomyrtus beckleri"
-30.314784,152.860269,"Archirhodomyrtus beckleri"
-30.313395,152.980675,"Archirhodomyrtus beckleri"
-30.311183,153.054667,"Archirhodomyrtus beckleri"
-30.31112,153.03332,"Archirhodomyrtus beckleri"
-30.307957,152.950635,"Archirhodomyrtus beckleri"
-30.306317,153.004849,"Archirhodomyrtus beckleri"
-30.30502,152.981498,"Archirhodomyrtus beckleri"
-30.304899,153.037441,"Archirhodomyrtus beckleri"
-30.304677,152.980094,"Archirhodomyrtus beckleri"
-30.304344,153.057238,"Archirhodomyrtus beckleri"
-30.303829,152.981425,"Archirhodomyrtus beckleri"
-30.303793,152.979054,"Archirhodomyrtus beckleri"
-30.303281,152.975846,"Archirhodomyrtus beckleri"
-30.302569,153.087617,"Archirhodomyrtus beckleri"
-30.302045,153.02748,"Archirhodomyrtus beckleri"
-30.301291,153.058073,"Archirhodomyrtus beckleri"
-30.300761,152.980157,"Archirhodomyrtus beckleri"
-30.300353,153.091906,"Archirhodomyrtus beckleri"
-30.299757,152.848722,"Archirhodomyrtus beckleri"
-30.299368,153.081675,"Archirhodomyrtus beckleri"
-30.299235,153.053995,"Archirhodomyrtus beckleri"
-30.298791,152.801406,"Archirhodomyrtus beckleri"
-30.297269,152.943737,"Archirhodomyrtus beckleri"
-30.296404,153.096536,"Archirhodomyrtus beckleri"
-30.296111,153.102778,"Archirhodomyrtus beckleri"
-30.296032,153.020143,"Archirhodomyrtus beckleri"
-30.294879,153.023956,"Archirhodomyrtus beckleri"
-30.292983,152.988228,"Archirhodomyrtus beckleri"
-30.292529,153.027672,"Archirhodomyrtus beckleri"
-30.292306,152.991036,"Archirhodomyrtus beckleri"
-30.290368,153.018755,"Archirhodomyrtus beckleri"
-30.290368,153.018755,"Archirhodomyrtus beckleri"
-30.289445,152.945141,"Archirhodomyrtus beckleri"
-30.289253,153.028971,"Archirhodomyrtus beckleri"
-30.289253,153.028971,"Archirhodomyrtus beckleri"
-30.288557,152.737727,"Archirhodomyrtus beckleri"
-30.288057,153.066114,"Archirhodomyrtus beckleri"
-30.286719,153.102981,"Archirhodomyrtus beckleri"
-30.2859,152.932349,"Archirhodomyrtus beckleri"
-30.285852,153.104733,"Archirhodomyrtus beckleri"
-30.285514,152.919733,"Archirhodomyrtus beckleri"
-30.285123,152.998087,"Archirhodomyrtus beckleri"
-30.285123,152.998087,"Archirhodomyrtus beckleri"
-30.284889,152.93294,"Archirhodomyrtus beckleri"
-30.284751,153.100196,"Archirhodomyrtus beckleri"
-30.284574,153.066538,"Archirhodomyrtus beckleri"
-30.284427,152.93412,"Archirhodomyrtus beckleri"
-30.2842,153.101152,"Archirhodomyrtus beckleri"
-30.284158,152.997494,"Archirhodomyrtus beckleri"
-30.283652,152.998284,"Archirhodomyrtus beckleri"
-30.283652,152.998284,"Archirhodomyrtus beckleri"
-30.283587,152.940249,"Archirhodomyrtus beckleri"
-30.283561,153.101938,"Archirhodomyrtus beckleri"
-30.282656,153.101338,"Archirhodomyrtus beckleri"
-30.282444,153.044461,"Archirhodomyrtus beckleri"
-30.282444,153.044461,"Archirhodomyrtus beckleri"
-30.282387,152.946293,"Archirhodomyrtus beckleri"
-30.282337,152.918865,"Archirhodomyrtus beckleri"
-30.282337,152.918865,"Archirhodomyrtus beckleri"
-30.282242,153.100402,"Archirhodomyrtus beckleri"
-30.282058,153.041155,"Archirhodomyrtus beckleri"
-30.279991,153.115934,"Archirhodomyrtus beckleri"
-30.279921,153.11402,"Archirhodomyrtus beckleri"
-30.279631,153.114737,"Archirhodomyrtus beckleri"
-30.279598,153.103341,"Archirhodomyrtus beckleri"
-30.279167,153.133056,"Archirhodomyrtus beckleri"
-30.279159,152.954792,"Archirhodomyrtus beckleri"
-30.279159,152.954792,"Archirhodomyrtus beckleri"
-30.279032,153.067515,"Archirhodomyrtus beckleri"
-30.278431,153.133996,"Archirhodomyrtus beckleri"
-30.276996,152.946225,"Archirhodomyrtus beckleri"
-30.276996,152.946225,"Archirhodomyrtus beckleri"
-30.276462,152.95628,"Archirhodomyrtus beckleri"
-30.276382,152.996918,"Archirhodomyrtus beckleri"
-30.276355,153.095696,"Archirhodomyrtus beckleri"
-30.276355,153.095696,"Archirhodomyrtus beckleri"
-30.276355,153.095696,"Archirhodomyrtus beckleri"
-30.275026,152.977164,"Archirhodomyrtus beckleri"
-30.275026,152.977164,"Archirhodomyrtus beckleri"
-30.274378,153.070758,"Archirhodomyrtus beckleri"
-30.274086,152.986463,"Archirhodomyrtus beckleri"
-30.274074,153.070107,"Archirhodomyrtus beckleri"
-30.27396,153.071903,"Archirhodomyrtus beckleri"
-30.273923,152.980277,"Archirhodomyrtus beckleri"
-30.273673,153.021663,"Archirhodomyrtus beckleri"
-30.27367,153.07174,"Archirhodomyrtus beckleri"
-30.273598,152.982907,"Archirhodomyrtus beckleri"
-30.273587,153.071258,"Archirhodomyrtus beckleri"
-30.273264,152.985018,"Archirhodomyrtus beckleri"
-30.273246,152.980807,"Archirhodomyrtus beckleri"
-30.272867,152.981504,"Archirhodomyrtus beckleri"
-30.272769,153.027069,"Archirhodomyrtus beckleri"
-30.272769,153.027069,"Archirhodomyrtus beckleri"
-30.272768,153.030188,"Archirhodomyrtus beckleri"
-30.272557,153.102457,"Archirhodomyrtus beckleri"
-30.271869,152.989641,"Archirhodomyrtus beckleri"
-30.271802,152.98193,"Archirhodomyrtus beckleri"
-30.271072,152.984499,"Archirhodomyrtus beckleri"
-30.271072,152.984499,"Archirhodomyrtus beckleri"
-30.270907,153.074191,"Archirhodomyrtus beckleri"
-30.270728,153.080367,"Archirhodomyrtus beckleri"
-30.27012,153.076956,"Archirhodomyrtus beckleri"
-30.270075,153.076779,"Archirhodomyrtus beckleri"
-30.270075,153.076779,"Archirhodomyrtus beckleri"
-30.269949,153.073644,"Archirhodomyrtus beckleri"
-30.269889,152.985081,"Archirhodomyrtus beckleri"
-30.269745,152.984447,"Archirhodomyrtus beckleri"
-30.269465,153.071684,"Archirhodomyrtus beckleri"
-30.269425,153.075812,"Archirhodomyrtus beckleri"
-30.268708,153.027068,"Archirhodomyrtus beckleri"
-30.268259,153.009394,"Archirhodomyrtus beckleri"
-30.267806,153.027068,"Archirhodomyrtus beckleri"
-30.267806,153.027068,"Archirhodomyrtus beckleri"
-30.267676,153.075259,"Archirhodomyrtus beckleri"
-30.267676,153.075259,"Archirhodomyrtus beckleri"
-30.2667,153.1,"Archirhodomyrtus beckleri"
-30.266667,152.616667,"Archirhodomyrtus beckleri"
-30.266667,153,"Archirhodomyrtus beckleri"
-30.26645,153.072929,"Archirhodomyrtus beckleri"
-30.26642,153.108172,"Archirhodomyrtus beckleri"
-30.266226,153.108817,"Archirhodomyrtus beckleri"
-30.266051,153.108731,"Archirhodomyrtus beckleri"
-30.265692,153.109747,"Archirhodomyrtus beckleri"
-30.265535,153.079042,"Archirhodomyrtus beckleri"
-30.265535,153.079042,"Archirhodomyrtus beckleri"
-30.265529,153.072856,"Archirhodomyrtus beckleri"
-30.265519,153.075333,"Archirhodomyrtus beckleri"
-30.264618,153.092562,"Archirhodomyrtus beckleri"
-30.264557,153.118484,"Archirhodomyrtus beckleri"
-30.264165,153.094121,"Archirhodomyrtus beckleri"
-30.264124,153.140382,"Archirhodomyrtus beckleri"
-30.263711,153.114634,"Archirhodomyrtus beckleri"
-30.260393,152.970134,"Archirhodomyrtus beckleri"
-30.260326,152.904315,"Archirhodomyrtus beckleri"
-30.26027,152.999272,"Archirhodomyrtus beckleri"
-30.259312,152.979105,"Archirhodomyrtus beckleri"
-30.259233,153.004356,"Archirhodomyrtus beckleri"
-30.259233,153.004356,"Archirhodomyrtus beckleri"
-30.258472,152.781444,"Archirhodomyrtus beckleri"
-30.258333,152.781389,"Archirhodomyrtus beckleri"
-30.257417,153.11073,"Archirhodomyrtus beckleri"
-30.257374,153.129982,"Archirhodomyrtus beckleri"
-30.257262,152.970394,"Archirhodomyrtus beckleri"
-30.256974,152.961056,"Archirhodomyrtus beckleri"
-30.256503,153.082159,"Archirhodomyrtus beckleri"
-30.255705,152.960361,"Archirhodomyrtus beckleri"
-30.255406,152.720686,"Archirhodomyrtus beckleri"
-30.254103,153.102109,"Archirhodomyrtus beckleri"
-30.25398,153.006663,"Archirhodomyrtus beckleri"
-30.25398,153.006663,"Archirhodomyrtus beckleri"
-30.252872,153.106806,"Archirhodomyrtus beckleri"
-30.252553,152.85325,"Archirhodomyrtus beckleri"
-30.252527,153.007796,"Archirhodomyrtus beckleri"
-30.252527,153.007796,"Archirhodomyrtus beckleri"
-30.252273,153.130849,"Archirhodomyrtus beckleri"
-30.252041,153.032568,"Archirhodomyrtus beckleri"
-30.252012,153.031671,"Archirhodomyrtus beckleri"
-30.251844,153.031812,"Archirhodomyrtus beckleri"
-30.251308,153.086026,"Archirhodomyrtus beckleri"
-30.250414,153.030216,"Archirhodomyrtus beckleri"
-30.25036,153.030103,"Archirhodomyrtus beckleri"
-30.250317,153.029954,"Archirhodomyrtus beckleri"
-30.25,153.116667,"Archirhodomyrtus beckleri"
-30.25,153.116667,"Archirhodomyrtus beckleri"
-30.25,153.05,"Archirhodomyrtus beckleri"
-30.25,152.633333,"Archirhodomyrtus beckleri"
-30.248893,153.128931,"Archirhodomyrtus beckleri"
-30.248409,153.084413,"Archirhodomyrtus beckleri"
-30.248344,152.872188,"Archirhodomyrtus beckleri"
-30.247817,153.088973,"Archirhodomyrtus beckleri"
-30.24657,152.909609,"Archirhodomyrtus beckleri"
-30.246107,152.894019,"Archirhodomyrtus beckleri"
-30.246107,152.894019,"Archirhodomyrtus beckleri"
-30.244525,153.09906,"Archirhodomyrtus beckleri"
-30.244391,153.000744,"Archirhodomyrtus beckleri"
-30.243642,153.097701,"Archirhodomyrtus beckleri"
-30.243599,152.924655,"Archirhodomyrtus beckleri"
-30.241391,153.010892,"Archirhodomyrtus beckleri"
-30.241335,153.126559,"Archirhodomyrtus beckleri"
-30.241152,153.095658,"Archirhodomyrtus beckleri"
-30.240417,153.012285,"Archirhodomyrtus beckleri"
-30.240261,153.093766,"Archirhodomyrtus beckleri"
-30.24019,153.091808,"Archirhodomyrtus beckleri"
-30.240137,153.051504,"Archirhodomyrtus beckleri"
-30.240078,152.809418,"Archirhodomyrtus beckleri"
-30.239364,152.930402,"Archirhodomyrtus beckleri"
-30.239266,152.939282,"Archirhodomyrtus beckleri"
-30.238842,153.092116,"Archirhodomyrtus beckleri"
-30.238842,153.092116,"Archirhodomyrtus beckleri"
-30.238648,153.11918,"Archirhodomyrtus beckleri"
-30.237566,153.054601,"Archirhodomyrtus beckleri"
-30.237566,153.054601,"Archirhodomyrtus beckleri"
-30.23751,153.133069,"Archirhodomyrtus beckleri"
-30.237257,153.120695,"Archirhodomyrtus beckleri"
-30.236669,153.055977,"Archirhodomyrtus beckleri"
-30.236563,152.828553,"Archirhodomyrtus beckleri"
-30.235708,153.095522,"Archirhodomyrtus beckleri"
-30.235708,153.095522,"Archirhodomyrtus beckleri"
-30.235152,153.058897,"Archirhodomyrtus beckleri"
-30.234852,153.104854,"Archirhodomyrtus beckleri"
-30.234488,153.049054,"Archirhodomyrtus beckleri"
-30.234212,153.061816,"Archirhodomyrtus beckleri"
-30.233498,153.063219,"Archirhodomyrtus beckleri"
-30.233333,152.8,"Archirhodomyrtus beckleri"
-30.233333,152.8,"Archirhodomyrtus beckleri"
-30.233333,153.1,"Archirhodomyrtus beckleri"
-30.2333,152.8,"Archirhodomyrtus beckleri"
-30.232905,153.102711,"Archirhodomyrtus beckleri"
-30.232122,152.928811,"Archirhodomyrtus beckleri"
-30.231318,153.101109,"Archirhodomyrtus beckleri"
-30.231175,153.055335,"Archirhodomyrtus beckleri"
-30.230759,153.06176,"Archirhodomyrtus beckleri"
-30.229696,153.002317,"Archirhodomyrtus beckleri"
-30.228886,152.818179,"Archirhodomyrtus beckleri"
-30.228886,152.818179,"Archirhodomyrtus beckleri"
-30.228546,153.058384,"Archirhodomyrtus beckleri"
-30.228428,153.058591,"Archirhodomyrtus beckleri"
-30.228343,153.058227,"Archirhodomyrtus beckleri"
-30.227954,153.003055,"Archirhodomyrtus beckleri"
-30.227523,152.817137,"Archirhodomyrtus beckleri"
-30.22741,152.527293,"Archirhodomyrtus beckleri"
-30.226604,152.805708,"Archirhodomyrtus beckleri"
-30.226604,152.805708,"Archirhodomyrtus beckleri"
-30.226323,152.666457,"Archirhodomyrtus beckleri"
-30.224932,152.94652,"Archirhodomyrtus beckleri"
-30.224222,152.963483,"Archirhodomyrtus beckleri"
-30.224122,152.841318,"Archirhodomyrtus beckleri"
-30.223811,152.913645,"Archirhodomyrtus beckleri"
-30.222772,152.911245,"Archirhodomyrtus beckleri"
-30.222772,152.911245,"Archirhodomyrtus beckleri"
-30.222772,152.911245,"Archirhodomyrtus beckleri"
-30.222659,152.913788,"Archirhodomyrtus beckleri"
-30.222659,152.913788,"Archirhodomyrtus beckleri"
-30.222375,152.843737,"Archirhodomyrtus beckleri"
-30.222287,152.843749,"Archirhodomyrtus beckleri"
-30.222024,152.938382,"Archirhodomyrtus beckleri"
-30.221756,152.912749,"Archirhodomyrtus beckleri"
-30.221756,152.912749,"Archirhodomyrtus beckleri"
-30.220418,153.059268,"Archirhodomyrtus beckleri"
-30.219932,152.838956,"Archirhodomyrtus beckleri"
-30.219825,153.053802,"Archirhodomyrtus beckleri"
-30.219536,153.066899,"Archirhodomyrtus beckleri"
-30.219359,153.058939,"Archirhodomyrtus beckleri"
-30.217706,152.938152,"Archirhodomyrtus beckleri"
-30.217666,152.876384,"Archirhodomyrtus beckleri"
-30.217666,152.876384,"Archirhodomyrtus beckleri"
-30.217393,152.630955,"Archirhodomyrtus beckleri"
-30.217393,152.630955,"Archirhodomyrtus beckleri"
-30.21691,152.954914,"Archirhodomyrtus beckleri"
-30.2167,153.0167,"Archirhodomyrtus beckleri"
-30.216667,153.016667,"Archirhodomyrtus beckleri"
-30.216667,153.116667,"Archirhodomyrtus beckleri"
-30.216409,152.678669,"Archirhodomyrtus beckleri"
-30.21525,152.673773,"Archirhodomyrtus beckleri"
-30.21525,152.673773,"Archirhodomyrtus beckleri"
-30.214964,153.117453,"Archirhodomyrtus beckleri"
-30.214289,152.925945,"Archirhodomyrtus beckleri"
-30.213792,153.112313,"Archirhodomyrtus beckleri"
-30.213792,153.112313,"Archirhodomyrtus beckleri"
-30.213692,152.667539,"Archirhodomyrtus beckleri"
-30.213145,152.867558,"Archirhodomyrtus beckleri"
-30.212727,153.112374,"Archirhodomyrtus beckleri"
-30.212727,153.112374,"Archirhodomyrtus beckleri"
-30.208687,153.12038,"Archirhodomyrtus beckleri"
-30.208618,153.153815,"Archirhodomyrtus beckleri"
-30.208427,153.117512,"Archirhodomyrtus beckleri"
-30.208056,153.118841,"Archirhodomyrtus beckleri"
-30.208041,153.115714,"Archirhodomyrtus beckleri"
-30.208041,153.115714,"Archirhodomyrtus beckleri"
-30.207096,153.057706,"Archirhodomyrtus beckleri"
-30.206148,153.132928,"Archirhodomyrtus beckleri"
-30.205921,152.961651,"Archirhodomyrtus beckleri"
-30.205393,152.9856,"Archirhodomyrtus beckleri"
-30.205026,153.129909,"Archirhodomyrtus beckleri"
-30.204997,153.00053,"Archirhodomyrtus beckleri"
-30.204997,153.00053,"Archirhodomyrtus beckleri"
-30.203244,152.896143,"Archirhodomyrtus beckleri"
-30.203244,152.896143,"Archirhodomyrtus beckleri"
-30.203241,152.892506,"Archirhodomyrtus beckleri"
-30.203241,152.892506,"Archirhodomyrtus beckleri"
-30.202292,152.846274,"Archirhodomyrtus beckleri"
-30.201516,152.894729,"Archirhodomyrtus beckleri"
-30.201434,152.889911,"Archirhodomyrtus beckleri"
-30.201233,152.7455,"Archirhodomyrtus beckleri"
-30.2008,152.780596,"Archirhodomyrtus beckleri"
-30.200342,152.84735,"Archirhodomyrtus beckleri"
-30.200264,153.124392,"Archirhodomyrtus beckleri"
-30.200157,153.122115,"Archirhodomyrtus beckleri"
-30.200113,153.125428,"Archirhodomyrtus beckleri"
-30.19959,153.123104,"Archirhodomyrtus beckleri"
-30.198221,153.117874,"Archirhodomyrtus beckleri"
-30.198221,153.117874,"Archirhodomyrtus beckleri"
-30.197411,153.115317,"Archirhodomyrtus beckleri"
-30.197212,152.733921,"Archirhodomyrtus beckleri"
-30.196465,152.898065,"Archirhodomyrtus beckleri"
-30.195861,153.056307,"Archirhodomyrtus beckleri"
-30.195088,152.859791,"Archirhodomyrtus beckleri"
-30.194241,153.071719,"Archirhodomyrtus beckleri"
-30.193316,152.894595,"Archirhodomyrtus beckleri"
-30.191659,152.99759,"Archirhodomyrtus beckleri"
-30.191498,153.120542,"Archirhodomyrtus beckleri"
-30.191311,152.858169,"Archirhodomyrtus beckleri"
-30.190609,152.895117,"Archirhodomyrtus beckleri"
-30.190609,152.895117,"Archirhodomyrtus beckleri"
-30.190233,152.998514,"Archirhodomyrtus beckleri"
-30.190138,153.091478,"Archirhodomyrtus beckleri"
-30.189962,152.996925,"Archirhodomyrtus beckleri"
-30.189759,153.036151,"Archirhodomyrtus beckleri"
-30.18761,153.093169,"Archirhodomyrtus beckleri"
-30.187535,153.096098,"Archirhodomyrtus beckleri"
-30.187437,153.044782,"Archirhodomyrtus beckleri"
-30.186251,153.053861,"Archirhodomyrtus beckleri"
-30.185707,153.090633,"Archirhodomyrtus beckleri"
-30.184411,152.442232,"Archirhodomyrtus beckleri"
-30.184067,152.446388,"Archirhodomyrtus beckleri"
-30.183803,153.090413,"Archirhodomyrtus beckleri"
-30.183418,152.940829,"Archirhodomyrtus beckleri"
-30.182693,153.090838,"Archirhodomyrtus beckleri"
-30.181298,152.9906,"Archirhodomyrtus beckleri"
-30.178771,152.968763,"Archirhodomyrtus beckleri"
-30.178739,152.467733,"Archirhodomyrtus beckleri"
-30.178664,152.741404,"Archirhodomyrtus beckleri"
-30.178117,153.091748,"Archirhodomyrtus beckleri"
-30.178094,152.9141,"Archirhodomyrtus beckleri"
-30.17746,153.057283,"Archirhodomyrtus beckleri"
-30.177305,153.036873,"Archirhodomyrtus beckleri"
-30.176825,152.72479,"Archirhodomyrtus beckleri"
-30.176706,152.933182,"Archirhodomyrtus beckleri"
-30.176046,152.99247,"Archirhodomyrtus beckleri"
-30.175766,153.051684,"Archirhodomyrtus beckleri"
-30.17555,152.994827,"Archirhodomyrtus beckleri"
-30.17555,152.994827,"Archirhodomyrtus beckleri"
-30.174792,153.132466,"Archirhodomyrtus beckleri"
-30.174376,152.759907,"Archirhodomyrtus beckleri"
-30.174376,152.759907,"Archirhodomyrtus beckleri"
-30.1735,152.965763,"Archirhodomyrtus beckleri"
-30.1735,152.965763,"Archirhodomyrtus beckleri"
-30.172524,152.96916,"Archirhodomyrtus beckleri"
-30.172227,152.969182,"Archirhodomyrtus beckleri"
-30.172057,152.96784,"Archirhodomyrtus beckleri"
-30.170756,152.476291,"Archirhodomyrtus beckleri"
-30.169674,153.094272,"Archirhodomyrtus beckleri"
-30.169242,152.931307,"Archirhodomyrtus beckleri"
-30.168667,152.469031,"Archirhodomyrtus beckleri"
-30.168535,153.040543,"Archirhodomyrtus beckleri"
-30.168496,152.890467,"Archirhodomyrtus beckleri"
-30.167617,153.076373,"Archirhodomyrtus beckleri"
-30.167165,153.021945,"Archirhodomyrtus beckleri"
-30.167156,153.091432,"Archirhodomyrtus beckleri"
-30.166886,152.950418,"Archirhodomyrtus beckleri"
-30.166393,152.474114,"Archirhodomyrtus beckleri"
-30.16623,153.120511,"Archirhodomyrtus beckleri"
-30.165996,152.919324,"Archirhodomyrtus beckleri"
-30.165912,152.47044,"Archirhodomyrtus beckleri"
-30.165382,152.980305,"Archirhodomyrtus beckleri"
-30.164811,152.470939,"Archirhodomyrtus beckleri"
-30.164469,153.055081,"Archirhodomyrtus beckleri"
-30.164439,152.895145,"Archirhodomyrtus beckleri"
-30.163572,153.040541,"Archirhodomyrtus beckleri"
-30.163367,153.119577,"Archirhodomyrtus beckleri"
-30.163325,152.44962,"Archirhodomyrtus beckleri"
-30.162299,152.925029,"Archirhodomyrtus beckleri"
-30.161394,152.920543,"Archirhodomyrtus beckleri"
-30.159729,153.135445,"Archirhodomyrtus beckleri"
-30.155435,153.074806,"Archirhodomyrtus beckleri"
-30.152557,152.464217,"Archirhodomyrtus beckleri"
-30.152278,152.928906,"Archirhodomyrtus beckleri"
-30.151794,153.117897,"Archirhodomyrtus beckleri"
-30.151612,152.874684,"Archirhodomyrtus beckleri"
-30.151517,152.879378,"Archirhodomyrtus beckleri"
-30.150212,152.462423,"Archirhodomyrtus beckleri"
-30.15,152.533333,"Archirhodomyrtus beckleri"
-30.148875,152.871957,"Archirhodomyrtus beckleri"
-30.148692,153.151245,"Archirhodomyrtus beckleri"
-30.147328,153.039496,"Archirhodomyrtus beckleri"
-30.146427,153.035342,"Archirhodomyrtus beckleri"
-30.145547,153.145967,"Archirhodomyrtus beckleri"
-30.143635,152.875442,"Archirhodomyrtus beckleri"
-30.141464,152.654284,"Archirhodomyrtus beckleri"
-30.138674,153.151626,"Archirhodomyrtus beckleri"
-30.137509,152.528919,"Archirhodomyrtus beckleri"
-30.137509,152.528919,"Archirhodomyrtus beckleri"
-30.136949,152.957469,"Archirhodomyrtus beckleri"
-30.136771,152.588896,"Archirhodomyrtus beckleri"
-30.136771,152.588896,"Archirhodomyrtus beckleri"
-30.1346,152.838074,"Archirhodomyrtus beckleri"
-30.133743,153.121123,"Archirhodomyrtus beckleri"
-30.132324,152.553408,"Archirhodomyrtus beckleri"
-30.132324,152.553408,"Archirhodomyrtus beckleri"
-30.131518,153.091923,"Archirhodomyrtus beckleri"
-30.130817,152.732185,"Archirhodomyrtus beckleri"
-30.130164,153.092129,"Archirhodomyrtus beckleri"
-30.128356,153.084129,"Archirhodomyrtus beckleri"
-30.125114,153.109577,"Archirhodomyrtus beckleri"
-30.123726,152.906953,"Archirhodomyrtus beckleri"
-30.122906,153.059743,"Archirhodomyrtus beckleri"
-30.122589,153.092849,"Archirhodomyrtus beckleri"
-30.121978,152.919938,"Archirhodomyrtus beckleri"
-30.121018,153.093626,"Archirhodomyrtus beckleri"
-30.120837,153.066189,"Archirhodomyrtus beckleri"
-30.120045,153.061081,"Archirhodomyrtus beckleri"
-30.120044,153.133729,"Archirhodomyrtus beckleri"
-30.118175,153.152974,"Archirhodomyrtus beckleri"
-30.11795,153.150426,"Archirhodomyrtus beckleri"
-30.11721,153.158183,"Archirhodomyrtus beckleri"
-30.116989,153.156385,"Archirhodomyrtus beckleri"
-30.116025,152.785683,"Archirhodomyrtus beckleri"
-30.115756,153.152446,"Archirhodomyrtus beckleri"
-30.113931,153.059205,"Archirhodomyrtus beckleri"
-30.112123,153.065432,"Archirhodomyrtus beckleri"
-30.112123,153.065432,"Archirhodomyrtus beckleri"
-30.112114,153.08204,"Archirhodomyrtus beckleri"
-30.111623,153.117013,"Archirhodomyrtus beckleri"
-30.109647,153.080915,"Archirhodomyrtus beckleri"
-30.109086,153.119003,"Archirhodomyrtus beckleri"
-30.104804,152.825667,"Archirhodomyrtus beckleri"
-30.102941,153.122538,"Archirhodomyrtus beckleri"
-30.092652,153.029003,"Archirhodomyrtus beckleri"
-30.087994,153.120783,"Archirhodomyrtus beckleri"
-30.085717,153.031204,"Archirhodomyrtus beckleri"
-30.082558,152.570437,"Archirhodomyrtus beckleri"
-30.080063,152.641008,"Archirhodomyrtus beckleri"
-30.07173,153.05049,"Archirhodomyrtus beckleri"
-30.069715,153.049841,"Archirhodomyrtus beckleri"
-30.069715,153.049841,"Archirhodomyrtus beckleri"
-30.068776,153.110018,"Archirhodomyrtus beckleri"
-30.0667,152.6167,"Archirhodomyrtus beckleri"
-30.066667,152.616667,"Archirhodomyrtus beckleri"
-30.028026,153.061456,"Archirhodomyrtus beckleri"
-30.026486,153.063736,"Archirhodomyrtus beckleri"
-30.016869,153.123549,"Archirhodomyrtus beckleri"
-30.016869,153.123549,"Archirhodomyrtus beckleri"
-30.014229,153.118838,"Archirhodomyrtus beckleri"
-30.014085,153.118672,"Archirhodomyrtus beckleri"
-30.014082,153.11867,"Archirhodomyrtus beckleri"
-30,153,"Archirhodomyrtus beckleri"
-29.99902,153.206479,"Archirhodomyrtus beckleri"
-29.953586,152.594829,"Archirhodomyrtus beckleri"
-29.950869,152.591731,"Archirhodomyrtus beckleri"
-29.90545,153.112216,"Archirhodomyrtus beckleri"
-29.898197,153.126402,"Archirhodomyrtus beckleri"
-29.861819,152.795895,"Archirhodomyrtus beckleri"
-29.850845,153.147031,"Archirhodomyrtus beckleri"
-29.830055,153.139953,"Archirhodomyrtus beckleri"
-29.799789,153.141048,"Archirhodomyrtus beckleri"
-29.7575,152.619,"Archirhodomyrtus beckleri"
-29.722482,152.57198,"Archirhodomyrtus beckleri"
-29.683333,152.933333,"Archirhodomyrtus beckleri"
-29.679597,152.470838,"Archirhodomyrtus beckleri"
-29.678692,152.470326,"Archirhodomyrtus beckleri"
-29.666374,152.52675,"Archirhodomyrtus beckleri"
-29.665479,152.528821,"Archirhodomyrtus beckleri"
-29.653948,152.383147,"Archirhodomyrtus beckleri"
-29.642564,152.216627,"Archirhodomyrtus beckleri"
-29.639254,152.209339,"Archirhodomyrtus beckleri"
-29.637205,152.477258,"Archirhodomyrtus beckleri"
-29.632913,152.226825,"Archirhodomyrtus beckleri"
-29.632913,152.226825,"Archirhodomyrtus beckleri"
-29.628184,152.478337,"Archirhodomyrtus beckleri"
-29.62805,152.240287,"Archirhodomyrtus beckleri"
-29.62804,152.240281,"Archirhodomyrtus beckleri"
-29.626369,152.475764,"Archirhodomyrtus beckleri"
-29.6201,152.461894,"Archirhodomyrtus beckleri"
-29.615534,152.474271,"Archirhodomyrtus beckleri"
-29.614794,152.517138,"Archirhodomyrtus beckleri"
-29.612589,152.468079,"Archirhodomyrtus beckleri"
-29.611633,152.516637,"Archirhodomyrtus beckleri"
-29.611566,152.498563,"Archirhodomyrtus beckleri"
-29.610274,152.515094,"Archirhodomyrtus beckleri"
-29.609245,152.481533,"Archirhodomyrtus beckleri"
-29.608751,152.471848,"Archirhodomyrtus beckleri"
-29.608416,152.471772,"Archirhodomyrtus beckleri"
-29.608165,152.481353,"Archirhodomyrtus beckleri"
-29.606958,152.481927,"Archirhodomyrtus beckleri"
-29.605837,152.507411,"Archirhodomyrtus beckleri"
-29.605837,152.507411,"Archirhodomyrtus beckleri"
-29.605687,152.475314,"Archirhodomyrtus beckleri"
-29.604036,152.508452,"Archirhodomyrtus beckleri"
-29.592922,153.278851,"Archirhodomyrtus beckleri"
-29.592147,153.278332,"Archirhodomyrtus beckleri"
-29.589229,152.417657,"Archirhodomyrtus beckleri"
-29.589229,152.417657,"Archirhodomyrtus beckleri"
-29.578542,152.407167,"Archirhodomyrtus beckleri"
-29.566667,152.25,"Archirhodomyrtus beckleri"
-29.55418,152.431071,"Archirhodomyrtus beckleri"
-29.536862,152.235288,"Archirhodomyrtus beckleri"
-29.5333,152.3667,"Archirhodomyrtus beckleri"
-29.529142,152.302745,"Archirhodomyrtus beckleri"
-29.521483,152.36542,"Archirhodomyrtus beckleri"
-29.521414,152.389153,"Archirhodomyrtus beckleri"
-29.520465,152.361949,"Archirhodomyrtus beckleri"
-29.5167,152.6667,"Archirhodomyrtus beckleri"
-29.5167,152.6667,"Archirhodomyrtus beckleri"
-29.5167,152.6667,"Archirhodomyrtus beckleri"
-29.515692,152.359208,"Archirhodomyrtus beckleri"
-29.51535,152.359775,"Archirhodomyrtus beckleri"
-29.515339,152.359061,"Archirhodomyrtus beckleri"
-29.514827,152.359896,"Archirhodomyrtus beckleri"
-29.511384,153.149438,"Archirhodomyrtus beckleri"
-29.510522,152.375806,"Archirhodomyrtus beckleri"
-29.500396,152.550221,"Archirhodomyrtus beckleri"
-29.5,153.2,"Archirhodomyrtus beckleri"
-29.5,152.366667,"Archirhodomyrtus beckleri"
-29.492053,152.548974,"Archirhodomyrtus beckleri"
-29.490338,152.565326,"Archirhodomyrtus beckleri"
-29.485013,152.33138,"Archirhodomyrtus beckleri"
-29.481502,152.318901,"Archirhodomyrtus beckleri"
-29.47844,152.759602,"Archirhodomyrtus beckleri"
-29.476269,152.311139,"Archirhodomyrtus beckleri"
-29.473053,152.341112,"Archirhodomyrtus beckleri"
-29.472747,152.32898,"Archirhodomyrtus beckleri"
-29.47168,152.329501,"Archirhodomyrtus beckleri"
-29.465136,152.322456,"Archirhodomyrtus beckleri"
-29.458411,152.319623,"Archirhodomyrtus beckleri"
-29.452763,152.37616,"Archirhodomyrtus beckleri"
-29.431446,152.287152,"Archirhodomyrtus beckleri"
-29.4167,152.6167,"Archirhodomyrtus beckleri"
-29.4,153.216667,"Archirhodomyrtus beckleri"
-29.365916,152.378241,"Archirhodomyrtus beckleri"
-29.356948,152.390658,"Archirhodomyrtus beckleri"
-29.356035,152.388346,"Archirhodomyrtus beckleri"
-29.352836,152.379609,"Archirhodomyrtus beckleri"
-29.351541,152.392493,"Archirhodomyrtus beckleri"
-29.35114,152.354895,"Archirhodomyrtus beckleri"
-29.351005,152.357039,"Archirhodomyrtus beckleri"
-29.347475,152.391487,"Archirhodomyrtus beckleri"
-29.344489,152.381971,"Archirhodomyrtus beckleri"
-29.344489,152.381971,"Archirhodomyrtus beckleri"
-29.332604,152.390021,"Archirhodomyrtus beckleri"
-29.330073,152.387208,"Archirhodomyrtus beckleri"
-29.324208,152.385446,"Archirhodomyrtus beckleri"
-29.320703,152.408783,"Archirhodomyrtus beckleri"
-29.316446,152.415615,"Archirhodomyrtus beckleri"
-29.313848,152.441117,"Archirhodomyrtus beckleri"
-29.311651,152.425425,"Archirhodomyrtus beckleri"
-29.299911,152.364056,"Archirhodomyrtus beckleri"
-29.279427,152.274279,"Archirhodomyrtus beckleri"
-29.279417,152.274273,"Archirhodomyrtus beckleri"
-29.277068,152.369757,"Archirhodomyrtus beckleri"
-29.252399,152.335499,"Archirhodomyrtus beckleri"
-29.252389,152.335493,"Archirhodomyrtus beckleri"
-29.247291,152.366727,"Archirhodomyrtus beckleri"
-29.232971,153.187319,"Archirhodomyrtus beckleri"
-29.190558,152.429497,"Archirhodomyrtus beckleri"
-29.190548,152.42949,"Archirhodomyrtus beckleri"
-29.181465,152.768637,"Archirhodomyrtus beckleri"
-29.181456,152.768629,"Archirhodomyrtus beckleri"
-29.162922,152.74585,"Archirhodomyrtus beckleri"
-29.162912,152.745843,"Archirhodomyrtus beckleri"
-29.156756,152.755017,"Archirhodomyrtus beckleri"
-29.154389,152.768697,"Archirhodomyrtus beckleri"
-29.13824,152.430411,"Archirhodomyrtus beckleri"
-29.117418,152.467616,"Archirhodomyrtus beckleri"
-29.112371,152.455104,"Archirhodomyrtus beckleri"
-29.110173,152.426396,"Archirhodomyrtus beckleri"
-29.093278,152.443753,"Archirhodomyrtus beckleri"
-29.020395,152.682454,"Archirhodomyrtus beckleri"
-28.957002,152.320661,"Archirhodomyrtus beckleri"
-28.927744,153.459019,"Archirhodomyrtus beckleri"
-28.923901,153.43433,"Archirhodomyrtus beckleri"
-28.923773,153.434441,"Archirhodomyrtus beckleri"
-28.922748,153.455037,"Archirhodomyrtus beckleri"
-28.918281,153.457613,"Archirhodomyrtus beckleri"
-28.90432,152.739509,"Archirhodomyrtus beckleri"
-28.898347,153.46985,"Archirhodomyrtus beckleri"
-28.89817,153.462376,"Archirhodomyrtus beckleri"
-28.895333,153.461522,"Archirhodomyrtus beckleri"
-28.895218,153.465707,"Archirhodomyrtus beckleri"
-28.895218,153.465707,"Archirhodomyrtus beckleri"
-28.893682,153.469046,"Archirhodomyrtus beckleri"
-28.893682,153.469046,"Archirhodomyrtus beckleri"
-28.890365,153.469664,"Archirhodomyrtus beckleri"
-28.888281,153.469,"Archirhodomyrtus beckleri"
-28.884869,153.4661,"Archirhodomyrtus beckleri"
-28.877383,153.473809,"Archirhodomyrtus beckleri"
-28.8667,153.5667,"Archirhodomyrtus beckleri"
-28.866667,153.466667,"Archirhodomyrtus beckleri"
-28.864093,152.714481,"Archirhodomyrtus beckleri"
-28.86235,153.475022,"Archirhodomyrtus beckleri"
-28.862293,153.478877,"Archirhodomyrtus beckleri"
-28.81837,153.515658,"Archirhodomyrtus beckleri"
-28.816667,153.266667,"Archirhodomyrtus beckleri"
-28.806257,153.522555,"Archirhodomyrtus beckleri"
-28.8,153.3,"Archirhodomyrtus beckleri"
-28.783477,153.526211,"Archirhodomyrtus beckleri"
-28.766784,153.333957,"Archirhodomyrtus beckleri"
-28.733997,153.437253,"Archirhodomyrtus beckleri"
-28.73271,153.601554,"Archirhodomyrtus beckleri"
-28.726195,153.599049,"Archirhodomyrtus beckleri"
-28.725192,153.599228,"Archirhodomyrtus beckleri"
-28.724862,153.598468,"Archirhodomyrtus beckleri"
-28.72354,153.595245,"Archirhodomyrtus beckleri"
-28.722033,153.597315,"Archirhodomyrtus beckleri"
-28.721685,153.59845,"Archirhodomyrtus beckleri"
-28.721309,153.607929,"Archirhodomyrtus beckleri"
-28.720861,153.59693,"Archirhodomyrtus beckleri"
-28.72019,153.597684,"Archirhodomyrtus beckleri"
-28.719434,153.597239,"Archirhodomyrtus beckleri"
-28.719434,153.597239,"Archirhodomyrtus beckleri"
-28.718985,153.606738,"Archirhodomyrtus beckleri"
-28.718514,153.59901,"Archirhodomyrtus beckleri"
-28.717959,153.606108,"Archirhodomyrtus beckleri"
-28.71782,153.604807,"Archirhodomyrtus beckleri"
-28.715688,153.605358,"Archirhodomyrtus beckleri"
-28.715595,153.603924,"Archirhodomyrtus beckleri"
-28.715595,153.603924,"Archirhodomyrtus beckleri"
-28.715504,153.598077,"Archirhodomyrtus beckleri"
-28.713877,153.604478,"Archirhodomyrtus beckleri"
-28.71347,153.604853,"Archirhodomyrtus beckleri"
-28.712837,153.608986,"Archirhodomyrtus beckleri"
-28.712837,153.608986,"Archirhodomyrtus beckleri"
-28.711998,153.596879,"Archirhodomyrtus beckleri"
-28.711748,153.598281,"Archirhodomyrtus beckleri"
-28.711671,153.599304,"Archirhodomyrtus beckleri"
-28.711671,153.599304,"Archirhodomyrtus beckleri"
-28.711411,153.607063,"Archirhodomyrtus beckleri"
-28.711411,153.607063,"Archirhodomyrtus beckleri"
-28.710145,153.601425,"Archirhodomyrtus beckleri"
-28.710094,153.601496,"Archirhodomyrtus beckleri"
-28.709114,153.608053,"Archirhodomyrtus beckleri"
-28.706993,153.595909,"Archirhodomyrtus beckleri"
-28.706655,153.602818,"Archirhodomyrtus beckleri"
-28.703292,153.600055,"Archirhodomyrtus beckleri"
-28.695372,153.590715,"Archirhodomyrtus beckleri"
-28.690063,153.292745,"Archirhodomyrtus beckleri"
-28.6833,153.2667,"Archirhodomyrtus beckleri"
-28.6833,153.2833,"Archirhodomyrtus beckleri"
-28.67135,153.60471,"Archirhodomyrtus beckleri"
-28.67101,153.60483,"Archirhodomyrtus beckleri"
-28.670969,153.604453,"Archirhodomyrtus beckleri"
-28.670941,153.604719,"Archirhodomyrtus beckleri"
-28.670884,153.605363,"Archirhodomyrtus beckleri"
-28.659172,152.495328,"Archirhodomyrtus beckleri"
-28.645195,153.378887,"Archirhodomyrtus beckleri"
-28.640063,153.326078,"Archirhodomyrtus beckleri"
-28.639595,153.332772,"Archirhodomyrtus beckleri"
-28.638152,153.335214,"Archirhodomyrtus beckleri"
-28.6375,153.366,"Archirhodomyrtus beckleri"
-28.636014,153.356599,"Archirhodomyrtus beckleri"
-28.635675,152.485219,"Archirhodomyrtus beckleri"
-28.635346,153.370245,"Archirhodomyrtus beckleri"
-28.633344,153.358822,"Archirhodomyrtus beckleri"
-28.633333,153.316667,"Archirhodomyrtus beckleri"
-28.633333,153.316667,"Archirhodomyrtus beckleri"
-28.63333,153.31666,"Archirhodomyrtus beckleri"
-28.6333,153.3167,"Archirhodomyrtus beckleri"
-28.633115,153.357753,"Archirhodomyrtus beckleri"
-28.632903,153.38205,"Archirhodomyrtus beckleri"
-28.6315,153.357095,"Archirhodomyrtus beckleri"
-28.631497,153.358118,"Archirhodomyrtus beckleri"
-28.631491,153.360165,"Archirhodomyrtus beckleri"
-28.623993,153.382653,"Archirhodomyrtus beckleri"
-28.623397,153.409411,"Archirhodomyrtus beckleri"
-28.622869,153.38137,"Archirhodomyrtus beckleri"
-28.621799,153.389294,"Archirhodomyrtus beckleri"
-28.621147,153.39697,"Archirhodomyrtus beckleri"
-28.620472,153.397741,"Archirhodomyrtus beckleri"
-28.620258,153.396897,"Archirhodomyrtus beckleri"
-28.619405,153.387722,"Archirhodomyrtus beckleri"
-28.618972,153.392193,"Archirhodomyrtus beckleri"
-28.618468,153.397756,"Archirhodomyrtus beckleri"
-28.616959,153.392849,"Archirhodomyrtus beckleri"
-28.616667,153.4,"Archirhodomyrtus beckleri"
-28.616653,153.431079,"Archirhodomyrtus beckleri"
-28.614567,153.392676,"Archirhodomyrtus beckleri"
-28.613165,153.392517,"Archirhodomyrtus beckleri"
-28.612014,153.316858,"Archirhodomyrtus beckleri"
-28.611625,153.363165,"Archirhodomyrtus beckleri"
-28.610145,153.508603,"Archirhodomyrtus beckleri"
-28.609809,153.374357,"Archirhodomyrtus beckleri"
-28.6071473,153.3652378,"Archirhodomyrtus beckleri"
-28.606222,153.420928,"Archirhodomyrtus beckleri"
-28.604729,153.324275,"Archirhodomyrtus beckleri"
-28.604333,153.374388,"Archirhodomyrtus beckleri"
-28.604139,153.425799,"Archirhodomyrtus beckleri"
-28.599507,153.380809,"Archirhodomyrtus beckleri"
-28.596516,153.346062,"Archirhodomyrtus beckleri"
-28.596357,153.279314,"Archirhodomyrtus beckleri"
-28.595454,153.333451,"Archirhodomyrtus beckleri"
-28.594575,153.367858,"Archirhodomyrtus beckleri"
-28.594086,153.343426,"Archirhodomyrtus beckleri"
-28.593511,153.385603,"Archirhodomyrtus beckleri"
-28.59312,153.376708,"Archirhodomyrtus beckleri"
-28.58997,153.364121,"Archirhodomyrtus beckleri"
-28.589062,153.380538,"Archirhodomyrtus beckleri"
-28.588263,153.321156,"Archirhodomyrtus beckleri"
-28.587547,153.374191,"Archirhodomyrtus beckleri"
-28.584921,153.362059,"Archirhodomyrtus beckleri"
-28.584767,153.388092,"Archirhodomyrtus beckleri"
-28.58464,153.326259,"Archirhodomyrtus beckleri"
-28.583333,153.366667,"Archirhodomyrtus beckleri"
-28.583333,153.3,"Archirhodomyrtus beckleri"
-28.583333,153.25,"Archirhodomyrtus beckleri"
-28.5833,153.3167,"Archirhodomyrtus beckleri"
-28.58324,153.415315,"Archirhodomyrtus beckleri"
-28.582738,153.368187,"Archirhodomyrtus beckleri"
-28.582736,153.368698,"Archirhodomyrtus beckleri"
-28.582011,153.413567,"Archirhodomyrtus beckleri"
-28.58173,153.417745,"Archirhodomyrtus beckleri"
-28.58173,153.417745,"Archirhodomyrtus beckleri"
-28.58173,153.417745,"Archirhodomyrtus beckleri"
-28.58173,153.417745,"Archirhodomyrtus beckleri"
-28.58173,153.417745,"Archirhodomyrtus beckleri"
-28.58173,153.084411,"Archirhodomyrtus beckleri"
-28.58173,153.417745,"Archirhodomyrtus beckleri"
-28.580912,153.37585,"Archirhodomyrtus beckleri"
-28.57981,153.331078,"Archirhodomyrtus beckleri"
-28.5793693,153.3713495,"Archirhodomyrtus beckleri"
-28.578654,153.307316,"Archirhodomyrtus beckleri"
-28.5785,153.349255,"Archirhodomyrtus beckleri"
-28.575105,153.404106,"Archirhodomyrtus beckleri"
-28.574704,153.329295,"Archirhodomyrtus beckleri"
-28.57469,153.339119,"Archirhodomyrtus beckleri"
-28.573397,153.342745,"Archirhodomyrtus beckleri"
-28.572867,153.342071,"Archirhodomyrtus beckleri"
-28.571083,153.438395,"Archirhodomyrtus beckleri"
-28.571065,153.438088,"Archirhodomyrtus beckleri"
-28.570883,153.345139,"Archirhodomyrtus beckleri"
-28.570883,153.409172,"Archirhodomyrtus beckleri"
-28.570393,153.438331,"Archirhodomyrtus beckleri"
-28.569751,153.416519,"Archirhodomyrtus beckleri"
-28.569147,153.353569,"Archirhodomyrtus beckleri"
-28.56847,153.292467,"Archirhodomyrtus beckleri"
-28.568318,153.359957,"Archirhodomyrtus beckleri"
-28.567992,153.309037,"Archirhodomyrtus beckleri"
-28.566262,153.314159,"Archirhodomyrtus beckleri"
-28.564605,153.374258,"Archirhodomyrtus beckleri"
-28.564456,153.314409,"Archirhodomyrtus beckleri"
-28.564134,153.313151,"Archirhodomyrtus beckleri"
-28.5621,153.315454,"Archirhodomyrtus beckleri"
-28.561844,153.315792,"Archirhodomyrtus beckleri"
-28.561329,153.316169,"Archirhodomyrtus beckleri"
-28.561128,153.386621,"Archirhodomyrtus beckleri"
-28.560117,153.314017,"Archirhodomyrtus beckleri"
-28.558475,153.403286,"Archirhodomyrtus beckleri"
-28.557826,153.379637,"Archirhodomyrtus beckleri"
-28.556727,153.509402,"Archirhodomyrtus beckleri"
-28.556349,153.407264,"Archirhodomyrtus beckleri"
-28.556296,153.404043,"Archirhodomyrtus beckleri"
-28.555393,153.384658,"Archirhodomyrtus beckleri"
-28.554623,153.411019,"Archirhodomyrtus beckleri"
-28.551982,153.407183,"Archirhodomyrtus beckleri"
-28.551253,153.326163,"Archirhodomyrtus beckleri"
-28.55,153.5,"Archirhodomyrtus beckleri"
-28.549513,153.297534,"Archirhodomyrtus beckleri"
-28.549229,153.403842,"Archirhodomyrtus beckleri"
-28.549,153.432,"Archirhodomyrtus beckleri"
-28.547054,153.350791,"Archirhodomyrtus beckleri"
-28.542262,153.291405,"Archirhodomyrtus beckleri"
-28.541742,153.301601,"Archirhodomyrtus beckleri"
-28.541506,153.509668,"Archirhodomyrtus beckleri"
-28.54052,153.357288,"Archirhodomyrtus beckleri"
-28.538937,153.291688,"Archirhodomyrtus beckleri"
-28.534869,153.507699,"Archirhodomyrtus beckleri"
-28.534867,153.435262,"Archirhodomyrtus beckleri"
-28.534867,153.435262,"Archirhodomyrtus beckleri"
-28.534867,153.435262,"Archirhodomyrtus beckleri"
-28.5333,153.4833,"Archirhodomyrtus beckleri"
-28.533288,153.379002,"Archirhodomyrtus beckleri"
-28.530217,153.291687,"Archirhodomyrtus beckleri"
-28.528709,153.376666,"Archirhodomyrtus beckleri"
-28.527376,153.533859,"Archirhodomyrtus beckleri"
-28.525724,152.584882,"Archirhodomyrtus beckleri"
-28.525422,153.452972,"Archirhodomyrtus beckleri"
-28.523838,153.453247,"Archirhodomyrtus beckleri"
-28.523697,153.453138,"Archirhodomyrtus beckleri"
-28.523417,153.354367,"Archirhodomyrtus beckleri"
-28.52276,152.57483,"Archirhodomyrtus beckleri"
-28.522611,153.511424,"Archirhodomyrtus beckleri"
-28.522481,153.510856,"Archirhodomyrtus beckleri"
-28.52179,153.527175,"Archirhodomyrtus beckleri"
-28.52179,153.527175,"Archirhodomyrtus beckleri"
-28.52179,153.527175,"Archirhodomyrtus beckleri"
-28.520243,153.359275,"Archirhodomyrtus beckleri"
-28.519834,153.489555,"Archirhodomyrtus beckleri"
-28.519526,152.565489,"Archirhodomyrtus beckleri"
-28.519047,153.49063,"Archirhodomyrtus beckleri"
-28.517847,153.45374,"Archirhodomyrtus beckleri"
-28.517847,153.45374,"Archirhodomyrtus beckleri"
-28.516781,153.390952,"Archirhodomyrtus beckleri"
-28.516331,153.390439,"Archirhodomyrtus beckleri"
-28.516038,153.526682,"Archirhodomyrtus beckleri"
-28.515904,153.522976,"Archirhodomyrtus beckleri"
-28.515804,153.523404,"Archirhodomyrtus beckleri"
-28.515776,153.454835,"Archirhodomyrtus beckleri"
-28.515776,153.454835,"Archirhodomyrtus beckleri"
-28.51576,153.524065,"Archirhodomyrtus beckleri"
-28.515659,152.705206,"Archirhodomyrtus beckleri"
-28.515502,153.524182,"Archirhodomyrtus beckleri"
-28.515157,153.524017,"Archirhodomyrtus beckleri"
-28.514901,153.524134,"Archirhodomyrtus beckleri"
-28.514828,153.524844,"Archirhodomyrtus beckleri"
-28.514664,153.181775,"Archirhodomyrtus beckleri"
-28.514557,153.524442,"Archirhodomyrtus beckleri"
-28.512064,153.4474,"Archirhodomyrtus beckleri"
-28.508488,153.459581,"Archirhodomyrtus beckleri"
-28.507548,152.711359,"Archirhodomyrtus beckleri"
-28.507351,153.461712,"Archirhodomyrtus beckleri"
-28.507215,153.461634,"Archirhodomyrtus beckleri"
-28.507155,153.46137,"Archirhodomyrtus beckleri"
-28.506923,153.461322,"Archirhodomyrtus beckleri"
-28.506904,153.372266,"Archirhodomyrtus beckleri"
-28.506657,153.461958,"Archirhodomyrtus beckleri"
-28.504615,153.436772,"Archirhodomyrtus beckleri"
-28.504308,153.471381,"Archirhodomyrtus beckleri"
-28.504255,153.471126,"Archirhodomyrtus beckleri"
-28.503038,153.438952,"Archirhodomyrtus beckleri"
-28.500661,153.44542,"Archirhodomyrtus beckleri"
-28.50039,153.442548,"Archirhodomyrtus beckleri"
-28.50039,153.442548,"Archirhodomyrtus beckleri"
-28.498614,153.463983,"Archirhodomyrtus beckleri"
-28.498394,153.501069,"Archirhodomyrtus beckleri"
-28.497836,153.445286,"Archirhodomyrtus beckleri"
-28.497836,153.445286,"Archirhodomyrtus beckleri"
-28.495592,153.444163,"Archirhodomyrtus beckleri"
-28.495586,153.443151,"Archirhodomyrtus beckleri"
-28.495586,153.443151,"Archirhodomyrtus beckleri"
-28.495039,153.471676,"Archirhodomyrtus beckleri"
-28.494856,153.540142,"Archirhodomyrtus beckleri"
-28.493855,153.503601,"Archirhodomyrtus beckleri"
-28.49249,153.497064,"Archirhodomyrtus beckleri"
-28.491931,153.499698,"Archirhodomyrtus beckleri"
-28.4917,153.5167,"Archirhodomyrtus beckleri"
-28.491667,153.516667,"Archirhodomyrtus beckleri"
-28.489706,153.474024,"Archirhodomyrtus beckleri"
-28.485476,153.471637,"Archirhodomyrtus beckleri"
-28.485476,153.471637,"Archirhodomyrtus beckleri"
-28.482561,153.431879,"Archirhodomyrtus beckleri"
-28.479959,153.429887,"Archirhodomyrtus beckleri"
-28.479959,153.429887,"Archirhodomyrtus beckleri"
-28.4798,153.444367,"Archirhodomyrtus beckleri"
-28.479676,153.430703,"Archirhodomyrtus beckleri"
-28.478341,153.535357,"Archirhodomyrtus beckleri"
-28.477914,153.511347,"Archirhodomyrtus beckleri"
-28.477897,153.51182,"Archirhodomyrtus beckleri"
-28.477897,153.51182,"Archirhodomyrtus beckleri"
-28.477629,153.511683,"Archirhodomyrtus beckleri"
-28.477629,153.511683,"Archirhodomyrtus beckleri"
-28.477044,153.289703,"Archirhodomyrtus beckleri"
-28.476855,153.511057,"Archirhodomyrtus beckleri"
-28.47659,153.182905,"Archirhodomyrtus beckleri"
-28.476337,153.509501,"Archirhodomyrtus beckleri"
-28.476337,153.509501,"Archirhodomyrtus beckleri"
-28.476337,153.509501,"Archirhodomyrtus beckleri"
-28.476337,153.509501,"Archirhodomyrtus beckleri"
-28.47621,153.509787,"Archirhodomyrtus beckleri"
-28.47621,153.509787,"Archirhodomyrtus beckleri"
-28.476152,153.173199,"Archirhodomyrtus beckleri"
-28.476116,153.508376,"Archirhodomyrtus beckleri"
-28.476116,153.508376,"Archirhodomyrtus beckleri"
-28.475986,153.50877,"Archirhodomyrtus beckleri"
-28.475885,153.508341,"Archirhodomyrtus beckleri"
-28.475672,153.508844,"Archirhodomyrtus beckleri"
-28.475672,153.508844,"Archirhodomyrtus beckleri"
-28.475672,153.508844,"Archirhodomyrtus beckleri"
-28.475568,153.508558,"Archirhodomyrtus beckleri"
-28.475541,153.508936,"Archirhodomyrtus beckleri"
-28.473158,153.219941,"Archirhodomyrtus beckleri"
-28.472694,153.380752,"Archirhodomyrtus beckleri"
-28.47255,153.513324,"Archirhodomyrtus beckleri"
-28.47154,152.395294,"Archirhodomyrtus beckleri"
-28.471445,153.201254,"Archirhodomyrtus beckleri"
-28.471082,153.524804,"Archirhodomyrtus beckleri"
-28.470773,153.373758,"Archirhodomyrtus beckleri"
-28.464421,153.30779,"Archirhodomyrtus beckleri"
-28.460396,153.213306,"Archirhodomyrtus beckleri"
-28.459544,153.497341,"Archirhodomyrtus beckleri"
-28.45758,153.497552,"Archirhodomyrtus beckleri"
-28.45755,153.497515,"Archirhodomyrtus beckleri"
-28.456738,152.642745,"Archirhodomyrtus beckleri"
-28.453522,153.301477,"Archirhodomyrtus beckleri"
-28.453183,153.128733,"Archirhodomyrtus beckleri"
-28.45,152.633333,"Archirhodomyrtus beckleri"
-28.439968,153.306664,"Archirhodomyrtus beckleri"
-28.43924,153.302447,"Archirhodomyrtus beckleri"
-28.436763,153.445214,"Archirhodomyrtus beckleri"
-28.435849,153.497328,"Archirhodomyrtus beckleri"
-28.435801,153.497367,"Archirhodomyrtus beckleri"
-28.435799,153.497356,"Archirhodomyrtus beckleri"
-28.435777,153.497325,"Archirhodomyrtus beckleri"
-28.435755,153.497259,"Archirhodomyrtus beckleri"
-28.435753,153.496809,"Archirhodomyrtus beckleri"
-28.435726,153.461638,"Archirhodomyrtus beckleri"
-28.435726,153.461638,"Archirhodomyrtus beckleri"
-28.435567,153.494939,"Archirhodomyrtus beckleri"
-28.430829,153.438037,"Archirhodomyrtus beckleri"
-28.430736,153.438123,"Archirhodomyrtus beckleri"
-28.430736,153.438123,"Archirhodomyrtus beckleri"
-28.429608,153.205964,"Archirhodomyrtus beckleri"
-28.4283,153.348549,"Archirhodomyrtus beckleri"
-28.4283,153.348549,"Archirhodomyrtus beckleri"
-28.4283,153.348549,"Archirhodomyrtus beckleri"
-28.426906,153.208092,"Archirhodomyrtus beckleri"
-28.418749,153.510994,"Archirhodomyrtus beckleri"
-28.4167,153.4667,"Archirhodomyrtus beckleri"
-28.416667,153.466667,"Archirhodomyrtus beckleri"
-28.415071,152.751078,"Archirhodomyrtus beckleri"
-28.415067,153.417737,"Archirhodomyrtus beckleri"
-28.415067,153.417737,"Archirhodomyrtus beckleri"
-28.410771,153.525563,"Archirhodomyrtus beckleri"
-28.410771,153.525563,"Archirhodomyrtus beckleri"
-28.409239,153.522554,"Archirhodomyrtus beckleri"
-28.40771,153.534487,"Archirhodomyrtus beckleri"
-28.407104,153.229064,"Archirhodomyrtus beckleri"
-28.405921,153.526417,"Archirhodomyrtus beckleri"
-28.405689,153.525538,"Archirhodomyrtus beckleri"
-28.404945,153.45899,"Archirhodomyrtus beckleri"
-28.403729,153.533999,"Archirhodomyrtus beckleri"
-28.403656,153.533721,"Archirhodomyrtus beckleri"
-28.403486,153.532316,"Archirhodomyrtus beckleri"
-28.400825,153.411671,"Archirhodomyrtus beckleri"
-28.40021,153.534221,"Archirhodomyrtus beckleri"
-28.398902,153.222584,"Archirhodomyrtus beckleri"
-28.392747,153.232779,"Archirhodomyrtus beckleri"
-28.391893,153.316316,"Archirhodomyrtus beckleri"
-28.391845,153.316303,"Archirhodomyrtus beckleri"
-28.391077,153.321161,"Archirhodomyrtus beckleri"
-28.390054,153.321827,"Archirhodomyrtus beckleri"
-28.388683,153.52008,"Archirhodomyrtus beckleri"
-28.3886,153.5197,"Archirhodomyrtus beckleri"
-28.388513,153.323299,"Archirhodomyrtus beckleri"
-28.387234,153.537388,"Archirhodomyrtus beckleri"
-28.387022,153.520783,"Archirhodomyrtus beckleri"
-28.386111,152.630556,"Archirhodomyrtus beckleri"
-28.385594,153.511205,"Archirhodomyrtus beckleri"
-28.385594,153.511205,"Archirhodomyrtus beckleri"
-28.384183,153.450557,"Archirhodomyrtus beckleri"
-28.381395,153.511478,"Archirhodomyrtus beckleri"
-28.377693,153.109008,"Archirhodomyrtus beckleri"
-28.370898,152.76531,"Archirhodomyrtus beckleri"
-28.370898,152.76531,"Archirhodomyrtus beckleri"
-28.370421,153.407282,"Archirhodomyrtus beckleri"
-28.369883,152.762598,"Archirhodomyrtus beckleri"
-28.36711,152.761522,"Archirhodomyrtus beckleri"
-28.366667,152.766667,"Archirhodomyrtus beckleri"
-28.363503,153.218715,"Archirhodomyrtus beckleri"
-28.363503,153.218715,"Archirhodomyrtus beckleri"
-28.357035,153.242988,"Archirhodomyrtus beckleri"
-28.352918,152.812288,"Archirhodomyrtus beckleri"
-28.352596,153.47088,"Archirhodomyrtus beckleri"
-28.352596,153.47088,"Archirhodomyrtus beckleri"
-28.352556,153.25409,"Archirhodomyrtus beckleri"
-28.350949,153.500045,"Archirhodomyrtus beckleri"
-28.346616,153.256878,"Archirhodomyrtus beckleri"
-28.340999,153.237729,"Archirhodomyrtus beckleri"
-28.339405,153.368277,"Archirhodomyrtus beckleri"
-28.338561,153.363676,"Archirhodomyrtus beckleri"
-28.33642,153.243491,"Archirhodomyrtus beckleri"
-28.33642,153.243491,"Archirhodomyrtus beckleri"
-28.33318,152.83589,"Archirhodomyrtus beckleri"
-28.33292,153.54429,"Archirhodomyrtus beckleri"
-28.33213,153.54458,"Archirhodomyrtus beckleri"
-28.322538,152.829306,"Archirhodomyrtus beckleri"
-28.322265,152.842945,"Archirhodomyrtus beckleri"
-28.320865,152.841213,"Archirhodomyrtus beckleri"
-28.320702,152.841865,"Archirhodomyrtus beckleri"
-28.320269,152.835125,"Archirhodomyrtus beckleri"
-28.318904,152.843829,"Archirhodomyrtus beckleri"
-28.31673,152.846,"Archirhodomyrtus beckleri"
-28.316667,153.4,"Archirhodomyrtus beckleri"
-28.316109,153.475648,"Archirhodomyrtus beckleri"
-28.316109,153.475648,"Archirhodomyrtus beckleri"
-28.31463,153.475213,"Archirhodomyrtus beckleri"
-28.314194,153.506993,"Archirhodomyrtus beckleri"
-28.31411,153.474333,"Archirhodomyrtus beckleri"
-28.313886,153.473639,"Archirhodomyrtus beckleri"
-28.312813,153.142099,"Archirhodomyrtus beckleri"
-28.312724,153.277706,"Archirhodomyrtus beckleri"
-28.311186,153.277196,"Archirhodomyrtus beckleri"
-28.311186,153.277196,"Archirhodomyrtus beckleri"
-28.310396,153.341842,"Archirhodomyrtus beckleri"
-28.309616,153.27811,"Archirhodomyrtus beckleri"
-28.309573,153.361137,"Archirhodomyrtus beckleri"
-28.308655,153.513362,"Archirhodomyrtus beckleri"
-28.308655,153.513362,"Archirhodomyrtus beckleri"
-28.307477,153.361538,"Archirhodomyrtus beckleri"
-28.306623,153.356843,"Archirhodomyrtus beckleri"
-28.298831,153.502434,"Archirhodomyrtus beckleri"
-28.279681,153.268916,"Archirhodomyrtus beckleri"
-28.279469,153.23346,"Archirhodomyrtus beckleri"
-28.278284,153.26932,"Archirhodomyrtus beckleri"
-28.277722,153.170972,"Archirhodomyrtus beckleri"
-28.27771,153.1713,"Archirhodomyrtus beckleri"
-28.2767,153.271355,"Archirhodomyrtus beckleri"
-28.275351,153.271944,"Archirhodomyrtus beckleri"
-28.275108,153.526191,"Archirhodomyrtus beckleri"
-28.274166,153.328377,"Archirhodomyrtus beckleri"
-28.273497,153.393224,"Archirhodomyrtus beckleri"
-28.26798,153.157618,"Archirhodomyrtus beckleri"
-28.261111,153.447222,"Archirhodomyrtus beckleri"
-28.260077,153.320539,"Archirhodomyrtus beckleri"
-28.259807,153.401194,"Archirhodomyrtus beckleri"
-28.259767,153.320615,"Archirhodomyrtus beckleri"
-28.259713,153.320683,"Archirhodomyrtus beckleri"
-28.259362,153.213859,"Archirhodomyrtus beckleri"
-28.258333,153.225,"Archirhodomyrtus beckleri"
-28.257639,153.291544,"Archirhodomyrtus beckleri"
-28.255292,153.346945,"Archirhodomyrtus beckleri"
-28.253762,153.441279,"Archirhodomyrtus beckleri"
-28.25369,153.443241,"Archirhodomyrtus beckleri"
-28.253611,153.215833,"Archirhodomyrtus beckleri"
-28.25331,153.441823,"Archirhodomyrtus beckleri"
-28.253219,153.381824,"Archirhodomyrtus beckleri"
-28.253135,153.443704,"Archirhodomyrtus beckleri"
-28.25304,153.44146,"Archirhodomyrtus beckleri"
-28.253,153.441,"Archirhodomyrtus beckleri"
-28.25279,153.44357,"Archirhodomyrtus beckleri"
-28.251996,153.444254,"Archirhodomyrtus beckleri"
-28.251682,153.444476,"Archirhodomyrtus beckleri"
-28.248401,153.417737,"Archirhodomyrtus beckleri"
-28.248401,153.25107,"Archirhodomyrtus beckleri"
-28.248401,153.25107,"Archirhodomyrtus beckleri"
-28.248401,153.417737,"Archirhodomyrtus beckleri"
-28.247863,153.372009,"Archirhodomyrtus beckleri"
-28.247778,153.138056,"Archirhodomyrtus beckleri"
-28.24602,153.444899,"Archirhodomyrtus beckleri"
-28.245528,153.402919,"Archirhodomyrtus beckleri"
-28.242224,153.263894,"Archirhodomyrtus beckleri"
-28.24036,153.354317,"Archirhodomyrtus beckleri"
-28.240285,153.354418,"Archirhodomyrtus beckleri"
-28.24005,153.29274,"Archirhodomyrtus beckleri"
-28.239786,153.267578,"Archirhodomyrtus beckleri"
-28.239786,153.2676,"Archirhodomyrtus beckleri"
-28.239748,153.26762,"Archirhodomyrtus beckleri"
-28.239689,153.267756,"Archirhodomyrtus beckleri"
-28.2375,153.268056,"Archirhodomyrtus beckleri"
-28.23667,153.354662,"Archirhodomyrtus beckleri"
-28.236111,153.327778,"Archirhodomyrtus beckleri"
-28.235747,153.373633,"Archirhodomyrtus beckleri"
-28.235163,153.356705,"Archirhodomyrtus beckleri"
-28.23478,153.35663,"Archirhodomyrtus beckleri"
-28.23478,153.35663,"Archirhodomyrtus beckleri"
-28.234685,153.373875,"Archirhodomyrtus beckleri"
-28.234663,153.288955,"Archirhodomyrtus beckleri"
-28.234589,153.289192,"Archirhodomyrtus beckleri"
-28.233333,153.316667,"Archirhodomyrtus beckleri"
-28.2333,153.2667,"Archirhodomyrtus beckleri"
-28.230278,153.1975,"Archirhodomyrtus beckleri"
-28.22693,153.37056,"Archirhodomyrtus beckleri"
-28.225,153.191667,"Archirhodomyrtus beckleri"
-28.22339,153.29274,"Archirhodomyrtus beckleri"
-28.222418,153.37011,"Archirhodomyrtus beckleri"
-28.217804,153.32164,"Archirhodomyrtus beckleri"
-28.21721,153.37973,"Archirhodomyrtus beckleri"
-28.216749,153.322419,"Archirhodomyrtus beckleri"
-28.2167,153.1833,"Archirhodomyrtus beckleri"
-28.2167,153.2833,"Archirhodomyrtus beckleri"
-28.21667,153.18333,"Archirhodomyrtus beckleri"
-28.216667,153.183333,"Archirhodomyrtus beckleri"
-28.216667,153.183333,"Archirhodomyrtus beckleri"
-28.216307,153.386932,"Archirhodomyrtus beckleri"
-28.216,153.261,"Archirhodomyrtus beckleri"
-28.215345,153.322737,"Archirhodomyrtus beckleri"
-28.2152812,153.1841974,"Archirhodomyrtus beckleri"
-28.21394,153.3233,"Archirhodomyrtus beckleri"
-28.2136,153.38501,"Archirhodomyrtus beckleri"
-28.213142,153.386213,"Archirhodomyrtus beckleri"
-28.212901,153.461826,"Archirhodomyrtus beckleri"
-28.212198,153.385404,"Archirhodomyrtus beckleri"
-28.211461,153.269816,"Archirhodomyrtus beckleri"
-28.208746,153.461955,"Archirhodomyrtus beckleri"
-28.208333,153.358333,"Archirhodomyrtus beckleri"
-28.2078,153.461692,"Archirhodomyrtus beckleri"
-28.20644,153.33413,"Archirhodomyrtus beckleri"
-28.20492,153.334994,"Archirhodomyrtus beckleri"
-28.20477,153.29381,"Archirhodomyrtus beckleri"
-28.200936,153.256559,"Archirhodomyrtus beckleri"
-28.199032,153.500755,"Archirhodomyrtus beckleri"
-28.197946,153.40403,"Archirhodomyrtus beckleri"
-28.191111,153.271111,"Archirhodomyrtus beckleri"
-28.189969,153.270002,"Archirhodomyrtus beckleri"
-28.18982,153.42592,"Archirhodomyrtus beckleri"
-28.188964,153.272877,"Archirhodomyrtus beckleri"
-28.18787,153.272767,"Archirhodomyrtus beckleri"
-28.18765,153.42468,"Archirhodomyrtus beckleri"
-28.186437,153.421868,"Archirhodomyrtus beckleri"
-28.184922,153.496247,"Archirhodomyrtus beckleri"
-28.183333,153.3,"Archirhodomyrtus beckleri"
-28.182978,153.497958,"Archirhodomyrtus beckleri"
-28.182503,153.496164,"Archirhodomyrtus beckleri"
-28.181944,153.499573,"Archirhodomyrtus beckleri"
-28.181944,153.499573,"Archirhodomyrtus beckleri"
-28.180574,153.430127,"Archirhodomyrtus beckleri"
-28.178666,153.440942,"Archirhodomyrtus beckleri"
-28.178237,153.440745,"Archirhodomyrtus beckleri"
-28.178139,153.440668,"Archirhodomyrtus beckleri"
-28.178078,153.440439,"Archirhodomyrtus beckleri"
-28.178066,153.440759,"Archirhodomyrtus beckleri"
-28.17673,153.443663,"Archirhodomyrtus beckleri"
-28.175115,153.443403,"Archirhodomyrtus beckleri"
-28.174685,153.443633,"Archirhodomyrtus beckleri"
-28.174198,153.365722,"Archirhodomyrtus beckleri"
-28.174134,153.365654,"Archirhodomyrtus beckleri"
-28.173904,153.443774,"Archirhodomyrtus beckleri"
-28.173876,153.443723,"Archirhodomyrtus beckleri"
-28.173486,153.443619,"Archirhodomyrtus beckleri"
-28.173267,153.364897,"Archirhodomyrtus beckleri"
-28.172062,153.306671,"Archirhodomyrtus beckleri"
-28.167028,153.392975,"Archirhodomyrtus beckleri"
-28.166536,153.378662,"Archirhodomyrtus beckleri"
-28.166175,153.37822,"Archirhodomyrtus beckleri"
-28.16617,153.39659,"Archirhodomyrtus beckleri"
-28.166105,153.378678,"Archirhodomyrtus beckleri"
-28.16591,153.39764,"Archirhodomyrtus beckleri"
-28.165784,153.396659,"Archirhodomyrtus beckleri"
-28.164722,153.31,"Archirhodomyrtus beckleri"
-28.162932,153.31068,"Archirhodomyrtus beckleri"
-28.156894,153.425827,"Archirhodomyrtus beckleri"
-28.156319,153.426285,"Archirhodomyrtus beckleri"
-28.133823,153.468926,"Archirhodomyrtus beckleri"
-28.105588,153.26341,"Archirhodomyrtus beckleri"
-28.096275,153.391586,"Archirhodomyrtus beckleri"
-28.089895,153.309837,"Archirhodomyrtus beckleri"
-28.054628,153.300198,"Archirhodomyrtus beckleri"
-28.054518,153.29782,"Archirhodomyrtus beckleri"
-28.04005,153.24274,"Archirhodomyrtus beckleri"
-28.011337,153.306236,"Archirhodomyrtus beckleri"
-27.91495,153.219969,"Archirhodomyrtus beckleri"
-27.913988,153.220431,"Archirhodomyrtus beckleri"
-27.913914,153.220506,"Archirhodomyrtus beckleri"
-27.913885,153.220577,"Archirhodomyrtus beckleri"
-27.910829,153.199138,"Archirhodomyrtus beckleri"
-27.910829,153.199138,"Archirhodomyrtus beckleri"
-27.875944,153.254222,"Archirhodomyrtus beckleri"
-27.853146,153.232769,"Archirhodomyrtus beckleri"
-27.852976,153.233773,"Archirhodomyrtus beckleri"
-26.87011,152.77395,"Archirhodomyrtus beckleri"
-26.87011,152.77395,"Archirhodomyrtus beckleri"
-26.8473,152.693814,"Archirhodomyrtus beckleri"
-26.844159,152.744835,"Archirhodomyrtus beckleri"
-26.83252,152.707016,"Archirhodomyrtus beckleri"
-26.827008,152.789777,"Archirhodomyrtus beckleri"
-26.826633,152.717743,"Archirhodomyrtus beckleri"
-26.823745,152.920332,"Archirhodomyrtus beckleri"
-26.822554,152.88765,"Archirhodomyrtus beckleri"
-26.822223,152.88787,"Archirhodomyrtus beckleri"
-26.822071,152.888489,"Archirhodomyrtus beckleri"
-26.82171,152.89051,"Archirhodomyrtus beckleri"
-26.804262,152.917813,"Archirhodomyrtus beckleri"
-26.77663,152.877034,"Archirhodomyrtus beckleri"
-26.75467,153.010197,"Archirhodomyrtus beckleri"
-26.721438,153.019588,"Archirhodomyrtus beckleri"
-26.720029,153.015449,"Archirhodomyrtus beckleri"
-26.71927,152.61468,"Archirhodomyrtus beckleri"
-26.718969,153.016906,"Archirhodomyrtus beckleri"
-26.713639,152.952528,"Archirhodomyrtus beckleri"
-26.7109,152.59245,"Archirhodomyrtus beckleri"
-26.706955,152.882365,"Archirhodomyrtus beckleri"
-26.70541,152.57411,"Archirhodomyrtus beckleri"
-26.69834,152.58841,"Archirhodomyrtus beckleri"
-26.693599,153.015836,"Archirhodomyrtus beckleri"
-26.689703,153.057701,"Archirhodomyrtus beckleri"
-26.681722,153.014121,"Archirhodomyrtus beckleri"
-26.671422,152.869003,"Archirhodomyrtus beckleri"
-26.667,152.61215,"Archirhodomyrtus beckleri"
-26.643116,152.949033,"Archirhodomyrtus beckleri"
-26.630273,152.841762,"Archirhodomyrtus beckleri"
-26.598709,153.011948,"Archirhodomyrtus beckleri"
-26.585067,152.985795,"Archirhodomyrtus beckleri"
-26.555309,152.875174,"Archirhodomyrtus beckleri"
-26.554286,152.985314,"Archirhodomyrtus beckleri"
-26.553931,152.984285,"Archirhodomyrtus beckleri"
-26.543639,152.926334,"Archirhodomyrtus beckleri"
-26.51868,152.94385,"Archirhodomyrtus beckleri"
-26.50589,153.00384,"Archirhodomyrtus beckleri"
-26.497004,152.8228,"Archirhodomyrtus beckleri"
-26.496719,152.823395,"Archirhodomyrtus beckleri"
-26.49297,152.98339,"Archirhodomyrtus beckleri"
-26.492674,152.981678,"Archirhodomyrtus beckleri"
-26.4667,152.95,"Archirhodomyrtus beckleri"
-26.45919,152.86501,"Archirhodomyrtus beckleri"
-26.45869,152.87811,"Archirhodomyrtus beckleri"
-26.4481,152.9719,"Archirhodomyrtus beckleri"
-26.446464,152.973004,"Archirhodomyrtus beckleri"
-26.44642,152.97276,"Archirhodomyrtus beckleri"
-26.44642,152.97276,"Archirhodomyrtus beckleri"
-26.446389,152.972778,"Archirhodomyrtus beckleri"
-26.44629,152.91661,"Archirhodomyrtus beckleri"
-26.44129,152.90321,"Archirhodomyrtus beckleri"
-26.440075,152.92606,"Archirhodomyrtus beckleri"
-26.43829,152.85521,"Archirhodomyrtus beckleri"
-26.43819,152.89701,"Archirhodomyrtus beckleri"
-26.42739,152.81381,"Archirhodomyrtus beckleri"
-26.425,152.925,"Archirhodomyrtus beckleri"
-26.423409,152.92606,"Archirhodomyrtus beckleri"
-26.42019,152.86451,"Archirhodomyrtus beckleri"
-26.41689,152.84191,"Archirhodomyrtus beckleri"
-26.4167,152.9167,"Archirhodomyrtus beckleri"
-26.415075,152.917726,"Archirhodomyrtus beckleri"
-26.415075,152.917726,"Archirhodomyrtus beckleri"
-26.415075,152.917726,"Archirhodomyrtus beckleri"
-26.40289,152.86971,"Archirhodomyrtus beckleri"
-26.40139,152.85581,"Archirhodomyrtus beckleri"
-26.379666,152.860012,"Archirhodomyrtus beckleri"
-26.36109,152.81471,"Archirhodomyrtus beckleri"
-26.33309,152.91641,"Archirhodomyrtus beckleri"
-26.32265,152.864,"Archirhodomyrtus beckleri"
-26.322634,152.863464,"Archirhodomyrtus beckleri"
-26.322585,152.863429,"Archirhodomyrtus beckleri"
-26.322258,152.86343,"Archirhodomyrtus beckleri"
-26.322258,152.86343,"Archirhodomyrtus beckleri"
-26.31743,152.87576,"Archirhodomyrtus beckleri"
-26.312298,152.875504,"Archirhodomyrtus beckleri"
-26.31029,152.83681,"Archirhodomyrtus beckleri"
-26.30779,152.80596,"Archirhodomyrtus beckleri"
-26.30629,152.89211,"Archirhodomyrtus beckleri"
-26.30302,152.89102,"Archirhodomyrtus beckleri"
-26.302778,152.891389,"Archirhodomyrtus beckleri"
-26.30059,152.84401,"Archirhodomyrtus beckleri"
-26.3,152.8833,"Archirhodomyrtus beckleri"
-26.29879,152.84281,"Archirhodomyrtus beckleri"
-26.28982,152.88655,"Archirhodomyrtus beckleri"
-26.28439,152.95011,"Archirhodomyrtus beckleri"
-26.28439,152.95021,"Archirhodomyrtus beckleri"
-26.263674,152.83548,"Archirhodomyrtus beckleri"
-26.248409,152.917726,"Archirhodomyrtus beckleri"
-26.24399,152.89471,"Archirhodomyrtus beckleri"
-26.23989,152.87781,"Archirhodomyrtus beckleri"
-26.21569,152.93671,"Archirhodomyrtus beckleri"
-26.21471,152.88473,"Archirhodomyrtus beckleri"
-26.21449,152.88651,"Archirhodomyrtus beckleri"
-26.204482,152.908473,"Archirhodomyrtus beckleri"
-26.204392,152.914397,"Archirhodomyrtus beckleri"
-26.203799,152.911116,"Archirhodomyrtus beckleri"
-26.20319,152.911638,"Archirhodomyrtus beckleri"
-26.193889,152.947222,"Archirhodomyrtus beckleri"
-26.12034,153.09078,"Archirhodomyrtus beckleri"
-26.1,153.0833,"Archirhodomyrtus beckleri"
-25.2486189,153.167514,"Archirhodomyrtus beckleri"
-21.60333,148.97222,"Archirhodomyrtus beckleri"
-21.27,148.533611,"Archirhodomyrtus beckleri"
-21.25,148.5333,"Archirhodomyrtus beckleri"
-21.25,148.91667,"Archirhodomyrtus beckleri"
-21.248437,148.584422,"Archirhodomyrtus beckleri"
-21.184444,148.539722,"Archirhodomyrtus beckleri"
-21.183333,148.533333,"Archirhodomyrtus beckleri"
-21.1833,148.5333,"Archirhodomyrtus beckleri"
-21.1833,148.5333,"Archirhodomyrtus beckleri"
-21.182924,148.540918,"Archirhodomyrtus beckleri"
-21.1667,148.5833,"Archirhodomyrtus beckleri"
-21.14518,148.49951,"Archirhodomyrtus beckleri"
-21.14498,148.49928,"Archirhodomyrtus beckleri"
-21.144765,148.500115,"Archirhodomyrtus beckleri"
-21.14473,148.49998,"Archirhodomyrtus beckleri"
-21.14467,148.50012,"Archirhodomyrtus beckleri"
-21.132105,148.48787,"Archirhodomyrtus beckleri"
-21.123437,148.526089,"Archirhodomyrtus beckleri"
-21.108611,148.519167,"Archirhodomyrtus beckleri"
-21.10861,148.51917,"Archirhodomyrtus beckleri"
-21.1086,148.5192,"Archirhodomyrtus beckleri"
-21.107472,148.520167,"Archirhodomyrtus beckleri"
-21.107048,148.520255,"Archirhodomyrtus beckleri"
-21.10703,148.5201,"Archirhodomyrtus beckleri"
-21.10687,148.52011,"Archirhodomyrtus beckleri"
-21.090103,148.526089,"Archirhodomyrtus beckleri"
-21.0833,148.5,"Archirhodomyrtus beckleri"
-21.081773,148.417759,"Archirhodomyrtus beckleri"
-21.081773,148.417759,"Archirhodomyrtus beckleri"
-21.081773,148.417759,"Archirhodomyrtus beckleri"
-21.073437,148.542755,"Archirhodomyrtus beckleri"
-21.073437,148.576089,"Archirhodomyrtus beckleri"
-21.067133,148.636183,"Archirhodomyrtus beckleri"
-21.0667,148.5667,"Archirhodomyrtus beckleri"
-21.0667,148.55,"Archirhodomyrtus beckleri"
-21.0667,148.5667,"Archirhodomyrtus beckleri"
-21.0667,148.5667,"Archirhodomyrtus beckleri"
-21.0667,148.5667,"Archirhodomyrtus beckleri"
-21.06667,148.56667,"Archirhodomyrtus beckleri"
-21.066667,148.566667,"Archirhodomyrtus beckleri"
-21.063545,148.633599,"Archirhodomyrtus beckleri"
-21.054032,148.632652,"Archirhodomyrtus beckleri"
-21.053992,148.546366,"Archirhodomyrtus beckleri"
-21.05,148.9333,"Archirhodomyrtus beckleri"
-21.040103,148.959422,"Archirhodomyrtus beckleri"
-21.040103,148.609422,"Archirhodomyrtus beckleri"
-21.0333,148.55,"Archirhodomyrtus beckleri"
-21.0333,148.5333,"Archirhodomyrtus beckleri"
-21.0333,148.6,"Archirhodomyrtus beckleri"
-21.0333,148.55,"Archirhodomyrtus beckleri"
-21.0333,148.95,"Archirhodomyrtus beckleri"
-21.0333,148.55,"Archirhodomyrtus beckleri"
-20.9985737,148.5841216,"Archirhodomyrtus beckleri"
-20.915108,148.417758,"Archirhodomyrtus beckleri"
-20.915108,148.417758,"Archirhodomyrtus beckleri"
-20.8667,148.5833,"Archirhodomyrtus beckleri"
-20.85,148.5667,"Archirhodomyrtus beckleri"
-20.85,148.5667,"Archirhodomyrtus beckleri"
-20.407787,148.740987,"Archirhodomyrtus beckleri"
-19.4985842,147.0008359,"Archirhodomyrtus beckleri"
-19.482995,146.983476,"Archirhodomyrtus beckleri"
-19.48172,146.96227,"Archirhodomyrtus beckleri"
-19.4799,146.96334,"Archirhodomyrtus beckleri"
-19.47339,146.96346,"Archirhodomyrtus beckleri"
-19.406785,146.642771,"Archirhodomyrtus beckleri"
-19.406785,146.642771,"Archirhodomyrtus beckleri"
-19.2333,146.4,"Archirhodomyrtus beckleri"
-19.2333,146.4,"Archirhodomyrtus beckleri"
-19.206789,146.392778,"Archirhodomyrtus beckleri"
-19.206789,146.442778,"Archirhodomyrtus beckleri"
-19.2,146.4333,"Archirhodomyrtus beckleri"
-19.2,146.4333,"Archirhodomyrtus beckleri"
-19.066789,146.116111,"Archirhodomyrtus beckleri"
-19.065,146.113333,"Archirhodomyrtus beckleri"
-19.0167,146.1167,"Archirhodomyrtus beckleri"
-19.0167,146.1333,"Archirhodomyrtus beckleri"
-19.016175,146.155564,"Archirhodomyrtus beckleri"
-19.014282,146.266062,"Archirhodomyrtus beckleri"
-19.0088,146.2133,"Archirhodomyrtus beckleri"
-18.9833,146.2,"Archirhodomyrtus beckleri"
-18.95726,146.14926,"Archirhodomyrtus beckleri"
-18.956789,146.159442,"Archirhodomyrtus beckleri"
-18.856792,145.809448,"Archirhodomyrtus beckleri"
-18.75,145.75,"Archirhodomyrtus beckleri"
-18.748459,145.917781,"Archirhodomyrtus beckleri"
-18.4,145.8667,"Archirhodomyrtus beckleri"
-18.15,145.5833,"Archirhodomyrtus beckleri"
-18.1,146.0167,"Archirhodomyrtus beckleri"
-18.1,146.0167,"Archirhodomyrtus beckleri"
-18.1,146.0167,"Archirhodomyrtus beckleri"
-18.1,146.0167,"Archirhodomyrtus beckleri"
-18.1,146.0167,"Archirhodomyrtus beckleri"
-18.1,146.0167,"Archirhodomyrtus beckleri"
-17.9333,145.9167,"Archirhodomyrtus beckleri"
-17.86547,146.01091,"Archirhodomyrtus beckleri"
-17.802667,145.984611,"Archirhodomyrtus beckleri"
-17.8025,145.9844,"Archirhodomyrtus beckleri"
-17.8,146.0667,"Archirhodomyrtus beckleri"
-17.8,146.0667,"Archirhodomyrtus beckleri"
-17.77837,145.557878,"Archirhodomyrtus beckleri"
-17.766667,145.566667,"Archirhodomyrtus beckleri"
-17.74925,145.54378,"Archirhodomyrtus beckleri"
-17.71722,145.86289,"Archirhodomyrtus beckleri"
-17.581794,146.084433,"Archirhodomyrtus beckleri"
-17.5667,146.0667,"Archirhodomyrtus beckleri"
-17.5583,146.0861,"Archirhodomyrtus beckleri"
-17.5,145.25,"Archirhodomyrtus beckleri"
-17.5,145.25,"Archirhodomyrtus beckleri"
-17.473467,145.476111,"Archirhodomyrtus beckleri"
-17.4667,145.5167,"Archirhodomyrtus beckleri"
-17.4667,145.5167,"Archirhodomyrtus beckleri"
-17.4667,145.5167,"Archirhodomyrtus beckleri"
-17.453796,145.476872,"Archirhodomyrtus beckleri"
-17.45263,146.02091,"Archirhodomyrtus beckleri"
-17.424038,145.832625,"Archirhodomyrtus beckleri"
-17.415134,145.417777,"Archirhodomyrtus beckleri"
-17.406798,145.826104,"Archirhodomyrtus beckleri"
-17.383333,145.383333,"Archirhodomyrtus beckleri"
-17.378358,145.785583,"Archirhodomyrtus beckleri"
-17.3667,145.8,"Archirhodomyrtus beckleri"
-17.3667,145.8,"Archirhodomyrtus beckleri"
-17.356801,145.459444,"Archirhodomyrtus beckleri"
-17.355554,145.586369,"Archirhodomyrtus beckleri"
-17.35,145.45,"Archirhodomyrtus beckleri"
-17.35,145.45,"Archirhodomyrtus beckleri"
-17.35,145.45,"Archirhodomyrtus beckleri"
-17.35,145.45,"Archirhodomyrtus beckleri"
-17.35,145.45,"Archirhodomyrtus beckleri"
-17.35,145.45,"Archirhodomyrtus beckleri"
-17.35,145.45,"Archirhodomyrtus beckleri"
-17.35,145.45,"Archirhodomyrtus beckleri"
-17.340134,145.426111,"Archirhodomyrtus beckleri"
-17.33333,145.41667,"Archirhodomyrtus beckleri"
-17.3333,145.4167,"Archirhodomyrtus beckleri"
-17.3333,145.4167,"Archirhodomyrtus beckleri"
-17.3333,145.4167,"Archirhodomyrtus beckleri"
-17.33,145.505,"Archirhodomyrtus beckleri"
-17.33,145.505,"Archirhodomyrtus beckleri"
-17.3152972,145.4341477,"Archirhodomyrtus beckleri"
-17.290134,145.426111,"Archirhodomyrtus beckleri"
-17.290134,145.442777,"Archirhodomyrtus beckleri"
-17.290134,145.442777,"Archirhodomyrtus beckleri"
-17.28333,145.43333,"Archirhodomyrtus beckleri"
-17.28333,145.43333,"Archirhodomyrtus beckleri"
-17.2833,145.4167,"Archirhodomyrtus beckleri"
-17.2833,145.4333,"Archirhodomyrtus beckleri"
-17.2833,145.4333,"Archirhodomyrtus beckleri"
-17.2833,145.4333,"Archirhodomyrtus beckleri"
-17.2833,145.4167,"Archirhodomyrtus beckleri"
-17.2804264,145.4352555,"Archirhodomyrtus beckleri"
-17.278547,145.447158,"Archirhodomyrtus beckleri"
-17.273467,145.459444,"Archirhodomyrtus beckleri"
-17.2667,145.45,"Archirhodomyrtus beckleri"
-17.2667,145.4667,"Archirhodomyrtus beckleri"
-17.2667,145.5833,"Archirhodomyrtus beckleri"
-17.2667,145.4667,"Archirhodomyrtus beckleri"
-17.2667,145.45,"Archirhodomyrtus beckleri"
-17.266667,145.45,"Archirhodomyrtus beckleri"
-17.256801,145.426111,"Archirhodomyrtus beckleri"
-17.256798,145.759437,"Archirhodomyrtus beckleri"
-17.256798,145.676104,"Archirhodomyrtus beckleri"
-17.25,145.4167,"Archirhodomyrtus beckleri"
-17.25,145.41667,"Archirhodomyrtus beckleri"
-17.25,145.4167,"Archirhodomyrtus beckleri"
-17.25,145.66667,"Archirhodomyrtus beckleri"
-17.25,145.4167,"Archirhodomyrtus beckleri"
-17.248467,145.417777,"Archirhodomyrtus beckleri"
-17.248467,145.417778,"Archirhodomyrtus beckleri"
-17.248465,145.917771,"Archirhodomyrtus beckleri"
-17.248465,145.584437,"Archirhodomyrtus beckleri"
-17.245763,145.641208,"Archirhodomyrtus beckleri"
-17.22833,145.41805,"Archirhodomyrtus beckleri"
-17.2283,145.42028,"Archirhodomyrtus beckleri"
-17.223465,145.709437,"Archirhodomyrtus beckleri"
-17.2167,145.7,"Archirhodomyrtus beckleri"
-17.2167,145.7,"Archirhodomyrtus beckleri"
-17.2167,145.7,"Archirhodomyrtus beckleri"
-17.2167,145.7,"Archirhodomyrtus beckleri"
-17.2167,145.7,"Archirhodomyrtus beckleri"
-17.2167,145.7,"Archirhodomyrtus beckleri"
-17.2167,145.7,"Archirhodomyrtus beckleri"
-17.2167,145.7,"Archirhodomyrtus beckleri"
-17.2167,145.8,"Archirhodomyrtus beckleri"
-17.216667,145.7,"Archirhodomyrtus beckleri"
-17.216667,145.7,"Archirhodomyrtus beckleri"
-17.21666,145.7,"Archirhodomyrtus beckleri"
-17.20686,145.680798,"Archirhodomyrtus beckleri"
-17.2,145.7,"Archirhodomyrtus beckleri"
-17.2,145.7,"Archirhodomyrtus beckleri"
-17.2,145.7,"Archirhodomyrtus beckleri"
-17.2,145.7,"Archirhodomyrtus beckleri"
-17.2,145.7,"Archirhodomyrtus beckleri"
-17.2,145.7,"Archirhodomyrtus beckleri"
-17.1833,145.75,"Archirhodomyrtus beckleri"
-17.180069,145.675889,"Archirhodomyrtus beckleri"
-17.173465,145.592771,"Archirhodomyrtus beckleri"
-17.173465,145.626104,"Archirhodomyrtus beckleri"
-17.1667,145.6167,"Archirhodomyrtus beckleri"
-17.1667,145.6167,"Archirhodomyrtus beckleri"
-17.16667,145.58333,"Archirhodomyrtus beckleri"
-17.16667,145.61667,"Archirhodomyrtus beckleri"
-17.166667,145.616667,"Archirhodomyrtus beckleri"
-17.166667,145.616667,"Archirhodomyrtus beckleri"
-17.1652975,145.5841455,"Archirhodomyrtus beckleri"
-17.1638034,145.6186191,"Archirhodomyrtus beckleri"
-17.1333,145.6167,"Archirhodomyrtus beckleri"
-17.11984,145.6088,"Archirhodomyrtus beckleri"
-17.11666,145.60323,"Archirhodomyrtus beckleri"
-17.10964,145.59734,"Archirhodomyrtus beckleri"
-17.106798,145.592771,"Archirhodomyrtus beckleri"
-17.106798,145.592771,"Archirhodomyrtus beckleri"
-17.105471,145.592289,"Archirhodomyrtus beckleri"
-17.1,145.5833,"Archirhodomyrtus beckleri"
-17.1,145.5833,"Archirhodomyrtus beckleri"
-17.1,145.62,"Archirhodomyrtus beckleri"
-17.1,145.583333,"Archirhodomyrtus beckleri"
-17.1,145.5833,"Archirhodomyrtus beckleri"
-17.1,145.583333,"Archirhodomyrtus beckleri"
-17.1,145.58333,"Archirhodomyrtus beckleri"
-17.1,145.5833,"Archirhodomyrtus beckleri"
-17.1,145.5833,"Archirhodomyrtus beckleri"
-17.1,145.58333,"Archirhodomyrtus beckleri"
-17.1,145.5833,"Archirhodomyrtus beckleri"
-17.1,145.5833,"Archirhodomyrtus beckleri"
-17.1,145.5833,"Archirhodomyrtus beckleri"
-17.1,145.5833,"Archirhodomyrtus beckleri"
-17.1,145.5833,"Archirhodomyrtus beckleri"
-17.1,145.5833,"Archirhodomyrtus beckleri"
-17.1,145.5833,"Archirhodomyrtus beckleri"
-17.1,145.583333,"Archirhodomyrtus beckleri"
-17.098308,145.590578,"Archirhodomyrtus beckleri"
-17.097778,145.59,"Archirhodomyrtus beckleri"
-17.09746,145.58847,"Archirhodomyrtus beckleri"
-17.0970968,145.5852233,"Archirhodomyrtus beckleri"
-17.090131,145.592771,"Archirhodomyrtus beckleri"
-17.090131,145.592771,"Archirhodomyrtus beckleri"
-17.090131,145.609437,"Archirhodomyrtus beckleri"
-17.083333,145.6,"Archirhodomyrtus beckleri"
-17.08333,145.6,"Archirhodomyrtus beckleri"
-17.0833,145.6,"Archirhodomyrtus beckleri"
-17.0819308,145.6008451,"Archirhodomyrtus beckleri"
-17.0819308,145.6008451,"Archirhodomyrtus beckleri"
-17.0819308,145.6008451,"Archirhodomyrtus beckleri"
-17.0819308,145.6008451,"Archirhodomyrtus beckleri"
-17.081798,145.584437,"Archirhodomyrtus beckleri"
-17.03829,145.61357,"Archirhodomyrtus beckleri"
-17.037931,145.615686,"Archirhodomyrtus beckleri"
-17.0169,145.631,"Archirhodomyrtus beckleri"
-17.014253,145.619303,"Archirhodomyrtus beckleri"
-16.979575,145.679397,"Archirhodomyrtus beckleri"
-16.97957,145.6774,"Archirhodomyrtus beckleri"
-16.9794,145.6888,"Archirhodomyrtus beckleri"
-16.9792,145.68,"Archirhodomyrtus beckleri"
-16.9761,145.675,"Archirhodomyrtus beckleri"
-16.9755,145.7177,"Archirhodomyrtus beckleri"
-16.9727,145.7058,"Archirhodomyrtus beckleri"
-16.9547,145.7083,"Archirhodomyrtus beckleri"
-16.915133,145.584434,"Archirhodomyrtus beckleri"
-16.915133,145.584434,"Archirhodomyrtus beckleri"
-16.8735984,145.7091432,"Archirhodomyrtus beckleri"
-16.873467,145.709434,"Archirhodomyrtus beckleri"
-16.8721014,145.7102172,"Archirhodomyrtus beckleri"
-16.868,145.658,"Archirhodomyrtus beckleri"
-16.865905,145.66057,"Archirhodomyrtus beckleri"
-16.8644,145.6591,"Archirhodomyrtus beckleri"
-16.848895,145.622117,"Archirhodomyrtus beckleri"
-16.8447,145.6427,"Archirhodomyrtus beckleri"
-16.83913,145.610107,"Archirhodomyrtus beckleri"
-16.837241,145.6156,"Archirhodomyrtus beckleri"
-16.836864,145.644064,"Archirhodomyrtus beckleri"
-16.836783,145.64398,"Archirhodomyrtus beckleri"
-16.8364,145.6422,"Archirhodomyrtus beckleri"
-16.8364,145.6422,"Archirhodomyrtus beckleri"
-16.836337,145.641349,"Archirhodomyrtus beckleri"
-16.835908,145.642808,"Archirhodomyrtus beckleri"
-16.835433,145.616115,"Archirhodomyrtus beckleri"
-16.835318,145.616057,"Archirhodomyrtus beckleri"
-16.834188,145.617832,"Archirhodomyrtus beckleri"
-16.832017,145.635025,"Archirhodomyrtus beckleri"
-16.830455,145.61493,"Archirhodomyrtus beckleri"
-16.826978,145.652283,"Archirhodomyrtus beckleri"
-16.8239,145.6253,"Archirhodomyrtus beckleri"
-16.823467,145.642768,"Archirhodomyrtus beckleri"
-16.822787,145.625216,"Archirhodomyrtus beckleri"
-16.822378,145.625143,"Archirhodomyrtus beckleri"
-16.818322,145.628891,"Archirhodomyrtus beckleri"
-16.8167,145.6,"Archirhodomyrtus beckleri"
-16.8167,145.6333,"Archirhodomyrtus beckleri"
-16.8167,145.6167,"Archirhodomyrtus beckleri"
-16.8167,145.6167,"Archirhodomyrtus beckleri"
-16.81667,145.63333,"Archirhodomyrtus beckleri"
-16.816667,145.633333,"Archirhodomyrtus beckleri"
-16.816667,145.633333,"Archirhodomyrtus beckleri"
-16.813419,145.179941,"Archirhodomyrtus beckleri"
-16.811192,145.674378,"Archirhodomyrtus beckleri"
-16.810094,145.585268,"Archirhodomyrtus beckleri"
-16.809595,145.67508,"Archirhodomyrtus beckleri"
-16.80792,145.18432,"Archirhodomyrtus beckleri"
-16.748467,145.584434,"Archirhodomyrtus beckleri"
-16.748467,145.584434,"Archirhodomyrtus beckleri"
-16.6167,145.2833,"Archirhodomyrtus beckleri"
-16.60884,145.44682,"Archirhodomyrtus beckleri"
-16.606802,145.292775,"Archirhodomyrtus beckleri"
-16.60408,145.43733,"Archirhodomyrtus beckleri"
-16.6,145.2833,"Archirhodomyrtus beckleri"
-16.59778,145.26371,"Archirhodomyrtus beckleri"
-16.581802,145.417775,"Archirhodomyrtus beckleri"
-16.581802,145.417775,"Archirhodomyrtus beckleri"
-16.5667,145.4333,"Archirhodomyrtus beckleri"
-16.5667,145.4333,"Archirhodomyrtus beckleri"
-16.556802,145.392775,"Archirhodomyrtus beckleri"
-16.556802,145.392775,"Archirhodomyrtus beckleri"
-16.55,145.3833,"Archirhodomyrtus beckleri"
-16.55,145.3833,"Archirhodomyrtus beckleri"
-16.55,145.383333,"Archirhodomyrtus beckleri"
-16.55,145.3833,"Archirhodomyrtus beckleri"
-16.55,145.3833,"Archirhodomyrtus beckleri"
-16.55,145.4833,"Archirhodomyrtus beckleri"
-16.55,145.3833,"Archirhodomyrtus beckleri"
-16.55,145.3833,"Archirhodomyrtus beckleri"
-16.55,145.3833,"Archirhodomyrtus beckleri"
-16.5486007,145.3841791,"Archirhodomyrtus beckleri"
-16.5486007,145.3841791,"Archirhodomyrtus beckleri"
-16.5486007,145.3841791,"Archirhodomyrtus beckleri"
-16.540136,145.392775,"Archirhodomyrtus beckleri"
-16.540136,145.392775,"Archirhodomyrtus beckleri"
-16.534571,145.38144,"Archirhodomyrtus beckleri"
-16.5342,145.3814,"Archirhodomyrtus beckleri"
-16.5341,145.381517,"Archirhodomyrtus beckleri"
-16.5341,145.381517,"Archirhodomyrtus beckleri"
-16.53404,145.38211,"Archirhodomyrtus beckleri"
-16.533333,145.383333,"Archirhodomyrtus beckleri"
-16.53333,145.38333,"Archirhodomyrtus beckleri"
-16.5333,145.3833,"Archirhodomyrtus beckleri"
-16.5333,145.4,"Archirhodomyrtus beckleri"
-16.5333,145.3833,"Archirhodomyrtus beckleri"
-16.5333,145.4,"Archirhodomyrtus beckleri"
-16.5333,145.3833,"Archirhodomyrtus beckleri"
-16.5333,145.3833,"Archirhodomyrtus beckleri"
-16.5319337,145.3841791,"Archirhodomyrtus beckleri"
-16.506802,145.259442,"Archirhodomyrtus beckleri"
-16.506802,145.176108,"Archirhodomyrtus beckleri"
-16.5,145.25,"Archirhodomyrtus beckleri"
-16.5,145.25,"Archirhodomyrtus beckleri"
-16.5,145.25,"Archirhodomyrtus beckleri"
-16.5,145.25,"Archirhodomyrtus beckleri"
-16.5,145.25,"Archirhodomyrtus beckleri"
-16.5,145.25,"Archirhodomyrtus beckleri"
-16.5,145.16667,"Archirhodomyrtus beckleri"
-16.5,145.25,"Archirhodomyrtus beckleri"
-16.5,145.1667,"Archirhodomyrtus beckleri"
-16.5,145.25,"Archirhodomyrtus beckleri"
-16.5,145.1667,"Archirhodomyrtus beckleri"
-16.5,145.1667,"Archirhodomyrtus beckleri"
-16.5,145.25,"Archirhodomyrtus beckleri"
-16.5,145.25,"Archirhodomyrtus beckleri"
-16.5,145.25,"Archirhodomyrtus beckleri"
-16.456804,145.209439,"Archirhodomyrtus beckleri"
-16.45,145.2,"Archirhodomyrtus beckleri"
-16.4333,145.3333,"Archirhodomyrtus beckleri"
-16.430451,145.343831,"Archirhodomyrtus beckleri"
-16.425,145.425,"Archirhodomyrtus beckleri"
-16.425,145.258333,"Archirhodomyrtus beckleri"
-16.423471,145.259439,"Archirhodomyrtus beckleri"
-16.4167,145.4167,"Archirhodomyrtus beckleri"
-16.4167,145.25,"Archirhodomyrtus beckleri"
-16.4167,145.25,"Archirhodomyrtus beckleri"
-16.4167,145.25,"Archirhodomyrtus beckleri"
-16.4167,145.25,"Archirhodomyrtus beckleri"
-16.4167,145.25,"Archirhodomyrtus beckleri"
-16.4167,145.25,"Archirhodomyrtus beckleri"
-16.41667,145.41667,"Archirhodomyrtus beckleri"
-16.41667,145.25,"Archirhodomyrtus beckleri"
-16.416667,145.416667,"Archirhodomyrtus beckleri"
-16.415137,145.251106,"Archirhodomyrtus beckleri"
-16.4138052,145.4186224,"Archirhodomyrtus beckleri"
-16.3986015,145.3341793,"Archirhodomyrtus beckleri"
-16.3986015,145.3341793,"Archirhodomyrtus beckleri"
-16.3986015,145.3341793,"Archirhodomyrtus beckleri"
-16.392349,145.327151,"Archirhodomyrtus beckleri"
-16.390137,145.309439,"Archirhodomyrtus beckleri"
-16.3833,145.3667,"Archirhodomyrtus beckleri"
-16.373471,145.342773,"Archirhodomyrtus beckleri"
-16.36667,145.33333,"Archirhodomyrtus beckleri"
-16.365219,145.334381,"Archirhodomyrtus beckleri"
-16.34648,145.32869,"Archirhodomyrtus beckleri"
-16.340137,145.342773,"Archirhodomyrtus beckleri"
-16.340137,145.342773,"Archirhodomyrtus beckleri"
-16.333333,145.333333,"Archirhodomyrtus beckleri"
-16.33333,145.33333,"Archirhodomyrtus beckleri"
-16.3333,145.3333,"Archirhodomyrtus beckleri"
-16.3333,145.3333,"Archirhodomyrtus beckleri"
-16.3333,145.3333,"Archirhodomyrtus beckleri"
-16.3333,145.3333,"Archirhodomyrtus beckleri"
-16.3333,145.3333,"Archirhodomyrtus beckleri"
-16.3333,145.3833,"Archirhodomyrtus beckleri"
-16.3333,145.3333,"Archirhodomyrtus beckleri"
-16.3333,145.3333,"Archirhodomyrtus beckleri"
-16.2819356,145.0841819,"Archirhodomyrtus beckleri"
-16.2791,145.07095,"Archirhodomyrtus beckleri"
-16.276111,145.1925,"Archirhodomyrtus beckleri"
-16.2761,145.1925,"Archirhodomyrtus beckleri"
-16.264423,145.064579,"Archirhodomyrtus beckleri"
-16.262789,145.063697,"Archirhodomyrtus beckleri"
-16.258889,145.443333,"Archirhodomyrtus beckleri"
-16.2566,145.401887,"Archirhodomyrtus beckleri"
-16.25654,145.44072,"Archirhodomyrtus beckleri"
-16.249547,145.033402,"Archirhodomyrtus beckleri"
-16.246121,145.025693,"Archirhodomyrtus beckleri"
-16.246111,145.435583,"Archirhodomyrtus beckleri"
-16.245833,145.436111,"Archirhodomyrtus beckleri"
-16.245823,145.435841,"Archirhodomyrtus beckleri"
-16.24577,145.43602,"Archirhodomyrtus beckleri"
-16.215833,144.997111,"Archirhodomyrtus beckleri"
-16.2,145.45,"Archirhodomyrtus beckleri"
-16.2,145.45,"Archirhodomyrtus beckleri"
-16.106804,145.292773,"Archirhodomyrtus beckleri"
-16.1,145.2833,"Archirhodomyrtus beckleri"
-16.1,145.2833,"Archirhodomyrtus beckleri"
-16.1,145.2833,"Archirhodomyrtus beckleri"
-16.09963,145.33932,"Archirhodomyrtus beckleri"
-16.083333,145.283333,"Archirhodomyrtus beckleri"
-16.083333,145.25,"Archirhodomyrtus beckleri"
-16.081804,145.251106,"Archirhodomyrtus beckleri"
-16.056804,145.226106,"Archirhodomyrtus beckleri"
-16.05,145.2167,"Archirhodomyrtus beckleri"
-16.05,145.2167,"Archirhodomyrtus beckleri"
-16.05,145.21666,"Archirhodomyrtus beckleri"
-16.05,145.21667,"Archirhodomyrtus beckleri"
-16,145.16667,"Archirhodomyrtus beckleri"
-15.890139,145.209437,"Archirhodomyrtus beckleri"
-15.890139,145.259437,"Archirhodomyrtus beckleri"
-15.8833,145.25,"Archirhodomyrtus beckleri"
-15.87888,145.20173,"Archirhodomyrtus beckleri"
-15.823472,145.29277,"Archirhodomyrtus beckleri"
-15.8,145.25,"Archirhodomyrtus beckleri"
-15.790139,145.29277,"Archirhodomyrtus beckleri"
-15.775416,145.320548,"Archirhodomyrtus beckleri"
-15.7167,145.2833,"Archirhodomyrtus beckleri"
-15.7167,145.2833,"Archirhodomyrtus beckleri"
-15.709444,145.270278,"Archirhodomyrtus beckleri"
