"decimalLatitude","decimalLongitude","species"
-38.015536,147.639633,"Leptospermum trinervium"
-37.993106,145.134789,"Leptospermum trinervium"
-37.973963,147.084667,"Leptospermum trinervium"
-37.78278,148.89,"Leptospermum trinervium"
-37.77556,148.88861,"Leptospermum trinervium"
-37.77111,148.88722,"Leptospermum trinervium"
-37.76781,149.20402,"Leptospermum trinervium"
-37.76781,149.20402,"Leptospermum trinervium"
-37.76781,149.20402,"Leptospermum trinervium"
-37.76781,149.20402,"Leptospermum trinervium"
-37.76781,149.20402,"Leptospermum trinervium"
-37.76781,149.20402,"Leptospermum trinervium"
-37.76778,149.20139,"Leptospermum trinervium"
-37.7675,148.88833,"Leptospermum trinervium"
-37.76667,149.20056,"Leptospermum trinervium"
-37.766667,149.2,"Leptospermum trinervium"
-37.76472,148.94278,"Leptospermum trinervium"
-37.76389,148.89611,"Leptospermum trinervium"
-37.76083,148.91083,"Leptospermum trinervium"
-37.75778,148.93361,"Leptospermum trinervium"
-37.75382,148.969685,"Leptospermum trinervium"
-37.7525,148.80167,"Leptospermum trinervium"
-37.75167,148.92556,"Leptospermum trinervium"
-37.75111,148.7925,"Leptospermum trinervium"
-37.74985,148.815814,"Leptospermum trinervium"
-37.74972,149.1125,"Leptospermum trinervium"
-37.74778,149.07639,"Leptospermum trinervium"
-37.74694,149.09167,"Leptospermum trinervium"
-37.745,148.83778,"Leptospermum trinervium"
-37.74417,149.14306,"Leptospermum trinervium"
-37.74278,148.91167,"Leptospermum trinervium"
-37.74278,149.45667,"Leptospermum trinervium"
-37.74139,149.28583,"Leptospermum trinervium"
-37.74083,148.86722,"Leptospermum trinervium"
-37.74028,148.91028,"Leptospermum trinervium"
-37.74,149.24278,"Leptospermum trinervium"
-37.74,149.14861,"Leptospermum trinervium"
-37.74,149.42611,"Leptospermum trinervium"
-37.73861,149.11806,"Leptospermum trinervium"
-37.73778,148.88639,"Leptospermum trinervium"
-37.73722,149.34972,"Leptospermum trinervium"
-37.73695,148.94575,"Leptospermum trinervium"
-37.73676,148.91983,"Leptospermum trinervium"
-37.73676,148.91912,"Leptospermum trinervium"
-37.73675,148.92104,"Leptospermum trinervium"
-37.73669,148.91841,"Leptospermum trinervium"
-37.73662,148.94844,"Leptospermum trinervium"
-37.73655,148.94524,"Leptospermum trinervium"
-37.73653,148.91634,"Leptospermum trinervium"
-37.73648,148.91707,"Leptospermum trinervium"
-37.73646,148.91977,"Leptospermum trinervium"
-37.73642,148.91672,"Leptospermum trinervium"
-37.73638,148.91905,"Leptospermum trinervium"
-37.73633,148.92183,"Leptospermum trinervium"
-37.7363,148.91874,"Leptospermum trinervium"
-37.73629,148.94651,"Leptospermum trinervium"
-37.73626,148.92102,"Leptospermum trinervium"
-37.73626,148.9206,"Leptospermum trinervium"
-37.73625,148.92143,"Leptospermum trinervium"
-37.73622,148.91509,"Leptospermum trinervium"
-37.73622,148.94513,"Leptospermum trinervium"
-37.73621,148.9184,"Leptospermum trinervium"
-37.73611,148.93861,"Leptospermum trinervium"
-37.73611,148.9463,"Leptospermum trinervium"
-37.73608,148.91418,"Leptospermum trinervium"
-37.73607,148.91466,"Leptospermum trinervium"
-37.73585,148.94602,"Leptospermum trinervium"
-37.73584,148.91223,"Leptospermum trinervium"
-37.73576,148.94573,"Leptospermum trinervium"
-37.73568,148.9455,"Leptospermum trinervium"
-37.7355,148.9452,"Leptospermum trinervium"
-37.73547,148.92517,"Leptospermum trinervium"
-37.73542,148.91173,"Leptospermum trinervium"
-37.73542,148.94488,"Leptospermum trinervium"
-37.73541,148.92796,"Leptospermum trinervium"
-37.73537,148.92555,"Leptospermum trinervium"
-37.73535,148.90889,"Leptospermum trinervium"
-37.73534,148.91661,"Leptospermum trinervium"
-37.73534,148.91125,"Leptospermum trinervium"
-37.73534,148.91083,"Leptospermum trinervium"
-37.73532,148.91211,"Leptospermum trinervium"
-37.73532,148.91234,"Leptospermum trinervium"
-37.7353,148.92463,"Leptospermum trinervium"
-37.73527,148.90992,"Leptospermum trinervium"
-37.73527,148.90959,"Leptospermum trinervium"
-37.73526,148.91052,"Leptospermum trinervium"
-37.73526,148.91025,"Leptospermum trinervium"
-37.7352,148.9091,"Leptospermum trinervium"
-37.73519,148.9259,"Leptospermum trinervium"
-37.73519,148.90926,"Leptospermum trinervium"
-37.73513,148.91267,"Leptospermum trinervium"
-37.73512,148.91318,"Leptospermum trinervium"
-37.73509,148.92634,"Leptospermum trinervium"
-37.73508,148.92668,"Leptospermum trinervium"
-37.73503,148.91371,"Leptospermum trinervium"
-37.73501,148.90903,"Leptospermum trinervium"
-37.7349,148.92705,"Leptospermum trinervium"
-37.73487,148.92901,"Leptospermum trinervium"
-37.73487,148.92869,"Leptospermum trinervium"
-37.73482,148.93044,"Leptospermum trinervium"
-37.7348,148.92765,"Leptospermum trinervium"
-37.7348,148.92737,"Leptospermum trinervium"
-37.73477,148.92939,"Leptospermum trinervium"
-37.73475,148.90887,"Leptospermum trinervium"
-37.73474,148.90885,"Leptospermum trinervium"
-37.73467,148.92972,"Leptospermum trinervium"
-37.73466,148.93053,"Leptospermum trinervium"
-37.73458,148.93008,"Leptospermum trinervium"
-37.73447,148.93105,"Leptospermum trinervium"
-37.73444,148.90417,"Leptospermum trinervium"
-37.73429,148.93138,"Leptospermum trinervium"
-37.7342,148.93239,"Leptospermum trinervium"
-37.73374,148.93193,"Leptospermum trinervium"
-37.73351,148.93379,"Leptospermum trinervium"
-37.73328,148.93256,"Leptospermum trinervium"
-37.73312,148.94158,"Leptospermum trinervium"
-37.7331,148.94142,"Leptospermum trinervium"
-37.733,148.94166,"Leptospermum trinervium"
-37.73284,148.94287,"Leptospermum trinervium"
-37.73281,148.93486,"Leptospermum trinervium"
-37.73278,149.17083,"Leptospermum trinervium"
-37.73278,149.18222,"Leptospermum trinervium"
-37.73268,148.90811,"Leptospermum trinervium"
-37.73267,148.90893,"Leptospermum trinervium"
-37.73249,148.90875,"Leptospermum trinervium"
-37.73248,148.9423,"Leptospermum trinervium"
-37.73233,148.93506,"Leptospermum trinervium"
-37.73214,148.90837,"Leptospermum trinervium"
-37.73195,148.90783,"Leptospermum trinervium"
-37.73181,148.90759,"Leptospermum trinervium"
-37.73167,149.05139,"Leptospermum trinervium"
-37.73088,148.90826,"Leptospermum trinervium"
-37.73,149.27694,"Leptospermum trinervium"
-37.72971,148.96203,"Leptospermum trinervium"
-37.72938,148.96244,"Leptospermum trinervium"
-37.72889,149.37333,"Leptospermum trinervium"
-37.72889,149.37333,"Leptospermum trinervium"
-37.72889,149.17333,"Leptospermum trinervium"
-37.72889,149.37333,"Leptospermum trinervium"
-37.72844,148.96419,"Leptospermum trinervium"
-37.72833,149.17972,"Leptospermum trinervium"
-37.72833,149.195,"Leptospermum trinervium"
-37.72333,148.97639,"Leptospermum trinervium"
-37.72294,148.97643,"Leptospermum trinervium"
-37.72056,149,"Leptospermum trinervium"
-37.71975,149.00385,"Leptospermum trinervium"
-37.71778,149.19417,"Leptospermum trinervium"
-37.71306,149.16583,"Leptospermum trinervium"
-37.71222,149.22056,"Leptospermum trinervium"
-37.71222,149.22056,"Leptospermum trinervium"
-37.71222,149.22056,"Leptospermum trinervium"
-37.71118,149.02,"Leptospermum trinervium"
-37.71056,149.15889,"Leptospermum trinervium"
-37.70975,149.02276,"Leptospermum trinervium"
-37.70917,149.55361,"Leptospermum trinervium"
-37.70667,149.05278,"Leptospermum trinervium"
-37.70667,149.53444,"Leptospermum trinervium"
-37.70528,149.17056,"Leptospermum trinervium"
-37.70395,149.03334,"Leptospermum trinervium"
-37.70389,148.9,"Leptospermum trinervium"
-37.70291,148.83358,"Leptospermum trinervium"
-37.70111,148.89444,"Leptospermum trinervium"
-37.6995,149.03842,"Leptospermum trinervium"
-37.69833,149.36778,"Leptospermum trinervium"
-37.69833,149.315,"Leptospermum trinervium"
-37.69833,149.315,"Leptospermum trinervium"
-37.69833,149.315,"Leptospermum trinervium"
-37.69776,149.03893,"Leptospermum trinervium"
-37.695,149.20889,"Leptospermum trinervium"
-37.694962,148.062347,"Leptospermum trinervium"
-37.6946,148.7234,"Leptospermum trinervium"
-37.6946,148.7234,"Leptospermum trinervium"
-37.69459,148.72332,"Leptospermum trinervium"
-37.69444,148.72972,"Leptospermum trinervium"
-37.69444,149.20528,"Leptospermum trinervium"
-37.69444,149.21028,"Leptospermum trinervium"
-37.69444,149.20528,"Leptospermum trinervium"
-37.69389,149.50444,"Leptospermum trinervium"
-37.69278,149.05278,"Leptospermum trinervium"
-37.69278,149.17472,"Leptospermum trinervium"
-37.6925,149.16167,"Leptospermum trinervium"
-37.6909,149.42617,"Leptospermum trinervium"
-37.6901,149.44755,"Leptospermum trinervium"
-37.68853,148.97832,"Leptospermum trinervium"
-37.68833,149.51333,"Leptospermum trinervium"
-37.688311,148.813083,"Leptospermum trinervium"
-37.68806,149.15833,"Leptospermum trinervium"
-37.6875,149.51444,"Leptospermum trinervium"
-37.68722,149.24417,"Leptospermum trinervium"
-37.68694,149.01417,"Leptospermum trinervium"
-37.68444,149.15472,"Leptospermum trinervium"
-37.68392,149.06767,"Leptospermum trinervium"
-37.68345,149.41083,"Leptospermum trinervium"
-37.68306,149.09694,"Leptospermum trinervium"
-37.68167,149.62611,"Leptospermum trinervium"
-37.680812,149.419844,"Leptospermum trinervium"
-37.68028,149.14333,"Leptospermum trinervium"
-37.67989,149.41075,"Leptospermum trinervium"
-37.679775,149.419777,"Leptospermum trinervium"
-37.679,149.07103,"Leptospermum trinervium"
-37.67759,149.07133,"Leptospermum trinervium"
-37.673611,149.160278,"Leptospermum trinervium"
-37.67333,149.18222,"Leptospermum trinervium"
-37.67211,149.07756,"Leptospermum trinervium"
-37.67162,149.31147,"Leptospermum trinervium"
-37.67087,149.07944,"Leptospermum trinervium"
-37.670203,149.199029,"Leptospermum trinervium"
-37.67,149.52833,"Leptospermum trinervium"
-37.67,149.52611,"Leptospermum trinervium"
-37.66944,149.51472,"Leptospermum trinervium"
-37.66916,149.08055,"Leptospermum trinervium"
-37.6667,149.15,"Leptospermum trinervium"
-37.666667,149,"Leptospermum trinervium"
-37.666667,149.15,"Leptospermum trinervium"
-37.666667,149,"Leptospermum trinervium"
-37.666667,149,"Leptospermum trinervium"
-37.66298,149.08218,"Leptospermum trinervium"
-37.66,149.15972,"Leptospermum trinervium"
-37.65955,149.08371,"Leptospermum trinervium"
-37.65944,149.20111,"Leptospermum trinervium"
-37.658,149.08402,"Leptospermum trinervium"
-37.65778,149.51333,"Leptospermum trinervium"
-37.65694,149.50417,"Leptospermum trinervium"
-37.65278,149.52556,"Leptospermum trinervium"
-37.65194,149.15722,"Leptospermum trinervium"
-37.65111,149.15722,"Leptospermum trinervium"
-37.65096,149.08194,"Leptospermum trinervium"
-37.65028,149.15611,"Leptospermum trinervium"
-37.64842,149.64558,"Leptospermum trinervium"
-37.64758,149.64725,"Leptospermum trinervium"
-37.64317,149.08483,"Leptospermum trinervium"
-37.64147,149.0852,"Leptospermum trinervium"
-37.634684,149.514078,"Leptospermum trinervium"
-37.63183,149.68488,"Leptospermum trinervium"
-37.63167,149.65111,"Leptospermum trinervium"
-37.63167,148.21944,"Leptospermum trinervium"
-37.63145,149.08528,"Leptospermum trinervium"
-37.63009,148.60213,"Leptospermum trinervium"
-37.6291,149.129,"Leptospermum trinervium"
-37.62873,149.08662,"Leptospermum trinervium"
-37.6261,149.6914,"Leptospermum trinervium"
-37.62476,149.08888,"Leptospermum trinervium"
-37.62361,149.69505,"Leptospermum trinervium"
-37.62333,149.13444,"Leptospermum trinervium"
-37.62093,149.70148,"Leptospermum trinervium"
-37.62084,149.69765,"Leptospermum trinervium"
-37.6208,149.7014,"Leptospermum trinervium"
-37.62077,149.69951,"Leptospermum trinervium"
-37.61778,149.32333,"Leptospermum trinervium"
-37.61611,149.47806,"Leptospermum trinervium"
-37.615,149.20111,"Leptospermum trinervium"
-37.615,149.18722,"Leptospermum trinervium"
-37.61278,149.13917,"Leptospermum trinervium"
-37.61222,149.67611,"Leptospermum trinervium"
-37.61092,149.70467,"Leptospermum trinervium"
-37.60944,149.50389,"Leptospermum trinervium"
-37.60944,149.49972,"Leptospermum trinervium"
-37.60861,149.49361,"Leptospermum trinervium"
-37.60841,149.6426,"Leptospermum trinervium"
-37.6083,149.64312,"Leptospermum trinervium"
-37.60806,149.25,"Leptospermum trinervium"
-37.60667,149.49806,"Leptospermum trinervium"
-37.60444,149.51139,"Leptospermum trinervium"
-37.60417,149.10694,"Leptospermum trinervium"
-37.60413,149.39597,"Leptospermum trinervium"
-37.60278,149.52944,"Leptospermum trinervium"
-37.60139,149.70833,"Leptospermum trinervium"
-37.60083,149.47861,"Leptospermum trinervium"
-37.6,149.7167,"Leptospermum trinervium"
-37.6,149.71167,"Leptospermum trinervium"
-37.59833,149.66778,"Leptospermum trinervium"
-37.597826,149.731207,"Leptospermum trinervium"
-37.59722,149.54083,"Leptospermum trinervium"
-37.59556,149.70944,"Leptospermum trinervium"
-37.59278,149.46917,"Leptospermum trinervium"
-37.582222,149.649444,"Leptospermum trinervium"
-37.58016,149.12833,"Leptospermum trinervium"
-37.576913,149.748694,"Leptospermum trinervium"
-37.57611,149.65111,"Leptospermum trinervium"
-37.576083,149.749113,"Leptospermum trinervium"
-37.57472,149.64389,"Leptospermum trinervium"
-37.5739,149.7494,"Leptospermum trinervium"
-37.57333,149.46222,"Leptospermum trinervium"
-37.57216,149.27808,"Leptospermum trinervium"
-37.57194,149.54694,"Leptospermum trinervium"
-37.57027,149.72983,"Leptospermum trinervium"
-37.56917,149.20944,"Leptospermum trinervium"
-37.56778,149.45694,"Leptospermum trinervium"
-37.5667,149.0667,"Leptospermum trinervium"
-37.5667,149.6167,"Leptospermum trinervium"
-37.5667,149.2667,"Leptospermum trinervium"
-37.566667,149.15,"Leptospermum trinervium"
-37.56611,149.45361,"Leptospermum trinervium"
-37.56306,149.46833,"Leptospermum trinervium"
-37.56268,149.54771,"Leptospermum trinervium"
-37.56,149.26222,"Leptospermum trinervium"
-37.5588,149.4274,"Leptospermum trinervium"
-37.55862,149.46359,"Leptospermum trinervium"
-37.55861,149.46361,"Leptospermum trinervium"
-37.55528,149.45556,"Leptospermum trinervium"
-37.55417,149.50861,"Leptospermum trinervium"
-37.5525,149.29,"Leptospermum trinervium"
-37.55056,149.46333,"Leptospermum trinervium"
-37.55,149.7167,"Leptospermum trinervium"
-37.55,149.75,"Leptospermum trinervium"
-37.55,149.716667,"Leptospermum trinervium"
-37.55,149.2167,"Leptospermum trinervium"
-37.55,149.49194,"Leptospermum trinervium"
-37.54972,149.57361,"Leptospermum trinervium"
-37.549021,149.722119,"Leptospermum trinervium"
-37.54833,149.56778,"Leptospermum trinervium"
-37.546031,149.707033,"Leptospermum trinervium"
-37.54556,149.45944,"Leptospermum trinervium"
-37.54556,149.30472,"Leptospermum trinervium"
-37.545115,149.715703,"Leptospermum trinervium"
-37.54389,149.29639,"Leptospermum trinervium"
-37.543885,149.717501,"Leptospermum trinervium"
-37.54282,149.71158,"Leptospermum trinervium"
-37.54282,149.71158,"Leptospermum trinervium"
-37.54282,149.71158,"Leptospermum trinervium"
-37.542633,149.69695,"Leptospermum trinervium"
-37.5421,149.70777,"Leptospermum trinervium"
-37.5421,149.70777,"Leptospermum trinervium"
-37.5421,149.70777,"Leptospermum trinervium"
-37.54202,149.70762,"Leptospermum trinervium"
-37.54202,149.70762,"Leptospermum trinervium"
-37.54202,149.70762,"Leptospermum trinervium"
-37.54199,149.70766,"Leptospermum trinervium"
-37.54199,149.70766,"Leptospermum trinervium"
-37.54199,149.70766,"Leptospermum trinervium"
-37.53694,149.405,"Leptospermum trinervium"
-37.53685,149.71048,"Leptospermum trinervium"
-37.53685,149.71048,"Leptospermum trinervium"
-37.53685,149.71048,"Leptospermum trinervium"
-37.53624,149.7102,"Leptospermum trinervium"
-37.53624,149.7102,"Leptospermum trinervium"
-37.53624,149.7102,"Leptospermum trinervium"
-37.53605,149.7101,"Leptospermum trinervium"
-37.53605,149.7101,"Leptospermum trinervium"
-37.53605,149.7101,"Leptospermum trinervium"
-37.53515,149.71059,"Leptospermum trinervium"
-37.53515,149.71059,"Leptospermum trinervium"
-37.53515,149.71059,"Leptospermum trinervium"
-37.53333,149.51583,"Leptospermum trinervium"
-37.53325,149.83458,"Leptospermum trinervium"
-37.5328,149.83263,"Leptospermum trinervium"
-37.5325,149.58611,"Leptospermum trinervium"
-37.52806,149.80389,"Leptospermum trinervium"
-37.52645,149.84498,"Leptospermum trinervium"
-37.52556,149.49306,"Leptospermum trinervium"
-37.525556,149.305,"Leptospermum trinervium"
-37.525,149.82,"Leptospermum trinervium"
-37.52472,149.85611,"Leptospermum trinervium"
-37.52334,149.85018,"Leptospermum trinervium"
-37.52333,149.69,"Leptospermum trinervium"
-37.52333,149.30167,"Leptospermum trinervium"
-37.52333,149.83444,"Leptospermum trinervium"
-37.52226,149.84734,"Leptospermum trinervium"
-37.5214,149.81881,"Leptospermum trinervium"
-37.52073,149.83968,"Leptospermum trinervium"
-37.52026,149.84409,"Leptospermum trinervium"
-37.52,149.30194,"Leptospermum trinervium"
-37.51963,149.81951,"Leptospermum trinervium"
-37.51947,149.82276,"Leptospermum trinervium"
-37.5189,149.81466,"Leptospermum trinervium"
-37.51853,149.81549,"Leptospermum trinervium"
-37.51821,149.81725,"Leptospermum trinervium"
-37.51676,149.81402,"Leptospermum trinervium"
-37.5167,149.5667,"Leptospermum trinervium"
-37.51646,149.81823,"Leptospermum trinervium"
-37.51522,149.81548,"Leptospermum trinervium"
-37.515,149.61778,"Leptospermum trinervium"
-37.515,149.26778,"Leptospermum trinervium"
-37.51209,149.81969,"Leptospermum trinervium"
-37.511704,149.750915,"Leptospermum trinervium"
-37.51083,149.84278,"Leptospermum trinervium"
-37.51004,149.68794,"Leptospermum trinervium"
-37.51004,149.68794,"Leptospermum trinervium"
-37.51004,149.68794,"Leptospermum trinervium"
-37.50984,149.68828,"Leptospermum trinervium"
-37.50984,149.68828,"Leptospermum trinervium"
-37.50984,149.68828,"Leptospermum trinervium"
-37.50981,149.68626,"Leptospermum trinervium"
-37.50981,149.68626,"Leptospermum trinervium"
-37.50981,149.68626,"Leptospermum trinervium"
-37.50964,149.68891,"Leptospermum trinervium"
-37.50964,149.68891,"Leptospermum trinervium"
-37.50964,149.68891,"Leptospermum trinervium"
-37.50939,149.6851,"Leptospermum trinervium"
-37.50939,149.6851,"Leptospermum trinervium"
-37.50939,149.6851,"Leptospermum trinervium"
-37.50925,149.68413,"Leptospermum trinervium"
-37.50925,149.68413,"Leptospermum trinervium"
-37.50925,149.68413,"Leptospermum trinervium"
-37.50915,149.68999,"Leptospermum trinervium"
-37.50915,149.68999,"Leptospermum trinervium"
-37.50915,149.68999,"Leptospermum trinervium"
-37.50853,149.6912,"Leptospermum trinervium"
-37.50853,149.6912,"Leptospermum trinervium"
-37.50853,149.6912,"Leptospermum trinervium"
-37.50806,149.91917,"Leptospermum trinervium"
-37.50806,149.68778,"Leptospermum trinervium"
-37.507871,149.758388,"Leptospermum trinervium"
-37.50783,149.82266,"Leptospermum trinervium"
-37.50694,149.56861,"Leptospermum trinervium"
-37.50492,149.82327,"Leptospermum trinervium"
-37.50488,149.82409,"Leptospermum trinervium"
-37.503417,149.824917,"Leptospermum trinervium"
-37.50257,149.82664,"Leptospermum trinervium"
-37.50168,149.81353,"Leptospermum trinervium"
-37.50119,149.81317,"Leptospermum trinervium"
-37.50084,149.81576,"Leptospermum trinervium"
-37.50053,149.8189,"Leptospermum trinervium"
-37.5004,149.81531,"Leptospermum trinervium"
-37.49989,149.8229,"Leptospermum trinervium"
-37.49965,149.83596,"Leptospermum trinervium"
-37.49944,149.82333,"Leptospermum trinervium"
-37.49889,149.82444,"Leptospermum trinervium"
-37.49833,149.33444,"Leptospermum trinervium"
-37.49833,149.33444,"Leptospermum trinervium"
-37.49833,149.33444,"Leptospermum trinervium"
-37.49778,149.82556,"Leptospermum trinervium"
-37.4975,149.8215,"Leptospermum trinervium"
-37.49639,149.82583,"Leptospermum trinervium"
-37.49634,149.82384,"Leptospermum trinervium"
-37.49503,149.49326,"Leptospermum trinervium"
-37.49503,149.49326,"Leptospermum trinervium"
-37.49503,149.49326,"Leptospermum trinervium"
-37.49503,149.49326,"Leptospermum trinervium"
-37.49503,149.49326,"Leptospermum trinervium"
-37.49503,149.49326,"Leptospermum trinervium"
-37.49463,149.49304,"Leptospermum trinervium"
-37.49463,149.49304,"Leptospermum trinervium"
-37.49463,149.49304,"Leptospermum trinervium"
-37.49463,149.49304,"Leptospermum trinervium"
-37.49463,149.49304,"Leptospermum trinervium"
-37.49463,149.49304,"Leptospermum trinervium"
-37.49278,149.48861,"Leptospermum trinervium"
-37.4919,149.48186,"Leptospermum trinervium"
-37.4919,149.48186,"Leptospermum trinervium"
-37.4919,149.48186,"Leptospermum trinervium"
-37.4919,149.48186,"Leptospermum trinervium"
-37.4919,149.48186,"Leptospermum trinervium"
-37.4919,149.48186,"Leptospermum trinervium"
-37.49175,149.48178,"Leptospermum trinervium"
-37.49175,149.48178,"Leptospermum trinervium"
-37.49175,149.48178,"Leptospermum trinervium"
-37.49175,149.48178,"Leptospermum trinervium"
-37.49175,149.48178,"Leptospermum trinervium"
-37.49175,149.48178,"Leptospermum trinervium"
-37.49156,149.48178,"Leptospermum trinervium"
-37.49156,149.48178,"Leptospermum trinervium"
-37.49156,149.48178,"Leptospermum trinervium"
-37.49156,149.48178,"Leptospermum trinervium"
-37.49156,149.48178,"Leptospermum trinervium"
-37.49156,149.48178,"Leptospermum trinervium"
-37.49152,149.4827,"Leptospermum trinervium"
-37.49152,149.4827,"Leptospermum trinervium"
-37.49152,149.4827,"Leptospermum trinervium"
-37.49152,149.4827,"Leptospermum trinervium"
-37.49152,149.4827,"Leptospermum trinervium"
-37.49152,149.4827,"Leptospermum trinervium"
-37.4915,149.48159,"Leptospermum trinervium"
-37.4915,149.48159,"Leptospermum trinervium"
-37.4915,149.48159,"Leptospermum trinervium"
-37.4915,149.48159,"Leptospermum trinervium"
-37.4915,149.48159,"Leptospermum trinervium"
-37.4915,149.48159,"Leptospermum trinervium"
-37.49139,149.47889,"Leptospermum trinervium"
-37.49139,149.4813,"Leptospermum trinervium"
-37.49139,149.4813,"Leptospermum trinervium"
-37.49139,149.4813,"Leptospermum trinervium"
-37.49139,149.4813,"Leptospermum trinervium"
-37.49139,149.4813,"Leptospermum trinervium"
-37.49139,149.4813,"Leptospermum trinervium"
-37.4913,149.48163,"Leptospermum trinervium"
-37.49129,149.48061,"Leptospermum trinervium"
-37.49129,149.48087,"Leptospermum trinervium"
-37.49129,149.48061,"Leptospermum trinervium"
-37.49129,149.48061,"Leptospermum trinervium"
-37.49129,149.48061,"Leptospermum trinervium"
-37.49129,149.48087,"Leptospermum trinervium"
-37.49129,149.48061,"Leptospermum trinervium"
-37.49129,149.48061,"Leptospermum trinervium"
-37.49129,149.48087,"Leptospermum trinervium"
-37.49129,149.48087,"Leptospermum trinervium"
-37.49129,149.48087,"Leptospermum trinervium"
-37.49129,149.48087,"Leptospermum trinervium"
-37.49118,149.48978,"Leptospermum trinervium"
-37.49118,149.48978,"Leptospermum trinervium"
-37.49118,149.48978,"Leptospermum trinervium"
-37.49118,149.48978,"Leptospermum trinervium"
-37.49118,149.48978,"Leptospermum trinervium"
-37.49118,149.48978,"Leptospermum trinervium"
-37.49102,149.47962,"Leptospermum trinervium"
-37.49102,149.47962,"Leptospermum trinervium"
-37.49102,149.47962,"Leptospermum trinervium"
-37.49102,149.47962,"Leptospermum trinervium"
-37.49102,149.47962,"Leptospermum trinervium"
-37.49102,149.47962,"Leptospermum trinervium"
-37.49101,149.48021,"Leptospermum trinervium"
-37.49101,149.48021,"Leptospermum trinervium"
-37.49101,149.48021,"Leptospermum trinervium"
-37.49101,149.48021,"Leptospermum trinervium"
-37.49101,149.48021,"Leptospermum trinervium"
-37.49101,149.48021,"Leptospermum trinervium"
-37.49097,149.47911,"Leptospermum trinervium"
-37.49097,149.48,"Leptospermum trinervium"
-37.49097,149.47911,"Leptospermum trinervium"
-37.49097,149.48,"Leptospermum trinervium"
-37.49097,149.47911,"Leptospermum trinervium"
-37.49097,149.48,"Leptospermum trinervium"
-37.49097,149.48,"Leptospermum trinervium"
-37.49097,149.48,"Leptospermum trinervium"
-37.49097,149.48,"Leptospermum trinervium"
-37.49097,149.47911,"Leptospermum trinervium"
-37.49097,149.47911,"Leptospermum trinervium"
-37.49097,149.47911,"Leptospermum trinervium"
-37.49088,149.4789,"Leptospermum trinervium"
-37.49088,149.4789,"Leptospermum trinervium"
-37.49088,149.4789,"Leptospermum trinervium"
-37.49088,149.4789,"Leptospermum trinervium"
-37.49088,149.4789,"Leptospermum trinervium"
-37.49088,149.4789,"Leptospermum trinervium"
-37.49079,149.47898,"Leptospermum trinervium"
-37.49078,149.47853,"Leptospermum trinervium"
-37.49078,149.47853,"Leptospermum trinervium"
-37.49078,149.47853,"Leptospermum trinervium"
-37.49078,149.47853,"Leptospermum trinervium"
-37.49078,149.47853,"Leptospermum trinervium"
-37.49078,149.47853,"Leptospermum trinervium"
-37.49076,149.4782,"Leptospermum trinervium"
-37.49076,149.4782,"Leptospermum trinervium"
-37.49076,149.4782,"Leptospermum trinervium"
-37.49076,149.4782,"Leptospermum trinervium"
-37.49076,149.4782,"Leptospermum trinervium"
-37.49076,149.4782,"Leptospermum trinervium"
-37.49065,149.47801,"Leptospermum trinervium"
-37.49065,149.47801,"Leptospermum trinervium"
-37.49065,149.47801,"Leptospermum trinervium"
-37.49065,149.47801,"Leptospermum trinervium"
-37.49065,149.47801,"Leptospermum trinervium"
-37.49065,149.47801,"Leptospermum trinervium"
-37.49029,149.4777,"Leptospermum trinervium"
-37.49029,149.4777,"Leptospermum trinervium"
-37.49029,149.4777,"Leptospermum trinervium"
-37.49029,149.4777,"Leptospermum trinervium"
-37.49029,149.4777,"Leptospermum trinervium"
-37.49029,149.4777,"Leptospermum trinervium"
-37.49016,149.47739,"Leptospermum trinervium"
-37.49016,149.47739,"Leptospermum trinervium"
-37.49016,149.47739,"Leptospermum trinervium"
-37.49016,149.47739,"Leptospermum trinervium"
-37.49016,149.47739,"Leptospermum trinervium"
-37.49016,149.47739,"Leptospermum trinervium"
-37.49,149.47333,"Leptospermum trinervium"
-37.48992,149.47703,"Leptospermum trinervium"
-37.48992,149.47703,"Leptospermum trinervium"
-37.48992,149.47703,"Leptospermum trinervium"
-37.48992,149.47703,"Leptospermum trinervium"
-37.48992,149.47703,"Leptospermum trinervium"
-37.48992,149.47703,"Leptospermum trinervium"
-37.48938,149.47631,"Leptospermum trinervium"
-37.48938,149.47631,"Leptospermum trinervium"
-37.48938,149.47631,"Leptospermum trinervium"
-37.48938,149.47631,"Leptospermum trinervium"
-37.48938,149.47631,"Leptospermum trinervium"
-37.48938,149.47631,"Leptospermum trinervium"
-37.489352,149.661393,"Leptospermum trinervium"
-37.48918,149.47596,"Leptospermum trinervium"
-37.48918,149.47596,"Leptospermum trinervium"
-37.48918,149.47596,"Leptospermum trinervium"
-37.48918,149.47596,"Leptospermum trinervium"
-37.48918,149.47596,"Leptospermum trinervium"
-37.48918,149.47596,"Leptospermum trinervium"
-37.48904,149.47578,"Leptospermum trinervium"
-37.48904,149.47578,"Leptospermum trinervium"
-37.48904,149.47578,"Leptospermum trinervium"
-37.48904,149.47578,"Leptospermum trinervium"
-37.48904,149.47578,"Leptospermum trinervium"
-37.48904,149.47578,"Leptospermum trinervium"
-37.489,149.47548,"Leptospermum trinervium"
-37.489,149.47548,"Leptospermum trinervium"
-37.489,149.47548,"Leptospermum trinervium"
-37.489,149.47548,"Leptospermum trinervium"
-37.489,149.47548,"Leptospermum trinervium"
-37.489,149.47548,"Leptospermum trinervium"
-37.48875,149.47497,"Leptospermum trinervium"
-37.48875,149.47497,"Leptospermum trinervium"
-37.48875,149.47497,"Leptospermum trinervium"
-37.48875,149.47497,"Leptospermum trinervium"
-37.48875,149.47497,"Leptospermum trinervium"
-37.48875,149.47497,"Leptospermum trinervium"
-37.48861,149.55111,"Leptospermum trinervium"
-37.48857,149.47406,"Leptospermum trinervium"
-37.48857,149.47406,"Leptospermum trinervium"
-37.48857,149.47406,"Leptospermum trinervium"
-37.48857,149.47406,"Leptospermum trinervium"
-37.48857,149.47406,"Leptospermum trinervium"
-37.48857,149.47406,"Leptospermum trinervium"
-37.48855,149.4741,"Leptospermum trinervium"
-37.48855,149.4741,"Leptospermum trinervium"
-37.48855,149.4741,"Leptospermum trinervium"
-37.48855,149.4741,"Leptospermum trinervium"
-37.48855,149.4741,"Leptospermum trinervium"
-37.48855,149.4741,"Leptospermum trinervium"
-37.48847,149.47328,"Leptospermum trinervium"
-37.48847,149.47328,"Leptospermum trinervium"
-37.48847,149.47328,"Leptospermum trinervium"
-37.48847,149.47328,"Leptospermum trinervium"
-37.48847,149.47328,"Leptospermum trinervium"
-37.48847,149.47328,"Leptospermum trinervium"
-37.48844,149.47301,"Leptospermum trinervium"
-37.48844,149.47301,"Leptospermum trinervium"
-37.48844,149.47301,"Leptospermum trinervium"
-37.48844,149.47301,"Leptospermum trinervium"
-37.48844,149.47301,"Leptospermum trinervium"
-37.48844,149.47301,"Leptospermum trinervium"
-37.48787,149.47364,"Leptospermum trinervium"
-37.48787,149.47364,"Leptospermum trinervium"
-37.48787,149.47364,"Leptospermum trinervium"
-37.48787,149.47364,"Leptospermum trinervium"
-37.48787,149.47364,"Leptospermum trinervium"
-37.48787,149.47364,"Leptospermum trinervium"
-37.48473,149.47276,"Leptospermum trinervium"
-37.48473,149.47276,"Leptospermum trinervium"
-37.48473,149.47276,"Leptospermum trinervium"
-37.48473,149.47276,"Leptospermum trinervium"
-37.48473,149.47276,"Leptospermum trinervium"
-37.48473,149.47276,"Leptospermum trinervium"
-37.48472,149.47411,"Leptospermum trinervium"
-37.48472,149.47411,"Leptospermum trinervium"
-37.48472,149.47411,"Leptospermum trinervium"
-37.48472,149.47411,"Leptospermum trinervium"
-37.48472,149.47411,"Leptospermum trinervium"
-37.48472,149.47411,"Leptospermum trinervium"
-37.48167,149.86778,"Leptospermum trinervium"
-37.48167,149.73444,"Leptospermum trinervium"
-37.48164,149.47513,"Leptospermum trinervium"
-37.48164,149.47513,"Leptospermum trinervium"
-37.48164,149.47513,"Leptospermum trinervium"
-37.48164,149.47513,"Leptospermum trinervium"
-37.48164,149.47513,"Leptospermum trinervium"
-37.48164,149.47513,"Leptospermum trinervium"
-37.48154,149.47504,"Leptospermum trinervium"
-37.48126,149.47547,"Leptospermum trinervium"
-37.48126,149.47547,"Leptospermum trinervium"
-37.48126,149.47547,"Leptospermum trinervium"
-37.48126,149.47547,"Leptospermum trinervium"
-37.48126,149.47547,"Leptospermum trinervium"
-37.48126,149.47547,"Leptospermum trinervium"
-37.48083,149.47558,"Leptospermum trinervium"
-37.48083,149.47558,"Leptospermum trinervium"
-37.48083,149.47558,"Leptospermum trinervium"
-37.48083,149.47558,"Leptospermum trinervium"
-37.48083,149.47558,"Leptospermum trinervium"
-37.48083,149.47558,"Leptospermum trinervium"
-37.48079,149.47579,"Leptospermum trinervium"
-37.48079,149.47579,"Leptospermum trinervium"
-37.48079,149.47579,"Leptospermum trinervium"
-37.48079,149.47579,"Leptospermum trinervium"
-37.48079,149.47579,"Leptospermum trinervium"
-37.48079,149.47579,"Leptospermum trinervium"
-37.48071,149.4751,"Leptospermum trinervium"
-37.48071,149.4751,"Leptospermum trinervium"
-37.48071,149.4751,"Leptospermum trinervium"
-37.48071,149.4751,"Leptospermum trinervium"
-37.48071,149.4751,"Leptospermum trinervium"
-37.48071,149.4751,"Leptospermum trinervium"
-37.48045,149.47583,"Leptospermum trinervium"
-37.48045,149.47583,"Leptospermum trinervium"
-37.48045,149.47583,"Leptospermum trinervium"
-37.48045,149.47583,"Leptospermum trinervium"
-37.48045,149.47583,"Leptospermum trinervium"
-37.48045,149.47583,"Leptospermum trinervium"
-37.480417,149.554203,"Leptospermum trinervium"
-37.480078,149.555117,"Leptospermum trinervium"
-37.480038,149.555497,"Leptospermum trinervium"
-37.480022,149.555497,"Leptospermum trinervium"
-37.479897,149.55548,"Leptospermum trinervium"
-37.47974,149.47572,"Leptospermum trinervium"
-37.47974,149.47572,"Leptospermum trinervium"
-37.47974,149.47572,"Leptospermum trinervium"
-37.47974,149.47572,"Leptospermum trinervium"
-37.47974,149.47572,"Leptospermum trinervium"
-37.47974,149.47572,"Leptospermum trinervium"
-37.47934,149.47639,"Leptospermum trinervium"
-37.47934,149.47639,"Leptospermum trinervium"
-37.47934,149.47639,"Leptospermum trinervium"
-37.47934,149.47639,"Leptospermum trinervium"
-37.47934,149.47639,"Leptospermum trinervium"
-37.47934,149.47639,"Leptospermum trinervium"
-37.47913,149.47727,"Leptospermum trinervium"
-37.47913,149.47727,"Leptospermum trinervium"
-37.47913,149.47727,"Leptospermum trinervium"
-37.47913,149.47727,"Leptospermum trinervium"
-37.47913,149.47727,"Leptospermum trinervium"
-37.47913,149.47727,"Leptospermum trinervium"
-37.47889,149.47611,"Leptospermum trinervium"
-37.47889,149.54972,"Leptospermum trinervium"
-37.47827,149.47672,"Leptospermum trinervium"
-37.47827,149.47672,"Leptospermum trinervium"
-37.47827,149.47672,"Leptospermum trinervium"
-37.47827,149.47672,"Leptospermum trinervium"
-37.47827,149.47672,"Leptospermum trinervium"
-37.47827,149.47672,"Leptospermum trinervium"
-37.47817,149.47712,"Leptospermum trinervium"
-37.47817,149.47712,"Leptospermum trinervium"
-37.47817,149.47712,"Leptospermum trinervium"
-37.47817,149.47712,"Leptospermum trinervium"
-37.47817,149.47712,"Leptospermum trinervium"
-37.47817,149.47712,"Leptospermum trinervium"
-37.47361,149.54917,"Leptospermum trinervium"
-37.4725,149.30222,"Leptospermum trinervium"
-37.47,149.27806,"Leptospermum trinervium"
-37.46917,149.28194,"Leptospermum trinervium"
-37.46917,149.5525,"Leptospermum trinervium"
-37.466667,149.533333,"Leptospermum trinervium"
-37.465,149.55111,"Leptospermum trinervium"
-37.4641,149.47039,"Leptospermum trinervium"
-37.4641,149.47039,"Leptospermum trinervium"
-37.4641,149.47039,"Leptospermum trinervium"
-37.4641,149.47039,"Leptospermum trinervium"
-37.4641,149.47039,"Leptospermum trinervium"
-37.4641,149.47039,"Leptospermum trinervium"
-37.46403,149.4701,"Leptospermum trinervium"
-37.46403,149.4701,"Leptospermum trinervium"
-37.46403,149.4701,"Leptospermum trinervium"
-37.46403,149.4701,"Leptospermum trinervium"
-37.46403,149.4701,"Leptospermum trinervium"
-37.46403,149.4701,"Leptospermum trinervium"
-37.46383,149.46999,"Leptospermum trinervium"
-37.46383,149.46999,"Leptospermum trinervium"
-37.46383,149.46999,"Leptospermum trinervium"
-37.46383,149.46999,"Leptospermum trinervium"
-37.46383,149.46999,"Leptospermum trinervium"
-37.46383,149.46999,"Leptospermum trinervium"
-37.463602,149.922938,"Leptospermum trinervium"
-37.463598,149.922911,"Leptospermum trinervium"
-37.4635,149.47049,"Leptospermum trinervium"
-37.4635,149.47049,"Leptospermum trinervium"
-37.4635,149.47049,"Leptospermum trinervium"
-37.4635,149.47049,"Leptospermum trinervium"
-37.4635,149.47049,"Leptospermum trinervium"
-37.4635,149.47049,"Leptospermum trinervium"
-37.46222,149.47,"Leptospermum trinervium"
-37.46222,149.46778,"Leptospermum trinervium"
-37.46176,149.46967,"Leptospermum trinervium"
-37.46176,149.46967,"Leptospermum trinervium"
-37.46176,149.46967,"Leptospermum trinervium"
-37.46176,149.46967,"Leptospermum trinervium"
-37.46176,149.46967,"Leptospermum trinervium"
-37.46176,149.46967,"Leptospermum trinervium"
-37.46154,149.62261,"Leptospermum trinervium"
-37.46142,149.47021,"Leptospermum trinervium"
-37.46142,149.47021,"Leptospermum trinervium"
-37.46142,149.47021,"Leptospermum trinervium"
-37.46142,149.47021,"Leptospermum trinervium"
-37.46142,149.47021,"Leptospermum trinervium"
-37.46142,149.47021,"Leptospermum trinervium"
-37.46106,149.47005,"Leptospermum trinervium"
-37.46106,149.47005,"Leptospermum trinervium"
-37.46106,149.47005,"Leptospermum trinervium"
-37.46106,149.47005,"Leptospermum trinervium"
-37.46106,149.47005,"Leptospermum trinervium"
-37.46106,149.47005,"Leptospermum trinervium"
-37.46092,149.47093,"Leptospermum trinervium"
-37.46092,149.47093,"Leptospermum trinervium"
-37.46092,149.47093,"Leptospermum trinervium"
-37.46092,149.47093,"Leptospermum trinervium"
-37.46092,149.47093,"Leptospermum trinervium"
-37.46092,149.47093,"Leptospermum trinervium"
-37.46075,149.62217,"Leptospermum trinervium"
-37.46023,149.47146,"Leptospermum trinervium"
-37.46023,149.47146,"Leptospermum trinervium"
-37.46023,149.47146,"Leptospermum trinervium"
-37.46023,149.47146,"Leptospermum trinervium"
-37.46023,149.47146,"Leptospermum trinervium"
-37.46023,149.47146,"Leptospermum trinervium"
-37.459639,149.470518,"Leptospermum trinervium"
-37.459503,149.869651,"Leptospermum trinervium"
-37.459499,149.869625,"Leptospermum trinervium"
-37.45944,149.46944,"Leptospermum trinervium"
-37.45606,149.46889,"Leptospermum trinervium"
-37.45606,149.46889,"Leptospermum trinervium"
-37.45606,149.46889,"Leptospermum trinervium"
-37.45606,149.46889,"Leptospermum trinervium"
-37.45606,149.46889,"Leptospermum trinervium"
-37.45606,149.46889,"Leptospermum trinervium"
-37.45562,149.46957,"Leptospermum trinervium"
-37.45562,149.46957,"Leptospermum trinervium"
-37.45562,149.46957,"Leptospermum trinervium"
-37.45562,149.46957,"Leptospermum trinervium"
-37.45562,149.46957,"Leptospermum trinervium"
-37.45562,149.46957,"Leptospermum trinervium"
-37.455378,149.877119,"Leptospermum trinervium"
-37.45514,149.47007,"Leptospermum trinervium"
-37.45514,149.47007,"Leptospermum trinervium"
-37.45514,149.47007,"Leptospermum trinervium"
-37.45514,149.47007,"Leptospermum trinervium"
-37.45514,149.47007,"Leptospermum trinervium"
-37.45514,149.47007,"Leptospermum trinervium"
-37.45365,149.47019,"Leptospermum trinervium"
-37.45365,149.47019,"Leptospermum trinervium"
-37.45365,149.47019,"Leptospermum trinervium"
-37.45365,149.47019,"Leptospermum trinervium"
-37.45365,149.47019,"Leptospermum trinervium"
-37.45365,149.47019,"Leptospermum trinervium"
-37.45334,149.46964,"Leptospermum trinervium"
-37.45334,149.46964,"Leptospermum trinervium"
-37.45334,149.46964,"Leptospermum trinervium"
-37.45334,149.46964,"Leptospermum trinervium"
-37.45334,149.46964,"Leptospermum trinervium"
-37.45334,149.46964,"Leptospermum trinervium"
-37.452337,149.945654,"Leptospermum trinervium"
-37.45191,149.46967,"Leptospermum trinervium"
-37.45191,149.46967,"Leptospermum trinervium"
-37.45191,149.46967,"Leptospermum trinervium"
-37.45191,149.46967,"Leptospermum trinervium"
-37.45191,149.46967,"Leptospermum trinervium"
-37.45191,149.46967,"Leptospermum trinervium"
-37.45159,149.4705,"Leptospermum trinervium"
-37.45159,149.4705,"Leptospermum trinervium"
-37.45159,149.4705,"Leptospermum trinervium"
-37.45159,149.4705,"Leptospermum trinervium"
-37.45159,149.4705,"Leptospermum trinervium"
-37.45159,149.4705,"Leptospermum trinervium"
-37.4514,149.46968,"Leptospermum trinervium"
-37.4514,149.46968,"Leptospermum trinervium"
-37.4514,149.46968,"Leptospermum trinervium"
-37.4514,149.46968,"Leptospermum trinervium"
-37.4514,149.46968,"Leptospermum trinervium"
-37.4514,149.46968,"Leptospermum trinervium"
-37.45086,149.47098,"Leptospermum trinervium"
-37.45077,149.47034,"Leptospermum trinervium"
-37.45077,149.47034,"Leptospermum trinervium"
-37.45077,149.47034,"Leptospermum trinervium"
-37.45077,149.47034,"Leptospermum trinervium"
-37.45077,149.47034,"Leptospermum trinervium"
-37.45077,149.47034,"Leptospermum trinervium"
-37.45031,149.47104,"Leptospermum trinervium"
-37.45031,149.47104,"Leptospermum trinervium"
-37.45031,149.47104,"Leptospermum trinervium"
-37.45031,149.47104,"Leptospermum trinervium"
-37.45031,149.47104,"Leptospermum trinervium"
-37.45031,149.47104,"Leptospermum trinervium"
-37.450151,149.948778,"Leptospermum trinervium"
-37.44972,149.47056,"Leptospermum trinervium"
-37.44931,149.47196,"Leptospermum trinervium"
-37.44931,149.47196,"Leptospermum trinervium"
-37.44931,149.47196,"Leptospermum trinervium"
-37.44931,149.47196,"Leptospermum trinervium"
-37.44931,149.47196,"Leptospermum trinervium"
-37.44931,149.47196,"Leptospermum trinervium"
-37.44838,149.47081,"Leptospermum trinervium"
-37.44838,149.47081,"Leptospermum trinervium"
-37.44838,149.47081,"Leptospermum trinervium"
-37.44838,149.47081,"Leptospermum trinervium"
-37.44838,149.47081,"Leptospermum trinervium"
-37.44838,149.47081,"Leptospermum trinervium"
-37.44833,149.48444,"Leptospermum trinervium"
-37.447947,149.955484,"Leptospermum trinervium"
-37.44754,149.4705,"Leptospermum trinervium"
-37.44754,149.4705,"Leptospermum trinervium"
-37.44754,149.4705,"Leptospermum trinervium"
-37.44754,149.4705,"Leptospermum trinervium"
-37.44754,149.4705,"Leptospermum trinervium"
-37.44754,149.4705,"Leptospermum trinervium"
-37.4469,149.4703,"Leptospermum trinervium"
-37.4469,149.4703,"Leptospermum trinervium"
-37.4469,149.4703,"Leptospermum trinervium"
-37.4469,149.4703,"Leptospermum trinervium"
-37.4469,149.4703,"Leptospermum trinervium"
-37.4469,149.4703,"Leptospermum trinervium"
-37.446514,149.947334,"Leptospermum trinervium"
-37.446467,149.946904,"Leptospermum trinervium"
-37.44635,149.47031,"Leptospermum trinervium"
-37.44635,149.47031,"Leptospermum trinervium"
-37.44635,149.47031,"Leptospermum trinervium"
-37.44635,149.47031,"Leptospermum trinervium"
-37.44635,149.47031,"Leptospermum trinervium"
-37.44635,149.47031,"Leptospermum trinervium"
-37.446265,149.947427,"Leptospermum trinervium"
-37.44611,149.958282,"Leptospermum trinervium"
-37.44611,149.958282,"Leptospermum trinervium"
-37.445965,149.959045,"Leptospermum trinervium"
-37.44514,149.46822,"Leptospermum trinervium"
-37.44514,149.46822,"Leptospermum trinervium"
-37.44514,149.46822,"Leptospermum trinervium"
-37.44514,149.46822,"Leptospermum trinervium"
-37.44514,149.46822,"Leptospermum trinervium"
-37.44514,149.46822,"Leptospermum trinervium"
-37.44448,149.468,"Leptospermum trinervium"
-37.44448,149.468,"Leptospermum trinervium"
-37.44448,149.468,"Leptospermum trinervium"
-37.44448,149.468,"Leptospermum trinervium"
-37.44448,149.468,"Leptospermum trinervium"
-37.44448,149.468,"Leptospermum trinervium"
-37.444402,149.940449,"Leptospermum trinervium"
-37.44415,149.46879,"Leptospermum trinervium"
-37.44415,149.46879,"Leptospermum trinervium"
-37.44415,149.46879,"Leptospermum trinervium"
-37.44415,149.46879,"Leptospermum trinervium"
-37.44415,149.46879,"Leptospermum trinervium"
-37.44415,149.46879,"Leptospermum trinervium"
-37.44343,149.46845,"Leptospermum trinervium"
-37.44343,149.46845,"Leptospermum trinervium"
-37.44343,149.46845,"Leptospermum trinervium"
-37.44343,149.46845,"Leptospermum trinervium"
-37.44343,149.46845,"Leptospermum trinervium"
-37.44343,149.46845,"Leptospermum trinervium"
-37.443223,149.948698,"Leptospermum trinervium"
-37.443,149.46703,"Leptospermum trinervium"
-37.443,149.46703,"Leptospermum trinervium"
-37.443,149.46703,"Leptospermum trinervium"
-37.443,149.46703,"Leptospermum trinervium"
-37.443,149.46703,"Leptospermum trinervium"
-37.443,149.46703,"Leptospermum trinervium"
-37.44294,149.4678,"Leptospermum trinervium"
-37.44294,149.4678,"Leptospermum trinervium"
-37.44294,149.4678,"Leptospermum trinervium"
-37.44294,149.4678,"Leptospermum trinervium"
-37.44294,149.4678,"Leptospermum trinervium"
-37.44294,149.4678,"Leptospermum trinervium"
-37.44271,149.46759,"Leptospermum trinervium"
-37.44227,149.46816,"Leptospermum trinervium"
-37.44227,149.46816,"Leptospermum trinervium"
-37.44227,149.46816,"Leptospermum trinervium"
-37.44227,149.46816,"Leptospermum trinervium"
-37.44227,149.46816,"Leptospermum trinervium"
-37.44227,149.46816,"Leptospermum trinervium"
-37.44224,149.46713,"Leptospermum trinervium"
-37.44224,149.46713,"Leptospermum trinervium"
-37.44224,149.46713,"Leptospermum trinervium"
-37.44224,149.46713,"Leptospermum trinervium"
-37.44224,149.46713,"Leptospermum trinervium"
-37.44224,149.46713,"Leptospermum trinervium"
-37.44143,149.46792,"Leptospermum trinervium"
-37.44143,149.46792,"Leptospermum trinervium"
-37.44143,149.46792,"Leptospermum trinervium"
-37.44143,149.46792,"Leptospermum trinervium"
-37.44143,149.46792,"Leptospermum trinervium"
-37.44143,149.46792,"Leptospermum trinervium"
-37.44139,149.46639,"Leptospermum trinervium"
-37.44104,149.46665,"Leptospermum trinervium"
-37.44104,149.46665,"Leptospermum trinervium"
-37.44104,149.46665,"Leptospermum trinervium"
-37.44104,149.46665,"Leptospermum trinervium"
-37.44104,149.46665,"Leptospermum trinervium"
-37.44104,149.46665,"Leptospermum trinervium"
-37.44094,149.4673,"Leptospermum trinervium"
-37.44094,149.4673,"Leptospermum trinervium"
-37.44094,149.4673,"Leptospermum trinervium"
-37.44094,149.4673,"Leptospermum trinervium"
-37.44094,149.4673,"Leptospermum trinervium"
-37.44094,149.4673,"Leptospermum trinervium"
-37.44086,149.942322,"Leptospermum trinervium"
-37.440529,149.916408,"Leptospermum trinervium"
-37.44026,149.46723,"Leptospermum trinervium"
-37.44026,149.46723,"Leptospermum trinervium"
-37.44026,149.46723,"Leptospermum trinervium"
-37.44026,149.46723,"Leptospermum trinervium"
-37.44026,149.46723,"Leptospermum trinervium"
-37.44026,149.46723,"Leptospermum trinervium"
-37.440093,149.944868,"Leptospermum trinervium"
-37.43972,149.53049,"Leptospermum trinervium"
-37.438061,149.935504,"Leptospermum trinervium"
-37.438056,149.935477,"Leptospermum trinervium"
-37.43772,149.4666,"Leptospermum trinervium"
-37.43772,149.4666,"Leptospermum trinervium"
-37.43772,149.4666,"Leptospermum trinervium"
-37.43772,149.4666,"Leptospermum trinervium"
-37.43772,149.4666,"Leptospermum trinervium"
-37.43772,149.4666,"Leptospermum trinervium"
-37.437413,149.925308,"Leptospermum trinervium"
-37.437408,149.925282,"Leptospermum trinervium"
-37.437408,149.940187,"Leptospermum trinervium"
-37.43735,149.46603,"Leptospermum trinervium"
-37.43735,149.46603,"Leptospermum trinervium"
-37.43735,149.46603,"Leptospermum trinervium"
-37.43735,149.46603,"Leptospermum trinervium"
-37.43735,149.46603,"Leptospermum trinervium"
-37.43735,149.46603,"Leptospermum trinervium"
-37.43728,149.46652,"Leptospermum trinervium"
-37.43728,149.46652,"Leptospermum trinervium"
-37.43728,149.46652,"Leptospermum trinervium"
-37.43728,149.46652,"Leptospermum trinervium"
-37.43728,149.46652,"Leptospermum trinervium"
-37.43728,149.46652,"Leptospermum trinervium"
-37.43722,149.465,"Leptospermum trinervium"
-37.43722,149.59278,"Leptospermum trinervium"
-37.43705,149.46584,"Leptospermum trinervium"
-37.43705,149.46584,"Leptospermum trinervium"
-37.43705,149.46584,"Leptospermum trinervium"
-37.43705,149.46584,"Leptospermum trinervium"
-37.43705,149.46584,"Leptospermum trinervium"
-37.43705,149.46584,"Leptospermum trinervium"
-37.437003,149.939787,"Leptospermum trinervium"
-37.43671,149.46586,"Leptospermum trinervium"
-37.43671,149.46586,"Leptospermum trinervium"
-37.43671,149.46586,"Leptospermum trinervium"
-37.43671,149.46586,"Leptospermum trinervium"
-37.43671,149.46586,"Leptospermum trinervium"
-37.43671,149.46586,"Leptospermum trinervium"
-37.43659,149.46592,"Leptospermum trinervium"
-37.43659,149.46592,"Leptospermum trinervium"
-37.43659,149.46592,"Leptospermum trinervium"
-37.43659,149.46592,"Leptospermum trinervium"
-37.43659,149.46592,"Leptospermum trinervium"
-37.43659,149.46592,"Leptospermum trinervium"
-37.43623,149.4658,"Leptospermum trinervium"
-37.43623,149.4658,"Leptospermum trinervium"
-37.43623,149.4658,"Leptospermum trinervium"
-37.43623,149.4658,"Leptospermum trinervium"
-37.43623,149.4658,"Leptospermum trinervium"
-37.43623,149.4658,"Leptospermum trinervium"
-37.436229,149.922343,"Leptospermum trinervium"
-37.43617,149.46593,"Leptospermum trinervium"
-37.43617,149.46593,"Leptospermum trinervium"
-37.43617,149.46593,"Leptospermum trinervium"
-37.43617,149.46593,"Leptospermum trinervium"
-37.43617,149.46593,"Leptospermum trinervium"
-37.43617,149.46593,"Leptospermum trinervium"
-37.43587,149.46548,"Leptospermum trinervium"
-37.43587,149.46548,"Leptospermum trinervium"
-37.43587,149.46548,"Leptospermum trinervium"
-37.43587,149.46548,"Leptospermum trinervium"
-37.43587,149.46548,"Leptospermum trinervium"
-37.43587,149.46548,"Leptospermum trinervium"
-37.43556,149.57583,"Leptospermum trinervium"
-37.43493,149.4658,"Leptospermum trinervium"
-37.43493,149.4658,"Leptospermum trinervium"
-37.43493,149.4658,"Leptospermum trinervium"
-37.43493,149.4658,"Leptospermum trinervium"
-37.43493,149.4658,"Leptospermum trinervium"
-37.43493,149.4658,"Leptospermum trinervium"
-37.43444,149.57694,"Leptospermum trinervium"
-37.432163,149.956795,"Leptospermum trinervium"
-37.429471,149.955265,"Leptospermum trinervium"
-37.429471,149.955265,"Leptospermum trinervium"
-37.426425,149.953123,"Leptospermum trinervium"
-37.426425,149.953123,"Leptospermum trinervium"
-37.426371,149.953266,"Leptospermum trinervium"
-37.426371,149.953266,"Leptospermum trinervium"
-37.426371,149.953266,"Leptospermum trinervium"
-37.426371,149.953266,"Leptospermum trinervium"
-37.426371,149.953266,"Leptospermum trinervium"
-37.426371,149.953266,"Leptospermum trinervium"
-37.426371,149.953266,"Leptospermum trinervium"
-37.426371,149.953266,"Leptospermum trinervium"
-37.426306,149.943808,"Leptospermum trinervium"
-37.424977,149.95014,"Leptospermum trinervium"
-37.424977,149.95014,"Leptospermum trinervium"
-37.424216,149.948494,"Leptospermum trinervium"
-37.423961,149.945343,"Leptospermum trinervium"
-37.423961,149.945343,"Leptospermum trinervium"
-37.422977,149.945802,"Leptospermum trinervium"
-37.420596,149.951312,"Leptospermum trinervium"
-37.420596,149.951312,"Leptospermum trinervium"
-37.420376,149.947473,"Leptospermum trinervium"
-37.42028,149.52667,"Leptospermum trinervium"
-37.41582,149.46669,"Leptospermum trinervium"
-37.41582,149.46669,"Leptospermum trinervium"
-37.41582,149.46669,"Leptospermum trinervium"
-37.41582,149.46669,"Leptospermum trinervium"
-37.41582,149.46669,"Leptospermum trinervium"
-37.41582,149.46669,"Leptospermum trinervium"
-37.412536,149.952182,"Leptospermum trinervium"
-37.409707,149.944242,"Leptospermum trinervium"
-37.404237,149.951472,"Leptospermum trinervium"
-37.40389,149.66306,"Leptospermum trinervium"
-37.403332,149.951639,"Leptospermum trinervium"
-37.4,149.95,"Leptospermum trinervium"
-37.4,149.9167,"Leptospermum trinervium"
-37.4,149.95,"Leptospermum trinervium"
-37.3994,149.8836,"Leptospermum trinervium"
-37.39917,149.66944,"Leptospermum trinervium"
-37.39833,149.49556,"Leptospermum trinervium"
-37.39833,149.49556,"Leptospermum trinervium"
-37.39833,149.49333,"Leptospermum trinervium"
-37.398312,149.939598,"Leptospermum trinervium"
-37.398308,149.939572,"Leptospermum trinervium"
-37.398114,149.950576,"Leptospermum trinervium"
-37.397326,149.95041,"Leptospermum trinervium"
-37.397326,149.95041,"Leptospermum trinervium"
-37.397118,149.885844,"Leptospermum trinervium"
-37.395606,149.882455,"Leptospermum trinervium"
-37.395,149.9506,"Leptospermum trinervium"
-37.393347,149.951327,"Leptospermum trinervium"
-37.392806,149.879411,"Leptospermum trinervium"
-37.392806,149.879411,"Leptospermum trinervium"
-37.392452,149.87856,"Leptospermum trinervium"
-37.392452,149.87856,"Leptospermum trinervium"
-37.392452,149.87856,"Leptospermum trinervium"
-37.392452,149.87856,"Leptospermum trinervium"
-37.392452,149.87856,"Leptospermum trinervium"
-37.392452,149.87856,"Leptospermum trinervium"
-37.392153,149.875128,"Leptospermum trinervium"
-37.392153,149.875128,"Leptospermum trinervium"
-37.391994,149.878352,"Leptospermum trinervium"
-37.391994,149.878352,"Leptospermum trinervium"
-37.390617,149.880129,"Leptospermum trinervium"
-37.390617,149.880129,"Leptospermum trinervium"
-37.390252,149.874378,"Leptospermum trinervium"
-37.390252,149.874378,"Leptospermum trinervium"
-37.390073,149.88248,"Leptospermum trinervium"
-37.390073,149.88248,"Leptospermum trinervium"
-37.389959,149.866767,"Leptospermum trinervium"
-37.389959,149.866767,"Leptospermum trinervium"
-37.388817,149.88615,"Leptospermum trinervium"
-37.388812,149.886124,"Leptospermum trinervium"
-37.388244,149.885425,"Leptospermum trinervium"
-37.388244,149.885425,"Leptospermum trinervium"
-37.388,149.527,"Leptospermum trinervium"
-37.386171,149.88379,"Leptospermum trinervium"
-37.386167,149.883764,"Leptospermum trinervium"
-37.386126,149.870268,"Leptospermum trinervium"
-37.385939,149.847088,"Leptospermum trinervium"
-37.385939,149.847088,"Leptospermum trinervium"
-37.385745,149.889214,"Leptospermum trinervium"
-37.385745,149.889214,"Leptospermum trinervium"
-37.385346,149.889501,"Leptospermum trinervium"
-37.385346,149.889501,"Leptospermum trinervium"
-37.385346,149.889501,"Leptospermum trinervium"
-37.385346,149.889501,"Leptospermum trinervium"
-37.385346,149.889501,"Leptospermum trinervium"
-37.385346,149.889501,"Leptospermum trinervium"
-37.385244,149.884884,"Leptospermum trinervium"
-37.385239,149.884858,"Leptospermum trinervium"
-37.385199,149.88943,"Leptospermum trinervium"
-37.385199,149.88943,"Leptospermum trinervium"
-37.383191,149.893079,"Leptospermum trinervium"
-37.383191,149.893079,"Leptospermum trinervium"
-37.383041,149.894022,"Leptospermum trinervium"
-37.383041,149.894022,"Leptospermum trinervium"
-37.382511,149.895085,"Leptospermum trinervium"
-37.382511,149.895085,"Leptospermum trinervium"
-37.382239,149.89719,"Leptospermum trinervium"
-37.382235,149.897164,"Leptospermum trinervium"
-37.381964,149.894952,"Leptospermum trinervium"
-37.381964,149.894952,"Leptospermum trinervium"
-37.380798,149.882455,"Leptospermum trinervium"
-37.380793,149.882429,"Leptospermum trinervium"
-37.380247,149.904337,"Leptospermum trinervium"
-37.380247,149.904337,"Leptospermum trinervium"
-37.380237,149.906572,"Leptospermum trinervium"
-37.380237,149.906572,"Leptospermum trinervium"
-37.380133,149.909529,"Leptospermum trinervium"
-37.380129,149.909504,"Leptospermum trinervium"
-37.379427,149.901598,"Leptospermum trinervium"
-37.379423,149.901572,"Leptospermum trinervium"
-37.379094,149.951242,"Leptospermum trinervium"
-37.379085,149.89221,"Leptospermum trinervium"
-37.379085,149.89221,"Leptospermum trinervium"
-37.377684,149.907083,"Leptospermum trinervium"
-37.375244,149.908829,"Leptospermum trinervium"
-37.375244,149.908829,"Leptospermum trinervium"
-37.37353,149.91209,"Leptospermum trinervium"
-37.36658,149.94739,"Leptospermum trinervium"
-37.366576,149.947364,"Leptospermum trinervium"
-37.357938,149.952997,"Leptospermum trinervium"
-37.357409,149.953804,"Leptospermum trinervium"
-37.357405,149.953778,"Leptospermum trinervium"
-37.35,149.933333,"Leptospermum trinervium"
-37.333333,149,"Leptospermum trinervium"
-37.333333,149,"Leptospermum trinervium"
-37.3325,149.52611,"Leptospermum trinervium"
-37.32928,149.906976,"Leptospermum trinervium"
-37.326714,149.919878,"Leptospermum trinervium"
-37.32671,149.919853,"Leptospermum trinervium"
-37.325479,149.93337,"Leptospermum trinervium"
-37.325475,149.933345,"Leptospermum trinervium"
-37.319741,149.946686,"Leptospermum trinervium"
-37.319738,149.946661,"Leptospermum trinervium"
-37.318246,149.667923,"Leptospermum trinervium"
-37.31498,149.672884,"Leptospermum trinervium"
-37.31035,149.678361,"Leptospermum trinervium"
-37.307586,149.928162,"Leptospermum trinervium"
-37.307583,149.928137,"Leptospermum trinervium"
-37.302942,149.922328,"Leptospermum trinervium"
-37.302942,149.922328,"Leptospermum trinervium"
-37.302832,149.922057,"Leptospermum trinervium"
-37.301233,149.924022,"Leptospermum trinervium"
-37.295206,149.918659,"Leptospermum trinervium"
-37.295203,149.918634,"Leptospermum trinervium"
-37.287586,149.648794,"Leptospermum trinervium"
-37.28185,149.9417,"Leptospermum trinervium"
-37.275754,149.67434,"Leptospermum trinervium"
-37.261111,148.794444,"Leptospermum trinervium"
-37.256396,149.803157,"Leptospermum trinervium"
-37.250294,149.644105,"Leptospermum trinervium"
-37.244899,149.912417,"Leptospermum trinervium"
-37.244221,149.902633,"Leptospermum trinervium"
-37.234849,149.837853,"Leptospermum trinervium"
-37.2333,149.9667,"Leptospermum trinervium"
-37.231516,149.637839,"Leptospermum trinervium"
-37.23151,149.637814,"Leptospermum trinervium"
-37.230142,149.928199,"Leptospermum trinervium"
-37.226231,149.974591,"Leptospermum trinervium"
-37.226228,149.974567,"Leptospermum trinervium"
-37.225274,149.976807,"Leptospermum trinervium"
-37.225271,149.976783,"Leptospermum trinervium"
-37.202337,149.970756,"Leptospermum trinervium"
-37.202177,149.963484,"Leptospermum trinervium"
-37.201107,149.970201,"Leptospermum trinervium"
-37.2,149.9667,"Leptospermum trinervium"
-37.192222,149.928056,"Leptospermum trinervium"
-37.184444,149.705833,"Leptospermum trinervium"
-37.183617,149.94698,"Leptospermum trinervium"
-37.181195,149.961143,"Leptospermum trinervium"
-37.181195,149.961143,"Leptospermum trinervium"
-37.176898,149.956775,"Leptospermum trinervium"
-37.176898,149.956775,"Leptospermum trinervium"
-37.160796,149.936582,"Leptospermum trinervium"
-37.132785,149.407605,"Leptospermum trinervium"
-37.132779,149.40758,"Leptospermum trinervium"
-37.128472,149.956104,"Leptospermum trinervium"
-37.120997,149.411171,"Leptospermum trinervium"
-37.101627,149.869458,"Leptospermum trinervium"
-37.0833,149.8333,"Leptospermum trinervium"
-37.0833,149.8333,"Leptospermum trinervium"
-37.066667,149.916667,"Leptospermum trinervium"
-37.044826,149.913531,"Leptospermum trinervium"
-37.043184,149.919503,"Leptospermum trinervium"
-37.043037,149.433434,"Leptospermum trinervium"
-37.043032,149.43341,"Leptospermum trinervium"
-37.03071,149.750016,"Leptospermum trinervium"
-37.030706,149.749993,"Leptospermum trinervium"
-37.026932,149.795961,"Leptospermum trinervium"
-37.026928,149.795938,"Leptospermum trinervium"
-37.026156,149.7521,"Leptospermum trinervium"
-37.026152,149.752077,"Leptospermum trinervium"
-37.022473,149.763206,"Leptospermum trinervium"
-37.022473,149.763205,"Leptospermum trinervium"
-37.022469,149.763183,"Leptospermum trinervium"
-37.021444,149.905746,"Leptospermum trinervium"
-37.020266,149.781284,"Leptospermum trinervium"
-37.020161,149.738375,"Leptospermum trinervium"
-37.019756,149.906954,"Leptospermum trinervium"
-37.0195673,149.9069189,"Leptospermum trinervium"
-37.019176,149.922113,"Leptospermum trinervium"
-37.016894,149.782108,"Leptospermum trinervium"
-37.016894,149.782107,"Leptospermum trinervium"
-37.016891,149.782085,"Leptospermum trinervium"
-37.015214,149.796093,"Leptospermum trinervium"
-37.015214,149.796093,"Leptospermum trinervium"
-37.01521,149.79607,"Leptospermum trinervium"
-37.010783,149.746601,"Leptospermum trinervium"
-37.010783,149.746601,"Leptospermum trinervium"
-37.010779,149.746578,"Leptospermum trinervium"
-37.004074,149.732763,"Leptospermum trinervium"
-37.004074,149.732764,"Leptospermum trinervium"
-37.00407,149.732741,"Leptospermum trinervium"
-37.000569,149.786568,"Leptospermum trinervium"
-37.000569,149.786568,"Leptospermum trinervium"
-37.000565,149.786545,"Leptospermum trinervium"
-36.998105,149.776367,"Leptospermum trinervium"
-36.998105,149.776366,"Leptospermum trinervium"
-36.998101,149.776344,"Leptospermum trinervium"
-36.993512,149.787771,"Leptospermum trinervium"
-36.993512,149.787771,"Leptospermum trinervium"
-36.993508,149.787748,"Leptospermum trinervium"
-36.991284,149.924172,"Leptospermum trinervium"
-36.991167,149.923906,"Leptospermum trinervium"
-36.991167,149.923906,"Leptospermum trinervium"
-36.990922,149.925505,"Leptospermum trinervium"
-36.990362,149.925482,"Leptospermum trinervium"
-36.990362,149.925482,"Leptospermum trinervium"
-36.988141,149.917035,"Leptospermum trinervium"
-36.987043,149.820122,"Leptospermum trinervium"
-36.98685,149.925919,"Leptospermum trinervium"
-36.986846,149.925897,"Leptospermum trinervium"
-36.98648,149.926062,"Leptospermum trinervium"
-36.986334,149.922315,"Leptospermum trinervium"
-36.984984,149.759376,"Leptospermum trinervium"
-36.984984,149.759377,"Leptospermum trinervium"
-36.98498,149.759354,"Leptospermum trinervium"
-36.981349,149.666126,"Leptospermum trinervium"
-36.981345,149.666103,"Leptospermum trinervium"
-36.980117,149.879206,"Leptospermum trinervium"
-36.977144,149.774818,"Leptospermum trinervium"
-36.977144,149.774818,"Leptospermum trinervium"
-36.97714,149.774795,"Leptospermum trinervium"
-36.976299,149.926614,"Leptospermum trinervium"
-36.976188,149.925096,"Leptospermum trinervium"
-36.975526,149.926146,"Leptospermum trinervium"
-36.975526,149.926146,"Leptospermum trinervium"
-36.975526,149.926146,"Leptospermum trinervium"
-36.975526,149.926146,"Leptospermum trinervium"
-36.974222,149.60645,"Leptospermum trinervium"
-36.973993,149.926559,"Leptospermum trinervium"
-36.973993,149.926559,"Leptospermum trinervium"
-36.973993,149.926559,"Leptospermum trinervium"
-36.973791,149.927079,"Leptospermum trinervium"
-36.973791,149.927079,"Leptospermum trinervium"
-36.965135,149.834519,"Leptospermum trinervium"
-36.96478,149.929261,"Leptospermum trinervium"
-36.96478,149.929261,"Leptospermum trinervium"
-36.96478,149.929261,"Leptospermum trinervium"
-36.964343,149.929662,"Leptospermum trinervium"
-36.964343,149.929662,"Leptospermum trinervium"
-36.963742,149.929704,"Leptospermum trinervium"
-36.963742,149.929704,"Leptospermum trinervium"
-36.963742,149.929704,"Leptospermum trinervium"
-36.963742,149.929704,"Leptospermum trinervium"
-36.963742,149.929704,"Leptospermum trinervium"
-36.93361,149.8994,"Leptospermum trinervium"
-36.922687,149.896505,"Leptospermum trinervium"
-36.915221,149.876483,"Leptospermum trinervium"
-36.904984,149.808333,"Leptospermum trinervium"
-36.904981,149.808311,"Leptospermum trinervium"
-36.904822,149.776907,"Leptospermum trinervium"
-36.904819,149.776885,"Leptospermum trinervium"
-36.90475,149.781972,"Leptospermum trinervium"
-36.90475,149.781972,"Leptospermum trinervium"
-36.90475,149.781972,"Leptospermum trinervium"
-36.90475,149.781972,"Leptospermum trinervium"
-36.883772,149.790728,"Leptospermum trinervium"
-36.881281,149.781663,"Leptospermum trinervium"
-36.87186,149.9146,"Leptospermum trinervium"
-36.868551,149.91722,"Leptospermum trinervium"
-36.8667,149.9,"Leptospermum trinervium"
-36.864735,149.913254,"Leptospermum trinervium"
-36.859886,149.885182,"Leptospermum trinervium"
-36.859883,149.88516,"Leptospermum trinervium"
-36.857445,149.924943,"Leptospermum trinervium"
-36.847584,149.912244,"Leptospermum trinervium"
-36.847191,149.917959,"Leptospermum trinervium"
-36.847191,149.917959,"Leptospermum trinervium"
-36.844922,149.916045,"Leptospermum trinervium"
-36.842884,149.929366,"Leptospermum trinervium"
-36.84247,149.909841,"Leptospermum trinervium"
-36.842167,149.926403,"Leptospermum trinervium"
-36.840093,149.912722,"Leptospermum trinervium"
-36.839049,149.91044,"Leptospermum trinervium"
-36.837798,149.898576,"Leptospermum trinervium"
-36.837572,149.930217,"Leptospermum trinervium"
-36.837572,149.930217,"Leptospermum trinervium"
-36.835959,149.93131,"Leptospermum trinervium"
-36.835959,149.93131,"Leptospermum trinervium"
-36.833747,149.929838,"Leptospermum trinervium"
-36.833428,149.929624,"Leptospermum trinervium"
-36.832639,149.504029,"Leptospermum trinervium"
-36.832475,149.932634,"Leptospermum trinervium"
-36.832475,149.932634,"Leptospermum trinervium"
-36.832475,149.932634,"Leptospermum trinervium"
-36.832475,149.932634,"Leptospermum trinervium"
-36.832475,149.932634,"Leptospermum trinervium"
-36.832475,149.932634,"Leptospermum trinervium"
-36.832363,149.933515,"Leptospermum trinervium"
-36.832363,149.933515,"Leptospermum trinervium"
-36.832363,149.933515,"Leptospermum trinervium"
-36.832363,149.933515,"Leptospermum trinervium"
-36.832363,149.933515,"Leptospermum trinervium"
-36.831839,149.9312,"Leptospermum trinervium"
-36.831839,149.9312,"Leptospermum trinervium"
-36.819421,149.906099,"Leptospermum trinervium"
-36.8,149.866667,"Leptospermum trinervium"
-36.793777,149.861409,"Leptospermum trinervium"
-36.793773,149.861388,"Leptospermum trinervium"
-36.772071,149.919342,"Leptospermum trinervium"
-36.764913,149.914434,"Leptospermum trinervium"
-36.76438,149.957738,"Leptospermum trinervium"
-36.762004,149.91914,"Leptospermum trinervium"
-36.76174,149.911514,"Leptospermum trinervium"
-36.761592,149.917557,"Leptospermum trinervium"
-36.759378,149.912321,"Leptospermum trinervium"
-36.742808,149.982585,"Leptospermum trinervium"
-36.736084,149.966602,"Leptospermum trinervium"
-36.734838,149.966178,"Leptospermum trinervium"
-36.7345659,149.9679148,"Leptospermum trinervium"
-36.734396,149.967803,"Leptospermum trinervium"
-36.734174,149.968354,"Leptospermum trinervium"
-36.7,149.4833,"Leptospermum trinervium"
-36.609039,150.030477,"Leptospermum trinervium"
-36.609033,150.030498,"Leptospermum trinervium"
-36.603576,150.028472,"Leptospermum trinervium"
-36.603573,150.028452,"Leptospermum trinervium"
-36.600889,149.708963,"Leptospermum trinervium"
-36.599065,149.704944,"Leptospermum trinervium"
-36.599065,149.704944,"Leptospermum trinervium"
-36.599006,149.708673,"Leptospermum trinervium"
-36.582662,149.694935,"Leptospermum trinervium"
-36.577512,149.916531,"Leptospermum trinervium"
-36.570184,149.920244,"Leptospermum trinervium"
-36.54098,149.917949,"Leptospermum trinervium"
-36.540976,149.917929,"Leptospermum trinervium"
-36.54,147.38,"Leptospermum trinervium"
-36.481321,149.925174,"Leptospermum trinervium"
-36.480726,149.925932,"Leptospermum trinervium"
-36.479534,149.924549,"Leptospermum trinervium"
-36.473456,149.933333,"Leptospermum trinervium"
-36.449241,150.018727,"Leptospermum trinervium"
-36.44818,150.048885,"Leptospermum trinervium"
-36.447245,150.011007,"Leptospermum trinervium"
-36.44724,150.011027,"Leptospermum trinervium"
-36.446367,150.012176,"Leptospermum trinervium"
-36.446367,150.012176,"Leptospermum trinervium"
-36.446364,150.012156,"Leptospermum trinervium"
-36.446364,150.012156,"Leptospermum trinervium"
-36.445541,150.072617,"Leptospermum trinervium"
-36.445501,150.013304,"Leptospermum trinervium"
-36.445495,150.013325,"Leptospermum trinervium"
-36.4446,150.013328,"Leptospermum trinervium"
-36.4446,150.013328,"Leptospermum trinervium"
-36.4446,150.013328,"Leptospermum trinervium"
-36.444595,150.013359,"Leptospermum trinervium"
-36.444595,150.013359,"Leptospermum trinervium"
-36.444595,150.013359,"Leptospermum trinervium"
-36.443722,150.014508,"Leptospermum trinervium"
-36.443719,150.014477,"Leptospermum trinervium"
-36.433644,149.992583,"Leptospermum trinervium"
-36.433644,149.992583,"Leptospermum trinervium"
-36.432585,150.003529,"Leptospermum trinervium"
-36.420423,150.010865,"Leptospermum trinervium"
-36.420423,150.010865,"Leptospermum trinervium"
-36.420037,150.01081,"Leptospermum trinervium"
-36.420037,150.01081,"Leptospermum trinervium"
-36.39264,149.610335,"Leptospermum trinervium"
-36.3878,150.0675,"Leptospermum trinervium"
-36.387778,150.0675,"Leptospermum trinervium"
-36.387778,150.0675,"Leptospermum trinervium"
-36.385142,150.069196,"Leptospermum trinervium"
-36.288716,149.558706,"Leptospermum trinervium"
-36.277919,149.643209,"Leptospermum trinervium"
-36.277914,149.64319,"Leptospermum trinervium"
-36.276008,149.620694,"Leptospermum trinervium"
-36.274806,149.620843,"Leptospermum trinervium"
-36.274801,149.620824,"Leptospermum trinervium"
-36.27344,149.641945,"Leptospermum trinervium"
-36.273436,149.641926,"Leptospermum trinervium"
-36.27307,149.658628,"Leptospermum trinervium"
-36.273066,149.658609,"Leptospermum trinervium"
-36.270083,149.630702,"Leptospermum trinervium"
-36.270079,149.630683,"Leptospermum trinervium"
-36.263164,149.658292,"Leptospermum trinervium"
-36.263159,149.658273,"Leptospermum trinervium"
-36.256697,149.689038,"Leptospermum trinervium"
-36.215105,149.967873,"Leptospermum trinervium"
-36.215104,149.967874,"Leptospermum trinervium"
-36.21293,148.07246,"Leptospermum trinervium"
-36.204514,149.701325,"Leptospermum trinervium"
-36.204163,149.676848,"Leptospermum trinervium"
-36.202152,149.678114,"Leptospermum trinervium"
-36.202152,149.678114,"Leptospermum trinervium"
-36.202054,149.898969,"Leptospermum trinervium"
-36.201962,149.694566,"Leptospermum trinervium"
-36.200662,149.692297,"Leptospermum trinervium"
-36.2,149.6667,"Leptospermum trinervium"
-36.196218,149.739267,"Leptospermum trinervium"
-36.196216,149.739262,"Leptospermum trinervium"
-36.19343,149.59144,"Leptospermum trinervium"
-36.193426,149.591422,"Leptospermum trinervium"
-36.192481,149.593633,"Leptospermum trinervium"
-36.192477,149.593615,"Leptospermum trinervium"
-36.185426,149.627866,"Leptospermum trinervium"
-36.185426,149.627866,"Leptospermum trinervium"
-36.185421,149.627847,"Leptospermum trinervium"
-36.185421,149.627847,"Leptospermum trinervium"
-36.183887,149.65672,"Leptospermum trinervium"
-36.183883,149.656702,"Leptospermum trinervium"
-36.139497,150.120329,"Leptospermum trinervium"
-36.131944,150.124722,"Leptospermum trinervium"
-36.118213,150.047895,"Leptospermum trinervium"
-36.11073,150.094564,"Leptospermum trinervium"
-36.10579,150.09121,"Leptospermum trinervium"
-36.1027,150.09088,"Leptospermum trinervium"
-36.089129,150.111465,"Leptospermum trinervium"
-36.089129,150.111465,"Leptospermum trinervium"
-36.058772,149.608087,"Leptospermum trinervium"
-36.03581,149.309336,"Leptospermum trinervium"
-36.008333,149.891667,"Leptospermum trinervium"
-36.0083,149.8917,"Leptospermum trinervium"
-36.007972,149.316877,"Leptospermum trinervium"
-36.007972,149.316877,"Leptospermum trinervium"
-36.007179,149.89257,"Leptospermum trinervium"
-36.007179,149.89257,"Leptospermum trinervium"
-35.970265,150.150956,"Leptospermum trinervium"
-35.962948,150.152373,"Leptospermum trinervium"
-35.95,149.8833,"Leptospermum trinervium"
-35.935889,149.903722,"Leptospermum trinervium"
-35.935833,149.903611,"Leptospermum trinervium"
-35.935187,149.792975,"Leptospermum trinervium"
-35.935187,149.792975,"Leptospermum trinervium"
-35.934572,149.932031,"Leptospermum trinervium"
-35.932041,149.90645,"Leptospermum trinervium"
-35.911999,148.385003,"Leptospermum trinervium"
-35.911935,149.917901,"Leptospermum trinervium"
-35.910508,149.976009,"Leptospermum trinervium"
-35.887232,149.895951,"Leptospermum trinervium"
-35.883333,149.983333,"Leptospermum trinervium"
-35.880884,150.082136,"Leptospermum trinervium"
-35.862605,150.123911,"Leptospermum trinervium"
-35.853186,150.077203,"Leptospermum trinervium"
-35.853186,150.077203,"Leptospermum trinervium"
-35.8333,150.1167,"Leptospermum trinervium"
-35.8333,150.1333,"Leptospermum trinervium"
-35.8333,150.1167,"Leptospermum trinervium"
-35.801197,150.13185,"Leptospermum trinervium"
-35.786944,150.222778,"Leptospermum trinervium"
-35.777535,150.208515,"Leptospermum trinervium"
-35.777481,149.961639,"Leptospermum trinervium"
-35.755116,150.163152,"Leptospermum trinervium"
-35.7419,149.2641,"Leptospermum trinervium"
-35.7337,149.2873,"Leptospermum trinervium"
-35.7,148.84,"Leptospermum trinervium"
-35.653536,150.291504,"Leptospermum trinervium"
-35.645535,150.112156,"Leptospermum trinervium"
-35.642173,150.14109,"Leptospermum trinervium"
-35.64143,150.261581,"Leptospermum trinervium"
-35.64143,150.261581,"Leptospermum trinervium"
-35.63,148.94,"Leptospermum trinervium"
-35.63,148.94,"Leptospermum trinervium"
-35.6167,150.25,"Leptospermum trinervium"
-35.616667,150.25,"Leptospermum trinervium"
-35.614997,150.2981,"Leptospermum trinervium"
-35.602,148.299,"Leptospermum trinervium"
-35.59566,150.091484,"Leptospermum trinervium"
-35.586135,150.318944,"Leptospermum trinervium"
-35.583979,148.294198,"Leptospermum trinervium"
-35.5833,150.2667,"Leptospermum trinervium"
-35.57907,150.25778,"Leptospermum trinervium"
-35.57686,150.264067,"Leptospermum trinervium"
-35.57686,150.264067,"Leptospermum trinervium"
-35.5746,149.8777,"Leptospermum trinervium"
-35.57455,149.8777,"Leptospermum trinervium"
-35.569498,148.337299,"Leptospermum trinervium"
-35.569444,148.337222,"Leptospermum trinervium"
-35.564954,149.945519,"Leptospermum trinervium"
-35.564954,149.945519,"Leptospermum trinervium"
-35.561729,149.948434,"Leptospermum trinervium"
-35.559,149.9311,"Leptospermum trinervium"
-35.555677,150.003002,"Leptospermum trinervium"
-35.551944,149.955,"Leptospermum trinervium"
-35.550347,149.998747,"Leptospermum trinervium"
-35.550347,149.998747,"Leptospermum trinervium"
-35.55,149.9833,"Leptospermum trinervium"
-35.55,150.333333,"Leptospermum trinervium"
-35.55,150.3333,"Leptospermum trinervium"
-35.549959,149.996251,"Leptospermum trinervium"
-35.5496,149.9375,"Leptospermum trinervium"
-35.548209,150.295691,"Leptospermum trinervium"
-35.533333,149.95,"Leptospermum trinervium"
-35.533333,149.95,"Leptospermum trinervium"
-35.5333,149.95,"Leptospermum trinervium"
-35.529794,150.0289,"Leptospermum trinervium"
-35.526992,150.033689,"Leptospermum trinervium"
-35.525974,150.215039,"Leptospermum trinervium"
-35.516798,150.123272,"Leptospermum trinervium"
-35.514772,150.327139,"Leptospermum trinervium"
-35.508662,150.115457,"Leptospermum trinervium"
-35.505841,150.097438,"Leptospermum trinervium"
-35.503875,150.053589,"Leptospermum trinervium"
-35.5,150.166667,"Leptospermum trinervium"
-35.49956,149.726404,"Leptospermum trinervium"
-35.486068,150.083317,"Leptospermum trinervium"
-35.482332,150.079468,"Leptospermum trinervium"
-35.48,148.91,"Leptospermum trinervium"
-35.48,148.9,"Leptospermum trinervium"
-35.479808,150.067103,"Leptospermum trinervium"
-35.479808,150.067103,"Leptospermum trinervium"
-35.479808,150.067103,"Leptospermum trinervium"
-35.476253,150.103505,"Leptospermum trinervium"
-35.475165,150.160056,"Leptospermum trinervium"
-35.471135,150.38769,"Leptospermum trinervium"
-35.471135,150.38769,"Leptospermum trinervium"
-35.470648,150.072185,"Leptospermum trinervium"
-35.470648,150.072185,"Leptospermum trinervium"
-35.452379,150.391469,"Leptospermum trinervium"
-35.448497,150.39871,"Leptospermum trinervium"
-35.427567,150.050006,"Leptospermum trinervium"
-35.426686,150.050864,"Leptospermum trinervium"
-35.426686,150.050864,"Leptospermum trinervium"
-35.4167,150.4167,"Leptospermum trinervium"
-35.4167,150.45,"Leptospermum trinervium"
-35.415105,150.201206,"Leptospermum trinervium"
-35.415099,150.201189,"Leptospermum trinervium"
-35.411389,150.245278,"Leptospermum trinervium"
-35.410367,150.427681,"Leptospermum trinervium"
-35.409425,150.428107,"Leptospermum trinervium"
-35.40941,150.427184,"Leptospermum trinervium"
-35.40941,150.42422,"Leptospermum trinervium"
-35.4077284,150.0358996,"Leptospermum trinervium"
-35.406966,150.035947,"Leptospermum trinervium"
-35.406944,150.033611,"Leptospermum trinervium"
-35.406906,150.44379,"Leptospermum trinervium"
-35.406111,150.433918,"Leptospermum trinervium"
-35.403884,150.133157,"Leptospermum trinervium"
-35.403884,150.133157,"Leptospermum trinervium"
-35.403147,150.442548,"Leptospermum trinervium"
-35.402784,150.424159,"Leptospermum trinervium"
-35.400159,150.430407,"Leptospermum trinervium"
-35.4,150.1833,"Leptospermum trinervium"
-35.399577,150.400262,"Leptospermum trinervium"
-35.398587,150.396562,"Leptospermum trinervium"
-35.393764,150.373806,"Leptospermum trinervium"
-35.3931,150.2858,"Leptospermum trinervium"
-35.393056,150.285833,"Leptospermum trinervium"
-35.387284,150.420095,"Leptospermum trinervium"
-35.387284,150.420095,"Leptospermum trinervium"
-35.382917,150.456023,"Leptospermum trinervium"
-35.380287,150.453128,"Leptospermum trinervium"
-35.380287,150.453128,"Leptospermum trinervium"
-35.380287,150.453128,"Leptospermum trinervium"
-35.379683,150.456149,"Leptospermum trinervium"
-35.379006,150.455284,"Leptospermum trinervium"
-35.378862,150.455855,"Leptospermum trinervium"
-35.377023,150.420807,"Leptospermum trinervium"
-35.37662,150.456048,"Leptospermum trinervium"
-35.374191,150.457746,"Leptospermum trinervium"
-35.374077,150.45525,"Leptospermum trinervium"
-35.37384,150.455215,"Leptospermum trinervium"
-35.371304,149.989551,"Leptospermum trinervium"
-35.370538,150.454219,"Leptospermum trinervium"
-35.370279,150.454389,"Leptospermum trinervium"
-35.368433,150.473892,"Leptospermum trinervium"
-35.3667,149.95,"Leptospermum trinervium"
-35.36508,150.47034,"Leptospermum trinervium"
-35.363016,150.450964,"Leptospermum trinervium"
-35.362475,150.453153,"Leptospermum trinervium"
-35.361417,150.456482,"Leptospermum trinervium"
-35.360344,150.452479,"Leptospermum trinervium"
-35.360333,150.452471,"Leptospermum trinervium"
-35.359543,150.452558,"Leptospermum trinervium"
-35.359543,150.452558,"Leptospermum trinervium"
-35.357962,150.33174,"Leptospermum trinervium"
-35.35685,150.45445,"Leptospermum trinervium"
-35.356764,150.49285,"Leptospermum trinervium"
-35.352491,150.434383,"Leptospermum trinervium"
-35.35136,150.481203,"Leptospermum trinervium"
-35.35,150.4833,"Leptospermum trinervium"
-35.35,150.483333,"Leptospermum trinervium"
-35.35,150.4833,"Leptospermum trinervium"
-35.35,150.483333,"Leptospermum trinervium"
-35.349297,150.454849,"Leptospermum trinervium"
-35.3486379,150.484295,"Leptospermum trinervium"
-35.339398,150.452669,"Leptospermum trinervium"
-35.328123,150.287077,"Leptospermum trinervium"
-35.328123,150.287077,"Leptospermum trinervium"
-35.321606,150.462177,"Leptospermum trinervium"
-35.3178,150.320458,"Leptospermum trinervium"
-35.3178,150.320458,"Leptospermum trinervium"
-35.313611,150.021667,"Leptospermum trinervium"
-35.312343,150.46747,"Leptospermum trinervium"
-35.312343,150.46747,"Leptospermum trinervium"
-35.3025,150.1906,"Leptospermum trinervium"
-35.3025,150.1906,"Leptospermum trinervium"
-35.300938,150.21315,"Leptospermum trinervium"
-35.300932,150.213132,"Leptospermum trinervium"
-35.3,150.35,"Leptospermum trinervium"
-35.298466,150.331497,"Leptospermum trinervium"
-35.2977,150.3328,"Leptospermum trinervium"
-35.296696,150.193577,"Leptospermum trinervium"
-35.288401,150.303115,"Leptospermum trinervium"
-35.283675,150.303766,"Leptospermum trinervium"
-35.283333,150.066667,"Leptospermum trinervium"
-35.2833,150.0667,"Leptospermum trinervium"
-35.2833,150.0667,"Leptospermum trinervium"
-35.282039,150.341976,"Leptospermum trinervium"
-35.282039,150.341976,"Leptospermum trinervium"
-35.282039,150.341976,"Leptospermum trinervium"
-35.282039,150.341976,"Leptospermum trinervium"
-35.282039,150.341976,"Leptospermum trinervium"
-35.269726,149.834773,"Leptospermum trinervium"
-35.2686,150.035,"Leptospermum trinervium"
-35.263623,150.030943,"Leptospermum trinervium"
-35.261401,150.347,"Leptospermum trinervium"
-35.256986,150.227386,"Leptospermum trinervium"
-35.255655,150.477827,"Leptospermum trinervium"
-35.255655,150.477827,"Leptospermum trinervium"
-35.255655,150.477827,"Leptospermum trinervium"
-35.252414,150.347832,"Leptospermum trinervium"
-35.25,150.35,"Leptospermum trinervium"
-35.25,150.35,"Leptospermum trinervium"
-35.246111,150.026944,"Leptospermum trinervium"
-35.244263,150.496992,"Leptospermum trinervium"
-35.244263,150.496992,"Leptospermum trinervium"
-35.241491,150.498956,"Leptospermum trinervium"
-35.236489,150.501175,"Leptospermum trinervium"
-35.2347,149.7189,"Leptospermum trinervium"
-35.233333,146.716667,"Leptospermum trinervium"
-35.233333,150.166667,"Leptospermum trinervium"
-35.233333,150.166667,"Leptospermum trinervium"
-35.2333,149.7167,"Leptospermum trinervium"
-35.2333,149.7167,"Leptospermum trinervium"
-35.2333,149.7167,"Leptospermum trinervium"
-35.2333,150.1667,"Leptospermum trinervium"
-35.231353,150.32338,"Leptospermum trinervium"
-35.225334,150.073014,"Leptospermum trinervium"
-35.222676,149.83286,"Leptospermum trinervium"
-35.222572,150.322175,"Leptospermum trinervium"
-35.2167,150.2667,"Leptospermum trinervium"
-35.205923,150.227323,"Leptospermum trinervium"
-35.205923,150.227323,"Leptospermum trinervium"
-35.200933,150.124391,"Leptospermum trinervium"
-35.199409,150.231772,"Leptospermum trinervium"
-35.199409,150.231772,"Leptospermum trinervium"
-35.196384,150.491972,"Leptospermum trinervium"
-35.196384,150.491972,"Leptospermum trinervium"
-35.192226,150.236156,"Leptospermum trinervium"
-35.192226,150.236156,"Leptospermum trinervium"
-35.191475,150.512284,"Leptospermum trinervium"
-35.191475,150.512284,"Leptospermum trinervium"
-35.187585,150.532277,"Leptospermum trinervium"
-35.187585,150.532277,"Leptospermum trinervium"
-35.186201,150.15126,"Leptospermum trinervium"
-35.18402,149.853486,"Leptospermum trinervium"
-35.183944,150.209527,"Leptospermum trinervium"
-35.1833,150.15,"Leptospermum trinervium"
-35.181759,150.524219,"Leptospermum trinervium"
-35.179127,150.258238,"Leptospermum trinervium"
-35.177625,150.361803,"Leptospermum trinervium"
-35.176211,150.250871,"Leptospermum trinervium"
-35.176211,150.250871,"Leptospermum trinervium"
-35.170404,149.92964,"Leptospermum trinervium"
-35.167867,150.520611,"Leptospermum trinervium"
-35.167867,150.520611,"Leptospermum trinervium"
-35.16673,150.585033,"Leptospermum trinervium"
-35.16639,149.929099,"Leptospermum trinervium"
-35.1656,149.7986,"Leptospermum trinervium"
-35.165567,150.395662,"Leptospermum trinervium"
-35.16404,150.305713,"Leptospermum trinervium"
-35.16404,150.305713,"Leptospermum trinervium"
-35.163359,150.377098,"Leptospermum trinervium"
-35.161796,150.37719,"Leptospermum trinervium"
-35.1617,150.3753,"Leptospermum trinervium"
-35.157468,150.314151,"Leptospermum trinervium"
-35.157468,150.314151,"Leptospermum trinervium"
-35.153434,150.523673,"Leptospermum trinervium"
-35.153276,150.369165,"Leptospermum trinervium"
-35.153276,150.369165,"Leptospermum trinervium"
-35.152784,150.5258,"Leptospermum trinervium"
-35.15179,150.534534,"Leptospermum trinervium"
-35.151492,149.816272,"Leptospermum trinervium"
-35.151492,149.816272,"Leptospermum trinervium"
-35.15006,150.583471,"Leptospermum trinervium"
-35.15,150.67,"Leptospermum trinervium"
-35.15,150.67,"Leptospermum trinervium"
-35.15,150.67,"Leptospermum trinervium"
-35.15,150.67,"Leptospermum trinervium"
-35.15,150.67,"Leptospermum trinervium"
-35.149573,150.584738,"Leptospermum trinervium"
-35.149042,150.556197,"Leptospermum trinervium"
-35.1468,150.1253,"Leptospermum trinervium"
-35.1468,150.1253,"Leptospermum trinervium"
-35.143841,150.250787,"Leptospermum trinervium"
-35.143723,150.581158,"Leptospermum trinervium"
-35.141157,150.5741,"Leptospermum trinervium"
-35.14,150.68,"Leptospermum trinervium"
-35.14,150.68,"Leptospermum trinervium"
-35.14,150.72,"Leptospermum trinervium"
-35.138611,150.136944,"Leptospermum trinervium"
-35.138339,150.569345,"Leptospermum trinervium"
-35.137977,150.565886,"Leptospermum trinervium"
-35.136262,150.567354,"Leptospermum trinervium"
-35.134137,150.567944,"Leptospermum trinervium"
-35.132612,150.559332,"Leptospermum trinervium"
-35.131096,150.554812,"Leptospermum trinervium"
-35.13,150.7,"Leptospermum trinervium"
-35.13,150.67,"Leptospermum trinervium"
-35.13,150.7,"Leptospermum trinervium"
-35.13,150.7,"Leptospermum trinervium"
-35.13,150.67,"Leptospermum trinervium"
-35.129332,150.550904,"Leptospermum trinervium"
-35.12899,150.013651,"Leptospermum trinervium"
-35.12899,150.013651,"Leptospermum trinervium"
-35.127928,150.588779,"Leptospermum trinervium"
-35.12748,150.245215,"Leptospermum trinervium"
-35.12748,150.245215,"Leptospermum trinervium"
-35.127117,150.550169,"Leptospermum trinervium"
-35.125724,150.518215,"Leptospermum trinervium"
-35.121493,148.205947,"Leptospermum trinervium"
-35.12,150.69,"Leptospermum trinervium"
-35.12,150.68,"Leptospermum trinervium"
-35.12,150.67,"Leptospermum trinervium"
-35.12,150.66,"Leptospermum trinervium"
-35.12,150.67,"Leptospermum trinervium"
-35.119755,150.51752,"Leptospermum trinervium"
-35.117062,150.522056,"Leptospermum trinervium"
-35.1167,150.1333,"Leptospermum trinervium"
-35.1167,150.1333,"Leptospermum trinervium"
-35.1167,150.1333,"Leptospermum trinervium"
-35.116667,150.2,"Leptospermum trinervium"
-35.113556,150.692799,"Leptospermum trinervium"
-35.11215,150.533592,"Leptospermum trinervium"
-35.111347,150.490688,"Leptospermum trinervium"
-35.110386,150.325866,"Leptospermum trinervium"
-35.110386,150.325866,"Leptospermum trinervium"
-35.109653,150.3618,"Leptospermum trinervium"
-35.109589,150.3618,"Leptospermum trinervium"
-35.109131,150.332393,"Leptospermum trinervium"
-35.108989,150.692345,"Leptospermum trinervium"
-35.1089,150.3324,"Leptospermum trinervium"
-35.108333,150.330556,"Leptospermum trinervium"
-35.108056,150.504359,"Leptospermum trinervium"
-35.107911,150.65863,"Leptospermum trinervium"
-35.10747,150.493996,"Leptospermum trinervium"
-35.106738,150.66054,"Leptospermum trinervium"
-35.106738,150.66054,"Leptospermum trinervium"
-35.105344,150.500256,"Leptospermum trinervium"
-35.10452,150.68954,"Leptospermum trinervium"
-35.103278,150.316282,"Leptospermum trinervium"
-35.103278,150.316282,"Leptospermum trinervium"
-35.103278,150.316282,"Leptospermum trinervium"
-35.103278,150.316282,"Leptospermum trinervium"
-35.102836,150.407088,"Leptospermum trinervium"
-35.102487,150.314323,"Leptospermum trinervium"
-35.101395,150.502395,"Leptospermum trinervium"
-35.100725,150.682025,"Leptospermum trinervium"
-35.1,150.333333,"Leptospermum trinervium"
-35.1,150.3333,"Leptospermum trinervium"
-35.1,150.2833,"Leptospermum trinervium"
-35.1,150.3333,"Leptospermum trinervium"
-35.099919,150.685562,"Leptospermum trinervium"
-35.099919,150.685561,"Leptospermum trinervium"
-35.09989,150.318784,"Leptospermum trinervium"
-35.09989,150.318784,"Leptospermum trinervium"
-35.099088,150.406565,"Leptospermum trinervium"
-35.099088,150.406565,"Leptospermum trinervium"
-35.098939,150.319429,"Leptospermum trinervium"
-35.098908,150.406571,"Leptospermum trinervium"
-35.098908,150.406571,"Leptospermum trinervium"
-35.098041,150.316662,"Leptospermum trinervium"
-35.098041,150.316662,"Leptospermum trinervium"
-35.094619,150.502006,"Leptospermum trinervium"
-35.09425,150.617826,"Leptospermum trinervium"
-35.094023,150.609091,"Leptospermum trinervium"
-35.094023,150.609091,"Leptospermum trinervium"
-35.094011,150.367594,"Leptospermum trinervium"
-35.094011,150.367594,"Leptospermum trinervium"
-35.092089,150.555493,"Leptospermum trinervium"
-35.0913379,150.1347839,"Leptospermum trinervium"
-35.0913,150.616354,"Leptospermum trinervium"
-35.090585,150.562178,"Leptospermum trinervium"
-35.089041,150.603864,"Leptospermum trinervium"
-35.088985,150.599574,"Leptospermum trinervium"
-35.088293,150.551196,"Leptospermum trinervium"
-35.088085,150.604525,"Leptospermum trinervium"
-35.087792,150.65845,"Leptospermum trinervium"
-35.087778,150.120556,"Leptospermum trinervium"
-35.087741,150.510026,"Leptospermum trinervium"
-35.085082,150.483842,"Leptospermum trinervium"
-35.084928,150.681628,"Leptospermum trinervium"
-35.08462,150.59267,"Leptospermum trinervium"
-35.083639,150.679273,"Leptospermum trinervium"
-35.0833,150.1333,"Leptospermum trinervium"
-35.0833,150.1333,"Leptospermum trinervium"
-35.0833,150.175,"Leptospermum trinervium"
-35.0833,150.175,"Leptospermum trinervium"
-35.081947,150.390769,"Leptospermum trinervium"
-35.081947,150.390769,"Leptospermum trinervium"
-35.081947,150.390769,"Leptospermum trinervium"
-35.081947,150.390769,"Leptospermum trinervium"
-35.081947,150.390769,"Leptospermum trinervium"
-35.081947,150.390769,"Leptospermum trinervium"
-35.081767,150.084521,"Leptospermum trinervium"
-35.080651,150.657155,"Leptospermum trinervium"
-35.080462,150.663685,"Leptospermum trinervium"
-35.08015,150.6566,"Leptospermum trinervium"
-35.08015,150.6566,"Leptospermum trinervium"
-35.0799,150.1476,"Leptospermum trinervium"
-35.0799,150.1476,"Leptospermum trinervium"
-35.0799,150.1476,"Leptospermum trinervium"
-35.079648,150.663771,"Leptospermum trinervium"
-35.079648,150.663771,"Leptospermum trinervium"
-35.076202,150.660876,"Leptospermum trinervium"
-35.07441,150.196644,"Leptospermum trinervium"
-35.07441,150.196644,"Leptospermum trinervium"
-35.073473,150.657751,"Leptospermum trinervium"
-35.07312,150.211017,"Leptospermum trinervium"
-35.07312,150.211017,"Leptospermum trinervium"
-35.073045,150.660541,"Leptospermum trinervium"
-35.072228,150.215334,"Leptospermum trinervium"
-35.07189,150.236374,"Leptospermum trinervium"
-35.07189,150.236374,"Leptospermum trinervium"
-35.07101,150.231628,"Leptospermum trinervium"
-35.068193,150.116453,"Leptospermum trinervium"
-35.067382,150.644968,"Leptospermum trinervium"
-35.067382,150.644968,"Leptospermum trinervium"
-35.067378,150.631455,"Leptospermum trinervium"
-35.066931,150.152213,"Leptospermum trinervium"
-35.066931,150.152213,"Leptospermum trinervium"
-35.066931,150.152213,"Leptospermum trinervium"
-35.066931,150.152213,"Leptospermum trinervium"
-35.066801,150.63722,"Leptospermum trinervium"
-35.0667,150.15,"Leptospermum trinervium"
-35.0667,150.15,"Leptospermum trinervium"
-35.066667,150.15,"Leptospermum trinervium"
-35.066667,150.15,"Leptospermum trinervium"
-35.065984,150.113034,"Leptospermum trinervium"
-35.065951,150.661352,"Leptospermum trinervium"
-35.063634,150.148469,"Leptospermum trinervium"
-35.059198,150.141136,"Leptospermum trinervium"
-35.059198,150.141136,"Leptospermum trinervium"
-35.059198,150.141136,"Leptospermum trinervium"
-35.059198,150.141136,"Leptospermum trinervium"
-35.0557,149.568883,"Leptospermum trinervium"
-35.055297,150.636696,"Leptospermum trinervium"
-35.05394,150.239391,"Leptospermum trinervium"
-35.05394,150.239391,"Leptospermum trinervium"
-35.053505,150.611984,"Leptospermum trinervium"
-35.052175,150.609668,"Leptospermum trinervium"
-35.049894,150.470373,"Leptospermum trinervium"
-35.049894,150.470373,"Leptospermum trinervium"
-35.049515,150.482048,"Leptospermum trinervium"
-35.04034,150.138802,"Leptospermum trinervium"
-35.04034,150.138802,"Leptospermum trinervium"
-35.038834,150.433954,"Leptospermum trinervium"
-35.035989,150.491845,"Leptospermum trinervium"
-35.034268,150.137381,"Leptospermum trinervium"
-35.034268,150.137381,"Leptospermum trinervium"
-35.033644,150.547824,"Leptospermum trinervium"
-35.031261,150.639811,"Leptospermum trinervium"
-35.030502,150.483806,"Leptospermum trinervium"
-35.029701,150.543678,"Leptospermum trinervium"
-35.02932,150.49219,"Leptospermum trinervium"
-35.029035,150.65625,"Leptospermum trinervium"
-35.026,150.145,"Leptospermum trinervium"
-35.0257,150.1453,"Leptospermum trinervium"
-35.024631,150.141552,"Leptospermum trinervium"
-35.024631,150.141552,"Leptospermum trinervium"
-35.024211,150.661624,"Leptospermum trinervium"
-35.024211,150.661624,"Leptospermum trinervium"
-35.023413,150.678405,"Leptospermum trinervium"
-35.023069,150.579737,"Leptospermum trinervium"
-35.023017,150.678686,"Leptospermum trinervium"
-35.021345,150.457087,"Leptospermum trinervium"
-35.020643,150.491229,"Leptospermum trinervium"
-35.020643,150.491229,"Leptospermum trinervium"
-35.019609,150.63906,"Leptospermum trinervium"
-35.019272,150.629187,"Leptospermum trinervium"
-35.018814,150.64142,"Leptospermum trinervium"
-35.017465,150.77064,"Leptospermum trinervium"
-35.016042,150.61918,"Leptospermum trinervium"
-35.015683,150.580483,"Leptospermum trinervium"
-35.015501,150.603445,"Leptospermum trinervium"
-35.014714,150.578644,"Leptospermum trinervium"
-35.014663,150.35077,"Leptospermum trinervium"
-35.014663,150.35077,"Leptospermum trinervium"
-35.014663,150.35077,"Leptospermum trinervium"
-35.014663,150.35077,"Leptospermum trinervium"
-35.010358,150.69109,"Leptospermum trinervium"
-35.010276,150.690566,"Leptospermum trinervium"
-35.009531,150.587922,"Leptospermum trinervium"
-35.009165,150.690959,"Leptospermum trinervium"
-35.009155,150.582408,"Leptospermum trinervium"
-35.008242,150.587355,"Leptospermum trinervium"
-35.008242,150.587355,"Leptospermum trinervium"
-35.006953,150.157605,"Leptospermum trinervium"
-35.006953,150.157605,"Leptospermum trinervium"
-35.006953,150.157605,"Leptospermum trinervium"
-35.006953,150.157605,"Leptospermum trinervium"
-35.006953,150.157605,"Leptospermum trinervium"
-35.006905,150.549071,"Leptospermum trinervium"
-35.006221,150.543251,"Leptospermum trinervium"
-35.006221,150.543251,"Leptospermum trinervium"
-35.006221,150.543251,"Leptospermum trinervium"
-35.004828,150.153416,"Leptospermum trinervium"
-35.004828,150.153416,"Leptospermum trinervium"
-35.004782,150.239533,"Leptospermum trinervium"
-35.004782,150.239533,"Leptospermum trinervium"
-35.004111,150.702694,"Leptospermum trinervium"
-35.003556,150.701333,"Leptospermum trinervium"
-35.003417,150.703917,"Leptospermum trinervium"
-35.00325,150.704972,"Leptospermum trinervium"
-35.001849,150.209602,"Leptospermum trinervium"
-35.000311,150.705055,"Leptospermum trinervium"
-34.999706,150.789879,"Leptospermum trinervium"
-34.997847,150.705564,"Leptospermum trinervium"
-34.996438,150.605655,"Leptospermum trinervium"
-34.996202,150.604678,"Leptospermum trinervium"
-34.995134,150.608043,"Leptospermum trinervium"
-34.993962,150.769779,"Leptospermum trinervium"
-34.993214,150.710271,"Leptospermum trinervium"
-34.993036,150.708972,"Leptospermum trinervium"
-34.992739,150.161392,"Leptospermum trinervium"
-34.992739,150.161392,"Leptospermum trinervium"
-34.992739,150.161392,"Leptospermum trinervium"
-34.992739,150.161392,"Leptospermum trinervium"
-34.990499,150.366183,"Leptospermum trinervium"
-34.989896,150.532588,"Leptospermum trinervium"
-34.989896,150.532588,"Leptospermum trinervium"
-34.989896,150.532588,"Leptospermum trinervium"
-34.989744,150.724663,"Leptospermum trinervium"
-34.988036,150.726836,"Leptospermum trinervium"
-34.98797,150.715653,"Leptospermum trinervium"
-34.98731,150.637284,"Leptospermum trinervium"
-34.98731,150.637284,"Leptospermum trinervium"
-34.985999,150.591496,"Leptospermum trinervium"
-34.984274,150.587621,"Leptospermum trinervium"
-34.984124,150.589959,"Leptospermum trinervium"
-34.983993,150.245752,"Leptospermum trinervium"
-34.983621,150.716924,"Leptospermum trinervium"
-34.983149,150.711943,"Leptospermum trinervium"
-34.982599,150.723908,"Leptospermum trinervium"
-34.982064,150.710352,"Leptospermum trinervium"
-34.981629,150.609356,"Leptospermum trinervium"
-34.980411,150.589871,"Leptospermum trinervium"
-34.977517,150.598797,"Leptospermum trinervium"
-34.977113,150.591011,"Leptospermum trinervium"
-34.975972,150.254935,"Leptospermum trinervium"
-34.975972,150.254935,"Leptospermum trinervium"
-34.974385,150.773099,"Leptospermum trinervium"
-34.972644,150.770402,"Leptospermum trinervium"
-34.972615,150.774718,"Leptospermum trinervium"
-34.972615,150.774718,"Leptospermum trinervium"
-34.972615,150.774718,"Leptospermum trinervium"
-34.972615,150.774718,"Leptospermum trinervium"
-34.968719,150.159912,"Leptospermum trinervium"
-34.968144,150.261941,"Leptospermum trinervium"
-34.962052,150.448112,"Leptospermum trinervium"
-34.958844,150.270047,"Leptospermum trinervium"
-34.958429,150.516415,"Leptospermum trinervium"
-34.957708,150.131323,"Leptospermum trinervium"
-34.957708,150.131323,"Leptospermum trinervium"
-34.95732,150.513836,"Leptospermum trinervium"
-34.956979,150.379301,"Leptospermum trinervium"
-34.956583,150.517482,"Leptospermum trinervium"
-34.955995,150.713804,"Leptospermum trinervium"
-34.955831,150.461411,"Leptospermum trinervium"
-34.955377,150.515273,"Leptospermum trinervium"
-34.955377,150.515273,"Leptospermum trinervium"
-34.954688,150.522591,"Leptospermum trinervium"
-34.953984,150.523384,"Leptospermum trinervium"
-34.953984,150.523384,"Leptospermum trinervium"
-34.953811,150.523298,"Leptospermum trinervium"
-34.953699,150.522365,"Leptospermum trinervium"
-34.952778,150.515221,"Leptospermum trinervium"
-34.952677,149.873071,"Leptospermum trinervium"
-34.952451,150.517333,"Leptospermum trinervium"
-34.95237,150.15232,"Leptospermum trinervium"
-34.95237,150.15232,"Leptospermum trinervium"
-34.952301,150.644016,"Leptospermum trinervium"
-34.952301,150.644016,"Leptospermum trinervium"
-34.95117,150.519485,"Leptospermum trinervium"
-34.95,150.625833,"Leptospermum trinervium"
-34.95,150.625833,"Leptospermum trinervium"
-34.949599,150.517375,"Leptospermum trinervium"
-34.9486358,150.6267889,"Leptospermum trinervium"
-34.948608,150.155297,"Leptospermum trinervium"
-34.948608,150.155297,"Leptospermum trinervium"
-34.948065,150.470661,"Leptospermum trinervium"
-34.944682,150.62235,"Leptospermum trinervium"
-34.942868,150.523379,"Leptospermum trinervium"
-34.942868,150.523379,"Leptospermum trinervium"
-34.940915,150.493662,"Leptospermum trinervium"
-34.940799,150.457737,"Leptospermum trinervium"
-34.940799,150.457737,"Leptospermum trinervium"
-34.940667,150.266632,"Leptospermum trinervium"
-34.939288,150.579735,"Leptospermum trinervium"
-34.936382,150.472421,"Leptospermum trinervium"
-34.936382,150.472421,"Leptospermum trinervium"
-34.936382,150.472421,"Leptospermum trinervium"
-34.935828,150.643088,"Leptospermum trinervium"
-34.935295,150.624393,"Leptospermum trinervium"
-34.935295,150.624393,"Leptospermum trinervium"
-34.933333,150.45,"Leptospermum trinervium"
-34.930474,150.751993,"Leptospermum trinervium"
-34.929979,150.750091,"Leptospermum trinervium"
-34.927222,150.642405,"Leptospermum trinervium"
-34.925026,150.467757,"Leptospermum trinervium"
-34.925026,150.467757,"Leptospermum trinervium"
-34.925026,150.467757,"Leptospermum trinervium"
-34.923237,150.517089,"Leptospermum trinervium"
-34.920785,150.485333,"Leptospermum trinervium"
-34.919999,150.638536,"Leptospermum trinervium"
-34.918896,150.638368,"Leptospermum trinervium"
-34.918604,150.635888,"Leptospermum trinervium"
-34.917621,150.598853,"Leptospermum trinervium"
-34.91744,150.599833,"Leptospermum trinervium"
-34.913145,150.523715,"Leptospermum trinervium"
-34.912733,150.419503,"Leptospermum trinervium"
-34.912733,150.419503,"Leptospermum trinervium"
-34.908414,150.44288,"Leptospermum trinervium"
-34.901852,150.433083,"Leptospermum trinervium"
-34.901852,150.433083,"Leptospermum trinervium"
-34.901195,150.490493,"Leptospermum trinervium"
-34.900842,150.601626,"Leptospermum trinervium"
-34.9,150.583333,"Leptospermum trinervium"
-34.899413,150.531208,"Leptospermum trinervium"
-34.895554,150.57581,"Leptospermum trinervium"
-34.895554,150.57581,"Leptospermum trinervium"
-34.895554,150.57581,"Leptospermum trinervium"
-34.895554,150.57581,"Leptospermum trinervium"
-34.895554,150.57581,"Leptospermum trinervium"
-34.895554,150.57581,"Leptospermum trinervium"
-34.893728,150.581253,"Leptospermum trinervium"
-34.893301,150.531981,"Leptospermum trinervium"
-34.893301,150.531981,"Leptospermum trinervium"
-34.893301,150.531981,"Leptospermum trinervium"
-34.892727,150.542502,"Leptospermum trinervium"
-34.891896,150.572013,"Leptospermum trinervium"
-34.8895,150.567687,"Leptospermum trinervium"
-34.888665,150.570681,"Leptospermum trinervium"
-34.8868,150.5681,"Leptospermum trinervium"
-34.886606,150.205459,"Leptospermum trinervium"
-34.886557,150.550782,"Leptospermum trinervium"
-34.885654,150.55282,"Leptospermum trinervium"
-34.885265,150.55677,"Leptospermum trinervium"
-34.885195,150.552507,"Leptospermum trinervium"
-34.884902,150.551389,"Leptospermum trinervium"
-34.882588,150.553317,"Leptospermum trinervium"
-34.882573,150.571119,"Leptospermum trinervium"
-34.880322,150.391037,"Leptospermum trinervium"
-34.879595,150.347064,"Leptospermum trinervium"
-34.879595,150.347064,"Leptospermum trinervium"
-34.878495,150.209431,"Leptospermum trinervium"
-34.87836,150.52651,"Leptospermum trinervium"
-34.878128,150.5452,"Leptospermum trinervium"
-34.877579,150.386267,"Leptospermum trinervium"
-34.877579,150.386267,"Leptospermum trinervium"
-34.877404,150.575564,"Leptospermum trinervium"
-34.87719,150.545709,"Leptospermum trinervium"
-34.87719,150.545709,"Leptospermum trinervium"
-34.87719,150.545709,"Leptospermum trinervium"
-34.876935,150.382732,"Leptospermum trinervium"
-34.876935,150.382732,"Leptospermum trinervium"
-34.876935,150.382732,"Leptospermum trinervium"
-34.875348,150.546126,"Leptospermum trinervium"
-34.875216,150.513335,"Leptospermum trinervium"
-34.875046,150.540983,"Leptospermum trinervium"
-34.874413,150.524364,"Leptospermum trinervium"
-34.873838,150.420862,"Leptospermum trinervium"
-34.873838,150.420862,"Leptospermum trinervium"
-34.873451,150.214327,"Leptospermum trinervium"
-34.872315,150.538231,"Leptospermum trinervium"
-34.872315,150.538231,"Leptospermum trinervium"
-34.872225,150.578835,"Leptospermum trinervium"
-34.870386,150.528587,"Leptospermum trinervium"
-34.866667,150.6,"Leptospermum trinervium"
-34.866572,150.526787,"Leptospermum trinervium"
-34.864274,150.157452,"Leptospermum trinervium"
-34.864274,150.157452,"Leptospermum trinervium"
-34.863808,150.167988,"Leptospermum trinervium"
-34.863808,150.167988,"Leptospermum trinervium"
-34.861923,150.530764,"Leptospermum trinervium"
-34.861923,150.530764,"Leptospermum trinervium"
-34.858141,150.335899,"Leptospermum trinervium"
-34.856967,150.408364,"Leptospermum trinervium"
-34.85536,150.588006,"Leptospermum trinervium"
-34.852741,149.943921,"Leptospermum trinervium"
-34.85257,150.59949,"Leptospermum trinervium"
-34.851147,150.601482,"Leptospermum trinervium"
-34.851115,150.564453,"Leptospermum trinervium"
-34.850727,150.559915,"Leptospermum trinervium"
-34.850319,150.582844,"Leptospermum trinervium"
-34.850171,150.564639,"Leptospermum trinervium"
-34.849397,150.561496,"Leptospermum trinervium"
-34.849166,150.562553,"Leptospermum trinervium"
-34.848919,150.56642,"Leptospermum trinervium"
-34.848651,150.584918,"Leptospermum trinervium"
-34.848651,150.584918,"Leptospermum trinervium"
-34.848598,150.56164,"Leptospermum trinervium"
-34.848598,150.56164,"Leptospermum trinervium"
-34.848435,150.564291,"Leptospermum trinervium"
-34.848326,150.563365,"Leptospermum trinervium"
-34.848307,150.562425,"Leptospermum trinervium"
-34.847604,150.563758,"Leptospermum trinervium"
-34.847295,150.556441,"Leptospermum trinervium"
-34.846578,150.373722,"Leptospermum trinervium"
-34.845979,150.590682,"Leptospermum trinervium"
-34.845661,149.88171,"Leptospermum trinervium"
-34.845661,149.88171,"Leptospermum trinervium"
-34.844302,150.533576,"Leptospermum trinervium"
-34.843992,150.575663,"Leptospermum trinervium"
-34.84298,150.581789,"Leptospermum trinervium"
-34.84173,150.116519,"Leptospermum trinervium"
-34.84173,150.116519,"Leptospermum trinervium"
-34.84173,150.116519,"Leptospermum trinervium"
-34.841314,150.549227,"Leptospermum trinervium"
-34.840338,150.554014,"Leptospermum trinervium"
-34.840338,150.554014,"Leptospermum trinervium"
-34.840333,150.578036,"Leptospermum trinervium"
-34.83803,150.442502,"Leptospermum trinervium"
-34.83803,150.442502,"Leptospermum trinervium"
-34.83803,150.442502,"Leptospermum trinervium"
-34.8353,150.5964,"Leptospermum trinervium"
-34.833611,150.355833,"Leptospermum trinervium"
-34.831004,150.442996,"Leptospermum trinervium"
-34.831004,150.442996,"Leptospermum trinervium"
-34.829003,150.46212,"Leptospermum trinervium"
-34.829003,150.46212,"Leptospermum trinervium"
-34.826007,150.44435,"Leptospermum trinervium"
-34.826007,150.44435,"Leptospermum trinervium"
-34.824242,150.40821,"Leptospermum trinervium"
-34.824242,150.40821,"Leptospermum trinervium"
-34.822184,150.451391,"Leptospermum trinervium"
-34.822184,150.451391,"Leptospermum trinervium"
-34.820556,149.812222,"Leptospermum trinervium"
-34.819924,149.895469,"Leptospermum trinervium"
-34.819924,149.895469,"Leptospermum trinervium"
-34.8167,149.8167,"Leptospermum trinervium"
-34.8167,149.8167,"Leptospermum trinervium"
-34.816667,150.566667,"Leptospermum trinervium"
-34.813576,149.937811,"Leptospermum trinervium"
-34.810615,149.941355,"Leptospermum trinervium"
-34.808239,149.946801,"Leptospermum trinervium"
-34.807695,149.847462,"Leptospermum trinervium"
-34.806549,149.948489,"Leptospermum trinervium"
-34.806194,149.944138,"Leptospermum trinervium"
-34.800602,149.9848,"Leptospermum trinervium"
-34.797861,149.9973,"Leptospermum trinervium"
-34.797421,149.948551,"Leptospermum trinervium"
-34.797421,149.948551,"Leptospermum trinervium"
-34.796818,149.848499,"Leptospermum trinervium"
-34.796686,149.953776,"Leptospermum trinervium"
-34.791667,150.322222,"Leptospermum trinervium"
-34.788279,150.389909,"Leptospermum trinervium"
-34.782084,150.463515,"Leptospermum trinervium"
-34.781004,150.542205,"Leptospermum trinervium"
-34.781004,150.542205,"Leptospermum trinervium"
-34.780337,150.461559,"Leptospermum trinervium"
-34.778251,150.335682,"Leptospermum trinervium"
-34.775984,150.532381,"Leptospermum trinervium"
-34.775281,150.39707,"Leptospermum trinervium"
-34.774991,150.38398,"Leptospermum trinervium"
-34.774991,150.38398,"Leptospermum trinervium"
-34.773276,150.354309,"Leptospermum trinervium"
-34.773276,150.354309,"Leptospermum trinervium"
-34.773276,150.354309,"Leptospermum trinervium"
-34.773276,150.354309,"Leptospermum trinervium"
-34.773199,150.512375,"Leptospermum trinervium"
-34.773199,150.512375,"Leptospermum trinervium"
-34.772459,150.524709,"Leptospermum trinervium"
-34.772459,150.524709,"Leptospermum trinervium"
-34.772459,150.524709,"Leptospermum trinervium"
-34.766734,150.509641,"Leptospermum trinervium"
-34.766734,150.509641,"Leptospermum trinervium"
-34.766734,150.509641,"Leptospermum trinervium"
-34.7667,150.3167,"Leptospermum trinervium"
-34.766667,150.266667,"Leptospermum trinervium"
-34.766667,150.316667,"Leptospermum trinervium"
-34.766667,150.616667,"Leptospermum trinervium"
-34.76599,150.513166,"Leptospermum trinervium"
-34.76599,150.513166,"Leptospermum trinervium"
-34.76575,149.960875,"Leptospermum trinervium"
-34.765618,150.510577,"Leptospermum trinervium"
-34.764186,149.901395,"Leptospermum trinervium"
-34.763258,149.897616,"Leptospermum trinervium"
-34.750727,150.477661,"Leptospermum trinervium"
-34.750607,150.466663,"Leptospermum trinervium"
-34.750026,150.482518,"Leptospermum trinervium"
-34.75,149.8833,"Leptospermum trinervium"
-34.75,149.8833,"Leptospermum trinervium"
-34.749717,149.901277,"Leptospermum trinervium"
-34.747132,150.178656,"Leptospermum trinervium"
-34.746118,149.902538,"Leptospermum trinervium"
-34.744874,150.224911,"Leptospermum trinervium"
-34.744638,149.905238,"Leptospermum trinervium"
-34.740001,150.449846,"Leptospermum trinervium"
-34.739203,150.504141,"Leptospermum trinervium"
-34.739203,150.504141,"Leptospermum trinervium"
-34.736099,150.506637,"Leptospermum trinervium"
-34.735606,150.557048,"Leptospermum trinervium"
-34.73472,150.505368,"Leptospermum trinervium"
-34.733465,149.978826,"Leptospermum trinervium"
-34.733333,150.216667,"Leptospermum trinervium"
-34.7333,150.2167,"Leptospermum trinervium"
-34.7333,150.2167,"Leptospermum trinervium"
-34.732842,150.479534,"Leptospermum trinervium"
-34.732504,150.475799,"Leptospermum trinervium"
-34.731352,150.243446,"Leptospermum trinervium"
-34.731352,150.243446,"Leptospermum trinervium"
-34.731293,150.406105,"Leptospermum trinervium"
-34.731293,150.406105,"Leptospermum trinervium"
-34.731077,150.479184,"Leptospermum trinervium"
-34.730145,150.217062,"Leptospermum trinervium"
-34.729062,150.486812,"Leptospermum trinervium"
-34.728668,149.986151,"Leptospermum trinervium"
-34.728668,149.986151,"Leptospermum trinervium"
-34.728277,150.516481,"Leptospermum trinervium"
-34.727902,149.977672,"Leptospermum trinervium"
-34.727523,150.315381,"Leptospermum trinervium"
-34.727523,150.315381,"Leptospermum trinervium"
-34.726748,150.512268,"Leptospermum trinervium"
-34.725283,150.506733,"Leptospermum trinervium"
-34.725283,150.506733,"Leptospermum trinervium"
-34.723894,150.233834,"Leptospermum trinervium"
-34.723894,150.233834,"Leptospermum trinervium"
-34.722308,150.502029,"Leptospermum trinervium"
-34.720695,150.733656,"Leptospermum trinervium"
-34.720695,150.733656,"Leptospermum trinervium"
-34.71975,150.600762,"Leptospermum trinervium"
-34.71975,150.600762,"Leptospermum trinervium"
-34.71975,150.600762,"Leptospermum trinervium"
-34.71975,150.600762,"Leptospermum trinervium"
-34.718554,150.305693,"Leptospermum trinervium"
-34.716877,150.527335,"Leptospermum trinervium"
-34.716877,150.527335,"Leptospermum trinervium"
-34.716667,150.283333,"Leptospermum trinervium"
-34.716667,150.083333,"Leptospermum trinervium"
-34.7153059,150.084294,"Leptospermum trinervium"
-34.715279,150.305145,"Leptospermum trinervium"
-34.714936,150.700575,"Leptospermum trinervium"
-34.714818,150.696761,"Leptospermum trinervium"
-34.714818,150.696761,"Leptospermum trinervium"
-34.714801,150.696824,"Leptospermum trinervium"
-34.714717,150.696797,"Leptospermum trinervium"
-34.714717,150.696797,"Leptospermum trinervium"
-34.713989,150.260493,"Leptospermum trinervium"
-34.713989,150.260493,"Leptospermum trinervium"
-34.71282,150.067698,"Leptospermum trinervium"
-34.708262,150.711004,"Leptospermum trinervium"
-34.708262,150.711004,"Leptospermum trinervium"
-34.706888,150.114388,"Leptospermum trinervium"
-34.706457,150.310103,"Leptospermum trinervium"
-34.706186,150.633946,"Leptospermum trinervium"
-34.706186,150.633946,"Leptospermum trinervium"
-34.704323,150.48362,"Leptospermum trinervium"
-34.703553,150.483862,"Leptospermum trinervium"
-34.70151,150.320796,"Leptospermum trinervium"
-34.70151,150.320796,"Leptospermum trinervium"
-34.701501,150.650207,"Leptospermum trinervium"
-34.700583,150.483232,"Leptospermum trinervium"
-34.699749,150.369775,"Leptospermum trinervium"
-34.699472,150.214553,"Leptospermum trinervium"
-34.699171,150.325543,"Leptospermum trinervium"
-34.699004,150.794067,"Leptospermum trinervium"
-34.69899,150.09809,"Leptospermum trinervium"
-34.698921,150.482627,"Leptospermum trinervium"
-34.695355,149.843407,"Leptospermum trinervium"
-34.695355,149.843407,"Leptospermum trinervium"
-34.695021,150.576244,"Leptospermum trinervium"
-34.695021,150.576244,"Leptospermum trinervium"
-34.694742,150.159276,"Leptospermum trinervium"
-34.693998,150.160982,"Leptospermum trinervium"
-34.69393,150.572977,"Leptospermum trinervium"
-34.69393,150.572977,"Leptospermum trinervium"
-34.69393,150.572977,"Leptospermum trinervium"
-34.69393,150.572977,"Leptospermum trinervium"
-34.69393,150.572977,"Leptospermum trinervium"
-34.693819,150.574181,"Leptospermum trinervium"
-34.693819,150.574181,"Leptospermum trinervium"
-34.693819,150.574181,"Leptospermum trinervium"
-34.693819,150.574181,"Leptospermum trinervium"
-34.693819,150.574181,"Leptospermum trinervium"
-34.693819,150.574181,"Leptospermum trinervium"
-34.693727,150.364818,"Leptospermum trinervium"
-34.692406,150.577038,"Leptospermum trinervium"
-34.692406,150.577038,"Leptospermum trinervium"
-34.692406,150.577038,"Leptospermum trinervium"
-34.69209,149.998057,"Leptospermum trinervium"
-34.692002,150.646356,"Leptospermum trinervium"
-34.690975,150.766087,"Leptospermum trinervium"
-34.690907,150.330971,"Leptospermum trinervium"
-34.690907,150.330971,"Leptospermum trinervium"
-34.690876,150.376537,"Leptospermum trinervium"
-34.690876,150.376537,"Leptospermum trinervium"
-34.690814,150.480755,"Leptospermum trinervium"
-34.690727,150.573379,"Leptospermum trinervium"
-34.690727,150.573379,"Leptospermum trinervium"
-34.690609,150.224586,"Leptospermum trinervium"
-34.689614,150.700844,"Leptospermum trinervium"
-34.689614,150.700844,"Leptospermum trinervium"
-34.689614,150.700844,"Leptospermum trinervium"
-34.689614,150.700844,"Leptospermum trinervium"
-34.689587,150.697527,"Leptospermum trinervium"
-34.689587,150.697527,"Leptospermum trinervium"
-34.689587,150.697527,"Leptospermum trinervium"
-34.689151,150.638797,"Leptospermum trinervium"
-34.689151,150.638797,"Leptospermum trinervium"
-34.688791,150.161756,"Leptospermum trinervium"
-34.687733,150.572419,"Leptospermum trinervium"
-34.687733,150.572419,"Leptospermum trinervium"
-34.6874468,150.2964444,"Leptospermum trinervium"
-34.6874468,150.2964444,"Leptospermum trinervium"
-34.6874468,150.2964444,"Leptospermum trinervium"
-34.6874468,150.2964444,"Leptospermum trinervium"
-34.6874468,150.2964444,"Leptospermum trinervium"
-34.6874468,150.2964444,"Leptospermum trinervium"
-34.6874468,150.2964444,"Leptospermum trinervium"
-34.6874468,150.2964444,"Leptospermum trinervium"
-34.6874468,150.2964444,"Leptospermum trinervium"
-34.6874468,150.2964444,"Leptospermum trinervium"
-34.685804,150.481336,"Leptospermum trinervium"
-34.685375,150.482372,"Leptospermum trinervium"
-34.6838,150.294657,"Leptospermum trinervium"
-34.68372,150.29155,"Leptospermum trinervium"
-34.683622,150.294964,"Leptospermum trinervium"
-34.68321,150.679841,"Leptospermum trinervium"
-34.68321,150.679841,"Leptospermum trinervium"
-34.682785,150.704929,"Leptospermum trinervium"
-34.682785,150.704929,"Leptospermum trinervium"
-34.682785,150.704929,"Leptospermum trinervium"
-34.682522,150.277785,"Leptospermum trinervium"
-34.682151,150.574063,"Leptospermum trinervium"
-34.682151,150.574063,"Leptospermum trinervium"
-34.682151,150.574063,"Leptospermum trinervium"
-34.681604,149.989173,"Leptospermum trinervium"
-34.681432,150.70393,"Leptospermum trinervium"
-34.681432,150.70393,"Leptospermum trinervium"
-34.681432,150.70393,"Leptospermum trinervium"
-34.680323,149.859805,"Leptospermum trinervium"
-34.679927,150.484381,"Leptospermum trinervium"
-34.6797,150.303969,"Leptospermum trinervium"
-34.679275,150.739293,"Leptospermum trinervium"
-34.679275,150.739293,"Leptospermum trinervium"
-34.678674,150.713505,"Leptospermum trinervium"
-34.677896,150.27248,"Leptospermum trinervium"
-34.677785,150.70893,"Leptospermum trinervium"
-34.677568,150.679442,"Leptospermum trinervium"
-34.677568,150.679442,"Leptospermum trinervium"
-34.677337,150.398722,"Leptospermum trinervium"
-34.677337,150.398722,"Leptospermum trinervium"
-34.67677,150.262725,"Leptospermum trinervium"
-34.676622,150.398592,"Leptospermum trinervium"
-34.6764,150.4017,"Leptospermum trinervium"
-34.676146,150.23035,"Leptospermum trinervium"
-34.676146,150.23035,"Leptospermum trinervium"
-34.676093,150.710115,"Leptospermum trinervium"
-34.675874,150.696554,"Leptospermum trinervium"
-34.675242,150.293844,"Leptospermum trinervium"
-34.675235,150.694999,"Leptospermum trinervium"
-34.675235,150.694999,"Leptospermum trinervium"
-34.675077,150.718024,"Leptospermum trinervium"
-34.67438,150.71265,"Leptospermum trinervium"
-34.673342,150.278681,"Leptospermum trinervium"
-34.673098,150.293965,"Leptospermum trinervium"
-34.673098,150.293965,"Leptospermum trinervium"
-34.672903,150.300605,"Leptospermum trinervium"
-34.672875,150.289158,"Leptospermum trinervium"
-34.672591,150.575978,"Leptospermum trinervium"
-34.672575,150.280179,"Leptospermum trinervium"
-34.671293,150.719301,"Leptospermum trinervium"
-34.671197,150.296522,"Leptospermum trinervium"
-34.670848,150.682139,"Leptospermum trinervium"
-34.670848,150.682139,"Leptospermum trinervium"
-34.670423,150.384001,"Leptospermum trinervium"
-34.670423,150.384001,"Leptospermum trinervium"
-34.670319,150.655409,"Leptospermum trinervium"
-34.670319,150.655409,"Leptospermum trinervium"
-34.669578,150.71004,"Leptospermum trinervium"
-34.669136,150.281677,"Leptospermum trinervium"
-34.669136,150.281677,"Leptospermum trinervium"
-34.668879,150.57063,"Leptospermum trinervium"
-34.668879,150.57063,"Leptospermum trinervium"
-34.66874,150.243591,"Leptospermum trinervium"
-34.667859,150.677596,"Leptospermum trinervium"
-34.667859,150.677596,"Leptospermum trinervium"
-34.667366,150.572957,"Leptospermum trinervium"
-34.667366,150.572957,"Leptospermum trinervium"
-34.667366,150.572957,"Leptospermum trinervium"
-34.667366,150.572957,"Leptospermum trinervium"
-34.666918,150.701639,"Leptospermum trinervium"
-34.666918,150.701639,"Leptospermum trinervium"
-34.666777,150.504244,"Leptospermum trinervium"
-34.666777,150.504244,"Leptospermum trinervium"
-34.6667,150.3833,"Leptospermum trinervium"
-34.666667,150.383333,"Leptospermum trinervium"
-34.666551,150.505467,"Leptospermum trinervium"
-34.66652,150.633984,"Leptospermum trinervium"
-34.66652,150.633984,"Leptospermum trinervium"
-34.666498,150.632894,"Leptospermum trinervium"
-34.665258,150.276775,"Leptospermum trinervium"
-34.665256,150.481811,"Leptospermum trinervium"
-34.665255,150.481812,"Leptospermum trinervium"
-34.664956,150.57495,"Leptospermum trinervium"
-34.664955,150.57495,"Leptospermum trinervium"
-34.663123,150.640369,"Leptospermum trinervium"
-34.663123,150.640369,"Leptospermum trinervium"
-34.662987,150.148651,"Leptospermum trinervium"
-34.662987,150.148651,"Leptospermum trinervium"
-34.6616114,150.6525498,"Leptospermum trinervium"
-34.6616114,150.6525498,"Leptospermum trinervium"
-34.661338,150.162682,"Leptospermum trinervium"
-34.661338,150.162682,"Leptospermum trinervium"
-34.659841,150.149522,"Leptospermum trinervium"
-34.659841,150.149522,"Leptospermum trinervium"
-34.659269,150.456389,"Leptospermum trinervium"
-34.659269,150.456389,"Leptospermum trinervium"
-34.659269,150.456389,"Leptospermum trinervium"
-34.6586,150.449191,"Leptospermum trinervium"
-34.658451,150.616161,"Leptospermum trinervium"
-34.657446,150.630969,"Leptospermum trinervium"
-34.657446,150.630969,"Leptospermum trinervium"
-34.656208,150.704208,"Leptospermum trinervium"
-34.65555,150.278478,"Leptospermum trinervium"
-34.65555,150.278478,"Leptospermum trinervium"
-34.655491,150.488124,"Leptospermum trinervium"
-34.655187,150.422881,"Leptospermum trinervium"
-34.654841,150.482237,"Leptospermum trinervium"
-34.654832,150.397255,"Leptospermum trinervium"
-34.654689,150.464377,"Leptospermum trinervium"
-34.65431,150.064649,"Leptospermum trinervium"
-34.654111,150.7056039,"Leptospermum trinervium"
-34.653805,150.281382,"Leptospermum trinervium"
-34.653049,150.431772,"Leptospermum trinervium"
-34.653049,150.431772,"Leptospermum trinervium"
-34.652676,150.697894,"Leptospermum trinervium"
-34.652676,150.697894,"Leptospermum trinervium"
-34.652676,150.697894,"Leptospermum trinervium"
-34.652023,149.926089,"Leptospermum trinervium"
-34.651035,150.702674,"Leptospermum trinervium"
-34.651035,150.702674,"Leptospermum trinervium"
-34.651035,150.702674,"Leptospermum trinervium"
-34.651035,150.702674,"Leptospermum trinervium"
-34.650925,150.697779,"Leptospermum trinervium"
-34.650925,150.697779,"Leptospermum trinervium"
-34.650925,150.697779,"Leptospermum trinervium"
-34.650925,150.697779,"Leptospermum trinervium"
-34.65066,150.28388,"Leptospermum trinervium"
-34.65055,150.694439,"Leptospermum trinervium"
-34.65055,150.694439,"Leptospermum trinervium"
-34.650381,150.473144,"Leptospermum trinervium"
-34.65038,150.473145,"Leptospermum trinervium"
-34.65,150.3,"Leptospermum trinervium"
-34.65,150.5,"Leptospermum trinervium"
-34.65,150.466667,"Leptospermum trinervium"
-34.649951,150.482953,"Leptospermum trinervium"
-34.648628,150.482697,"Leptospermum trinervium"
-34.648572,150.474158,"Leptospermum trinervium"
-34.648419,150.482748,"Leptospermum trinervium"
-34.648363,150.482612,"Leptospermum trinervium"
-34.64807,150.699396,"Leptospermum trinervium"
-34.646646,150.70225,"Leptospermum trinervium"
-34.646646,150.70225,"Leptospermum trinervium"
-34.646646,150.70225,"Leptospermum trinervium"
-34.645522,150.228632,"Leptospermum trinervium"
-34.645373,150.096146,"Leptospermum trinervium"
-34.644641,150.2343,"Leptospermum trinervium"
-34.644038,150.414756,"Leptospermum trinervium"
-34.64398,150.476093,"Leptospermum trinervium"
-34.64279,150.587704,"Leptospermum trinervium"
-34.642556,150.130875,"Leptospermum trinervium"
-34.642556,150.130875,"Leptospermum trinervium"
-34.642556,150.130875,"Leptospermum trinervium"
-34.642529,150.557846,"Leptospermum trinervium"
-34.642513,150.557938,"Leptospermum trinervium"
-34.642406,150.218003,"Leptospermum trinervium"
-34.64125,150.402694,"Leptospermum trinervium"
-34.640064,150.092827,"Leptospermum trinervium"
-34.639496,150.227633,"Leptospermum trinervium"
-34.636922,150.252105,"Leptospermum trinervium"
-34.636889,150.687182,"Leptospermum trinervium"
-34.636682,150.437846,"Leptospermum trinervium"
-34.636024,150.175684,"Leptospermum trinervium"
-34.635492,150.207318,"Leptospermum trinervium"
-34.635345,150.570086,"Leptospermum trinervium"
-34.63528,150.20918,"Leptospermum trinervium"
-34.635,149.797777,"Leptospermum trinervium"
-34.635,149.797778,"Leptospermum trinervium"
-34.633714,150.013382,"Leptospermum trinervium"
-34.63369,150.419609,"Leptospermum trinervium"
-34.633483,150.188286,"Leptospermum trinervium"
-34.633464,150.185553,"Leptospermum trinervium"
-34.633333,150.566667,"Leptospermum trinervium"
-34.6333,150.55,"Leptospermum trinervium"
-34.6333,150.55,"Leptospermum trinervium"
-34.6333,150.5667,"Leptospermum trinervium"
-34.632282,150.351872,"Leptospermum trinervium"
-34.632198,150.445067,"Leptospermum trinervium"
-34.632198,150.445067,"Leptospermum trinervium"
-34.6316,150.393827,"Leptospermum trinervium"
-34.630375,150.054788,"Leptospermum trinervium"
-34.630246,150.448682,"Leptospermum trinervium"
-34.629857,150.676061,"Leptospermum trinervium"
-34.629857,150.676061,"Leptospermum trinervium"
-34.629124,150.385256,"Leptospermum trinervium"
-34.629124,150.385256,"Leptospermum trinervium"
-34.628266,150.03135,"Leptospermum trinervium"
-34.627778,150.410278,"Leptospermum trinervium"
-34.625556,150.5775,"Leptospermum trinervium"
-34.624894,150.654684,"Leptospermum trinervium"
-34.623905,150.660882,"Leptospermum trinervium"
-34.623905,150.660882,"Leptospermum trinervium"
-34.623693,150.190593,"Leptospermum trinervium"
-34.623429,150.542842,"Leptospermum trinervium"
-34.621395,150.628465,"Leptospermum trinervium"
-34.621395,150.628465,"Leptospermum trinervium"
-34.62138,150.655013,"Leptospermum trinervium"
-34.620657,150.656466,"Leptospermum trinervium"
-34.620657,150.656466,"Leptospermum trinervium"
-34.620448,150.655677,"Leptospermum trinervium"
-34.619926,150.203151,"Leptospermum trinervium"
-34.619926,150.203151,"Leptospermum trinervium"
-34.61965,150.654248,"Leptospermum trinervium"
-34.61965,150.654248,"Leptospermum trinervium"
-34.61965,150.654248,"Leptospermum trinervium"
-34.619434,150.65192,"Leptospermum trinervium"
-34.619038,150.192278,"Leptospermum trinervium"
-34.619038,150.192278,"Leptospermum trinervium"
-34.619038,150.192278,"Leptospermum trinervium"
-34.6167,150.5333,"Leptospermum trinervium"
-34.6167,150.5333,"Leptospermum trinervium"
-34.61656,150.060182,"Leptospermum trinervium"
-34.616277,150.116189,"Leptospermum trinervium"
-34.616277,150.116189,"Leptospermum trinervium"
-34.616247,149.901216,"Leptospermum trinervium"
-34.615794,150.535072,"Leptospermum trinervium"
-34.614876,150.112618,"Leptospermum trinervium"
-34.614103,150.536259,"Leptospermum trinervium"
-34.613,150.668,"Leptospermum trinervium"
-34.60613,150.152363,"Leptospermum trinervium"
-34.602565,150.414773,"Leptospermum trinervium"
-34.602565,150.414773,"Leptospermum trinervium"
-34.6,150.6333,"Leptospermum trinervium"
-34.599488,150.114066,"Leptospermum trinervium"
-34.599488,150.114066,"Leptospermum trinervium"
-34.5903015,150.6803955,"Leptospermum trinervium"
-34.588607,150.78672,"Leptospermum trinervium"
-34.585243,150.663849,"Leptospermum trinervium"
-34.585243,150.663849,"Leptospermum trinervium"
-34.5833,150.65,"Leptospermum trinervium"
-34.58212,149.933829,"Leptospermum trinervium"
-34.581759,150.684508,"Leptospermum trinervium"
-34.57675,149.935805,"Leptospermum trinervium"
-34.572,150.145704,"Leptospermum trinervium"
-34.572,150.145704,"Leptospermum trinervium"
-34.566667,150.616667,"Leptospermum trinervium"
-34.564654,150.089419,"Leptospermum trinervium"
-34.5577222,150.6417149,"Leptospermum trinervium"
-34.550827,150.609481,"Leptospermum trinervium"
-34.550827,150.609481,"Leptospermum trinervium"
-34.55,150.25,"Leptospermum trinervium"
-34.55,150.85,"Leptospermum trinervium"
-34.55,150.383333,"Leptospermum trinervium"
-34.547117,150.225528,"Leptospermum trinervium"
-34.54632,149.949224,"Leptospermum trinervium"
-34.54632,149.949224,"Leptospermum trinervium"
-34.543012,150.66917,"Leptospermum trinervium"
-34.543012,150.66917,"Leptospermum trinervium"
-34.540041,150.644043,"Leptospermum trinervium"
-34.5353,150.517887,"Leptospermum trinervium"
-34.534886,150.210662,"Leptospermum trinervium"
-34.534229,150.635807,"Leptospermum trinervium"
-34.534073,150.650815,"Leptospermum trinervium"
-34.531644,150.630368,"Leptospermum trinervium"
-34.531357,150.215175,"Leptospermum trinervium"
-34.530754,150.227138,"Leptospermum trinervium"
-34.529995,150.632902,"Leptospermum trinervium"
-34.529346,150.626874,"Leptospermum trinervium"
-34.52916,150.624647,"Leptospermum trinervium"
-34.528768,150.638903,"Leptospermum trinervium"
-34.52845,150.622801,"Leptospermum trinervium"
-34.52845,150.622801,"Leptospermum trinervium"
-34.528092,150.218273,"Leptospermum trinervium"
-34.528092,150.218273,"Leptospermum trinervium"
-34.526374,150.232729,"Leptospermum trinervium"
-34.526097,150.200826,"Leptospermum trinervium"
-34.525844,150.216676,"Leptospermum trinervium"
-34.523119,150.590177,"Leptospermum trinervium"
-34.523111,150.702283,"Leptospermum trinervium"
-34.523111,150.702283,"Leptospermum trinervium"
-34.522447,150.253317,"Leptospermum trinervium"
-34.522039,150.708808,"Leptospermum trinervium"
-34.521681,150.212289,"Leptospermum trinervium"
-34.521048,150.709337,"Leptospermum trinervium"
-34.520959,150.246401,"Leptospermum trinervium"
-34.520258,150.222917,"Leptospermum trinervium"
-34.519764,150.252283,"Leptospermum trinervium"
-34.519273,150.657328,"Leptospermum trinervium"
-34.515652,150.252377,"Leptospermum trinervium"
-34.514452,150.22364,"Leptospermum trinervium"
-34.513924,150.25267,"Leptospermum trinervium"
-34.513924,150.25267,"Leptospermum trinervium"
-34.513294,150.275937,"Leptospermum trinervium"
-34.513294,150.275937,"Leptospermum trinervium"
-34.513119,150.264684,"Leptospermum trinervium"
-34.51281,150.542902,"Leptospermum trinervium"
-34.512015,150.666266,"Leptospermum trinervium"
-34.512015,150.666266,"Leptospermum trinervium"
-34.511547,150.610944,"Leptospermum trinervium"
-34.510991,150.524154,"Leptospermum trinervium"
-34.510991,150.524154,"Leptospermum trinervium"
-34.510849,150.672702,"Leptospermum trinervium"
-34.510802,150.610358,"Leptospermum trinervium"
-34.510379,149.918229,"Leptospermum trinervium"
-34.510021,150.608595,"Leptospermum trinervium"
-34.510021,150.608595,"Leptospermum trinervium"
-34.509554,150.53031,"Leptospermum trinervium"
-34.508734,150.656425,"Leptospermum trinervium"
-34.508734,150.656425,"Leptospermum trinervium"
-34.506934,150.248819,"Leptospermum trinervium"
-34.506069,150.610085,"Leptospermum trinervium"
-34.50588,150.237517,"Leptospermum trinervium"
-34.505722,150.226151,"Leptospermum trinervium"
-34.503894,150.651769,"Leptospermum trinervium"
-34.503663,150.147178,"Leptospermum trinervium"
-34.501544,150.328315,"Leptospermum trinervium"
-34.501544,150.328315,"Leptospermum trinervium"
-34.501408,150.173093,"Leptospermum trinervium"
-34.500308,150.205957,"Leptospermum trinervium"
-34.499972,150.237447,"Leptospermum trinervium"
-34.498429,150.501175,"Leptospermum trinervium"
-34.497502,150.658373,"Leptospermum trinervium"
-34.496492,150.264457,"Leptospermum trinervium"
-34.496492,150.264457,"Leptospermum trinervium"
-34.496199,150.705799,"Leptospermum trinervium"
-34.496199,150.705799,"Leptospermum trinervium"
-34.496199,150.705799,"Leptospermum trinervium"
-34.495791,150.265268,"Leptospermum trinervium"
-34.495791,150.265268,"Leptospermum trinervium"
-34.495427,150.667687,"Leptospermum trinervium"
-34.495427,150.667687,"Leptospermum trinervium"
-34.493201,150.265754,"Leptospermum trinervium"
-34.493201,150.265754,"Leptospermum trinervium"
-34.491959,150.226737,"Leptospermum trinervium"
-34.491959,150.226737,"Leptospermum trinervium"
-34.491741,150.647101,"Leptospermum trinervium"
-34.490926,150.215987,"Leptospermum trinervium"
-34.490817,150.662371,"Leptospermum trinervium"
-34.490817,150.662371,"Leptospermum trinervium"
-34.49018,150.608048,"Leptospermum trinervium"
-34.490023,149.923975,"Leptospermum trinervium"
-34.48971,150.210855,"Leptospermum trinervium"
-34.48971,150.210855,"Leptospermum trinervium"
-34.48971,150.210855,"Leptospermum trinervium"
-34.4891,150.643365,"Leptospermum trinervium"
-34.488842,150.525205,"Leptospermum trinervium"
-34.488017,150.643493,"Leptospermum trinervium"
-34.485706,150.668502,"Leptospermum trinervium"
-34.484623,150.639737,"Leptospermum trinervium"
-34.484364,150.150626,"Leptospermum trinervium"
-34.482453,150.415237,"Leptospermum trinervium"
-34.481984,150.561552,"Leptospermum trinervium"
-34.481984,150.561552,"Leptospermum trinervium"
-34.480436,150.644752,"Leptospermum trinervium"
-34.479738,150.607362,"Leptospermum trinervium"
-34.479211,150.575264,"Leptospermum trinervium"
-34.479089,150.22578,"Leptospermum trinervium"
-34.479089,150.22578,"Leptospermum trinervium"
-34.478916,150.607541,"Leptospermum trinervium"
-34.478743,150.329956,"Leptospermum trinervium"
-34.478686,150.691015,"Leptospermum trinervium"
-34.478616,150.281818,"Leptospermum trinervium"
-34.476654,150.282225,"Leptospermum trinervium"
-34.476493,150.155821,"Leptospermum trinervium"
-34.47601,150.314979,"Leptospermum trinervium"
-34.475727,150.643594,"Leptospermum trinervium"
-34.475229,150.320447,"Leptospermum trinervium"
-34.474825,150.283079,"Leptospermum trinervium"
-34.472766,150.272805,"Leptospermum trinervium"
-34.472766,150.272805,"Leptospermum trinervium"
-34.471786,150.626391,"Leptospermum trinervium"
-34.471786,150.626391,"Leptospermum trinervium"
-34.471157,150.67165,"Leptospermum trinervium"
-34.47018,150.695539,"Leptospermum trinervium"
-34.469162,150.625413,"Leptospermum trinervium"
-34.469162,150.625413,"Leptospermum trinervium"
-34.469037,150.6253,"Leptospermum trinervium"
-34.469011,150.516724,"Leptospermum trinervium"
-34.468572,150.62523,"Leptospermum trinervium"
-34.468572,150.62523,"Leptospermum trinervium"
-34.468319,150.627719,"Leptospermum trinervium"
-34.465678,150.624289,"Leptospermum trinervium"
-34.465678,150.624289,"Leptospermum trinervium"
-34.464919,150.699123,"Leptospermum trinervium"
-34.4633,150.435076,"Leptospermum trinervium"
-34.462505,150.427579,"Leptospermum trinervium"
-34.46235,150.43079,"Leptospermum trinervium"
-34.461707,150.223287,"Leptospermum trinervium"
-34.461707,150.223287,"Leptospermum trinervium"
-34.461611,150.434359,"Leptospermum trinervium"
-34.461611,150.434359,"Leptospermum trinervium"
-34.460654,150.414761,"Leptospermum trinervium"
-34.46058,150.436498,"Leptospermum trinervium"
-34.460541,150.198789,"Leptospermum trinervium"
-34.460035,150.517055,"Leptospermum trinervium"
-34.45897,150.434523,"Leptospermum trinervium"
-34.458241,150.319673,"Leptospermum trinervium"
-34.455161,150.207301,"Leptospermum trinervium"
-34.455161,150.207301,"Leptospermum trinervium"
-34.454728,150.743385,"Leptospermum trinervium"
-34.453901,150.209855,"Leptospermum trinervium"
-34.453901,150.209855,"Leptospermum trinervium"
-34.453894,150.211542,"Leptospermum trinervium"
-34.453401,150.614045,"Leptospermum trinervium"
-34.453,150.411,"Leptospermum trinervium"
-34.452182,150.42239,"Leptospermum trinervium"
-34.452182,150.42239,"Leptospermum trinervium"
-34.451676,150.519915,"Leptospermum trinervium"
-34.451676,150.519915,"Leptospermum trinervium"
-34.451392,150.708402,"Leptospermum trinervium"
-34.451139,150.514511,"Leptospermum trinervium"
-34.45,150.45,"Leptospermum trinervium"
-34.45,150.45,"Leptospermum trinervium"
-34.448829,150.403863,"Leptospermum trinervium"
-34.4485563,150.4508838,"Leptospermum trinervium"
-34.448116,150.443206,"Leptospermum trinervium"
-34.448071,150.519662,"Leptospermum trinervium"
-34.447057,150.439926,"Leptospermum trinervium"
-34.446785,150.521615,"Leptospermum trinervium"
-34.446467,150.468444,"Leptospermum trinervium"
-34.446283,150.46899,"Leptospermum trinervium"
-34.446117,150.467497,"Leptospermum trinervium"
-34.445733,150.410041,"Leptospermum trinervium"
-34.445733,150.410041,"Leptospermum trinervium"
-34.445636,150.441819,"Leptospermum trinervium"
-34.445594,150.424333,"Leptospermum trinervium"
-34.445413,150.423882,"Leptospermum trinervium"
-34.445368,150.441114,"Leptospermum trinervium"
-34.445226,150.644054,"Leptospermum trinervium"
-34.445226,150.644054,"Leptospermum trinervium"
-34.445162,150.42908,"Leptospermum trinervium"
-34.444355,150.439192,"Leptospermum trinervium"
-34.444154,150.43218,"Leptospermum trinervium"
-34.443562,150.19779,"Leptospermum trinervium"
-34.443101,150.44861,"Leptospermum trinervium"
-34.442829,150.73908,"Leptospermum trinervium"
-34.442677,150.441703,"Leptospermum trinervium"
-34.442572,150.456527,"Leptospermum trinervium"
-34.442018,150.742519,"Leptospermum trinervium"
-34.442018,150.742519,"Leptospermum trinervium"
-34.441641,150.190303,"Leptospermum trinervium"
-34.441137,150.803047,"Leptospermum trinervium"
-34.441137,150.803047,"Leptospermum trinervium"
-34.440837,150.771497,"Leptospermum trinervium"
-34.440837,150.771497,"Leptospermum trinervium"
-34.440831,150.714526,"Leptospermum trinervium"
-34.440669,150.713321,"Leptospermum trinervium"
-34.440513,150.715375,"Leptospermum trinervium"
-34.439956,150.406716,"Leptospermum trinervium"
-34.439891,150.434654,"Leptospermum trinervium"
-34.439055,150.470001,"Leptospermum trinervium"
-34.439055,150.470001,"Leptospermum trinervium"
-34.438071,150.413396,"Leptospermum trinervium"
-34.437896,150.413076,"Leptospermum trinervium"
-34.437895,150.413076,"Leptospermum trinervium"
-34.437461,150.414486,"Leptospermum trinervium"
-34.437063,150.413105,"Leptospermum trinervium"
-34.437063,150.413105,"Leptospermum trinervium"
-34.436946,150.721871,"Leptospermum trinervium"
-34.436946,150.721871,"Leptospermum trinervium"
-34.436244,150.473496,"Leptospermum trinervium"
-34.436046,150.432439,"Leptospermum trinervium"
-34.436046,150.432439,"Leptospermum trinervium"
-34.435858,150.728005,"Leptospermum trinervium"
-34.435359,150.41739,"Leptospermum trinervium"
-34.434962,150.454298,"Leptospermum trinervium"
-34.434808,150.728752,"Leptospermum trinervium"
-34.434032,150.611037,"Leptospermum trinervium"
-34.434032,150.611037,"Leptospermum trinervium"
-34.433858,150.729093,"Leptospermum trinervium"
-34.433858,150.729093,"Leptospermum trinervium"
-34.433858,150.729093,"Leptospermum trinervium"
-34.433594,150.716837,"Leptospermum trinervium"
-34.4333,150.4,"Leptospermum trinervium"
-34.4333,150.4,"Leptospermum trinervium"
-34.4333,150.4,"Leptospermum trinervium"
-34.4333,150.4,"Leptospermum trinervium"
-34.432861,150.71912,"Leptospermum trinervium"
-34.432852,150.719121,"Leptospermum trinervium"
-34.432852,150.719121,"Leptospermum trinervium"
-34.432852,150.719121,"Leptospermum trinervium"
-34.432636,150.436047,"Leptospermum trinervium"
-34.432315,150.705643,"Leptospermum trinervium"
-34.43172,150.722013,"Leptospermum trinervium"
-34.43172,150.722013,"Leptospermum trinervium"
-34.431621,150.430638,"Leptospermum trinervium"
-34.43138,150.716549,"Leptospermum trinervium"
-34.43138,150.716549,"Leptospermum trinervium"
-34.430808,150.455993,"Leptospermum trinervium"
-34.430534,150.750194,"Leptospermum trinervium"
-34.430534,150.750194,"Leptospermum trinervium"
-34.430534,150.750194,"Leptospermum trinervium"
-34.430534,150.750194,"Leptospermum trinervium"
-34.430534,150.750194,"Leptospermum trinervium"
-34.430534,150.750194,"Leptospermum trinervium"
-34.430534,150.750194,"Leptospermum trinervium"
-34.430269,150.42265,"Leptospermum trinervium"
-34.430269,150.42265,"Leptospermum trinervium"
-34.429862,150.710117,"Leptospermum trinervium"
-34.429862,150.710117,"Leptospermum trinervium"
-34.429553,150.797869,"Leptospermum trinervium"
-34.429167,150.389722,"Leptospermum trinervium"
-34.428872,150.431819,"Leptospermum trinervium"
-34.42884,150.735083,"Leptospermum trinervium"
-34.428675,150.645233,"Leptospermum trinervium"
-34.426925,150.448356,"Leptospermum trinervium"
-34.425015,150.607237,"Leptospermum trinervium"
-34.425015,150.607237,"Leptospermum trinervium"
-34.424894,150.700308,"Leptospermum trinervium"
-34.424894,150.700308,"Leptospermum trinervium"
-34.424217,150.46459,"Leptospermum trinervium"
-34.42376,150.733424,"Leptospermum trinervium"
-34.42376,150.733424,"Leptospermum trinervium"
-34.42376,150.733424,"Leptospermum trinervium"
-34.42376,150.733424,"Leptospermum trinervium"
-34.423456,150.475459,"Leptospermum trinervium"
-34.423381,150.732912,"Leptospermum trinervium"
-34.423381,150.732912,"Leptospermum trinervium"
-34.4232786,150.3897735,"Leptospermum trinervium"
-34.422759,150.731471,"Leptospermum trinervium"
-34.422759,150.731471,"Leptospermum trinervium"
-34.422759,150.731471,"Leptospermum trinervium"
-34.422759,150.731471,"Leptospermum trinervium"
-34.4227236,150.3847735,"Leptospermum trinervium"
-34.4227236,150.3847735,"Leptospermum trinervium"
-34.4227236,150.3847735,"Leptospermum trinervium"
-34.4227236,150.3847735,"Leptospermum trinervium"
-34.4227236,150.3847735,"Leptospermum trinervium"
-34.4227236,150.3847735,"Leptospermum trinervium"
-34.422362,150.476977,"Leptospermum trinervium"
-34.422213,150.208719,"Leptospermum trinervium"
-34.422213,150.208719,"Leptospermum trinervium"
-34.421742,150.471578,"Leptospermum trinervium"
-34.421742,150.471578,"Leptospermum trinervium"
-34.420897,150.459423,"Leptospermum trinervium"
-34.420676,150.641686,"Leptospermum trinervium"
-34.420651,150.466264,"Leptospermum trinervium"
-34.420365,150.775863,"Leptospermum trinervium"
-34.419628,150.426531,"Leptospermum trinervium"
-34.419628,150.426531,"Leptospermum trinervium"
-34.418498,150.5701,"Leptospermum trinervium"
-34.4184,150.450583,"Leptospermum trinervium"
-34.4184,150.450583,"Leptospermum trinervium"
-34.418337,150.470231,"Leptospermum trinervium"
-34.41746,150.729624,"Leptospermum trinervium"
-34.41746,150.729624,"Leptospermum trinervium"
-34.41746,150.729624,"Leptospermum trinervium"
-34.41746,150.729624,"Leptospermum trinervium"
-34.416934,150.728496,"Leptospermum trinervium"
-34.416925,150.728496,"Leptospermum trinervium"
-34.416925,150.728496,"Leptospermum trinervium"
-34.416925,150.728496,"Leptospermum trinervium"
-34.416667,150.833333,"Leptospermum trinervium"
-34.416667,150.308333,"Leptospermum trinervium"
-34.416667,150.308333,"Leptospermum trinervium"
-34.415881,150.726653,"Leptospermum trinervium"
-34.415881,150.726653,"Leptospermum trinervium"
-34.415881,150.726653,"Leptospermum trinervium"
-34.415881,150.726653,"Leptospermum trinervium"
-34.414213,150.165813,"Leptospermum trinervium"
-34.414213,150.165813,"Leptospermum trinervium"
-34.413372,150.458271,"Leptospermum trinervium"
-34.411967,150.740205,"Leptospermum trinervium"
-34.411967,150.740205,"Leptospermum trinervium"
-34.411967,150.740205,"Leptospermum trinervium"
-34.411967,150.740205,"Leptospermum trinervium"
-34.410692,150.739031,"Leptospermum trinervium"
-34.410692,150.739031,"Leptospermum trinervium"
-34.410692,150.739031,"Leptospermum trinervium"
-34.410692,150.739031,"Leptospermum trinervium"
-34.41064,150.670284,"Leptospermum trinervium"
-34.41064,150.670284,"Leptospermum trinervium"
-34.410239,150.738434,"Leptospermum trinervium"
-34.410239,150.738434,"Leptospermum trinervium"
-34.410239,150.738434,"Leptospermum trinervium"
-34.410239,150.738434,"Leptospermum trinervium"
-34.410173,150.434144,"Leptospermum trinervium"
-34.410005,150.708243,"Leptospermum trinervium"
-34.40799,150.51662,"Leptospermum trinervium"
-34.407102,150.442471,"Leptospermum trinervium"
-34.406161,150.638896,"Leptospermum trinervium"
-34.406161,150.638896,"Leptospermum trinervium"
-34.405972,150.669226,"Leptospermum trinervium"
-34.404142,150.66756,"Leptospermum trinervium"
-34.404142,150.66756,"Leptospermum trinervium"
-34.403902,150.291814,"Leptospermum trinervium"
-34.403828,150.472753,"Leptospermum trinervium"
-34.403828,150.472753,"Leptospermum trinervium"
-34.402938,150.85665,"Leptospermum trinervium"
-34.402424,150.760584,"Leptospermum trinervium"
-34.4022,150.7606,"Leptospermum trinervium"
-34.4022,150.7606,"Leptospermum trinervium"
-34.401387,150.277464,"Leptospermum trinervium"
-34.401387,150.277464,"Leptospermum trinervium"
-34.401254,150.278404,"Leptospermum trinervium"
-34.401254,150.278404,"Leptospermum trinervium"
-34.400389,150.430708,"Leptospermum trinervium"
-34.400171,150.759143,"Leptospermum trinervium"
-34.4,150.7592,"Leptospermum trinervium"
-34.4,150.233333,"Leptospermum trinervium"
-34.4,150.7592,"Leptospermum trinervium"
-34.39976,150.280921,"Leptospermum trinervium"
-34.3997,150.8019,"Leptospermum trinervium"
-34.399681,150.473224,"Leptospermum trinervium"
-34.399589,150.715978,"Leptospermum trinervium"
-34.398815,150.466037,"Leptospermum trinervium"
-34.39851,150.466677,"Leptospermum trinervium"
-34.397911,150.638367,"Leptospermum trinervium"
-34.397886,150.814512,"Leptospermum trinervium"
-34.397886,150.814512,"Leptospermum trinervium"
-34.3978,150.7983,"Leptospermum trinervium"
-34.3978,150.8011,"Leptospermum trinervium"
-34.397792,150.260712,"Leptospermum trinervium"
-34.397792,150.260712,"Leptospermum trinervium"
-34.397371,150.712623,"Leptospermum trinervium"
-34.396776,150.843364,"Leptospermum trinervium"
-34.396776,150.843364,"Leptospermum trinervium"
-34.396776,150.843364,"Leptospermum trinervium"
-34.396758,150.752001,"Leptospermum trinervium"
-34.396758,150.752001,"Leptospermum trinervium"
-34.396758,150.752001,"Leptospermum trinervium"
-34.396758,150.752001,"Leptospermum trinervium"
-34.396758,150.752001,"Leptospermum trinervium"
-34.396758,150.752001,"Leptospermum trinervium"
-34.396758,150.752001,"Leptospermum trinervium"
-34.3967,150.7519,"Leptospermum trinervium"
-34.3967,150.7519,"Leptospermum trinervium"
-34.3958,150.7708,"Leptospermum trinervium"
-34.3958,150.7708,"Leptospermum trinervium"
-34.395635,150.753195,"Leptospermum trinervium"
-34.395635,150.753195,"Leptospermum trinervium"
-34.395635,150.753195,"Leptospermum trinervium"
-34.395635,150.753195,"Leptospermum trinervium"
-34.395635,150.753195,"Leptospermum trinervium"
-34.395635,150.753195,"Leptospermum trinervium"
-34.395635,150.753195,"Leptospermum trinervium"
-34.395614,150.768075,"Leptospermum trinervium"
-34.3956,150.7533,"Leptospermum trinervium"
-34.3956,150.7533,"Leptospermum trinervium"
-34.395305,150.713027,"Leptospermum trinervium"
-34.394973,150.755421,"Leptospermum trinervium"
-34.394973,150.755421,"Leptospermum trinervium"
-34.393786,150.505268,"Leptospermum trinervium"
-34.393768,150.506617,"Leptospermum trinervium"
-34.393558,150.503828,"Leptospermum trinervium"
-34.393462,150.710402,"Leptospermum trinervium"
-34.393462,150.710402,"Leptospermum trinervium"
-34.393326,150.714217,"Leptospermum trinervium"
-34.39306,150.328822,"Leptospermum trinervium"
-34.393042,150.457123,"Leptospermum trinervium"
-34.392728,150.769695,"Leptospermum trinervium"
-34.392416,150.535358,"Leptospermum trinervium"
-34.392333,150.343926,"Leptospermum trinervium"
-34.392089,150.699672,"Leptospermum trinervium"
-34.392079,150.856992,"Leptospermum trinervium"
-34.39206,150.263987,"Leptospermum trinervium"
-34.391938,150.766954,"Leptospermum trinervium"
-34.391938,150.766954,"Leptospermum trinervium"
-34.391938,150.766954,"Leptospermum trinervium"
-34.391938,150.766954,"Leptospermum trinervium"
-34.391938,150.766954,"Leptospermum trinervium"
-34.391938,150.766954,"Leptospermum trinervium"
-34.391938,150.766954,"Leptospermum trinervium"
-34.391439,150.318586,"Leptospermum trinervium"
-34.391439,150.318586,"Leptospermum trinervium"
-34.391341,150.455798,"Leptospermum trinervium"
-34.391341,150.455798,"Leptospermum trinervium"
-34.391333,150.349712,"Leptospermum trinervium"
-34.391333,150.349712,"Leptospermum trinervium"
-34.391126,150.754871,"Leptospermum trinervium"
-34.391126,150.754871,"Leptospermum trinervium"
-34.3896,150.281814,"Leptospermum trinervium"
-34.3896,150.281814,"Leptospermum trinervium"
-34.389137,150.14483,"Leptospermum trinervium"
-34.388909,150.697642,"Leptospermum trinervium"
-34.388733,150.47958,"Leptospermum trinervium"
-34.388656,150.753153,"Leptospermum trinervium"
-34.388656,150.753153,"Leptospermum trinervium"
-34.388656,150.753153,"Leptospermum trinervium"
-34.388656,150.753153,"Leptospermum trinervium"
-34.388656,150.753153,"Leptospermum trinervium"
-34.388656,150.753153,"Leptospermum trinervium"
-34.388656,150.753153,"Leptospermum trinervium"
-34.3886,150.7531,"Leptospermum trinervium"
-34.3886,150.7531,"Leptospermum trinervium"
-34.388566,150.694799,"Leptospermum trinervium"
-34.388566,150.694799,"Leptospermum trinervium"
-34.388252,150.755176,"Leptospermum trinervium"
-34.388252,150.755176,"Leptospermum trinervium"
-34.388252,150.755176,"Leptospermum trinervium"
-34.388252,150.755176,"Leptospermum trinervium"
-34.388252,150.755176,"Leptospermum trinervium"
-34.388252,150.755176,"Leptospermum trinervium"
-34.388252,150.755176,"Leptospermum trinervium"
-34.3881,150.7553,"Leptospermum trinervium"
-34.3881,150.7553,"Leptospermum trinervium"
-34.3881,150.7697,"Leptospermum trinervium"
-34.3881,150.7697,"Leptospermum trinervium"
-34.387996,150.707648,"Leptospermum trinervium"
-34.387526,150.383466,"Leptospermum trinervium"
-34.387427,150.726183,"Leptospermum trinervium"
-34.387427,150.726183,"Leptospermum trinervium"
-34.387415,150.758079,"Leptospermum trinervium"
-34.387349,150.757071,"Leptospermum trinervium"
-34.387349,150.757071,"Leptospermum trinervium"
-34.387349,150.757071,"Leptospermum trinervium"
-34.387349,150.757071,"Leptospermum trinervium"
-34.387348,150.75706,"Leptospermum trinervium"
-34.387209,150.756182,"Leptospermum trinervium"
-34.3872,150.7569,"Leptospermum trinervium"
-34.3872,150.7569,"Leptospermum trinervium"
-34.386983,150.750197,"Leptospermum trinervium"
-34.386983,150.750197,"Leptospermum trinervium"
-34.386982,150.697333,"Leptospermum trinervium"
-34.386982,150.697333,"Leptospermum trinervium"
-34.3864,150.7703,"Leptospermum trinervium"
-34.3864,150.7703,"Leptospermum trinervium"
-34.386374,150.385274,"Leptospermum trinervium"
-34.386316,150.385341,"Leptospermum trinervium"
-34.386122,150.316624,"Leptospermum trinervium"
-34.386007,150.753414,"Leptospermum trinervium"
-34.385942,150.44122,"Leptospermum trinervium"
-34.385942,150.44122,"Leptospermum trinervium"
-34.385819,150.63243,"Leptospermum trinervium"
-34.385717,150.827023,"Leptospermum trinervium"
-34.385214,150.712867,"Leptospermum trinervium"
-34.384704,150.386837,"Leptospermum trinervium"
-34.384535,150.449618,"Leptospermum trinervium"
-34.384535,150.449618,"Leptospermum trinervium"
-34.384502,150.438391,"Leptospermum trinervium"
-34.384465,150.713249,"Leptospermum trinervium"
-34.3842,150.8297,"Leptospermum trinervium"
-34.384013,150.726319,"Leptospermum trinervium"
-34.3839,150.8319,"Leptospermum trinervium"
-34.383616,150.551894,"Leptospermum trinervium"
-34.383616,150.551894,"Leptospermum trinervium"
-34.383333,150.383333,"Leptospermum trinervium"
-34.383182,150.739554,"Leptospermum trinervium"
-34.3831,150.8278,"Leptospermum trinervium"
-34.382822,150.42989,"Leptospermum trinervium"
-34.382626,150.568734,"Leptospermum trinervium"
-34.382378,150.70617,"Leptospermum trinervium"
-34.382216,150.567126,"Leptospermum trinervium"
-34.382216,150.567126,"Leptospermum trinervium"
-34.382145,150.746955,"Leptospermum trinervium"
-34.382145,150.746955,"Leptospermum trinervium"
-34.38207,150.74665,"Leptospermum trinervium"
-34.381279,150.391729,"Leptospermum trinervium"
-34.381176,150.707137,"Leptospermum trinervium"
-34.380953,150.741006,"Leptospermum trinervium"
-34.3803,150.8039,"Leptospermum trinervium"
-34.380118,150.212622,"Leptospermum trinervium"
-34.379492,150.525744,"Leptospermum trinervium"
-34.378469,150.355522,"Leptospermum trinervium"
-34.3781,150.7975,"Leptospermum trinervium"
-34.377876,150.386223,"Leptospermum trinervium"
-34.3778,150.8011,"Leptospermum trinervium"
-34.37762,150.45576,"Leptospermum trinervium"
-34.3774457,150.3675514,"Leptospermum trinervium"
-34.37737,150.52815,"Leptospermum trinervium"
-34.376381,150.835383,"Leptospermum trinervium"
-34.376212,150.213421,"Leptospermum trinervium"
-34.3762,150.45611,"Leptospermum trinervium"
-34.375877,150.457938,"Leptospermum trinervium"
-34.374872,150.839054,"Leptospermum trinervium"
-34.374872,150.839054,"Leptospermum trinervium"
-34.374614,150.465826,"Leptospermum trinervium"
-34.374614,150.465826,"Leptospermum trinervium"
-34.374364,150.614821,"Leptospermum trinervium"
-34.374355,150.533656,"Leptospermum trinervium"
-34.373926,150.473734,"Leptospermum trinervium"
-34.373419,150.723876,"Leptospermum trinervium"
-34.372604,150.537514,"Leptospermum trinervium"
-34.372597,150.453116,"Leptospermum trinervium"
-34.372266,150.215508,"Leptospermum trinervium"
-34.371729,150.484308,"Leptospermum trinervium"
-34.371729,150.484308,"Leptospermum trinervium"
-34.371284,150.70707,"Leptospermum trinervium"
-34.37048,150.538588,"Leptospermum trinervium"
-34.370417,150.371627,"Leptospermum trinervium"
-34.369529,150.744579,"Leptospermum trinervium"
-34.369191,150.818193,"Leptospermum trinervium"
-34.367974,150.820726,"Leptospermum trinervium"
-34.367974,150.820726,"Leptospermum trinervium"
-34.366667,150.5,"Leptospermum trinervium"
-34.366297,150.542178,"Leptospermum trinervium"
-34.366278,150.542135,"Leptospermum trinervium"
-34.366246,150.541875,"Leptospermum trinervium"
-34.3662,150.5423,"Leptospermum trinervium"
-34.365964,150.542199,"Leptospermum trinervium"
-34.365945,150.542601,"Leptospermum trinervium"
-34.365806,150.541942,"Leptospermum trinervium"
-34.365791,150.534963,"Leptospermum trinervium"
-34.365774,150.542596,"Leptospermum trinervium"
-34.365679,150.54237,"Leptospermum trinervium"
-34.365677,150.542251,"Leptospermum trinervium"
-34.365252,150.53486,"Leptospermum trinervium"
-34.364418,150.483093,"Leptospermum trinervium"
-34.364077,150.482511,"Leptospermum trinervium"
-34.364077,150.482511,"Leptospermum trinervium"
-34.363833,150.706409,"Leptospermum trinervium"
-34.363515,150.465486,"Leptospermum trinervium"
-34.363421,150.481274,"Leptospermum trinervium"
-34.363421,150.481274,"Leptospermum trinervium"
-34.363419,150.546421,"Leptospermum trinervium"
-34.363418,150.223111,"Leptospermum trinervium"
-34.36299,150.52036,"Leptospermum trinervium"
-34.362927,150.691294,"Leptospermum trinervium"
-34.362649,150.871346,"Leptospermum trinervium"
-34.362606,150.705828,"Leptospermum trinervium"
-34.362606,150.705828,"Leptospermum trinervium"
-34.362606,150.705828,"Leptospermum trinervium"
-34.362606,150.705828,"Leptospermum trinervium"
-34.362606,150.705828,"Leptospermum trinervium"
-34.362606,150.705828,"Leptospermum trinervium"
-34.362606,150.705828,"Leptospermum trinervium"
-34.362551,150.81817,"Leptospermum trinervium"
-34.3625,150.7058,"Leptospermum trinervium"
-34.3625,150.7058,"Leptospermum trinervium"
-34.362203,150.817342,"Leptospermum trinervium"
-34.36219,150.816113,"Leptospermum trinervium"
-34.361856,150.857958,"Leptospermum trinervium"
-34.361585,150.484655,"Leptospermum trinervium"
-34.361563,150.707444,"Leptospermum trinervium"
-34.361563,150.707444,"Leptospermum trinervium"
-34.361563,150.707444,"Leptospermum trinervium"
-34.361563,150.707444,"Leptospermum trinervium"
-34.3614,150.7075,"Leptospermum trinervium"
-34.3614,150.7075,"Leptospermum trinervium"
-34.361135,150.485583,"Leptospermum trinervium"
-34.361135,150.485583,"Leptospermum trinervium"
-34.361005,150.687835,"Leptospermum trinervium"
-34.360865,150.709626,"Leptospermum trinervium"
-34.360865,150.709626,"Leptospermum trinervium"
-34.360865,150.709626,"Leptospermum trinervium"
-34.360865,150.709626,"Leptospermum trinervium"
-34.360864,150.709615,"Leptospermum trinervium"
-34.3608,150.7097,"Leptospermum trinervium"
-34.3608,150.7097,"Leptospermum trinervium"
-34.360769,150.871953,"Leptospermum trinervium"
-34.360506,150.689132,"Leptospermum trinervium"
-34.360358,150.723534,"Leptospermum trinervium"
-34.360137,150.482198,"Leptospermum trinervium"
-34.360111,150.862634,"Leptospermum trinervium"
-34.359699,150.86346,"Leptospermum trinervium"
-34.359699,150.86346,"Leptospermum trinervium"
-34.359699,150.86346,"Leptospermum trinervium"
-34.359699,150.86346,"Leptospermum trinervium"
-34.359699,150.86346,"Leptospermum trinervium"
-34.359699,150.86346,"Leptospermum trinervium"
-34.359659,150.744948,"Leptospermum trinervium"
-34.359659,150.744948,"Leptospermum trinervium"
-34.359642,150.569877,"Leptospermum trinervium"
-34.359642,150.569877,"Leptospermum trinervium"
-34.359542,150.472879,"Leptospermum trinervium"
-34.359025,150.858432,"Leptospermum trinervium"
-34.358849,150.859822,"Leptospermum trinervium"
-34.358718,150.494522,"Leptospermum trinervium"
-34.358607,150.819762,"Leptospermum trinervium"
-34.3585,150.858121,"Leptospermum trinervium"
-34.358369,150.867485,"Leptospermum trinervium"
-34.358316,150.39592,"Leptospermum trinervium"
-34.357992,150.476968,"Leptospermum trinervium"
-34.35795,150.716088,"Leptospermum trinervium"
-34.357656,150.671947,"Leptospermum trinervium"
-34.356869,150.858911,"Leptospermum trinervium"
-34.356844,150.356311,"Leptospermum trinervium"
-34.356844,150.356311,"Leptospermum trinervium"
-34.356817,150.808088,"Leptospermum trinervium"
-34.356587,150.373741,"Leptospermum trinervium"
-34.356522,150.394214,"Leptospermum trinervium"
-34.356135,150.860756,"Leptospermum trinervium"
-34.355902,150.859338,"Leptospermum trinervium"
-34.355878,150.708251,"Leptospermum trinervium"
-34.355636,150.808576,"Leptospermum trinervium"
-34.355291,150.865161,"Leptospermum trinervium"
-34.355127,150.552557,"Leptospermum trinervium"
-34.355084,150.48024,"Leptospermum trinervium"
-34.35479,150.807674,"Leptospermum trinervium"
-34.354267,150.859093,"Leptospermum trinervium"
-34.354226,150.81145,"Leptospermum trinervium"
-34.354068,150.262984,"Leptospermum trinervium"
-34.352944,150.863369,"Leptospermum trinervium"
-34.352906,150.794134,"Leptospermum trinervium"
-34.352906,150.794134,"Leptospermum trinervium"
-34.352463,150.851359,"Leptospermum trinervium"
-34.352463,150.851359,"Leptospermum trinervium"
-34.352463,150.851359,"Leptospermum trinervium"
-34.352228,150.555232,"Leptospermum trinervium"
-34.352144,150.855792,"Leptospermum trinervium"
-34.352144,150.855792,"Leptospermum trinervium"
-34.352144,150.855792,"Leptospermum trinervium"
-34.352144,150.855792,"Leptospermum trinervium"
-34.352144,150.855792,"Leptospermum trinervium"
-34.352144,150.855792,"Leptospermum trinervium"
-34.352144,150.855792,"Leptospermum trinervium"
-34.3519,150.7944,"Leptospermum trinervium"
-34.351767,150.862931,"Leptospermum trinervium"
-34.351722,150.649034,"Leptospermum trinervium"
-34.351627,150.856631,"Leptospermum trinervium"
-34.351627,150.856631,"Leptospermum trinervium"
-34.351627,150.856631,"Leptospermum trinervium"
-34.351627,150.856631,"Leptospermum trinervium"
-34.351627,150.856631,"Leptospermum trinervium"
-34.351627,150.856631,"Leptospermum trinervium"
-34.351566,150.848234,"Leptospermum trinervium"
-34.351166,150.643538,"Leptospermum trinervium"
-34.351166,150.643538,"Leptospermum trinervium"
-34.351114,150.378676,"Leptospermum trinervium"
-34.351083,150.726567,"Leptospermum trinervium"
-34.350953,150.620895,"Leptospermum trinervium"
-34.35078,150.53699,"Leptospermum trinervium"
-34.35078,150.53699,"Leptospermum trinervium"
-34.350556,150.673578,"Leptospermum trinervium"
-34.350538,150.79586,"Leptospermum trinervium"
-34.350538,150.79586,"Leptospermum trinervium"
-34.350354,150.797604,"Leptospermum trinervium"
-34.350354,150.797604,"Leptospermum trinervium"
-34.3503,150.7958,"Leptospermum trinervium"
-34.3503,150.7975,"Leptospermum trinervium"
-34.350158,150.85421,"Leptospermum trinervium"
-34.350128,150.853908,"Leptospermum trinervium"
-34.35,150.5,"Leptospermum trinervium"
-34.35,150.5,"Leptospermum trinervium"
-34.35,150.5,"Leptospermum trinervium"
-34.35,150.5,"Leptospermum trinervium"
-34.35,150.5,"Leptospermum trinervium"
-34.35,150.5,"Leptospermum trinervium"
-34.35,150.5,"Leptospermum trinervium"
-34.3499447,150.4978261,"Leptospermum trinervium"
-34.3499447,150.4978261,"Leptospermum trinervium"
-34.3499447,150.4978261,"Leptospermum trinervium"
-34.3499447,150.4978261,"Leptospermum trinervium"
-34.3499447,150.4978261,"Leptospermum trinervium"
-34.349839,150.854556,"Leptospermum trinervium"
-34.349652,150.191755,"Leptospermum trinervium"
-34.349652,150.191755,"Leptospermum trinervium"
-34.349503,150.853783,"Leptospermum trinervium"
-34.349503,150.853783,"Leptospermum trinervium"
-34.349503,150.853783,"Leptospermum trinervium"
-34.349503,150.853783,"Leptospermum trinervium"
-34.349503,150.853783,"Leptospermum trinervium"
-34.349345,150.777748,"Leptospermum trinervium"
-34.349345,150.777748,"Leptospermum trinervium"
-34.349345,150.777748,"Leptospermum trinervium"
-34.349041,150.354806,"Leptospermum trinervium"
-34.349041,150.354806,"Leptospermum trinervium"
-34.348617,150.849012,"Leptospermum trinervium"
-34.348403,150.776512,"Leptospermum trinervium"
-34.348403,150.776512,"Leptospermum trinervium"
-34.348403,150.776512,"Leptospermum trinervium"
-34.347969,150.507247,"Leptospermum trinervium"
-34.347823,150.626392,"Leptospermum trinervium"
-34.347475,150.775547,"Leptospermum trinervium"
-34.347475,150.775547,"Leptospermum trinervium"
-34.347475,150.775547,"Leptospermum trinervium"
-34.346594,150.664539,"Leptospermum trinervium"
-34.346484,150.723596,"Leptospermum trinervium"
-34.346204,150.528912,"Leptospermum trinervium"
-34.346152,150.786594,"Leptospermum trinervium"
-34.346108,150.589876,"Leptospermum trinervium"
-34.346108,150.589876,"Leptospermum trinervium"
-34.345948,150.556794,"Leptospermum trinervium"
-34.345946,150.80698,"Leptospermum trinervium"
-34.345935,150.629446,"Leptospermum trinervium"
-34.345915,150.818373,"Leptospermum trinervium"
-34.345876,150.783818,"Leptospermum trinervium"
-34.344733,150.358332,"Leptospermum trinervium"
-34.344733,150.358332,"Leptospermum trinervium"
-34.344423,150.791693,"Leptospermum trinervium"
-34.34401,150.214276,"Leptospermum trinervium"
-34.34395,150.727445,"Leptospermum trinervium"
-34.343673,150.56248,"Leptospermum trinervium"
-34.343673,150.56248,"Leptospermum trinervium"
-34.343542,150.477042,"Leptospermum trinervium"
-34.343542,150.477042,"Leptospermum trinervium"
-34.343353,150.241901,"Leptospermum trinervium"
-34.343235,150.738981,"Leptospermum trinervium"
-34.343101,150.853224,"Leptospermum trinervium"
-34.343056,150.56303,"Leptospermum trinervium"
-34.343031,150.729437,"Leptospermum trinervium"
-34.34302,150.391947,"Leptospermum trinervium"
-34.342975,150.858092,"Leptospermum trinervium"
-34.34264,150.555668,"Leptospermum trinervium"
-34.34264,150.555668,"Leptospermum trinervium"
-34.342587,150.730728,"Leptospermum trinervium"
-34.34256,150.853199,"Leptospermum trinervium"
-34.342356,150.789868,"Leptospermum trinervium"
-34.342356,150.789868,"Leptospermum trinervium"
-34.342344,150.734247,"Leptospermum trinervium"
-34.342325,150.354538,"Leptospermum trinervium"
-34.342106,150.594958,"Leptospermum trinervium"
-34.341886,150.202979,"Leptospermum trinervium"
-34.341595,150.848039,"Leptospermum trinervium"
-34.341595,150.848039,"Leptospermum trinervium"
-34.341595,150.848039,"Leptospermum trinervium"
-34.341595,150.848039,"Leptospermum trinervium"
-34.341516,150.848171,"Leptospermum trinervium"
-34.341516,150.848171,"Leptospermum trinervium"
-34.341516,150.848171,"Leptospermum trinervium"
-34.341516,150.848171,"Leptospermum trinervium"
-34.341512,150.847428,"Leptospermum trinervium"
-34.341257,150.484122,"Leptospermum trinervium"
-34.341257,150.484122,"Leptospermum trinervium"
-34.341179,150.729248,"Leptospermum trinervium"
-34.341106,150.849782,"Leptospermum trinervium"
-34.340895,150.695997,"Leptospermum trinervium"
-34.340895,150.695997,"Leptospermum trinervium"
-34.340745,150.735537,"Leptospermum trinervium"
-34.340642,150.857756,"Leptospermum trinervium"
-34.34019,150.50864,"Leptospermum trinervium"
-34.34019,150.50864,"Leptospermum trinervium"
-34.340139,150.285216,"Leptospermum trinervium"
-34.339994,150.728386,"Leptospermum trinervium"
-34.339919,150.674473,"Leptospermum trinervium"
-34.339864,150.786672,"Leptospermum trinervium"
-34.339591,150.454718,"Leptospermum trinervium"
-34.33958,150.483406,"Leptospermum trinervium"
-34.339249,150.283138,"Leptospermum trinervium"
-34.339168,150.668149,"Leptospermum trinervium"
-34.339124,150.62692,"Leptospermum trinervium"
-34.339054,150.791986,"Leptospermum trinervium"
-34.338641,150.846828,"Leptospermum trinervium"
-34.338628,150.768228,"Leptospermum trinervium"
-34.338628,150.768228,"Leptospermum trinervium"
-34.338507,150.797414,"Leptospermum trinervium"
-34.338507,150.797414,"Leptospermum trinervium"
-34.338379,150.730193,"Leptospermum trinervium"
-34.337774,150.517493,"Leptospermum trinervium"
-34.337603,150.781297,"Leptospermum trinervium"
-34.337468,150.446729,"Leptospermum trinervium"
-34.336885,150.496201,"Leptospermum trinervium"
-34.336171,150.847794,"Leptospermum trinervium"
-34.336103,150.684476,"Leptospermum trinervium"
-34.335997,150.772319,"Leptospermum trinervium"
-34.335997,150.772319,"Leptospermum trinervium"
-34.33565,150.61463,"Leptospermum trinervium"
-34.335249,150.843712,"Leptospermum trinervium"
-34.335149,150.877723,"Leptospermum trinervium"
-34.334772,150.634666,"Leptospermum trinervium"
-34.333587,150.281908,"Leptospermum trinervium"
-34.333587,150.281908,"Leptospermum trinervium"
-34.333461,150.494013,"Leptospermum trinervium"
-34.333354,150.787137,"Leptospermum trinervium"
-34.333333,150.483333,"Leptospermum trinervium"
-34.331254,150.54781,"Leptospermum trinervium"
-34.331083,150.843537,"Leptospermum trinervium"
-34.330681,150.677582,"Leptospermum trinervium"
-34.330612,150.627323,"Leptospermum trinervium"
-34.330418,150.8673,"Leptospermum trinervium"
-34.330418,150.8673,"Leptospermum trinervium"
-34.330418,150.8673,"Leptospermum trinervium"
-34.330418,150.8673,"Leptospermum trinervium"
-34.330354,150.853019,"Leptospermum trinervium"
-34.330114,150.627174,"Leptospermum trinervium"
-34.329556,150.568018,"Leptospermum trinervium"
-34.329556,150.568018,"Leptospermum trinervium"
-34.329411,150.638659,"Leptospermum trinervium"
-34.328233,150.472015,"Leptospermum trinervium"
-34.328233,150.472015,"Leptospermum trinervium"
-34.327953,150.474185,"Leptospermum trinervium"
-34.327423,150.493577,"Leptospermum trinervium"
-34.327329,150.335254,"Leptospermum trinervium"
-34.326674,150.770549,"Leptospermum trinervium"
-34.326587,150.614276,"Leptospermum trinervium"
-34.326587,150.614276,"Leptospermum trinervium"
-34.326234,150.335028,"Leptospermum trinervium"
-34.325708,150.568159,"Leptospermum trinervium"
-34.325539,150.334996,"Leptospermum trinervium"
-34.324909,150.848976,"Leptospermum trinervium"
-34.324909,150.848976,"Leptospermum trinervium"
-34.324833,150.473714,"Leptospermum trinervium"
-34.324833,150.473714,"Leptospermum trinervium"
-34.323584,150.622423,"Leptospermum trinervium"
-34.323494,150.603204,"Leptospermum trinervium"
-34.323097,150.630773,"Leptospermum trinervium"
-34.323097,150.630773,"Leptospermum trinervium"
-34.322933,150.45181,"Leptospermum trinervium"
-34.322924,150.451777,"Leptospermum trinervium"
-34.322674,150.88083,"Leptospermum trinervium"
-34.322561,150.538294,"Leptospermum trinervium"
-34.322561,150.538294,"Leptospermum trinervium"
-34.322093,150.452128,"Leptospermum trinervium"
-34.322092,150.452129,"Leptospermum trinervium"
-34.322092,150.452129,"Leptospermum trinervium"
-34.322069,150.539384,"Leptospermum trinervium"
-34.321883,150.575248,"Leptospermum trinervium"
-34.321782,150.599579,"Leptospermum trinervium"
-34.321782,150.599579,"Leptospermum trinervium"
-34.321455,150.280365,"Leptospermum trinervium"
-34.321455,150.280365,"Leptospermum trinervium"
-34.321208,150.737719,"Leptospermum trinervium"
-34.321208,150.737719,"Leptospermum trinervium"
-34.320806,150.610495,"Leptospermum trinervium"
-34.320806,150.610495,"Leptospermum trinervium"
-34.319965,150.868673,"Leptospermum trinervium"
-34.319601,150.867454,"Leptospermum trinervium"
-34.319601,150.867454,"Leptospermum trinervium"
-34.319273,150.581681,"Leptospermum trinervium"
-34.318817,150.577617,"Leptospermum trinervium"
-34.318817,150.577617,"Leptospermum trinervium"
-34.3167,150.9167,"Leptospermum trinervium"
-34.316667,150.616667,"Leptospermum trinervium"
-34.316607,150.588841,"Leptospermum trinervium"
-34.316391,150.245773,"Leptospermum trinervium"
-34.316391,150.245773,"Leptospermum trinervium"
-34.315749,150.459701,"Leptospermum trinervium"
-34.315683,150.459709,"Leptospermum trinervium"
-34.315439,150.591297,"Leptospermum trinervium"
-34.315439,150.591297,"Leptospermum trinervium"
-34.315258,150.559156,"Leptospermum trinervium"
-34.314868,150.748178,"Leptospermum trinervium"
-34.314864,150.45351,"Leptospermum trinervium"
-34.314864,150.45351,"Leptospermum trinervium"
-34.314687,150.749074,"Leptospermum trinervium"
-34.314591,150.494719,"Leptospermum trinervium"
-34.314591,150.494719,"Leptospermum trinervium"
-34.314384,150.767472,"Leptospermum trinervium"
-34.314356,150.491618,"Leptospermum trinervium"
-34.314356,150.491618,"Leptospermum trinervium"
-34.313972,150.832098,"Leptospermum trinervium"
-34.313788,150.565451,"Leptospermum trinervium"
-34.313159,150.741466,"Leptospermum trinervium"
-34.312418,150.469815,"Leptospermum trinervium"
-34.312284,150.451583,"Leptospermum trinervium"
-34.312158,150.494769,"Leptospermum trinervium"
-34.311526,150.741923,"Leptospermum trinervium"
-34.311063,150.647153,"Leptospermum trinervium"
-34.311063,150.647153,"Leptospermum trinervium"
-34.310921,150.718503,"Leptospermum trinervium"
-34.310688,150.870016,"Leptospermum trinervium"
-34.310625,150.740502,"Leptospermum trinervium"
-34.31007,150.529909,"Leptospermum trinervium"
-34.309656,150.54954,"Leptospermum trinervium"
-34.309137,150.570975,"Leptospermum trinervium"
-34.308922,150.532167,"Leptospermum trinervium"
-34.308804,150.519107,"Leptospermum trinervium"
-34.308804,150.519107,"Leptospermum trinervium"
-34.308804,150.519107,"Leptospermum trinervium"
-34.308579,150.452864,"Leptospermum trinervium"
-34.308579,150.452864,"Leptospermum trinervium"
-34.308202,150.863646,"Leptospermum trinervium"
-34.308202,150.863646,"Leptospermum trinervium"
-34.307162,150.519687,"Leptospermum trinervium"
-34.306827,150.602417,"Leptospermum trinervium"
-34.306007,150.729185,"Leptospermum trinervium"
-34.30523,150.645801,"Leptospermum trinervium"
-34.30523,150.645801,"Leptospermum trinervium"
-34.303458,150.555152,"Leptospermum trinervium"
-34.3032811,149.9708896,"Leptospermum trinervium"
-34.302524,150.931535,"Leptospermum trinervium"
-34.302409,150.9108,"Leptospermum trinervium"
-34.301885,150.505006,"Leptospermum trinervium"
-34.301192,150.257013,"Leptospermum trinervium"
-34.300234,150.91525,"Leptospermum trinervium"
-34.300114,150.516657,"Leptospermum trinervium"
-34.300114,150.516657,"Leptospermum trinervium"
-34.3,150.816667,"Leptospermum trinervium"
-34.3,150.75,"Leptospermum trinervium"
-34.299101,150.733054,"Leptospermum trinervium"
-34.298756,150.919067,"Leptospermum trinervium"
-34.298454,150.865914,"Leptospermum trinervium"
-34.298425,150.517842,"Leptospermum trinervium"
-34.298425,150.517842,"Leptospermum trinervium"
-34.298054,150.57771,"Leptospermum trinervium"
-34.298054,150.57771,"Leptospermum trinervium"
-34.297468,150.530977,"Leptospermum trinervium"
-34.297468,150.530977,"Leptospermum trinervium"
-34.29709,150.652972,"Leptospermum trinervium"
-34.29709,150.652972,"Leptospermum trinervium"
-34.296425,150.675452,"Leptospermum trinervium"
-34.295385,150.8554,"Leptospermum trinervium"
-34.295385,150.8554,"Leptospermum trinervium"
-34.294965,150.730362,"Leptospermum trinervium"
-34.294965,150.730362,"Leptospermum trinervium"
-34.294965,150.730362,"Leptospermum trinervium"
-34.293323,150.926968,"Leptospermum trinervium"
-34.293262,150.520194,"Leptospermum trinervium"
-34.293262,150.520194,"Leptospermum trinervium"
-34.292631,150.50577,"Leptospermum trinervium"
-34.292534,150.478088,"Leptospermum trinervium"
-34.292514,150.775659,"Leptospermum trinervium"
-34.292412,150.532407,"Leptospermum trinervium"
-34.292412,150.532407,"Leptospermum trinervium"
-34.291345,150.410013,"Leptospermum trinervium"
-34.291156,150.880743,"Leptospermum trinervium"
-34.290685,150.398868,"Leptospermum trinervium"
-34.290274,150.801384,"Leptospermum trinervium"
-34.289307,150.801904,"Leptospermum trinervium"
-34.289307,150.801904,"Leptospermum trinervium"
-34.289281,150.674596,"Leptospermum trinervium"
-34.28883,150.831821,"Leptospermum trinervium"
-34.287782,150.932048,"Leptospermum trinervium"
-34.287182,150.534113,"Leptospermum trinervium"
-34.287182,150.534113,"Leptospermum trinervium"
-34.286938,150.533219,"Leptospermum trinervium"
-34.286938,150.533219,"Leptospermum trinervium"
-34.286858,150.777126,"Leptospermum trinervium"
-34.286763,150.479894,"Leptospermum trinervium"
-34.286763,150.479894,"Leptospermum trinervium"
-34.286763,150.479894,"Leptospermum trinervium"
-34.286747,150.721774,"Leptospermum trinervium"
-34.2867,150.777215,"Leptospermum trinervium"
-34.286247,150.599291,"Leptospermum trinervium"
-34.285969,150.568649,"Leptospermum trinervium"
-34.285935,150.484329,"Leptospermum trinervium"
-34.285935,150.484329,"Leptospermum trinervium"
-34.285683,150.732698,"Leptospermum trinervium"
-34.285056,150.722955,"Leptospermum trinervium"
-34.284714,150.527689,"Leptospermum trinervium"
-34.284714,150.527689,"Leptospermum trinervium"
-34.284471,150.756019,"Leptospermum trinervium"
-34.284272,150.770502,"Leptospermum trinervium"
-34.283694,150.563192,"Leptospermum trinervium"
-34.283476,150.747964,"Leptospermum trinervium"
-34.283476,150.747964,"Leptospermum trinervium"
-34.283472,150.432987,"Leptospermum trinervium"
-34.283065,150.771218,"Leptospermum trinervium"
-34.282694,150.778619,"Leptospermum trinervium"
-34.2826,150.52496,"Leptospermum trinervium"
-34.280621,150.498476,"Leptospermum trinervium"
-34.280545,150.679304,"Leptospermum trinervium"
-34.280545,150.679304,"Leptospermum trinervium"
-34.27921,150.656811,"Leptospermum trinervium"
-34.279105,150.770028,"Leptospermum trinervium"
-34.278976,150.666285,"Leptospermum trinervium"
-34.278482,150.422474,"Leptospermum trinervium"
-34.278482,150.422474,"Leptospermum trinervium"
-34.277908,150.52171,"Leptospermum trinervium"
-34.27752,150.657993,"Leptospermum trinervium"
-34.276547,150.516244,"Leptospermum trinervium"
-34.276515,150.516376,"Leptospermum trinervium"
-34.276515,150.516376,"Leptospermum trinervium"
-34.276515,150.516376,"Leptospermum trinervium"
-34.276515,150.516376,"Leptospermum trinervium"
-34.276515,150.516376,"Leptospermum trinervium"
-34.276515,150.516376,"Leptospermum trinervium"
-34.276339,150.422594,"Leptospermum trinervium"
-34.275131,150.563244,"Leptospermum trinervium"
-34.274947,150.601677,"Leptospermum trinervium"
-34.274947,150.601677,"Leptospermum trinervium"
-34.274922,150.926289,"Leptospermum trinervium"
-34.274922,150.926289,"Leptospermum trinervium"
-34.274467,150.942516,"Leptospermum trinervium"
-34.274455,150.856994,"Leptospermum trinervium"
-34.2741,150.8571,"Leptospermum trinervium"
-34.273331,150.931378,"Leptospermum trinervium"
-34.272898,150.427879,"Leptospermum trinervium"
-34.27279,150.516561,"Leptospermum trinervium"
-34.27279,150.516561,"Leptospermum trinervium"
-34.272425,150.50574,"Leptospermum trinervium"
-34.27193,150.570785,"Leptospermum trinervium"
-34.271487,150.94236,"Leptospermum trinervium"
-34.271355,150.517385,"Leptospermum trinervium"
-34.271355,150.517385,"Leptospermum trinervium"
-34.270652,150.76351,"Leptospermum trinervium"
-34.270652,150.76351,"Leptospermum trinervium"
-34.270535,150.694009,"Leptospermum trinervium"
-34.269159,150.599705,"Leptospermum trinervium"
-34.269159,150.599705,"Leptospermum trinervium"
-34.268872,150.584373,"Leptospermum trinervium"
-34.268734,150.54272,"Leptospermum trinervium"
-34.268734,150.54272,"Leptospermum trinervium"
-34.268278,150.894212,"Leptospermum trinervium"
-34.267918,150.557783,"Leptospermum trinervium"
-34.267901,150.768288,"Leptospermum trinervium"
-34.267486,150.716367,"Leptospermum trinervium"
-34.267396,150.549276,"Leptospermum trinervium"
-34.266667,150.55,"Leptospermum trinervium"
-34.266225,150.950147,"Leptospermum trinervium"
-34.265868,150.799582,"Leptospermum trinervium"
-34.265868,150.799582,"Leptospermum trinervium"
-34.264687,150.879322,"Leptospermum trinervium"
-34.264687,150.879322,"Leptospermum trinervium"
-34.264501,150.601333,"Leptospermum trinervium"
-34.264501,150.601333,"Leptospermum trinervium"
-34.264501,150.601333,"Leptospermum trinervium"
-34.264271,150.558652,"Leptospermum trinervium"
-34.264132,150.770287,"Leptospermum trinervium"
-34.263173,150.50946,"Leptospermum trinervium"
-34.261154,150.518343,"Leptospermum trinervium"
-34.261154,150.518343,"Leptospermum trinervium"
-34.260766,150.851718,"Leptospermum trinervium"
-34.2605,150.687768,"Leptospermum trinervium"
-34.259871,150.859517,"Leptospermum trinervium"
-34.25922,150.562652,"Leptospermum trinervium"
-34.259182,150.5835,"Leptospermum trinervium"
-34.259182,150.5835,"Leptospermum trinervium"
-34.259182,150.5835,"Leptospermum trinervium"
-34.259182,150.5835,"Leptospermum trinervium"
-34.259065,150.56267,"Leptospermum trinervium"
-34.258889,150.530833,"Leptospermum trinervium"
-34.258551,150.56141,"Leptospermum trinervium"
-34.257982,150.561361,"Leptospermum trinervium"
-34.257318,150.532005,"Leptospermum trinervium"
-34.257233,150.882094,"Leptospermum trinervium"
-34.257233,150.882094,"Leptospermum trinervium"
-34.257233,150.882094,"Leptospermum trinervium"
-34.257233,150.882094,"Leptospermum trinervium"
-34.257233,150.882094,"Leptospermum trinervium"
-34.257233,150.882094,"Leptospermum trinervium"
-34.257233,150.882094,"Leptospermum trinervium"
-34.257233,150.882094,"Leptospermum trinervium"
-34.257233,150.882094,"Leptospermum trinervium"
-34.257233,150.882094,"Leptospermum trinervium"
-34.257233,150.882094,"Leptospermum trinervium"
-34.257233,150.882094,"Leptospermum trinervium"
-34.256537,150.692763,"Leptospermum trinervium"
-34.256215,150.875603,"Leptospermum trinervium"
-34.256141,150.880992,"Leptospermum trinervium"
-34.256141,150.880992,"Leptospermum trinervium"
-34.256141,150.880992,"Leptospermum trinervium"
-34.256141,150.880992,"Leptospermum trinervium"
-34.256141,150.880992,"Leptospermum trinervium"
-34.256141,150.880992,"Leptospermum trinervium"
-34.256116,150.932543,"Leptospermum trinervium"
-34.256025,150.910932,"Leptospermum trinervium"
-34.255454,150.788756,"Leptospermum trinervium"
-34.255219,150.603416,"Leptospermum trinervium"
-34.254726,150.806192,"Leptospermum trinervium"
-34.254255,150.60644,"Leptospermum trinervium"
-34.254052,150.650277,"Leptospermum trinervium"
-34.25375,150.789267,"Leptospermum trinervium"
-34.25361,150.538136,"Leptospermum trinervium"
-34.253315,150.634681,"Leptospermum trinervium"
-34.253234,150.531584,"Leptospermum trinervium"
-34.253234,150.531584,"Leptospermum trinervium"
-34.25314,150.906747,"Leptospermum trinervium"
-34.252514,150.541281,"Leptospermum trinervium"
-34.252466,150.882734,"Leptospermum trinervium"
-34.252466,150.882734,"Leptospermum trinervium"
-34.252466,150.882734,"Leptospermum trinervium"
-34.252466,150.882734,"Leptospermum trinervium"
-34.252466,150.882734,"Leptospermum trinervium"
-34.252466,150.882734,"Leptospermum trinervium"
-34.252466,150.882734,"Leptospermum trinervium"
-34.252466,150.882734,"Leptospermum trinervium"
-34.252466,150.882734,"Leptospermum trinervium"
-34.252466,150.882734,"Leptospermum trinervium"
-34.252466,150.882734,"Leptospermum trinervium"
-34.252466,150.882734,"Leptospermum trinervium"
-34.252466,150.882734,"Leptospermum trinervium"
-34.252466,150.882734,"Leptospermum trinervium"
-34.252466,150.882734,"Leptospermum trinervium"
-34.252466,150.882734,"Leptospermum trinervium"
-34.252466,150.882734,"Leptospermum trinervium"
-34.252466,150.882734,"Leptospermum trinervium"
-34.252466,150.882734,"Leptospermum trinervium"
-34.252466,150.882734,"Leptospermum trinervium"
-34.252466,150.882734,"Leptospermum trinervium"
-34.252466,150.882734,"Leptospermum trinervium"
-34.252466,150.882734,"Leptospermum trinervium"
-34.252466,150.882734,"Leptospermum trinervium"
-34.252466,150.882734,"Leptospermum trinervium"
-34.252466,150.882734,"Leptospermum trinervium"
-34.252466,150.882734,"Leptospermum trinervium"
-34.252466,150.882734,"Leptospermum trinervium"
-34.252466,150.882734,"Leptospermum trinervium"
-34.252466,150.882734,"Leptospermum trinervium"
-34.252466,150.882734,"Leptospermum trinervium"
-34.252466,150.882734,"Leptospermum trinervium"
-34.252466,150.882734,"Leptospermum trinervium"
-34.252466,150.882734,"Leptospermum trinervium"
-34.252466,150.882734,"Leptospermum trinervium"
-34.252466,150.882734,"Leptospermum trinervium"
-34.252309,150.808914,"Leptospermum trinervium"
-34.252275,150.907322,"Leptospermum trinervium"
-34.251959,150.888871,"Leptospermum trinervium"
-34.251959,150.875585,"Leptospermum trinervium"
-34.251926,150.828697,"Leptospermum trinervium"
-34.251926,150.828697,"Leptospermum trinervium"
-34.25173,150.940869,"Leptospermum trinervium"
-34.251504,150.914942,"Leptospermum trinervium"
-34.251454,150.878166,"Leptospermum trinervium"
-34.250804,150.9046,"Leptospermum trinervium"
-34.250804,150.9046,"Leptospermum trinervium"
-34.250804,150.9046,"Leptospermum trinervium"
-34.250804,150.9046,"Leptospermum trinervium"
-34.250804,150.9046,"Leptospermum trinervium"
-34.250804,150.9046,"Leptospermum trinervium"
-34.250383,150.826347,"Leptospermum trinervium"
-34.250317,150.573115,"Leptospermum trinervium"
-34.249734,150.865694,"Leptospermum trinervium"
-34.249734,150.865694,"Leptospermum trinervium"
-34.249633,150.943115,"Leptospermum trinervium"
-34.249605,150.943131,"Leptospermum trinervium"
-34.249511,150.963431,"Leptospermum trinervium"
-34.249087,150.942703,"Leptospermum trinervium"
-34.248487,150.902519,"Leptospermum trinervium"
-34.248487,150.902519,"Leptospermum trinervium"
-34.248487,150.902519,"Leptospermum trinervium"
-34.248487,150.902519,"Leptospermum trinervium"
-34.248487,150.902519,"Leptospermum trinervium"
-34.248012,150.944205,"Leptospermum trinervium"
-34.247808,150.538345,"Leptospermum trinervium"
-34.247176,150.588352,"Leptospermum trinervium"
-34.247176,150.588352,"Leptospermum trinervium"
-34.247176,150.588352,"Leptospermum trinervium"
-34.246151,150.728191,"Leptospermum trinervium"
-34.245766,150.827796,"Leptospermum trinervium"
-34.245758,150.364059,"Leptospermum trinervium"
-34.245196,150.761578,"Leptospermum trinervium"
-34.244301,150.433863,"Leptospermum trinervium"
-34.243604,150.585595,"Leptospermum trinervium"
-34.243604,150.585595,"Leptospermum trinervium"
-34.243234,150.426405,"Leptospermum trinervium"
-34.24296,150.646581,"Leptospermum trinervium"
-34.242941,150.636359,"Leptospermum trinervium"
-34.242941,150.636359,"Leptospermum trinervium"
-34.242385,150.905765,"Leptospermum trinervium"
-34.242385,150.905765,"Leptospermum trinervium"
-34.242385,150.905765,"Leptospermum trinervium"
-34.242385,150.905765,"Leptospermum trinervium"
-34.242176,150.896715,"Leptospermum trinervium"
-34.241973,150.807967,"Leptospermum trinervium"
-34.241973,150.807967,"Leptospermum trinervium"
-34.241682,150.920612,"Leptospermum trinervium"
-34.241347,150.965462,"Leptospermum trinervium"
-34.240941,150.580285,"Leptospermum trinervium"
-34.240941,150.580285,"Leptospermum trinervium"
-34.240777,150.96747,"Leptospermum trinervium"
-34.240647,150.933514,"Leptospermum trinervium"
-34.240635,150.705185,"Leptospermum trinervium"
-34.240538,150.80339,"Leptospermum trinervium"
-34.240538,150.80339,"Leptospermum trinervium"
-34.240055,150.791569,"Leptospermum trinervium"
-34.240055,150.791569,"Leptospermum trinervium"
-34.240055,150.878312,"Leptospermum trinervium"
-34.239686,150.726035,"Leptospermum trinervium"
-34.239686,150.726035,"Leptospermum trinervium"
-34.239686,150.726035,"Leptospermum trinervium"
-34.239573,150.972223,"Leptospermum trinervium"
-34.239294,150.558719,"Leptospermum trinervium"
-34.238682,150.903316,"Leptospermum trinervium"
-34.238399,150.602254,"Leptospermum trinervium"
-34.238386,150.91749,"Leptospermum trinervium"
-34.237964,150.406049,"Leptospermum trinervium"
-34.237964,150.406049,"Leptospermum trinervium"
-34.237772,150.706106,"Leptospermum trinervium"
-34.237772,150.706106,"Leptospermum trinervium"
-34.237591,150.563086,"Leptospermum trinervium"
-34.236843,150.872432,"Leptospermum trinervium"
-34.236843,150.872432,"Leptospermum trinervium"
-34.236521,150.559353,"Leptospermum trinervium"
-34.236114,150.977169,"Leptospermum trinervium"
-34.236053,150.552033,"Leptospermum trinervium"
-34.23578,150.63377,"Leptospermum trinervium"
-34.235669,150.555434,"Leptospermum trinervium"
-34.235669,150.555434,"Leptospermum trinervium"
-34.235456,150.550589,"Leptospermum trinervium"
-34.235356,150.443241,"Leptospermum trinervium"
-34.235356,150.443241,"Leptospermum trinervium"
-34.235143,150.855095,"Leptospermum trinervium"
-34.235143,150.855095,"Leptospermum trinervium"
-34.234591,150.699635,"Leptospermum trinervium"
-34.234334,150.875155,"Leptospermum trinervium"
-34.233743,150.9666,"Leptospermum trinervium"
-34.233611,150.545556,"Leptospermum trinervium"
-34.233461,150.54431,"Leptospermum trinervium"
-34.233333,150.733333,"Leptospermum trinervium"
-34.233017,150.544418,"Leptospermum trinervium"
-34.232865,150.701895,"Leptospermum trinervium"
-34.232865,150.701895,"Leptospermum trinervium"
-34.23224,150.440839,"Leptospermum trinervium"
-34.23224,150.440839,"Leptospermum trinervium"
-34.231727,150.802262,"Leptospermum trinervium"
-34.231727,150.802262,"Leptospermum trinervium"
-34.231727,150.802262,"Leptospermum trinervium"
-34.23165,150.750789,"Leptospermum trinervium"
-34.231364,150.739409,"Leptospermum trinervium"
-34.23126,150.424154,"Leptospermum trinervium"
-34.231199,150.753471,"Leptospermum trinervium"
-34.230939,150.486878,"Leptospermum trinervium"
-34.230939,150.486878,"Leptospermum trinervium"
-34.230897,150.626477,"Leptospermum trinervium"
-34.230665,150.856837,"Leptospermum trinervium"
-34.230524,150.411064,"Leptospermum trinervium"
-34.230524,150.411064,"Leptospermum trinervium"
-34.23046,150.437637,"Leptospermum trinervium"
-34.23046,150.437637,"Leptospermum trinervium"
-34.230336,150.490446,"Leptospermum trinervium"
-34.230305,150.488927,"Leptospermum trinervium"
-34.230305,150.488927,"Leptospermum trinervium"
-34.230231,150.545317,"Leptospermum trinervium"
-34.2302,150.552271,"Leptospermum trinervium"
-34.229966,150.740142,"Leptospermum trinervium"
-34.229966,150.740142,"Leptospermum trinervium"
-34.229402,150.836244,"Leptospermum trinervium"
-34.228987,150.618083,"Leptospermum trinervium"
-34.228818,150.747034,"Leptospermum trinervium"
-34.228663,150.824821,"Leptospermum trinervium"
-34.228641,150.752127,"Leptospermum trinervium"
-34.228639,150.354065,"Leptospermum trinervium"
-34.228639,150.354065,"Leptospermum trinervium"
-34.227655,150.742602,"Leptospermum trinervium"
-34.227602,150.46057,"Leptospermum trinervium"
-34.227602,150.46057,"Leptospermum trinervium"
-34.227495,150.735519,"Leptospermum trinervium"
-34.226773,150.716944,"Leptospermum trinervium"
-34.226409,150.689818,"Leptospermum trinervium"
-34.22638,150.967775,"Leptospermum trinervium"
-34.22622,150.928689,"Leptospermum trinervium"
-34.226117,150.822054,"Leptospermum trinervium"
-34.225988,150.869352,"Leptospermum trinervium"
-34.225988,150.869352,"Leptospermum trinervium"
-34.225988,150.869352,"Leptospermum trinervium"
-34.225988,150.869352,"Leptospermum trinervium"
-34.225988,150.869352,"Leptospermum trinervium"
-34.225988,150.869352,"Leptospermum trinervium"
-34.225988,150.869352,"Leptospermum trinervium"
-34.225988,150.869352,"Leptospermum trinervium"
-34.225988,150.869352,"Leptospermum trinervium"
-34.225598,150.876504,"Leptospermum trinervium"
-34.225012,150.820291,"Leptospermum trinervium"
-34.225012,150.820291,"Leptospermum trinervium"
-34.225012,150.820291,"Leptospermum trinervium"
-34.224914,150.514104,"Leptospermum trinervium"
-34.224914,150.514104,"Leptospermum trinervium"
-34.224572,150.420363,"Leptospermum trinervium"
-34.224572,150.420363,"Leptospermum trinervium"
-34.224506,150.820695,"Leptospermum trinervium"
-34.224394,150.506305,"Leptospermum trinervium"
-34.224308,150.614918,"Leptospermum trinervium"
-34.224267,150.883484,"Leptospermum trinervium"
-34.224267,150.883484,"Leptospermum trinervium"
-34.224267,150.883484,"Leptospermum trinervium"
-34.224267,150.883484,"Leptospermum trinervium"
-34.224267,150.883484,"Leptospermum trinervium"
-34.224267,150.883484,"Leptospermum trinervium"
-34.224267,150.883484,"Leptospermum trinervium"
-34.224267,150.883484,"Leptospermum trinervium"
-34.224267,150.883484,"Leptospermum trinervium"
-34.224267,150.883484,"Leptospermum trinervium"
-34.224267,150.883484,"Leptospermum trinervium"
-34.224267,150.883484,"Leptospermum trinervium"
-34.224267,150.883484,"Leptospermum trinervium"
-34.224267,150.883484,"Leptospermum trinervium"
-34.224267,150.883484,"Leptospermum trinervium"
-34.224267,150.883484,"Leptospermum trinervium"
-34.224267,150.883484,"Leptospermum trinervium"
-34.224267,150.883484,"Leptospermum trinervium"
-34.224267,150.883484,"Leptospermum trinervium"
-34.224267,150.883484,"Leptospermum trinervium"
-34.224267,150.883484,"Leptospermum trinervium"
-34.224267,150.883484,"Leptospermum trinervium"
-34.224208,150.879284,"Leptospermum trinervium"
-34.223742,150.698759,"Leptospermum trinervium"
-34.223742,150.698759,"Leptospermum trinervium"
-34.223664,150.868954,"Leptospermum trinervium"
-34.223656,150.878376,"Leptospermum trinervium"
-34.223656,150.878376,"Leptospermum trinervium"
-34.223656,150.878376,"Leptospermum trinervium"
-34.223656,150.878376,"Leptospermum trinervium"
-34.223656,150.878376,"Leptospermum trinervium"
-34.223656,150.878376,"Leptospermum trinervium"
-34.223279,150.796241,"Leptospermum trinervium"
-34.223156,150.891761,"Leptospermum trinervium"
-34.22305,150.717923,"Leptospermum trinervium"
-34.22305,150.717923,"Leptospermum trinervium"
-34.222611,150.860297,"Leptospermum trinervium"
-34.222574,150.721388,"Leptospermum trinervium"
-34.222574,150.721388,"Leptospermum trinervium"
-34.221653,150.857065,"Leptospermum trinervium"
-34.221565,150.551538,"Leptospermum trinervium"
-34.221565,150.551538,"Leptospermum trinervium"
-34.221544,150.983264,"Leptospermum trinervium"
-34.221182,150.622039,"Leptospermum trinervium"
-34.221122,150.541885,"Leptospermum trinervium"
-34.220653,150.867424,"Leptospermum trinervium"
-34.220653,150.867424,"Leptospermum trinervium"
-34.220653,150.867424,"Leptospermum trinervium"
-34.220653,150.867424,"Leptospermum trinervium"
-34.220653,150.867424,"Leptospermum trinervium"
-34.220653,150.867424,"Leptospermum trinervium"
-34.220653,150.867424,"Leptospermum trinervium"
-34.220653,150.867424,"Leptospermum trinervium"
-34.220653,150.867424,"Leptospermum trinervium"
-34.220653,150.867424,"Leptospermum trinervium"
-34.2206,150.704019,"Leptospermum trinervium"
-34.2206,150.704019,"Leptospermum trinervium"
-34.220448,150.409517,"Leptospermum trinervium"
-34.220115,150.8723,"Leptospermum trinervium"
-34.21963,150.552315,"Leptospermum trinervium"
-34.21957,150.410618,"Leptospermum trinervium"
-34.219489,150.866606,"Leptospermum trinervium"
-34.219307,150.978237,"Leptospermum trinervium"
-34.219179,150.727969,"Leptospermum trinervium"
-34.219179,150.727969,"Leptospermum trinervium"
-34.21883,150.413137,"Leptospermum trinervium"
-34.21883,150.413137,"Leptospermum trinervium"
-34.218488,150.550808,"Leptospermum trinervium"
-34.218383,150.730237,"Leptospermum trinervium"
-34.218383,150.730237,"Leptospermum trinervium"
-34.218309,150.109507,"Leptospermum trinervium"
-34.217794,150.978909,"Leptospermum trinervium"
-34.217794,150.978909,"Leptospermum trinervium"
-34.217748,150.636404,"Leptospermum trinervium"
-34.217725,150.731688,"Leptospermum trinervium"
-34.217724,150.731208,"Leptospermum trinervium"
-34.217193,150.859555,"Leptospermum trinervium"
-34.21699,150.576498,"Leptospermum trinervium"
-34.21699,150.576498,"Leptospermum trinervium"
-34.216854,150.706206,"Leptospermum trinervium"
-34.216601,150.578256,"Leptospermum trinervium"
-34.216601,150.578256,"Leptospermum trinervium"
-34.216538,150.703762,"Leptospermum trinervium"
-34.216476,150.533778,"Leptospermum trinervium"
-34.216433,150.707048,"Leptospermum trinervium"
-34.21625,150.568387,"Leptospermum trinervium"
-34.216208,150.728169,"Leptospermum trinervium"
-34.216208,150.728169,"Leptospermum trinervium"
-34.21612,150.516153,"Leptospermum trinervium"
-34.21612,150.516153,"Leptospermum trinervium"
-34.216065,150.94222,"Leptospermum trinervium"
-34.215285,150.730418,"Leptospermum trinervium"
-34.215175,150.899557,"Leptospermum trinervium"
-34.215054,150.805375,"Leptospermum trinervium"
-34.215054,150.805375,"Leptospermum trinervium"
-34.214976,150.93985,"Leptospermum trinervium"
-34.214725,150.70399,"Leptospermum trinervium"
-34.21445,150.79921,"Leptospermum trinervium"
-34.21445,150.79921,"Leptospermum trinervium"
-34.214204,150.797644,"Leptospermum trinervium"
-34.214204,150.797644,"Leptospermum trinervium"
-34.214204,150.797644,"Leptospermum trinervium"
-34.214119,150.838806,"Leptospermum trinervium"
-34.213697,150.699878,"Leptospermum trinervium"
-34.21361,150.96301,"Leptospermum trinervium"
-34.213217,150.804023,"Leptospermum trinervium"
-34.213217,150.804023,"Leptospermum trinervium"
-34.213047,150.700829,"Leptospermum trinervium"
-34.212883,150.980969,"Leptospermum trinervium"
-34.212849,150.869227,"Leptospermum trinervium"
-34.212319,150.475733,"Leptospermum trinervium"
-34.212319,150.475733,"Leptospermum trinervium"
-34.211756,150.981539,"Leptospermum trinervium"
-34.211756,150.981539,"Leptospermum trinervium"
-34.211047,150.687915,"Leptospermum trinervium"
-34.21048,150.875613,"Leptospermum trinervium"
-34.210048,150.984325,"Leptospermum trinervium"
-34.208682,150.887129,"Leptospermum trinervium"
-34.208595,150.646712,"Leptospermum trinervium"
-34.208528,150.69474,"Leptospermum trinervium"
-34.208203,150.427351,"Leptospermum trinervium"
-34.208203,150.427351,"Leptospermum trinervium"
-34.207886,150.792316,"Leptospermum trinervium"
-34.207773,150.576319,"Leptospermum trinervium"
-34.207708,150.563757,"Leptospermum trinervium"
-34.207603,150.903619,"Leptospermum trinervium"
-34.207314,150.798393,"Leptospermum trinervium"
-34.207314,150.798393,"Leptospermum trinervium"
-34.207252,150.575839,"Leptospermum trinervium"
-34.206953,150.650777,"Leptospermum trinervium"
-34.206879,150.389468,"Leptospermum trinervium"
-34.206745,150.871604,"Leptospermum trinervium"
-34.206653,150.875894,"Leptospermum trinervium"
-34.2066082,150.9883733,"Leptospermum trinervium"
-34.206549,150.794323,"Leptospermum trinervium"
-34.20654,150.693744,"Leptospermum trinervium"
-34.20654,150.693744,"Leptospermum trinervium"
-34.20637,150.802269,"Leptospermum trinervium"
-34.205676,150.645448,"Leptospermum trinervium"
-34.205234,150.799748,"Leptospermum trinervium"
-34.205234,150.799748,"Leptospermum trinervium"
-34.20498,150.985401,"Leptospermum trinervium"
-34.204964,150.802305,"Leptospermum trinervium"
-34.204964,150.802305,"Leptospermum trinervium"
-34.204839,150.800876,"Leptospermum trinervium"
-34.204179,150.982197,"Leptospermum trinervium"
-34.204033,150.404898,"Leptospermum trinervium"
-34.204033,150.404898,"Leptospermum trinervium"
-34.203829,150.798363,"Leptospermum trinervium"
-34.203829,150.798363,"Leptospermum trinervium"
-34.203687,150.981861,"Leptospermum trinervium"
-34.2036,150.47697,"Leptospermum trinervium"
-34.203287,150.550439,"Leptospermum trinervium"
-34.203063,150.433747,"Leptospermum trinervium"
-34.203008,150.91596,"Leptospermum trinervium"
-34.203008,150.91596,"Leptospermum trinervium"
-34.202292,150.974368,"Leptospermum trinervium"
-34.202289,150.989002,"Leptospermum trinervium"
-34.202289,150.989002,"Leptospermum trinervium"
-34.202289,150.989002,"Leptospermum trinervium"
-34.202106,150.988258,"Leptospermum trinervium"
-34.202052,150.984429,"Leptospermum trinervium"
-34.201948,150.692167,"Leptospermum trinervium"
-34.2019,150.7897,"Leptospermum trinervium"
-34.201768,150.917837,"Leptospermum trinervium"
-34.201768,150.917837,"Leptospermum trinervium"
-34.201594,150.563887,"Leptospermum trinervium"
-34.201474,150.869729,"Leptospermum trinervium"
-34.201449,150.987818,"Leptospermum trinervium"
-34.201449,150.987818,"Leptospermum trinervium"
-34.201449,150.987818,"Leptospermum trinervium"
-34.201449,150.987818,"Leptospermum trinervium"
-34.201447,150.988252,"Leptospermum trinervium"
-34.201436,150.988686,"Leptospermum trinervium"
-34.201395,150.986723,"Leptospermum trinervium"
-34.201395,150.986723,"Leptospermum trinervium"
-34.201395,150.986723,"Leptospermum trinervium"
-34.201395,150.986723,"Leptospermum trinervium"
-34.20133,150.829366,"Leptospermum trinervium"
-34.201193,150.948107,"Leptospermum trinervium"
-34.200978,150.970694,"Leptospermum trinervium"
-34.200914,150.78749,"Leptospermum trinervium"
-34.200875,150.579309,"Leptospermum trinervium"
-34.200856,150.898176,"Leptospermum trinervium"
-34.200438,150.881476,"Leptospermum trinervium"
-34.200311,150.432799,"Leptospermum trinervium"
-34.200311,150.432799,"Leptospermum trinervium"
-34.200231,150.869544,"Leptospermum trinervium"
-34.20015,150.953862,"Leptospermum trinervium"
-34.200126,150.56439,"Leptospermum trinervium"
-34.200046,150.53871,"Leptospermum trinervium"
-34.199985,150.795517,"Leptospermum trinervium"
-34.199783,150.565294,"Leptospermum trinervium"
-34.199697,150.98761,"Leptospermum trinervium"
-34.199697,150.98761,"Leptospermum trinervium"
-34.199697,150.98761,"Leptospermum trinervium"
-34.199469,150.780551,"Leptospermum trinervium"
-34.199357,150.870835,"Leptospermum trinervium"
-34.198323,150.474632,"Leptospermum trinervium"
-34.198323,150.474632,"Leptospermum trinervium"
-34.198313,150.720665,"Leptospermum trinervium"
-34.198064,150.401436,"Leptospermum trinervium"
-34.198064,150.401436,"Leptospermum trinervium"
-34.197834,150.952473,"Leptospermum trinervium"
-34.197831,150.950627,"Leptospermum trinervium"
-34.197831,150.950627,"Leptospermum trinervium"
-34.197831,150.950627,"Leptospermum trinervium"
-34.19777,150.913732,"Leptospermum trinervium"
-34.197533,150.948399,"Leptospermum trinervium"
-34.197533,150.948399,"Leptospermum trinervium"
-34.197431,150.968555,"Leptospermum trinervium"
-34.197411,150.98736,"Leptospermum trinervium"
-34.197168,150.919536,"Leptospermum trinervium"
-34.196765,150.780622,"Leptospermum trinervium"
-34.196545,150.915014,"Leptospermum trinervium"
-34.196443,150.979745,"Leptospermum trinervium"
-34.196432,151.019384,"Leptospermum trinervium"
-34.19615,150.934279,"Leptospermum trinervium"
-34.196099,150.913106,"Leptospermum trinervium"
-34.195929,150.980278,"Leptospermum trinervium"
-34.195636,151.025914,"Leptospermum trinervium"
-34.195636,151.025914,"Leptospermum trinervium"
-34.195104,150.920129,"Leptospermum trinervium"
-34.195056,150.995511,"Leptospermum trinervium"
-34.194791,150.925085,"Leptospermum trinervium"
-34.194682,151.022681,"Leptospermum trinervium"
-34.194077,150.639964,"Leptospermum trinervium"
-34.193931,150.690628,"Leptospermum trinervium"
-34.193867,150.700765,"Leptospermum trinervium"
-34.193833,150.946553,"Leptospermum trinervium"
-34.19383,150.34731,"Leptospermum trinervium"
-34.193748,150.709937,"Leptospermum trinervium"
-34.193748,150.709937,"Leptospermum trinervium"
-34.193302,150.911981,"Leptospermum trinervium"
-34.193219,150.935872,"Leptospermum trinervium"
-34.193219,150.935872,"Leptospermum trinervium"
-34.193162,150.589737,"Leptospermum trinervium"
-34.192928,150.704331,"Leptospermum trinervium"
-34.192773,150.922231,"Leptospermum trinervium"
-34.192617,150.800502,"Leptospermum trinervium"
-34.192617,150.800502,"Leptospermum trinervium"
-34.192452,150.910741,"Leptospermum trinervium"
-34.191931,150.858903,"Leptospermum trinervium"
-34.1918874,150.6517113,"Leptospermum trinervium"
-34.191351,150.877363,"Leptospermum trinervium"
-34.191182,150.936121,"Leptospermum trinervium"
-34.19097,150.343038,"Leptospermum trinervium"
-34.190812,150.91187,"Leptospermum trinervium"
-34.190662,150.983292,"Leptospermum trinervium"
-34.190509,150.690353,"Leptospermum trinervium"
-34.190053,150.85461,"Leptospermum trinervium"
-34.189919,150.910253,"Leptospermum trinervium"
-34.189865,150.587117,"Leptospermum trinervium"
-34.189629,150.935277,"Leptospermum trinervium"
-34.189629,150.935277,"Leptospermum trinervium"
-34.189629,150.935277,"Leptospermum trinervium"
-34.189629,150.935277,"Leptospermum trinervium"
-34.189567,150.798146,"Leptospermum trinervium"
-34.18905,150.915883,"Leptospermum trinervium"
-34.188407,150.713607,"Leptospermum trinervium"
-34.188147,150.932593,"Leptospermum trinervium"
-34.187843,150.713077,"Leptospermum trinervium"
-34.187771,150.955366,"Leptospermum trinervium"
-34.187617,150.899308,"Leptospermum trinervium"
-34.187617,150.899308,"Leptospermum trinervium"
-34.187536,150.555425,"Leptospermum trinervium"
-34.187536,150.555425,"Leptospermum trinervium"
-34.187531,150.713831,"Leptospermum trinervium"
-34.187095,150.972178,"Leptospermum trinervium"
-34.186765,150.920903,"Leptospermum trinervium"
-34.186671,150.900362,"Leptospermum trinervium"
-34.186437,150.844047,"Leptospermum trinervium"
-34.18634,150.559608,"Leptospermum trinervium"
-34.186016,150.716687,"Leptospermum trinervium"
-34.184802,151.025081,"Leptospermum trinervium"
-34.18459,150.961705,"Leptospermum trinervium"
-34.184453,150.94965,"Leptospermum trinervium"
-34.183205,150.892279,"Leptospermum trinervium"
-34.183205,150.892279,"Leptospermum trinervium"
-34.182288,150.927388,"Leptospermum trinervium"
-34.182099,150.920247,"Leptospermum trinervium"
-34.18187,150.300432,"Leptospermum trinervium"
-34.181567,150.973546,"Leptospermum trinervium"
-34.181567,150.973546,"Leptospermum trinervium"
-34.181567,150.973546,"Leptospermum trinervium"
-34.181567,150.973546,"Leptospermum trinervium"
-34.180475,150.514487,"Leptospermum trinervium"
-34.179166,150.999175,"Leptospermum trinervium"
-34.178564,150.86792,"Leptospermum trinervium"
-34.178433,150.809341,"Leptospermum trinervium"
-34.178242,150.849485,"Leptospermum trinervium"
-34.177909,150.512447,"Leptospermum trinervium"
-34.177909,150.512447,"Leptospermum trinervium"
-34.17774,150.838616,"Leptospermum trinervium"
-34.177093,151.060443,"Leptospermum trinervium"
-34.176949,150.80121,"Leptospermum trinervium"
-34.176293,150.922933,"Leptospermum trinervium"
-34.176119,151.045896,"Leptospermum trinervium"
-34.176034,150.995365,"Leptospermum trinervium"
-34.175519,151.012767,"Leptospermum trinervium"
-34.174485,150.840902,"Leptospermum trinervium"
-34.174238,151.008881,"Leptospermum trinervium"
-34.173552,150.801341,"Leptospermum trinervium"
-34.173407,151.02296,"Leptospermum trinervium"
-34.172674,150.920279,"Leptospermum trinervium"
-34.172539,150.991738,"Leptospermum trinervium"
-34.172072,150.796489,"Leptospermum trinervium"
-34.1712,151.031473,"Leptospermum trinervium"
-34.170393,150.800871,"Leptospermum trinervium"
-34.170106,150.926534,"Leptospermum trinervium"
-34.169917,150.809062,"Leptospermum trinervium"
-34.169917,150.809062,"Leptospermum trinervium"
-34.169917,150.809062,"Leptospermum trinervium"
-34.169607,150.964583,"Leptospermum trinervium"
-34.16883,151.0619,"Leptospermum trinervium"
-34.168829,150.826945,"Leptospermum trinervium"
-34.16844,151.028066,"Leptospermum trinervium"
-34.16837,150.921888,"Leptospermum trinervium"
-34.168331,150.799026,"Leptospermum trinervium"
-34.168223,150.953733,"Leptospermum trinervium"
-34.167702,150.891514,"Leptospermum trinervium"
-34.167643,150.812233,"Leptospermum trinervium"
-34.167445,150.813291,"Leptospermum trinervium"
-34.167345,150.521559,"Leptospermum trinervium"
-34.167126,151.024842,"Leptospermum trinervium"
-34.167097,150.954313,"Leptospermum trinervium"
-34.166667,150.966667,"Leptospermum trinervium"
-34.166667,150.616667,"Leptospermum trinervium"
-34.166665,150.80242,"Leptospermum trinervium"
-34.1665,149.9635,"Leptospermum trinervium"
-34.166337,150.800976,"Leptospermum trinervium"
-34.166319,150.997309,"Leptospermum trinervium"
-34.16571,150.803704,"Leptospermum trinervium"
-34.16571,150.803704,"Leptospermum trinervium"
-34.16571,150.803704,"Leptospermum trinervium"
-34.165417,150.99733,"Leptospermum trinervium"
-34.16466,150.929457,"Leptospermum trinervium"
-34.164539,151.020998,"Leptospermum trinervium"
-34.164498,150.996267,"Leptospermum trinervium"
-34.164303,150.825976,"Leptospermum trinervium"
-34.164187,150.836122,"Leptospermum trinervium"
-34.164182,150.870451,"Leptospermum trinervium"
-34.163994,150.826217,"Leptospermum trinervium"
-34.163668,151.000626,"Leptospermum trinervium"
-34.163614,150.799962,"Leptospermum trinervium"
-34.163243,150.868305,"Leptospermum trinervium"
-34.16323,150.820603,"Leptospermum trinervium"
-34.162655,150.796733,"Leptospermum trinervium"
-34.16232,150.795657,"Leptospermum trinervium"
-34.162212,150.79439,"Leptospermum trinervium"
-34.162186,151.056523,"Leptospermum trinervium"
-34.16186,150.472682,"Leptospermum trinervium"
-34.16186,150.472682,"Leptospermum trinervium"
-34.161486,151.035267,"Leptospermum trinervium"
-34.160214,151.069686,"Leptospermum trinervium"
-34.159976,151.07213,"Leptospermum trinervium"
-34.159779,150.983363,"Leptospermum trinervium"
-34.1597,150.9692,"Leptospermum trinervium"
-34.159614,151.028705,"Leptospermum trinervium"
-34.159531,151.068673,"Leptospermum trinervium"
-34.159067,150.666341,"Leptospermum trinervium"
-34.158937,150.966788,"Leptospermum trinervium"
-34.158931,150.986637,"Leptospermum trinervium"
-34.157876,150.829601,"Leptospermum trinervium"
-34.157692,150.828975,"Leptospermum trinervium"
-34.155616,150.844637,"Leptospermum trinervium"
-34.155034,151.08109,"Leptospermum trinervium"
-34.155018,150.820699,"Leptospermum trinervium"
-34.154913,150.860889,"Leptospermum trinervium"
-34.154785,150.816004,"Leptospermum trinervium"
-34.154785,150.816004,"Leptospermum trinervium"
-34.154709,150.980766,"Leptospermum trinervium"
-34.154524,150.79884,"Leptospermum trinervium"
-34.154062,150.862212,"Leptospermum trinervium"
-34.153821,150.935933,"Leptospermum trinervium"
-34.153821,150.935933,"Leptospermum trinervium"
-34.153576,150.990018,"Leptospermum trinervium"
-34.153413,150.807277,"Leptospermum trinervium"
-34.153413,150.807277,"Leptospermum trinervium"
-34.153298,150.803667,"Leptospermum trinervium"
-34.153284,150.802128,"Leptospermum trinervium"
-34.15326,150.800773,"Leptospermum trinervium"
-34.15326,150.800773,"Leptospermum trinervium"
-34.153244,150.805181,"Leptospermum trinervium"
-34.153216,150.86205,"Leptospermum trinervium"
-34.153162,150.806631,"Leptospermum trinervium"
-34.15271,150.992208,"Leptospermum trinervium"
-34.152675,150.990039,"Leptospermum trinervium"
-34.152446,150.91656,"Leptospermum trinervium"
-34.152432,151.087656,"Leptospermum trinervium"
-34.152415,151.086572,"Leptospermum trinervium"
-34.152324,150.811426,"Leptospermum trinervium"
-34.152324,150.811426,"Leptospermum trinervium"
-34.151973,150.84256,"Leptospermum trinervium"
-34.151973,150.84256,"Leptospermum trinervium"
-34.151765,150.468429,"Leptospermum trinervium"
-34.151765,150.468429,"Leptospermum trinervium"
-34.15152,150.818637,"Leptospermum trinervium"
-34.151398,150.967294,"Leptospermum trinervium"
-34.151398,150.967294,"Leptospermum trinervium"
-34.151364,150.758257,"Leptospermum trinervium"
-34.151332,149.967616,"Leptospermum trinervium"
-34.151242,150.960596,"Leptospermum trinervium"
-34.151071,151.058404,"Leptospermum trinervium"
-34.150958,150.836079,"Leptospermum trinervium"
-34.150872,150.816331,"Leptospermum trinervium"
-34.150702,151.012861,"Leptospermum trinervium"
-34.150515,149.962253,"Leptospermum trinervium"
-34.150159,150.803836,"Leptospermum trinervium"
-34.150159,150.803836,"Leptospermum trinervium"
-34.150135,150.802481,"Leptospermum trinervium"
-34.150088,151.011767,"Leptospermum trinervium"
-34.149881,150.800861,"Leptospermum trinervium"
-34.149391,150.92919,"Leptospermum trinervium"
-34.149353,151.054372,"Leptospermum trinervium"
-34.149328,150.463893,"Leptospermum trinervium"
-34.149328,150.463893,"Leptospermum trinervium"
-34.148928,151.094242,"Leptospermum trinervium"
-34.148699,150.810125,"Leptospermum trinervium"
-34.148622,150.408558,"Leptospermum trinervium"
-34.148622,150.408558,"Leptospermum trinervium"
-34.148573,150.96793,"Leptospermum trinervium"
-34.148,151.061867,"Leptospermum trinervium"
-34.147685,150.960876,"Leptospermum trinervium"
-34.147602,151.067159,"Leptospermum trinervium"
-34.147602,151.067159,"Leptospermum trinervium"
-34.14721,150.95705,"Leptospermum trinervium"
-34.146553,151.00168,"Leptospermum trinervium"
-34.146418,150.50088,"Leptospermum trinervium"
-34.146418,150.50088,"Leptospermum trinervium"
-34.146298,150.827522,"Leptospermum trinervium"
-34.146231,150.415513,"Leptospermum trinervium"
-34.145963,150.834038,"Leptospermum trinervium"
-34.145853,150.424291,"Leptospermum trinervium"
-34.145853,150.424291,"Leptospermum trinervium"
-34.145328,150.959024,"Leptospermum trinervium"
-34.145328,150.959024,"Leptospermum trinervium"
-34.145219,150.83083,"Leptospermum trinervium"
-34.14508,151.010622,"Leptospermum trinervium"
-34.144863,151.00866,"Leptospermum trinervium"
-34.144062,150.959879,"Leptospermum trinervium"
-34.144062,150.959879,"Leptospermum trinervium"
-34.143627,150.39493,"Leptospermum trinervium"
-34.143362,150.116304,"Leptospermum trinervium"
-34.143293,150.95428,"Leptospermum trinervium"
-34.143059,150.815222,"Leptospermum trinervium"
-34.143008,151.005451,"Leptospermum trinervium"
-34.142273,150.427433,"Leptospermum trinervium"
-34.141775,150.425939,"Leptospermum trinervium"
-34.141594,150.82882,"Leptospermum trinervium"
-34.141086,150.497177,"Leptospermum trinervium"
-34.141086,150.497177,"Leptospermum trinervium"
-34.140983,151.105265,"Leptospermum trinervium"
-34.140959,150.935544,"Leptospermum trinervium"
-34.14087,150.938268,"Leptospermum trinervium"
-34.140444,151.008547,"Leptospermum trinervium"
-34.139885,150.796512,"Leptospermum trinervium"
-34.13981,150.874761,"Leptospermum trinervium"
-34.139754,150.44308,"Leptospermum trinervium"
-34.139754,150.44308,"Leptospermum trinervium"
-34.139532,150.87365,"Leptospermum trinervium"
-34.139438,151.007703,"Leptospermum trinervium"
-34.139375,150.843965,"Leptospermum trinervium"
-34.139294,150.813876,"Leptospermum trinervium"
-34.138699,150.875316,"Leptospermum trinervium"
-34.138452,150.422205,"Leptospermum trinervium"
-34.138413,151.000137,"Leptospermum trinervium"
-34.1384,150.461854,"Leptospermum trinervium"
-34.1384,150.461854,"Leptospermum trinervium"
-34.138342,151.002445,"Leptospermum trinervium"
-34.138342,151.002445,"Leptospermum trinervium"
-34.138342,151.002445,"Leptospermum trinervium"
-34.138342,151.002445,"Leptospermum trinervium"
-34.138342,151.002445,"Leptospermum trinervium"
-34.138342,151.002445,"Leptospermum trinervium"
-34.138342,151.002445,"Leptospermum trinervium"
-34.138342,151.002445,"Leptospermum trinervium"
-34.138342,151.002445,"Leptospermum trinervium"
-34.138296,151.106409,"Leptospermum trinervium"
-34.1381,150.9964,"Leptospermum trinervium"
-34.138056,150.996389,"Leptospermum trinervium"
-34.137828,151.004822,"Leptospermum trinervium"
-34.13753,151.001242,"Leptospermum trinervium"
-34.137458,150.837508,"Leptospermum trinervium"
-34.137206,150.796699,"Leptospermum trinervium"
-34.137168,150.795834,"Leptospermum trinervium"
-34.137168,150.795834,"Leptospermum trinervium"
-34.13704,150.821109,"Leptospermum trinervium"
-34.136862,150.814048,"Leptospermum trinervium"
-34.136862,150.814048,"Leptospermum trinervium"
-34.136672,150.844034,"Leptospermum trinervium"
-34.136608,150.9972615,"Leptospermum trinervium"
-34.136161,150.99765,"Leptospermum trinervium"
-34.136032,150.995548,"Leptospermum trinervium"
-34.13577,150.844057,"Leptospermum trinervium"
-34.135753,150.997055,"Leptospermum trinervium"
-34.135455,151.040327,"Leptospermum trinervium"
-34.135247,150.972019,"Leptospermum trinervium"
-34.1352,150.9962,"Leptospermum trinervium"
-34.135088,150.864483,"Leptospermum trinervium"
-34.13505,150.843088,"Leptospermum trinervium"
-34.13505,150.843088,"Leptospermum trinervium"
-34.1345,151.0817,"Leptospermum trinervium"
-34.1345,151.0817,"Leptospermum trinervium"
-34.1345,151.0817,"Leptospermum trinervium"
-34.13448,150.809392,"Leptospermum trinervium"
-34.13448,150.809392,"Leptospermum trinervium"
-34.134143,150.455709,"Leptospermum trinervium"
-34.134083,151.011082,"Leptospermum trinervium"
-34.133521,150.826429,"Leptospermum trinervium"
-34.133333,151,"Leptospermum trinervium"
-34.133333,151.033333,"Leptospermum trinervium"
-34.133333,151.033333,"Leptospermum trinervium"
-34.133333,151.033333,"Leptospermum trinervium"
-34.133333,151.033333,"Leptospermum trinervium"
-34.133333,151.033333,"Leptospermum trinervium"
-34.133326,150.819288,"Leptospermum trinervium"
-34.133253,150.480072,"Leptospermum trinervium"
-34.133253,150.480072,"Leptospermum trinervium"
-34.13231,150.826796,"Leptospermum trinervium"
-34.132308,150.827696,"Leptospermum trinervium"
-34.132308,150.827696,"Leptospermum trinervium"
-34.132136,151.116306,"Leptospermum trinervium"
-34.1319638,151.0509418,"Leptospermum trinervium"
-34.131825,150.493959,"Leptospermum trinervium"
-34.131759,150.905841,"Leptospermum trinervium"
-34.131696,150.843076,"Leptospermum trinervium"
-34.131435,150.802965,"Leptospermum trinervium"
-34.131235,151.116326,"Leptospermum trinervium"
-34.131137,150.798907,"Leptospermum trinervium"
-34.130812,150.976462,"Leptospermum trinervium"
-34.130554,150.820303,"Leptospermum trinervium"
-34.130554,150.820303,"Leptospermum trinervium"
-34.130174,150.822254,"Leptospermum trinervium"
-34.130174,150.822254,"Leptospermum trinervium"
-34.129277,150.824023,"Leptospermum trinervium"
-34.12917,150.986259,"Leptospermum trinervium"
-34.128815,151.019879,"Leptospermum trinervium"
-34.128751,150.99928,"Leptospermum trinervium"
-34.128619,150.981475,"Leptospermum trinervium"
-34.128144,150.978694,"Leptospermum trinervium"
-34.128121,150.999295,"Leptospermum trinervium"
-34.127716,150.847514,"Leptospermum trinervium"
-34.126527,150.805803,"Leptospermum trinervium"
-34.12611,150.804675,"Leptospermum trinervium"
-34.12611,150.804675,"Leptospermum trinervium"
-34.125401,150.775491,"Leptospermum trinervium"
-34.123163,151.061211,"Leptospermum trinervium"
-34.120657,150.815386,"Leptospermum trinervium"
-34.120495,150.508091,"Leptospermum trinervium"
-34.120278,150.831085,"Leptospermum trinervium"
-34.120059,150.873726,"Leptospermum trinervium"
-34.119958,150.989763,"Leptospermum trinervium"
-34.119843,150.990588,"Leptospermum trinervium"
-34.119692,150.834708,"Leptospermum trinervium"
-34.119692,150.834708,"Leptospermum trinervium"
-34.118793,151.069983,"Leptospermum trinervium"
-34.118672,150.83159,"Leptospermum trinervium"
-34.118672,150.83159,"Leptospermum trinervium"
-34.11856,150.807359,"Leptospermum trinervium"
-34.118482,151.107936,"Leptospermum trinervium"
-34.118482,151.107936,"Leptospermum trinervium"
-34.118399,150.830405,"Leptospermum trinervium"
-34.118323,151.069701,"Leptospermum trinervium"
-34.117872,150.737278,"Leptospermum trinervium"
-34.11778,150.951838,"Leptospermum trinervium"
-34.117779,150.808197,"Leptospermum trinervium"
-34.117779,150.808197,"Leptospermum trinervium"
-34.117143,150.989427,"Leptospermum trinervium"
-34.116897,150.952943,"Leptospermum trinervium"
-34.116884,150.821229,"Leptospermum trinervium"
-34.116667,150.05,"Leptospermum trinervium"
-34.116667,150.05,"Leptospermum trinervium"
-34.116407,150.988199,"Leptospermum trinervium"
-34.116407,150.988199,"Leptospermum trinervium"
-34.116395,151.069325,"Leptospermum trinervium"
-34.116108,150.814782,"Leptospermum trinervium"
-34.116012,150.87437,"Leptospermum trinervium"
-34.115996,150.952965,"Leptospermum trinervium"
-34.115901,151.058124,"Leptospermum trinervium"
-34.115855,151.057943,"Leptospermum trinervium"
-34.115855,151.057943,"Leptospermum trinervium"
-34.115855,151.057943,"Leptospermum trinervium"
-34.114947,150.839165,"Leptospermum trinervium"
-34.114875,151.06843,"Leptospermum trinervium"
-34.114759,151.10043,"Leptospermum trinervium"
-34.114759,151.10043,"Leptospermum trinervium"
-34.114755,150.937092,"Leptospermum trinervium"
-34.114643,150.821991,"Leptospermum trinervium"
-34.114551,151.029969,"Leptospermum trinervium"
-34.114414,151.060841,"Leptospermum trinervium"
-34.114142,150.819131,"Leptospermum trinervium"
-34.113707,151.090697,"Leptospermum trinervium"
-34.11369,150.844617,"Leptospermum trinervium"
-34.113144,151.060322,"Leptospermum trinervium"
-34.112839,151.092884,"Leptospermum trinervium"
-34.112797,151.059399,"Leptospermum trinervium"
-34.11145,151.061493,"Leptospermum trinervium"
-34.111041,150.822246,"Leptospermum trinervium"
-34.110947,150.99155,"Leptospermum trinervium"
-34.11051,151.059331,"Leptospermum trinervium"
-34.11029,150.820585,"Leptospermum trinervium"
-34.11029,150.820585,"Leptospermum trinervium"
-34.1102182,151.1183704,"Leptospermum trinervium"
-34.110156,150.836684,"Leptospermum trinervium"
-34.109831,150.961786,"Leptospermum trinervium"
-34.109803,151.037342,"Leptospermum trinervium"
-34.109528,150.875062,"Leptospermum trinervium"
-34.108894,150.95964,"Leptospermum trinervium"
-34.108894,150.95964,"Leptospermum trinervium"
-34.108796,150.963025,"Leptospermum trinervium"
-34.108796,150.963025,"Leptospermum trinervium"
-34.107992,150.959662,"Leptospermum trinervium"
-34.107992,150.959662,"Leptospermum trinervium"
-34.107884,150.953161,"Leptospermum trinervium"
-34.107866,150.952077,"Leptospermum trinervium"
-34.107416,150.821201,"Leptospermum trinervium"
-34.107382,150.809942,"Leptospermum trinervium"
-34.107347,150.868625,"Leptospermum trinervium"
-34.107181,150.965101,"Leptospermum trinervium"
-34.107163,150.964018,"Leptospermum trinervium"
-34.106892,150.947765,"Leptospermum trinervium"
-34.106892,150.947765,"Leptospermum trinervium"
-34.106132,150.968183,"Leptospermum trinervium"
-34.105304,150.31957,"Leptospermum trinervium"
-34.105198,150.954309,"Leptospermum trinervium"
-34.104897,150.975696,"Leptospermum trinervium"
-34.104103,150.837815,"Leptospermum trinervium"
-34.103647,150.969522,"Leptospermum trinervium"
-34.103414,151.0548,"Leptospermum trinervium"
-34.103049,150.987962,"Leptospermum trinervium"
-34.10253,151.097755,"Leptospermum trinervium"
-34.102374,151.001852,"Leptospermum trinervium"
-34.101786,151.077957,"Leptospermum trinervium"
-34.101786,151.077957,"Leptospermum trinervium"
-34.101786,151.077957,"Leptospermum trinervium"
-34.101646,151.001436,"Leptospermum trinervium"
-34.101188,151.097481,"Leptospermum trinervium"
-34.100966,150.831411,"Leptospermum trinervium"
-34.100418,150.885057,"Leptospermum trinervium"
-34.100416,151.003416,"Leptospermum trinervium"
-34.100338,150.991743,"Leptospermum trinervium"
-34.1,151.11,"Leptospermum trinervium"
-34.1,151.066667,"Leptospermum trinervium"
-34.1,151.066667,"Leptospermum trinervium"
-34.099451,150.831263,"Leptospermum trinervium"
-34.099056,150.850016,"Leptospermum trinervium"
-34.098715,150.196924,"Leptospermum trinervium"
-34.098715,150.196924,"Leptospermum trinervium"
-34.098489,150.984819,"Leptospermum trinervium"
-34.098328,151.15225,"Leptospermum trinervium"
-34.097818,150.998925,"Leptospermum trinervium"
-34.097032,151.120336,"Leptospermum trinervium"
-34.096628,151.153154,"Leptospermum trinervium"
-34.096089,150.830704,"Leptospermum trinervium"
-34.095706,150.828254,"Leptospermum trinervium"
-34.095566,150.830747,"Leptospermum trinervium"
-34.095556,151.087222,"Leptospermum trinervium"
-34.095527,151.08135,"Leptospermum trinervium"
-34.095527,151.08135,"Leptospermum trinervium"
-34.095343,151.013073,"Leptospermum trinervium"
-34.095111,149.659647,"Leptospermum trinervium"
-34.095111,149.659647,"Leptospermum trinervium"
-34.094966,150.268164,"Leptospermum trinervium"
-34.094956,150.980023,"Leptospermum trinervium"
-34.09487,151.156151,"Leptospermum trinervium"
-34.094795,150.979487,"Leptospermum trinervium"
-34.094664,150.8319856,"Leptospermum trinervium"
-34.094664,150.8319856,"Leptospermum trinervium"
-34.094547,151.019594,"Leptospermum trinervium"
-34.094168,150.993808,"Leptospermum trinervium"
-34.093993,150.995199,"Leptospermum trinervium"
-34.093912,150.980592,"Leptospermum trinervium"
-34.093876,150.978425,"Leptospermum trinervium"
-34.093789,151.158111,"Leptospermum trinervium"
-34.093789,151.158111,"Leptospermum trinervium"
-34.09368,151.021782,"Leptospermum trinervium"
-34.093646,151.019615,"Leptospermum trinervium"
-34.093435,151.062973,"Leptospermum trinervium"
-34.093246,150.940508,"Leptospermum trinervium"
-34.093075,151.014592,"Leptospermum trinervium"
-34.093035,151.154023,"Leptospermum trinervium"
-34.092908,151.086829,"Leptospermum trinervium"
-34.092162,150.983885,"Leptospermum trinervium"
-34.092042,150.272885,"Leptospermum trinervium"
-34.092042,150.272885,"Leptospermum trinervium"
-34.091913,150.834744,"Leptospermum trinervium"
-34.091871,151.078182,"Leptospermum trinervium"
-34.091667,151.065181,"Leptospermum trinervium"
-34.091524,150.428505,"Leptospermum trinervium"
-34.091524,150.428505,"Leptospermum trinervium"
-34.091491,150.194811,"Leptospermum trinervium"
-34.091491,150.194811,"Leptospermum trinervium"
-34.091314,150.987156,"Leptospermum trinervium"
-34.091045,150.409341,"Leptospermum trinervium"
-34.09103,151.13557,"Leptospermum trinervium"
-34.091029,151.025095,"Leptospermum trinervium"
-34.090957,150.96549,"Leptospermum trinervium"
-34.090864,151.053913,"Leptospermum trinervium"
-34.090836,151.053878,"Leptospermum trinervium"
-34.090836,151.053878,"Leptospermum trinervium"
-34.090836,151.053878,"Leptospermum trinervium"
-34.09076,150.994376,"Leptospermum trinervium"
-34.090471,150.963334,"Leptospermum trinervium"
-34.0902993,150.8259445,"Leptospermum trinervium"
-34.090276,151.007815,"Leptospermum trinervium"
-34.089822,150.951428,"Leptospermum trinervium"
-34.08964,150.443224,"Leptospermum trinervium"
-34.08961,151.000973,"Leptospermum trinervium"
-34.089542,151.036909,"Leptospermum trinervium"
-34.0891075,151.066149,"Leptospermum trinervium"
-34.088969,149.903256,"Leptospermum trinervium"
-34.088609,151.159538,"Leptospermum trinervium"
-34.08815,151.072792,"Leptospermum trinervium"
-34.088046,150.953097,"Leptospermum trinervium"
-34.087788,151.164975,"Leptospermum trinervium"
-34.087384,150.206074,"Leptospermum trinervium"
-34.087243,150.836794,"Leptospermum trinervium"
-34.086737,150.98293,"Leptospermum trinervium"
-34.086299,150.440862,"Leptospermum trinervium"
-34.086052,150.9914281,"Leptospermum trinervium"
-34.086036,151.05122,"Leptospermum trinervium"
-34.085356,150.198535,"Leptospermum trinervium"
-34.085229,150.440541,"Leptospermum trinervium"
-34.0851,151.049074,"Leptospermum trinervium"
-34.084927,150.849681,"Leptospermum trinervium"
-34.084551,150.99902,"Leptospermum trinervium"
-34.084547,150.523255,"Leptospermum trinervium"
-34.084096,151.042595,"Leptospermum trinervium"
-34.083674,151.072948,"Leptospermum trinervium"
-34.083577,150.538333,"Leptospermum trinervium"
-34.083528,150.48469,"Leptospermum trinervium"
-34.083333,151.016667,"Leptospermum trinervium"
-34.083333,150.983333,"Leptospermum trinervium"
-34.083248,151.063524,"Leptospermum trinervium"
-34.083211,151.043699,"Leptospermum trinervium"
-34.083203,150.987349,"Leptospermum trinervium"
-34.082742,151.122006,"Leptospermum trinervium"
-34.082508,150.166766,"Leptospermum trinervium"
-34.082508,150.166766,"Leptospermum trinervium"
-34.082301,150.98737,"Leptospermum trinervium"
-34.082165,150.942986,"Leptospermum trinervium"
-34.082009,150.8633,"Leptospermum trinervium"
-34.0818849,151.000872,"Leptospermum trinervium"
-34.0818849,151.000872,"Leptospermum trinervium"
-34.081782,150.850303,"Leptospermum trinervium"
-34.081761,150.751166,"Leptospermum trinervium"
-34.081617,151.022181,"Leptospermum trinervium"
-34.081509,150.301696,"Leptospermum trinervium"
-34.081509,150.301696,"Leptospermum trinervium"
-34.081125,150.851403,"Leptospermum trinervium"
-34.080517,150.475461,"Leptospermum trinervium"
-34.080517,150.475461,"Leptospermum trinervium"
-34.080435,150.97014,"Leptospermum trinervium"
-34.080187,150.862263,"Leptospermum trinervium"
-34.080187,150.862263,"Leptospermum trinervium"
-34.079845,151.047461,"Leptospermum trinervium"
-34.079784,151.028714,"Leptospermum trinervium"
-34.079771,150.953533,"Leptospermum trinervium"
-34.079762,150.851547,"Leptospermum trinervium"
-34.079598,150.453244,"Leptospermum trinervium"
-34.079346,151.027534,"Leptospermum trinervium"
-34.079286,151.080633,"Leptospermum trinervium"
-34.078881,150.857658,"Leptospermum trinervium"
-34.078714,150.988538,"Leptospermum trinervium"
-34.078645,151.05139,"Leptospermum trinervium"
-34.078638,150.87693,"Leptospermum trinervium"
-34.078554,150.910046,"Leptospermum trinervium"
-34.078493,150.848462,"Leptospermum trinervium"
-34.078323,151.019972,"Leptospermum trinervium"
-34.078138,150.926787,"Leptospermum trinervium"
-34.0777219,150.534768,"Leptospermum trinervium"
-34.07763,150.529598,"Leptospermum trinervium"
-34.07763,150.529598,"Leptospermum trinervium"
-34.076914,151.000673,"Leptospermum trinervium"
-34.076885,150.989761,"Leptospermum trinervium"
-34.076787,151.09391,"Leptospermum trinervium"
-34.076591,150.857457,"Leptospermum trinervium"
-34.076523,151.051239,"Leptospermum trinervium"
-34.076397,151.053157,"Leptospermum trinervium"
-34.076329,150.953379,"Leptospermum trinervium"
-34.076275,150.291202,"Leptospermum trinervium"
-34.076132,150.862365,"Leptospermum trinervium"
-34.076132,150.862365,"Leptospermum trinervium"
-34.076087,151.049281,"Leptospermum trinervium"
-34.075608,151.044145,"Leptospermum trinervium"
-34.075291,151.000126,"Leptospermum trinervium"
-34.075288,151.055801,"Leptospermum trinervium"
-34.074899,151.052321,"Leptospermum trinervium"
-34.074799,151.082035,"Leptospermum trinervium"
-34.074404,150.206122,"Leptospermum trinervium"
-34.074404,150.206122,"Leptospermum trinervium"
-34.074404,150.51187,"Leptospermum trinervium"
-34.074313,150.510366,"Leptospermum trinervium"
-34.074313,150.510366,"Leptospermum trinervium"
-34.074163,151.062736,"Leptospermum trinervium"
-34.074103,150.449075,"Leptospermum trinervium"
-34.073903,151.025493,"Leptospermum trinervium"
-34.073879,150.998499,"Leptospermum trinervium"
-34.073786,150.936103,"Leptospermum trinervium"
-34.073665,150.488199,"Leptospermum trinervium"
-34.073312,151.090737,"Leptospermum trinervium"
-34.073166,149.907285,"Leptospermum trinervium"
-34.073121,150.185451,"Leptospermum trinervium"
-34.073119,151.004632,"Leptospermum trinervium"
-34.072416,150.99985,"Leptospermum trinervium"
-34.072102,150.970275,"Leptospermum trinervium"
-34.071988,150.194263,"Leptospermum trinervium"
-34.071988,150.194263,"Leptospermum trinervium"
-34.071873,150.490347,"Leptospermum trinervium"
-34.071873,150.490347,"Leptospermum trinervium"
-34.071753,150.974203,"Leptospermum trinervium"
-34.071539,150.990875,"Leptospermum trinervium"
-34.071141,151.115755,"Leptospermum trinervium"
-34.070997,151.115992,"Leptospermum trinervium"
-34.070498,150.955144,"Leptospermum trinervium"
-34.070267,151.062885,"Leptospermum trinervium"
-34.070221,151.077587,"Leptospermum trinervium"
-34.070187,151.075421,"Leptospermum trinervium"
-34.070187,151.075421,"Leptospermum trinervium"
-34.06944,150.441632,"Leptospermum trinervium"
-34.06944,150.441632,"Leptospermum trinervium"
-34.068776,150.519111,"Leptospermum trinervium"
-34.068575,151.000793,"Leptospermum trinervium"
-34.068368,151.074379,"Leptospermum trinervium"
-34.06829,150.42975,"Leptospermum trinervium"
-34.068214,150.173947,"Leptospermum trinervium"
-34.068214,150.173947,"Leptospermum trinervium"
-34.067814,150.293464,"Leptospermum trinervium"
-34.067645,151.056896,"Leptospermum trinervium"
-34.067016,150.990531,"Leptospermum trinervium"
-34.066719,151.056334,"Leptospermum trinervium"
-34.066667,151.016667,"Leptospermum trinervium"
-34.066667,151.066667,"Leptospermum trinervium"
-34.066667,151.016667,"Leptospermum trinervium"
-34.066667,151.016667,"Leptospermum trinervium"
-34.066667,151.016667,"Leptospermum trinervium"
-34.066475,150.513978,"Leptospermum trinervium"
-34.06612,150.280032,"Leptospermum trinervium"
-34.06612,150.280032,"Leptospermum trinervium"
-34.065886,150.505545,"Leptospermum trinervium"
-34.065886,150.505545,"Leptospermum trinervium"
-34.065866,151.018415,"Leptospermum trinervium"
-34.0652979,151.0176086,"Leptospermum trinervium"
-34.065184,151.044114,"Leptospermum trinervium"
-34.06515,151.041948,"Leptospermum trinervium"
-34.064901,150.268578,"Leptospermum trinervium"
-34.064855,150.475475,"Leptospermum trinervium"
-34.064352,150.841667,"Leptospermum trinervium"
-34.064352,150.841667,"Leptospermum trinervium"
-34.064244,151.063664,"Leptospermum trinervium"
-34.063828,150.960722,"Leptospermum trinervium"
-34.0636457,151.0353513,"Leptospermum trinervium"
-34.063382,151.044155,"Leptospermum trinervium"
-34.063382,151.044155,"Leptospermum trinervium"
-34.063067,151.056481,"Leptospermum trinervium"
-34.062968,151.057642,"Leptospermum trinervium"
-34.06296,150.869737,"Leptospermum trinervium"
-34.06296,150.869737,"Leptospermum trinervium"
-34.062772,151.062588,"Leptospermum trinervium"
-34.062733,151.001614,"Leptospermum trinervium"
-34.062479,150.556449,"Leptospermum trinervium"
-34.062345,150.873274,"Leptospermum trinervium"
-34.062157,151.05943,"Leptospermum trinervium"
-34.062007,151.071272,"Leptospermum trinervium"
-34.062006,150.431023,"Leptospermum trinervium"
-34.061922,151.065857,"Leptospermum trinervium"
-34.061713,150.91527,"Leptospermum trinervium"
-34.06168,151.06067,"Leptospermum trinervium"
-34.061674,151.069416,"Leptospermum trinervium"
-34.061658,150.557306,"Leptospermum trinervium"
-34.061642,150.992192,"Leptospermum trinervium"
-34.061552,150.879523,"Leptospermum trinervium"
-34.060969,151.062629,"Leptospermum trinervium"
-34.060808,151.068653,"Leptospermum trinervium"
-34.060807,151.064878,"Leptospermum trinervium"
-34.060751,151.068717,"Leptospermum trinervium"
-34.060642,150.923648,"Leptospermum trinervium"
-34.060625,150.608176,"Leptospermum trinervium"
-34.060473,151.070997,"Leptospermum trinervium"
-34.06047,150.843258,"Leptospermum trinervium"
-34.060436,150.556193,"Leptospermum trinervium"
-34.060021,150.557083,"Leptospermum trinervium"
-34.059991,151.070424,"Leptospermum trinervium"
-34.059125,151.112138,"Leptospermum trinervium"
-34.059107,150.55647,"Leptospermum trinervium"
-34.059002,151.043924,"Leptospermum trinervium"
-34.058875,151.044259,"Leptospermum trinervium"
-34.058646,150.535739,"Leptospermum trinervium"
-34.058519,150.915423,"Leptospermum trinervium"
-34.058372,150.990905,"Leptospermum trinervium"
-34.058333,151.067022,"Leptospermum trinervium"
-34.058277,150.9939,"Leptospermum trinervium"
-34.05812,151.043379,"Leptospermum trinervium"
-34.05805,150.993932,"Leptospermum trinervium"
-34.058038,150.559392,"Leptospermum trinervium"
-34.057857,151.018779,"Leptospermum trinervium"
-34.057655,150.450957,"Leptospermum trinervium"
-34.057572,150.560832,"Leptospermum trinervium"
-34.057516,150.561313,"Leptospermum trinervium"
-34.057308,150.881795,"Leptospermum trinervium"
-34.056748,151.023739,"Leptospermum trinervium"
-34.056384,150.561698,"Leptospermum trinervium"
-34.05637,150.879652,"Leptospermum trinervium"
-34.0559,150.87239,"Leptospermum trinervium"
-34.055612,151.066001,"Leptospermum trinervium"
-34.05549,150.566418,"Leptospermum trinervium"
-34.0554,150.969048,"Leptospermum trinervium"
-34.055307,151.068737,"Leptospermum trinervium"
-34.054866,150.983552,"Leptospermum trinervium"
-34.054667,150.898652,"Leptospermum trinervium"
-34.054617,150.561353,"Leptospermum trinervium"
-34.054586,151.13373,"Leptospermum trinervium"
-34.054428,151.134039,"Leptospermum trinervium"
-34.05428,151.134064,"Leptospermum trinervium"
-34.053997,150.971224,"Leptospermum trinervium"
-34.053964,150.564965,"Leptospermum trinervium"
-34.053934,150.437321,"Leptospermum trinervium"
-34.053792,150.971216,"Leptospermum trinervium"
-34.053462,151.040115,"Leptospermum trinervium"
-34.053377,150.969367,"Leptospermum trinervium"
-34.053377,150.969367,"Leptospermum trinervium"
-34.053224,150.562633,"Leptospermum trinervium"
-34.052778,150.975,"Leptospermum trinervium"
-34.052778,150.975,"Leptospermum trinervium"
-34.052778,150.975,"Leptospermum trinervium"
-34.052534,150.905746,"Leptospermum trinervium"
-34.052475,150.565405,"Leptospermum trinervium"
-34.052367,151.078673,"Leptospermum trinervium"
-34.052024,151.067165,"Leptospermum trinervium"
-34.05182,151.071164,"Leptospermum trinervium"
-34.051488,150.565252,"Leptospermum trinervium"
-34.05107,151.051575,"Leptospermum trinervium"
-34.051018,150.278695,"Leptospermum trinervium"
-34.050443,150.942086,"Leptospermum trinervium"
-34.05,150.833333,"Leptospermum trinervium"
-34.049557,151.067712,"Leptospermum trinervium"
-34.04948,150.476128,"Leptospermum trinervium"
-34.048986,150.869816,"Leptospermum trinervium"
-34.048986,150.869816,"Leptospermum trinervium"
-34.048813,150.441223,"Leptospermum trinervium"
-34.048813,150.441223,"Leptospermum trinervium"
-34.0485509,151.1508694,"Leptospermum trinervium"
-34.0485509,151.1508694,"Leptospermum trinervium"
-34.048434,150.956757,"Leptospermum trinervium"
-34.048397,151.070378,"Leptospermum trinervium"
-34.048205,150.889875,"Leptospermum trinervium"
-34.047769,150.310055,"Leptospermum trinervium"
-34.047642,151.068083,"Leptospermum trinervium"
-34.04729,150.889085,"Leptospermum trinervium"
-34.047281,150.891198,"Leptospermum trinervium"
-34.047234,151.060775,"Leptospermum trinervium"
-34.047167,150.870444,"Leptospermum trinervium"
-34.046973,150.533285,"Leptospermum trinervium"
-34.046724,150.869331,"Leptospermum trinervium"
-34.046724,150.869331,"Leptospermum trinervium"
-34.046724,150.869331,"Leptospermum trinervium"
-34.0463295,151.0483709,"Leptospermum trinervium"
-34.046305,150.884236,"Leptospermum trinervium"
-34.046084,150.884512,"Leptospermum trinervium"
-34.045808,150.868542,"Leptospermum trinervium"
-34.045808,150.868542,"Leptospermum trinervium"
-34.045708,150.884515,"Leptospermum trinervium"
-34.045316,150.96098,"Leptospermum trinervium"
-34.045316,150.96098,"Leptospermum trinervium"
-34.0452188,151.0036496,"Leptospermum trinervium"
-34.044633,150.891859,"Leptospermum trinervium"
-34.044614,150.501975,"Leptospermum trinervium"
-34.044614,150.501975,"Leptospermum trinervium"
-34.044242,150.871667,"Leptospermum trinervium"
-34.043996,151.05383,"Leptospermum trinervium"
-34.043809,151.01563,"Leptospermum trinervium"
-34.043665,150.860423,"Leptospermum trinervium"
-34.043665,150.860423,"Leptospermum trinervium"
-34.043217,151.061982,"Leptospermum trinervium"
-34.043147,150.991545,"Leptospermum trinervium"
-34.043147,150.991545,"Leptospermum trinervium"
-34.043108,151.051487,"Leptospermum trinervium"
-34.042078,151.040984,"Leptospermum trinervium"
-34.041864,150.313339,"Leptospermum trinervium"
-34.041703,150.997319,"Leptospermum trinervium"
-34.04168,151.02399,"Leptospermum trinervium"
-34.04145,150.998684,"Leptospermum trinervium"
-34.04132,150.882735,"Leptospermum trinervium"
-34.041046,150.893031,"Leptospermum trinervium"
-34.040932,151.052539,"Leptospermum trinervium"
-34.040668,150.989138,"Leptospermum trinervium"
-34.04051,150.87761,"Leptospermum trinervium"
-34.040287,151.023988,"Leptospermum trinervium"
-34.040095,150.993826,"Leptospermum trinervium"
-34.040081,150.961733,"Leptospermum trinervium"
-34.039993,151.053147,"Leptospermum trinervium"
-34.039968,150.973986,"Leptospermum trinervium"
-34.039873,150.890352,"Leptospermum trinervium"
-34.039713,151.0529,"Leptospermum trinervium"
-34.03936,151.022491,"Leptospermum trinervium"
-34.03936,151.022491,"Leptospermum trinervium"
-34.038391,150.990519,"Leptospermum trinervium"
-34.038145,150.99203,"Leptospermum trinervium"
-34.0375,151.005556,"Leptospermum trinervium"
-34.037,150.938088,"Leptospermum trinervium"
-34.036707,150.902886,"Leptospermum trinervium"
-34.036666,150.984321,"Leptospermum trinervium"
-34.036619,150.995218,"Leptospermum trinervium"
-34.035384,150.880758,"Leptospermum trinervium"
-34.035078,151.042455,"Leptospermum trinervium"
-34.035063,150.968128,"Leptospermum trinervium"
-34.034396,150.886427,"Leptospermum trinervium"
-34.033673,150.880973,"Leptospermum trinervium"
-34.033671,150.968581,"Leptospermum trinervium"
-34.033333,151.066667,"Leptospermum trinervium"
-34.033315,150.928802,"Leptospermum trinervium"
-34.032818,150.894056,"Leptospermum trinervium"
-34.032702,150.50342,"Leptospermum trinervium"
-34.032702,150.50342,"Leptospermum trinervium"
-34.032658,150.991727,"Leptospermum trinervium"
-34.032193,151.045661,"Leptospermum trinervium"
-34.030257,150.231121,"Leptospermum trinervium"
-34.029998,150.980699,"Leptospermum trinervium"
-34.029939,151.004126,"Leptospermum trinervium"
-34.029619,151.009127,"Leptospermum trinervium"
-34.02917,151.0495,"Leptospermum trinervium"
-34.029054,150.989678,"Leptospermum trinervium"
-34.02901,150.965346,"Leptospermum trinervium"
-34.028943,150.993926,"Leptospermum trinervium"
-34.028543,150.985997,"Leptospermum trinervium"
-34.028042,150.462529,"Leptospermum trinervium"
-34.028042,150.462529,"Leptospermum trinervium"
-34.027737,150.990196,"Leptospermum trinervium"
-34.027729,150.993034,"Leptospermum trinervium"
-34.027556,150.982436,"Leptospermum trinervium"
-34.027436,150.973776,"Leptospermum trinervium"
-34.027288,151.206794,"Leptospermum trinervium"
-34.027019,150.870074,"Leptospermum trinervium"
-34.026532,150.973937,"Leptospermum trinervium"
-34.02618,151.001692,"Leptospermum trinervium"
-34.026084,150.970797,"Leptospermum trinervium"
-34.025861,151.20913,"Leptospermum trinervium"
-34.02564,150.879961,"Leptospermum trinervium"
-34.025594,150.965969,"Leptospermum trinervium"
-34.025518,150.970399,"Leptospermum trinervium"
-34.025496,150.870102,"Leptospermum trinervium"
-34.025486,151.003332,"Leptospermum trinervium"
-34.025397,150.970185,"Leptospermum trinervium"
-34.025128,150.993301,"Leptospermum trinervium"
-34.025,150.883611,"Leptospermum trinervium"
-34.024932,151.002857,"Leptospermum trinervium"
-34.024763,150.971088,"Leptospermum trinervium"
-34.024693,150.885855,"Leptospermum trinervium"
-34.024693,150.885855,"Leptospermum trinervium"
-34.024383,150.974302,"Leptospermum trinervium"
-34.024355,150.980281,"Leptospermum trinervium"
-34.024253,150.988871,"Leptospermum trinervium"
-34.02354,150.973489,"Leptospermum trinervium"
-34.023442,150.976815,"Leptospermum trinervium"
-34.023313,150.884265,"Leptospermum trinervium"
-34.02324,150.976051,"Leptospermum trinervium"
-34.02317,150.974017,"Leptospermum trinervium"
-34.023056,150.983495,"Leptospermum trinervium"
-34.022814,150.175822,"Leptospermum trinervium"
-34.022795,150.501729,"Leptospermum trinervium"
-34.022795,150.501729,"Leptospermum trinervium"
-34.022529,151.017858,"Leptospermum trinervium"
-34.022106,150.986593,"Leptospermum trinervium"
-34.022055,150.988489,"Leptospermum trinervium"
-34.02202,150.978636,"Leptospermum trinervium"
-34.021916,151.030759,"Leptospermum trinervium"
-34.021628,150.971478,"Leptospermum trinervium"
-34.021186,150.977844,"Leptospermum trinervium"
-34.021145,150.995701,"Leptospermum trinervium"
-34.020642,150.909481,"Leptospermum trinervium"
-34.020583,150.96284,"Leptospermum trinervium"
-34.019558,151.055751,"Leptospermum trinervium"
-34.019454,150.378562,"Leptospermum trinervium"
-34.019069,150.90948,"Leptospermum trinervium"
-34.019007,150.994495,"Leptospermum trinervium"
-34.018979,150.894389,"Leptospermum trinervium"
-34.018721,150.995195,"Leptospermum trinervium"
-34.018268,150.993982,"Leptospermum trinervium"
-34.018089,150.99573,"Leptospermum trinervium"
-34.018082,150.993088,"Leptospermum trinervium"
-34.017864,150.962258,"Leptospermum trinervium"
-34.017554,150.989712,"Leptospermum trinervium"
-34.0174,150.988848,"Leptospermum trinervium"
-34.017318,150.989068,"Leptospermum trinervium"
-34.016667,151,"Leptospermum trinervium"
-34.016667,151.066667,"Leptospermum trinervium"
-34.016519,150.895532,"Leptospermum trinervium"
-34.016476,150.928092,"Leptospermum trinervium"
-34.016469,150.98676,"Leptospermum trinervium"
-34.016428,150.98402,"Leptospermum trinervium"
-34.016409,150.999949,"Leptospermum trinervium"
-34.016395,150.901491,"Leptospermum trinervium"
-34.016237,150.077312,"Leptospermum trinervium"
-34.014833,151.002001,"Leptospermum trinervium"
-34.01465,150.472412,"Leptospermum trinervium"
-34.014531,150.965036,"Leptospermum trinervium"
-34.014397,150.989624,"Leptospermum trinervium"
-34.014395,150.916428,"Leptospermum trinervium"
-34.014144,150.998194,"Leptospermum trinervium"
-34.014141,150.996375,"Leptospermum trinervium"
-34.01241,151.042282,"Leptospermum trinervium"
-34.011844,150.990659,"Leptospermum trinervium"
-34.011794,150.896834,"Leptospermum trinervium"
-34.011668,150.992882,"Leptospermum trinervium"
-34.011543,151.000745,"Leptospermum trinervium"
-34.011402,151.015972,"Leptospermum trinervium"
-34.01092,150.91837,"Leptospermum trinervium"
-34.010242,151.053467,"Leptospermum trinervium"
-34.009564,151.100284,"Leptospermum trinervium"
-34.009461,151.041333,"Leptospermum trinervium"
-34.009434,150.943076,"Leptospermum trinervium"
-34.008369,151.029448,"Leptospermum trinervium"
-34.00809,150.970717,"Leptospermum trinervium"
-34.007743,151.004304,"Leptospermum trinervium"
-34.007612,150.895404,"Leptospermum trinervium"
-34.007612,150.895404,"Leptospermum trinervium"
-34.007612,150.895404,"Leptospermum trinervium"
-34.007487,150.088436,"Leptospermum trinervium"
-34.006635,150.992827,"Leptospermum trinervium"
-34.005726,150.998456,"Leptospermum trinervium"
-34.005251,150.902485,"Leptospermum trinervium"
-34.005127,151.082809,"Leptospermum trinervium"
-34.005051,150.99739,"Leptospermum trinervium"
-34.004303,150.997981,"Leptospermum trinervium"
-34.004189,150.945988,"Leptospermum trinervium"
-34.003253,151.003311,"Leptospermum trinervium"
-34.002563,151.075339,"Leptospermum trinervium"
-34.0016073,151.0680922,"Leptospermum trinervium"
-34.0016073,151.0680922,"Leptospermum trinervium"
-34.0016073,151.0680922,"Leptospermum trinervium"
-34.001198,150.915036,"Leptospermum trinervium"
-34.001133,150.910447,"Leptospermum trinervium"
-34.000941,150.907284,"Leptospermum trinervium"
-34.000543,150.508494,"Leptospermum trinervium"
-34.000439,150.90565,"Leptospermum trinervium"
-34.000114,150.945989,"Leptospermum trinervium"
-34.000014,151.010413,"Leptospermum trinervium"
-34,150.25,"Leptospermum trinervium"
-34,151.066667,"Leptospermum trinervium"
-34,150.25,"Leptospermum trinervium"
-34,151.1,"Leptospermum trinervium"
-33.999809,150.913648,"Leptospermum trinervium"
-33.999275,150.99877,"Leptospermum trinervium"
-33.999244,150.121187,"Leptospermum trinervium"
-33.998915,150.934128,"Leptospermum trinervium"
-33.998778,150.905562,"Leptospermum trinervium"
-33.998735,150.099558,"Leptospermum trinervium"
-33.9987,150.948206,"Leptospermum trinervium"
-33.998675,150.914884,"Leptospermum trinervium"
-33.99848,150.088743,"Leptospermum trinervium"
-33.997435,150.926586,"Leptospermum trinervium"
-33.996972,150.906583,"Leptospermum trinervium"
-33.996817,150.947733,"Leptospermum trinervium"
-33.996655,150.997523,"Leptospermum trinervium"
-33.996424,151.031054,"Leptospermum trinervium"
-33.996341,151.016333,"Leptospermum trinervium"
-33.996184,151.003877,"Leptospermum trinervium"
-33.996144,150.494165,"Leptospermum trinervium"
-33.996144,150.494165,"Leptospermum trinervium"
-33.995523,150.920137,"Leptospermum trinervium"
-33.995389,150.907083,"Leptospermum trinervium"
-33.995077,150.947211,"Leptospermum trinervium"
-33.994878,151.039788,"Leptospermum trinervium"
-33.994395,150.996501,"Leptospermum trinervium"
-33.993935,151.045163,"Leptospermum trinervium"
-33.993856,150.982422,"Leptospermum trinervium"
-33.993776,150.999917,"Leptospermum trinervium"
-33.992905,151.007072,"Leptospermum trinervium"
-33.992821,151.008318,"Leptospermum trinervium"
-33.992628,151.000896,"Leptospermum trinervium"
-33.992396,151.015723,"Leptospermum trinervium"
-33.992308,151.014144,"Leptospermum trinervium"
-33.990685,150.994659,"Leptospermum trinervium"
-33.990571,151.104465,"Leptospermum trinervium"
-33.990485,151.032005,"Leptospermum trinervium"
-33.990393,151.000364,"Leptospermum trinervium"
-33.99039,150.10423,"Leptospermum trinervium"
-33.990304,151.03007,"Leptospermum trinervium"
-33.990053,150.688068,"Leptospermum trinervium"
-33.9896685,150.1064406,"Leptospermum trinervium"
-33.9896685,150.1064406,"Leptospermum trinervium"
-33.989451,151.002345,"Leptospermum trinervium"
-33.989196,151.014076,"Leptospermum trinervium"
-33.988897,150.995452,"Leptospermum trinervium"
-33.988767,151.006854,"Leptospermum trinervium"
-33.98842,150.926703,"Leptospermum trinervium"
-33.988419,150.117808,"Leptospermum trinervium"
-33.988178,151.002808,"Leptospermum trinervium"
-33.988078,150.910478,"Leptospermum trinervium"
-33.987997,150.982561,"Leptospermum trinervium"
-33.987603,151.027763,"Leptospermum trinervium"
-33.986861,151.023667,"Leptospermum trinervium"
-33.985874,151.055983,"Leptospermum trinervium"
-33.985859,151.004563,"Leptospermum trinervium"
-33.985859,151.004563,"Leptospermum trinervium"
-33.985622,150.558199,"Leptospermum trinervium"
-33.984814,151.058533,"Leptospermum trinervium"
-33.984216,151.055713,"Leptospermum trinervium"
-33.984116,151.05867,"Leptospermum trinervium"
-33.984007,150.124948,"Leptospermum trinervium"
-33.983823,150.997489,"Leptospermum trinervium"
-33.983523,150.484914,"Leptospermum trinervium"
-33.983523,150.484914,"Leptospermum trinervium"
-33.983333,150.883333,"Leptospermum trinervium"
-33.98332,151.24382,"Leptospermum trinervium"
-33.982929,150.9464,"Leptospermum trinervium"
-33.9824402,151.0769809,"Leptospermum trinervium"
-33.982329,150.994102,"Leptospermum trinervium"
-33.982318,151.057899,"Leptospermum trinervium"
-33.9821623,151.0636481,"Leptospermum trinervium"
-33.9821622,151.0769809,"Leptospermum trinervium"
-33.981878,150.994341,"Leptospermum trinervium"
-33.981684,151.034794,"Leptospermum trinervium"
-33.981684,151.034794,"Leptospermum trinervium"
-33.981658,150.993567,"Leptospermum trinervium"
-33.981164,151.019067,"Leptospermum trinervium"
-33.981062,150.99961,"Leptospermum trinervium"
-33.980953,150.991591,"Leptospermum trinervium"
-33.980667,151.012818,"Leptospermum trinervium"
-33.980465,150.99033,"Leptospermum trinervium"
-33.979609,151.029954,"Leptospermum trinervium"
-33.979459,151.060756,"Leptospermum trinervium"
-33.979329,150.374449,"Leptospermum trinervium"
-33.979307,150.447464,"Leptospermum trinervium"
-33.979307,150.447464,"Leptospermum trinervium"
-33.979289,151.007574,"Leptospermum trinervium"
-33.979159,151.062571,"Leptospermum trinervium"
-33.979136,150.932756,"Leptospermum trinervium"
-33.979112,151.029294,"Leptospermum trinervium"
-33.979015,151.037513,"Leptospermum trinervium"
-33.978913,151.020895,"Leptospermum trinervium"
-33.97812,151.00758,"Leptospermum trinervium"
-33.977586,150.981702,"Leptospermum trinervium"
-33.976635,151.024719,"Leptospermum trinervium"
-33.976627,150.38004,"Leptospermum trinervium"
-33.976627,150.38004,"Leptospermum trinervium"
-33.976092,151.007833,"Leptospermum trinervium"
-33.976092,151.007833,"Leptospermum trinervium"
-33.975773,150.965792,"Leptospermum trinervium"
-33.975238,151.050766,"Leptospermum trinervium"
-33.97507,151.225862,"Leptospermum trinervium"
-33.974896,151.245404,"Leptospermum trinervium"
-33.974896,151.245404,"Leptospermum trinervium"
-33.974555,151.029417,"Leptospermum trinervium"
-33.97447,151.007351,"Leptospermum trinervium"
-33.973697,151.005009,"Leptospermum trinervium"
-33.973447,151.038284,"Leptospermum trinervium"
-33.973408,150.92965,"Leptospermum trinervium"
-33.973348,150.985505,"Leptospermum trinervium"
-33.973341,151.009964,"Leptospermum trinervium"
-33.973278,151.018753,"Leptospermum trinervium"
-33.973064,151.028351,"Leptospermum trinervium"
-33.97301,150.97588,"Leptospermum trinervium"
-33.973,151.017,"Leptospermum trinervium"
-33.972978,151.018807,"Leptospermum trinervium"
-33.972789,151.02208,"Leptospermum trinervium"
-33.972536,151.037905,"Leptospermum trinervium"
-33.972536,151.037905,"Leptospermum trinervium"
-33.972406,150.993767,"Leptospermum trinervium"
-33.972089,150.995906,"Leptospermum trinervium"
-33.971963,151.012334,"Leptospermum trinervium"
-33.97162,150.382856,"Leptospermum trinervium"
-33.971397,151.021537,"Leptospermum trinervium"
-33.971219,151.028823,"Leptospermum trinervium"
-33.971219,151.028823,"Leptospermum trinervium"
-33.971192,150.962514,"Leptospermum trinervium"
-33.97118,150.974301,"Leptospermum trinervium"
-33.971018,151.039765,"Leptospermum trinervium"
-33.970978,150.979389,"Leptospermum trinervium"
-33.970898,151.026255,"Leptospermum trinervium"
-33.970898,151.026255,"Leptospermum trinervium"
-33.970499,150.913873,"Leptospermum trinervium"
-33.970281,151.23546,"Leptospermum trinervium"
-33.968537,150.967896,"Leptospermum trinervium"
-33.967958,150.973315,"Leptospermum trinervium"
-33.967943,150.915142,"Leptospermum trinervium"
-33.967938,150.915128,"Leptospermum trinervium"
-33.96737,151.23346,"Leptospermum trinervium"
-33.96737,151.23346,"Leptospermum trinervium"
-33.96733,151.233417,"Leptospermum trinervium"
-33.967308,150.981961,"Leptospermum trinervium"
-33.96711,150.91922,"Leptospermum trinervium"
-33.967105,150.919206,"Leptospermum trinervium"
-33.967022,150.972363,"Leptospermum trinervium"
-33.966667,151.166667,"Leptospermum trinervium"
-33.966667,151.116667,"Leptospermum trinervium"
-33.966667,150.866667,"Leptospermum trinervium"
-33.966667,150.616667,"Leptospermum trinervium"
-33.966667,150.966667,"Leptospermum trinervium"
-33.966661,150.92099,"Leptospermum trinervium"
-33.966525,150.920972,"Leptospermum trinervium"
-33.966153,150.984655,"Leptospermum trinervium"
-33.965714,150.921522,"Leptospermum trinervium"
-33.965,150.565758,"Leptospermum trinervium"
-33.965,150.565758,"Leptospermum trinervium"
-33.9641061,151.255034,"Leptospermum trinervium"
-33.963431,150.922834,"Leptospermum trinervium"
-33.963363,150.922185,"Leptospermum trinervium"
-33.963056,151.144167,"Leptospermum trinervium"
-33.963056,151.144167,"Leptospermum trinervium"
-33.963056,151.144167,"Leptospermum trinervium"
-33.962951,150.978283,"Leptospermum trinervium"
-33.962778,151.143611,"Leptospermum trinervium"
-33.962583,150.977859,"Leptospermum trinervium"
-33.962493,150.925106,"Leptospermum trinervium"
-33.962321,150.606604,"Leptospermum trinervium"
-33.962321,150.606604,"Leptospermum trinervium"
-33.962312,150.923509,"Leptospermum trinervium"
-33.962062,150.922261,"Leptospermum trinervium"
-33.962004,150.922051,"Leptospermum trinervium"
-33.961979,150.927099,"Leptospermum trinervium"
-33.961928,150.923143,"Leptospermum trinervium"
-33.961927,150.92314,"Leptospermum trinervium"
-33.961863,150.921764,"Leptospermum trinervium"
-33.961771,150.928203,"Leptospermum trinervium"
-33.961498,150.933966,"Leptospermum trinervium"
-33.96147,150.85084,"Leptospermum trinervium"
-33.961337,150.920741,"Leptospermum trinervium"
-33.960919,150.929116,"Leptospermum trinervium"
-33.960915,150.929119,"Leptospermum trinervium"
-33.960867,150.929287,"Leptospermum trinervium"
-33.96083,150.929385,"Leptospermum trinervium"
-33.960759,150.921975,"Leptospermum trinervium"
-33.960349,150.978852,"Leptospermum trinervium"
-33.960321,150.931307,"Leptospermum trinervium"
-33.96011,150.93196,"Leptospermum trinervium"
-33.96,151.2497,"Leptospermum trinervium"
-33.95991,150.97902,"Leptospermum trinervium"
-33.95979,150.973488,"Leptospermum trinervium"
-33.95979,150.973488,"Leptospermum trinervium"
-33.959433,150.574226,"Leptospermum trinervium"
-33.959433,150.574226,"Leptospermum trinervium"
-33.958881,151.040848,"Leptospermum trinervium"
-33.95879,150.958156,"Leptospermum trinervium"
-33.958576,151.040909,"Leptospermum trinervium"
-33.958565,150.980281,"Leptospermum trinervium"
-33.958396,150.972128,"Leptospermum trinervium"
-33.958297,150.929233,"Leptospermum trinervium"
-33.957833,151.040861,"Leptospermum trinervium"
-33.957311,151.24537,"Leptospermum trinervium"
-33.957124,150.61757,"Leptospermum trinervium"
-33.957124,150.61757,"Leptospermum trinervium"
-33.956938,150.980049,"Leptospermum trinervium"
-33.956938,150.980049,"Leptospermum trinervium"
-33.9566,150.613797,"Leptospermum trinervium"
-33.9566,150.613797,"Leptospermum trinervium"
-33.956583,150.972158,"Leptospermum trinervium"
-33.956493,150.971608,"Leptospermum trinervium"
-33.956117,150.975973,"Leptospermum trinervium"
-33.955706,150.970684,"Leptospermum trinervium"
-33.955611,151.040085,"Leptospermum trinervium"
-33.955565,150.970559,"Leptospermum trinervium"
-33.955278,150.935247,"Leptospermum trinervium"
-33.954988,150.972935,"Leptospermum trinervium"
-33.954978,150.972955,"Leptospermum trinervium"
-33.95484,150.85017,"Leptospermum trinervium"
-33.95484,150.85017,"Leptospermum trinervium"
-33.95484,150.85017,"Leptospermum trinervium"
-33.954235,150.598515,"Leptospermum trinervium"
-33.954235,150.598515,"Leptospermum trinervium"
-33.954127,150.602506,"Leptospermum trinervium"
-33.954127,150.602506,"Leptospermum trinervium"
-33.954036,150.934801,"Leptospermum trinervium"
-33.954032,150.934802,"Leptospermum trinervium"
-33.954026,150.935216,"Leptospermum trinervium"
-33.953729,150.605222,"Leptospermum trinervium"
-33.953164,150.935268,"Leptospermum trinervium"
-33.952565,150.186174,"Leptospermum trinervium"
-33.952302,150.923368,"Leptospermum trinervium"
-33.951157,150.577181,"Leptospermum trinervium"
-33.951151,150.577166,"Leptospermum trinervium"
-33.950273,150.191225,"Leptospermum trinervium"
-33.950273,150.191225,"Leptospermum trinervium"
-33.950273,150.191225,"Leptospermum trinervium"
-33.95,151.116667,"Leptospermum trinervium"
-33.95,151.116667,"Leptospermum trinervium"
-33.95,151.016667,"Leptospermum trinervium"
-33.95,151.25,"Leptospermum trinervium"
-33.948926,150.587913,"Leptospermum trinervium"
-33.9485508,151.1342017,"Leptospermum trinervium"
-33.946041,150.953273,"Leptospermum trinervium"
-33.943374,150.182842,"Leptospermum trinervium"
-33.943374,150.182842,"Leptospermum trinervium"
-33.943172,150.623368,"Leptospermum trinervium"
-33.943023,150.031161,"Leptospermum trinervium"
-33.943021,150.610931,"Leptospermum trinervium"
-33.941983,150.627187,"Leptospermum trinervium"
-33.941983,150.627187,"Leptospermum trinervium"
-33.941694,151.121754,"Leptospermum trinervium"
-33.940787,150.971471,"Leptospermum trinervium"
-33.94047,151.222129,"Leptospermum trinervium"
-33.940465,151.222127,"Leptospermum trinervium"
-33.938835,150.627599,"Leptospermum trinervium"
-33.938835,150.627599,"Leptospermum trinervium"
-33.938437,151.221857,"Leptospermum trinervium"
-33.938305,151.21188,"Leptospermum trinervium"
-33.938302,151.211885,"Leptospermum trinervium"
-33.938237,151.210436,"Leptospermum trinervium"
-33.938235,151.210437,"Leptospermum trinervium"
-33.938034,151.211243,"Leptospermum trinervium"
-33.937987,151.213718,"Leptospermum trinervium"
-33.937986,151.21372,"Leptospermum trinervium"
-33.937962,151.219907,"Leptospermum trinervium"
-33.937958,151.214295,"Leptospermum trinervium"
-33.937958,151.219909,"Leptospermum trinervium"
-33.937958,151.214294,"Leptospermum trinervium"
-33.937936,150.926962,"Leptospermum trinervium"
-33.937904,151.21118,"Leptospermum trinervium"
-33.937901,151.211181,"Leptospermum trinervium"
-33.937763,151.210116,"Leptospermum trinervium"
-33.937462,150.36095,"Leptospermum trinervium"
-33.937375,151.224241,"Leptospermum trinervium"
-33.937371,151.224238,"Leptospermum trinervium"
-33.937344,151.214237,"Leptospermum trinervium"
-33.93728,151.214208,"Leptospermum trinervium"
-33.93728,151.214211,"Leptospermum trinervium"
-33.937178,151.222598,"Leptospermum trinervium"
-33.937176,151.222598,"Leptospermum trinervium"
-33.936855,151.214452,"Leptospermum trinervium"
-33.936851,151.214447,"Leptospermum trinervium"
-33.936765,151.205817,"Leptospermum trinervium"
-33.936762,151.205816,"Leptospermum trinervium"
-33.936712,151.205842,"Leptospermum trinervium"
-33.936568,151.193216,"Leptospermum trinervium"
-33.936465,151.220784,"Leptospermum trinervium"
-33.936464,151.220787,"Leptospermum trinervium"
-33.935656,150.637411,"Leptospermum trinervium"
-33.935572,151.222625,"Leptospermum trinervium"
-33.935572,151.222625,"Leptospermum trinervium"
-33.935084,151.222373,"Leptospermum trinervium"
-33.934854,151.214039,"Leptospermum trinervium"
-33.934308,150.19082,"Leptospermum trinervium"
-33.93382,150.188835,"Leptospermum trinervium"
-33.933634,151.219386,"Leptospermum trinervium"
-33.933333,150.616667,"Leptospermum trinervium"
-33.933333,150.633333,"Leptospermum trinervium"
-33.9333,150.6167,"Leptospermum trinervium"
-33.93295,151.219029,"Leptospermum trinervium"
-33.932949,151.219032,"Leptospermum trinervium"
-33.932915,151.219351,"Leptospermum trinervium"
-33.932486,150.373617,"Leptospermum trinervium"
-33.932354,150.359031,"Leptospermum trinervium"
-33.932354,150.359031,"Leptospermum trinervium"
-33.932043,151.249285,"Leptospermum trinervium"
-33.931971,150.196283,"Leptospermum trinervium"
-33.931857,150.372014,"Leptospermum trinervium"
-33.931857,150.372014,"Leptospermum trinervium"
-33.931709,151.248795,"Leptospermum trinervium"
-33.931303,151.25088,"Leptospermum trinervium"
-33.930248,150.357939,"Leptospermum trinervium"
-33.929857,151.218402,"Leptospermum trinervium"
-33.929857,151.218401,"Leptospermum trinervium"
-33.928986,151.024518,"Leptospermum trinervium"
-33.928986,151.024518,"Leptospermum trinervium"
-33.927796,150.374811,"Leptospermum trinervium"
-33.927796,150.374811,"Leptospermum trinervium"
-33.927785,151.260519,"Leptospermum trinervium"
-33.92593,151.2212,"Leptospermum trinervium"
-33.924015,150.367454,"Leptospermum trinervium"
-33.917964,150.194774,"Leptospermum trinervium"
-33.9167,150.6167,"Leptospermum trinervium"
-33.916667,151.133333,"Leptospermum trinervium"
-33.916667,150.916667,"Leptospermum trinervium"
-33.915096,150.5845,"Leptospermum trinervium"
-33.906349,150.963068,"Leptospermum trinervium"
-33.903908,150.942602,"Leptospermum trinervium"
-33.903692,151.095678,"Leptospermum trinervium"
-33.903688,151.095664,"Leptospermum trinervium"
-33.903555,151.095777,"Leptospermum trinervium"
-33.903224,150.410747,"Leptospermum trinervium"
-33.900679,150.396474,"Leptospermum trinervium"
-33.900673,150.60279,"Leptospermum trinervium"
-33.900089,150.602847,"Leptospermum trinervium"
-33.897561,150.413697,"Leptospermum trinervium"
-33.897561,150.413697,"Leptospermum trinervium"
-33.897149,150.538691,"Leptospermum trinervium"
-33.897149,150.538691,"Leptospermum trinervium"
-33.897041,150.624191,"Leptospermum trinervium"
-33.897041,150.624191,"Leptospermum trinervium"
-33.896403,150.564684,"Leptospermum trinervium"
-33.89502,150.607959,"Leptospermum trinervium"
-33.894608,150.603518,"Leptospermum trinervium"
-33.893513,150.583573,"Leptospermum trinervium"
-33.890817,150.592331,"Leptospermum trinervium"
-33.890362,150.609076,"Leptospermum trinervium"
-33.88961,150.358503,"Leptospermum trinervium"
-33.889198,150.359466,"Leptospermum trinervium"
-33.888994,150.589245,"Leptospermum trinervium"
-33.888901,150.612046,"Leptospermum trinervium"
-33.888901,150.612046,"Leptospermum trinervium"
-33.888134,150.358014,"Leptospermum trinervium"
-33.887375,150.354171,"Leptospermum trinervium"
-33.886402,150.355228,"Leptospermum trinervium"
-33.885804,150.594468,"Leptospermum trinervium"
-33.884674,150.783801,"Leptospermum trinervium"
-33.88407,150.613242,"Leptospermum trinervium"
-33.8833,151.15,"Leptospermum trinervium"
-33.8833,151.2167,"Leptospermum trinervium"
-33.8833,151.2167,"Leptospermum trinervium"
-33.883132,150.49193,"Leptospermum trinervium"
-33.883132,150.49193,"Leptospermum trinervium"
-33.882479,150.787101,"Leptospermum trinervium"
-33.882018,150.292065,"Leptospermum trinervium"
-33.881879,150.788846,"Leptospermum trinervium"
-33.881879,150.788846,"Leptospermum trinervium"
-33.881671,150.580679,"Leptospermum trinervium"
-33.881671,150.580679,"Leptospermum trinervium"
-33.881573,150.788636,"Leptospermum trinervium"
-33.881288,150.786051,"Leptospermum trinervium"
-33.880741,150.593681,"Leptospermum trinervium"
-33.88061,150.787514,"Leptospermum trinervium"
-33.880597,150.787675,"Leptospermum trinervium"
-33.879594,150.590146,"Leptospermum trinervium"
-33.879233,150.782317,"Leptospermum trinervium"
-33.879233,150.782317,"Leptospermum trinervium"
-33.878857,150.586584,"Leptospermum trinervium"
-33.878569,150.591168,"Leptospermum trinervium"
-33.878042,150.593092,"Leptospermum trinervium"
-33.87765,150.295554,"Leptospermum trinervium"
-33.87765,150.295554,"Leptospermum trinervium"
-33.877636,151.044095,"Leptospermum trinervium"
-33.876888,150.598535,"Leptospermum trinervium"
-33.876076,151.056884,"Leptospermum trinervium"
-33.875796,151.056285,"Leptospermum trinervium"
-33.87406,150.830251,"Leptospermum trinervium"
-33.873212,150.370767,"Leptospermum trinervium"
-33.873212,150.370767,"Leptospermum trinervium"
-33.873212,150.370767,"Leptospermum trinervium"
-33.8732,151.049544,"Leptospermum trinervium"
-33.873,151.041762,"Leptospermum trinervium"
-33.87296,150.518072,"Leptospermum trinervium"
-33.87296,150.518072,"Leptospermum trinervium"
-33.872799,150.616045,"Leptospermum trinervium"
-33.872727,150.61608,"Leptospermum trinervium"
-33.872213,150.613694,"Leptospermum trinervium"
-33.872213,150.613694,"Leptospermum trinervium"
-33.872158,150.613639,"Leptospermum trinervium"
-33.871983,150.615282,"Leptospermum trinervium"
-33.870788,150.496756,"Leptospermum trinervium"
-33.869038,151.014011,"Leptospermum trinervium"
-33.869033,151.014083,"Leptospermum trinervium"
-33.869,151.013865,"Leptospermum trinervium"
-33.86895,151.014142,"Leptospermum trinervium"
-33.868949,150.786116,"Leptospermum trinervium"
-33.868824,151.013718,"Leptospermum trinervium"
-33.868819,151.013839,"Leptospermum trinervium"
-33.868767,151.013866,"Leptospermum trinervium"
-33.868717,151.013594,"Leptospermum trinervium"
-33.868281,151.012211,"Leptospermum trinervium"
-33.86782,151.01281,"Leptospermum trinervium"
-33.867703,150.356021,"Leptospermum trinervium"
-33.8667,151.1,"Leptospermum trinervium"
-33.8667,151.2167,"Leptospermum trinervium"
-33.8667,151.1,"Leptospermum trinervium"
-33.866667,151.216667,"Leptospermum trinervium"
-33.866667,151.266667,"Leptospermum trinervium"
-33.866667,151.05,"Leptospermum trinervium"
-33.866667,151.266667,"Leptospermum trinervium"
-33.866667,151.266667,"Leptospermum trinervium"
-33.866667,151.05,"Leptospermum trinervium"
-33.866667,151.116667,"Leptospermum trinervium"
-33.866667,150.65,"Leptospermum trinervium"
-33.865719,150.62283,"Leptospermum trinervium"
-33.8652958,151.2676032,"Leptospermum trinervium"
-33.864965,151.059267,"Leptospermum trinervium"
-33.864575,150.290098,"Leptospermum trinervium"
-33.86349,151.235066,"Leptospermum trinervium"
-33.861485,150.614017,"Leptospermum trinervium"
-33.861485,150.614017,"Leptospermum trinervium"
-33.860159,150.350635,"Leptospermum trinervium"
-33.858581,151.083586,"Leptospermum trinervium"
-33.857124,150.247208,"Leptospermum trinervium"
-33.857124,150.247208,"Leptospermum trinervium"
-33.856754,151.276153,"Leptospermum trinervium"
-33.855568,150.404774,"Leptospermum trinervium"
-33.855568,150.404774,"Leptospermum trinervium"
-33.853724,150.32086,"Leptospermum trinervium"
-33.85,151.25,"Leptospermum trinervium"
-33.85,151.2667,"Leptospermum trinervium"
-33.85,151.266667,"Leptospermum trinervium"
-33.85,150.583333,"Leptospermum trinervium"
-33.85,151.1,"Leptospermum trinervium"
-33.8486288,151.267603,"Leptospermum trinervium"
-33.8477169,151.2455881,"Leptospermum trinervium"
-33.84707,150.40622,"Leptospermum trinervium"
-33.846959,150.355202,"Leptospermum trinervium"
-33.84676,150.356451,"Leptospermum trinervium"
-33.846379,151.194599,"Leptospermum trinervium"
-33.844989,150.58148,"Leptospermum trinervium"
-33.843571,151.251824,"Leptospermum trinervium"
-33.842487,150.367387,"Leptospermum trinervium"
-33.842487,150.367387,"Leptospermum trinervium"
-33.842075,150.280783,"Leptospermum trinervium"
-33.841357,150.412537,"Leptospermum trinervium"
-33.841004,150.275556,"Leptospermum trinervium"
-33.840217,151.2378101,"Leptospermum trinervium"
-33.840037,150.379347,"Leptospermum trinervium"
-33.839181,151.188342,"Leptospermum trinervium"
-33.839162,150.369996,"Leptospermum trinervium"
-33.838563,150.416014,"Leptospermum trinervium"
-33.8382718,151.2572548,"Leptospermum trinervium"
-33.837439,151.2286442,"Leptospermum trinervium"
-33.836919,150.359995,"Leptospermum trinervium"
-33.8363286,151.1344787,"Leptospermum trinervium"
-33.835145,150.605228,"Leptospermum trinervium"
-33.8349394,151.1697561,"Leptospermum trinervium"
-33.83478,150.274176,"Leptospermum trinervium"
-33.834335,151.250808,"Leptospermum trinervium"
-33.833852,150.349384,"Leptospermum trinervium"
-33.833852,150.349384,"Leptospermum trinervium"
-33.833333,151.25,"Leptospermum trinervium"
-33.833333,151.25,"Leptospermum trinervium"
-33.833333,151.25,"Leptospermum trinervium"
-33.8333,151.2708,"Leptospermum trinervium"
-33.8333,151.0833,"Leptospermum trinervium"
-33.8333,151.25,"Leptospermum trinervium"
-33.8333,151.25,"Leptospermum trinervium"
-33.8333,151.25,"Leptospermum trinervium"
-33.8333,151.2708,"Leptospermum trinervium"
-33.833084,150.57426,"Leptospermum trinervium"
-33.832998,150.567011,"Leptospermum trinervium"
-33.832835,150.269377,"Leptospermum trinervium"
-33.832835,150.269377,"Leptospermum trinervium"
-33.8319621,151.2176036,"Leptospermum trinervium"
-33.8319617,151.2676029,"Leptospermum trinervium"
-33.830152,150.6249,"Leptospermum trinervium"
-33.829212,150.631808,"Leptospermum trinervium"
-33.829212,150.631808,"Leptospermum trinervium"
-33.828564,150.634181,"Leptospermum trinervium"
-33.827603,150.613368,"Leptospermum trinervium"
-33.827334,150.612036,"Leptospermum trinervium"
-33.827218,150.991169,"Leptospermum trinervium"
-33.827064,150.408769,"Leptospermum trinervium"
-33.827064,150.408769,"Leptospermum trinervium"
-33.827034,150.62638,"Leptospermum trinervium"
-33.826316,150.370044,"Leptospermum trinervium"
-33.82627,150.644367,"Leptospermum trinervium"
-33.825789,150.586652,"Leptospermum trinervium"
-33.825519,150.629631,"Leptospermum trinervium"
-33.825519,150.629631,"Leptospermum trinervium"
-33.824842,151.233787,"Leptospermum trinervium"
-33.824424,150.61633,"Leptospermum trinervium"
-33.823791,150.626978,"Leptospermum trinervium"
-33.823559,150.618245,"Leptospermum trinervium"
-33.822597,150.6235,"Leptospermum trinervium"
-33.822388,150.358472,"Leptospermum trinervium"
-33.82235,150.622416,"Leptospermum trinervium"
-33.822165,150.625867,"Leptospermum trinervium"
-33.822131,150.360714,"Leptospermum trinervium"
-33.821442,151.226012,"Leptospermum trinervium"
-33.821357,150.623286,"Leptospermum trinervium"
-33.821315,150.630903,"Leptospermum trinervium"
-33.821315,150.630903,"Leptospermum trinervium"
-33.821237,150.616591,"Leptospermum trinervium"
-33.82119,150.626304,"Leptospermum trinervium"
-33.82119,150.626304,"Leptospermum trinervium"
-33.820544,150.360577,"Leptospermum trinervium"
-33.820515,150.440098,"Leptospermum trinervium"
-33.820515,150.440098,"Leptospermum trinervium"
-33.820335,150.631513,"Leptospermum trinervium"
-33.820299,150.622634,"Leptospermum trinervium"
-33.820299,150.622634,"Leptospermum trinervium"
-33.820257,150.62418,"Leptospermum trinervium"
-33.820244,150.440516,"Leptospermum trinervium"
-33.820244,150.440516,"Leptospermum trinervium"
-33.820133,150.441222,"Leptospermum trinervium"
-33.820133,150.441222,"Leptospermum trinervium"
-33.820123,150.568058,"Leptospermum trinervium"
-33.820123,150.568058,"Leptospermum trinervium"
-33.819719,150.569096,"Leptospermum trinervium"
-33.819719,150.569096,"Leptospermum trinervium"
-33.819657,150.441765,"Leptospermum trinervium"
-33.819657,150.441765,"Leptospermum trinervium"
-33.819389,150.444463,"Leptospermum trinervium"
-33.819021,150.440661,"Leptospermum trinervium"
-33.819021,150.440661,"Leptospermum trinervium"
-33.81858,151.2869,"Leptospermum trinervium"
-33.817753,151.292318,"Leptospermum trinervium"
-33.817068,150.25197,"Leptospermum trinervium"
-33.816742,151.291245,"Leptospermum trinervium"
-33.8167,151,"Leptospermum trinervium"
-33.8167,151,"Leptospermum trinervium"
-33.8167,151.2,"Leptospermum trinervium"
-33.8167,151,"Leptospermum trinervium"
-33.8167,151,"Leptospermum trinervium"
-33.8167,151.1667,"Leptospermum trinervium"
-33.8167,151,"Leptospermum trinervium"
-33.8167,151,"Leptospermum trinervium"
-33.8167,151,"Leptospermum trinervium"
-33.816667,151.266667,"Leptospermum trinervium"
-33.816667,151.233333,"Leptospermum trinervium"
-33.815924,151.148234,"Leptospermum trinervium"
-33.815806,151.1414,"Leptospermum trinervium"
-33.815806,151.1414,"Leptospermum trinervium"
-33.815787,150.411864,"Leptospermum trinervium"
-33.815688,151.140153,"Leptospermum trinervium"
-33.815389,151.131497,"Leptospermum trinervium"
-33.815293,151.020362,"Leptospermum trinervium"
-33.815293,151.020362,"Leptospermum trinervium"
-33.814921,151.128461,"Leptospermum trinervium"
-33.814683,151.133183,"Leptospermum trinervium"
-33.814683,151.133183,"Leptospermum trinervium"
-33.81462,151.1233,"Leptospermum trinervium"
-33.814583,151.122167,"Leptospermum trinervium"
-33.814317,151.133967,"Leptospermum trinervium"
-33.814109,150.968796,"Leptospermum trinervium"
-33.81395,151.130517,"Leptospermum trinervium"
-33.81395,151.130517,"Leptospermum trinervium"
-33.813917,151.125183,"Leptospermum trinervium"
-33.813908,151.133947,"Leptospermum trinervium"
-33.813806,151.12925,"Leptospermum trinervium"
-33.813659,151.129579,"Leptospermum trinervium"
-33.81365,151.262312,"Leptospermum trinervium"
-33.813596,151.12194,"Leptospermum trinervium"
-33.8135506,151.1303115,"Leptospermum trinervium"
-33.813545,151.121918,"Leptospermum trinervium"
-33.813539,151.129587,"Leptospermum trinervium"
-33.813477,151.12194,"Leptospermum trinervium"
-33.8133,151.1347,"Leptospermum trinervium"
-33.8133,151.1347,"Leptospermum trinervium"
-33.813267,151.130833,"Leptospermum trinervium"
-33.813267,151.130833,"Leptospermum trinervium"
-33.812744,151.26231,"Leptospermum trinervium"
-33.81274,151.262297,"Leptospermum trinervium"
-33.812269,151.287026,"Leptospermum trinervium"
-33.812137,150.566143,"Leptospermum trinervium"
-33.811977,150.25006,"Leptospermum trinervium"
-33.811977,150.25006,"Leptospermum trinervium"
-33.811867,151.129917,"Leptospermum trinervium"
-33.811528,151.121367,"Leptospermum trinervium"
-33.811178,151.127714,"Leptospermum trinervium"
-33.810997,151.127893,"Leptospermum trinervium"
-33.810803,151.26599,"Leptospermum trinervium"
-33.8105,151.1274,"Leptospermum trinervium"
-33.810265,151.127459,"Leptospermum trinervium"
-33.810152,151.127468,"Leptospermum trinervium"
-33.809972,151.143327,"Leptospermum trinervium"
-33.809972,151.143327,"Leptospermum trinervium"
-33.809646,150.266874,"Leptospermum trinervium"
-33.809531,151.27118,"Leptospermum trinervium"
-33.809098,150.461304,"Leptospermum trinervium"
-33.809061,151.270122,"Leptospermum trinervium"
-33.809037,150.288277,"Leptospermum trinervium"
-33.809037,150.288277,"Leptospermum trinervium"
-33.809013,151.274292,"Leptospermum trinervium"
-33.808795,150.393207,"Leptospermum trinervium"
-33.808795,150.393207,"Leptospermum trinervium"
-33.80868,151.246888,"Leptospermum trinervium"
-33.808473,151.247398,"Leptospermum trinervium"
-33.808323,151.269627,"Leptospermum trinervium"
-33.808127,151.133354,"Leptospermum trinervium"
-33.808015,151.13396,"Leptospermum trinervium"
-33.807932,151.26702,"Leptospermum trinervium"
-33.807484,151.162675,"Leptospermum trinervium"
-33.8074396,151.1225346,"Leptospermum trinervium"
-33.8074396,151.1225346,"Leptospermum trinervium"
-33.807418,151.133905,"Leptospermum trinervium"
-33.807301,151.133903,"Leptospermum trinervium"
-33.807139,151.16252,"Leptospermum trinervium"
-33.806803,151.143699,"Leptospermum trinervium"
-33.806739,151.154492,"Leptospermum trinervium"
-33.806214,150.576941,"Leptospermum trinervium"
-33.806214,150.576941,"Leptospermum trinervium"
-33.806214,150.576941,"Leptospermum trinervium"
-33.80609,150.269147,"Leptospermum trinervium"
-33.80599,151.01102,"Leptospermum trinervium"
-33.805934,150.517548,"Leptospermum trinervium"
-33.805934,150.517548,"Leptospermum trinervium"
-33.80518,151.13062,"Leptospermum trinervium"
-33.80516,151.010901,"Leptospermum trinervium"
-33.80515,151.010911,"Leptospermum trinervium"
-33.80491,150.391964,"Leptospermum trinervium"
-33.80491,150.391964,"Leptospermum trinervium"
-33.804333,151.1416,"Leptospermum trinervium"
-33.80265,151.142616,"Leptospermum trinervium"
-33.802387,150.285139,"Leptospermum trinervium"
-33.802352,150.518731,"Leptospermum trinervium"
-33.802352,150.518731,"Leptospermum trinervium"
-33.802352,150.518731,"Leptospermum trinervium"
-33.801787,150.460894,"Leptospermum trinervium"
-33.801566,150.353113,"Leptospermum trinervium"
-33.801566,150.353113,"Leptospermum trinervium"
-33.801566,150.353113,"Leptospermum trinervium"
-33.801378,150.611886,"Leptospermum trinervium"
-33.801283,150.555481,"Leptospermum trinervium"
-33.801179,151.23594,"Leptospermum trinervium"
-33.800479,150.611543,"Leptospermum trinervium"
-33.800479,150.611543,"Leptospermum trinervium"
-33.8,151.0167,"Leptospermum trinervium"
-33.8,151.2167,"Leptospermum trinervium"
-33.8,151.283333,"Leptospermum trinervium"
-33.8,151.2333,"Leptospermum trinervium"
-33.8,151.0167,"Leptospermum trinervium"
-33.8,151.2667,"Leptospermum trinervium"
-33.8,151.2667,"Leptospermum trinervium"
-33.8,151.183333,"Leptospermum trinervium"
-33.799992,150.404132,"Leptospermum trinervium"
-33.799992,150.404132,"Leptospermum trinervium"
-33.799992,150.404132,"Leptospermum trinervium"
-33.79995,151.250979,"Leptospermum trinervium"
-33.799862,151.142853,"Leptospermum trinervium"
-33.799469,151.143272,"Leptospermum trinervium"
-33.79903,150.572424,"Leptospermum trinervium"
-33.79903,150.572424,"Leptospermum trinervium"
-33.798843,150.564795,"Leptospermum trinervium"
-33.798843,150.564795,"Leptospermum trinervium"
-33.798843,150.564795,"Leptospermum trinervium"
-33.79858,150.592729,"Leptospermum trinervium"
-33.79858,150.592729,"Leptospermum trinervium"
-33.798529,151.150781,"Leptospermum trinervium"
-33.798228,150.459239,"Leptospermum trinervium"
-33.797818,150.460352,"Leptospermum trinervium"
-33.797818,150.460352,"Leptospermum trinervium"
-33.797548,150.46036,"Leptospermum trinervium"
-33.797548,150.46036,"Leptospermum trinervium"
-33.79726,151.03635,"Leptospermum trinervium"
-33.797217,151.146878,"Leptospermum trinervium"
-33.797123,150.588299,"Leptospermum trinervium"
-33.797123,150.588299,"Leptospermum trinervium"
-33.796841,150.591374,"Leptospermum trinervium"
-33.796663,151.154827,"Leptospermum trinervium"
-33.79643,151.14853,"Leptospermum trinervium"
-33.796417,150.458418,"Leptospermum trinervium"
-33.796141,150.392565,"Leptospermum trinervium"
-33.795939,150.250076,"Leptospermum trinervium"
-33.79506,151.036609,"Leptospermum trinervium"
-33.794951,151.220123,"Leptospermum trinervium"
-33.794951,151.220123,"Leptospermum trinervium"
-33.7949,151.21945,"Leptospermum trinervium"
-33.794829,151.149975,"Leptospermum trinervium"
-33.7948,150.234229,"Leptospermum trinervium"
-33.794787,151.222461,"Leptospermum trinervium"
-33.794725,151.220382,"Leptospermum trinervium"
-33.794677,151.039676,"Leptospermum trinervium"
-33.7946611,151.2097551,"Leptospermum trinervium"
-33.794636,150.462131,"Leptospermum trinervium"
-33.794633,151.217895,"Leptospermum trinervium"
-33.794501,150.461725,"Leptospermum trinervium"
-33.794501,150.461725,"Leptospermum trinervium"
-33.794432,151.144573,"Leptospermum trinervium"
-33.794333,151.145483,"Leptospermum trinervium"
-33.794333,151.145483,"Leptospermum trinervium"
-33.794234,150.461009,"Leptospermum trinervium"
-33.794234,150.461009,"Leptospermum trinervium"
-33.794227,151.217449,"Leptospermum trinervium"
-33.793844,151.037932,"Leptospermum trinervium"
-33.793785,150.45801,"Leptospermum trinervium"
-33.793752,151.144296,"Leptospermum trinervium"
-33.793707,150.259564,"Leptospermum trinervium"
-33.7937,151.1549,"Leptospermum trinervium"
-33.7937,151.1549,"Leptospermum trinervium"
-33.793432,151.146992,"Leptospermum trinervium"
-33.79341,150.630217,"Leptospermum trinervium"
-33.79341,150.630217,"Leptospermum trinervium"
-33.793367,151.145683,"Leptospermum trinervium"
-33.793367,151.145683,"Leptospermum trinervium"
-33.793229,150.461654,"Leptospermum trinervium"
-33.793229,150.461654,"Leptospermum trinervium"
-33.79308,151.166115,"Leptospermum trinervium"
-33.792015,150.262932,"Leptospermum trinervium"
-33.792015,150.262932,"Leptospermum trinervium"
-33.791328,151.228347,"Leptospermum trinervium"
-33.791227,150.603075,"Leptospermum trinervium"
-33.790909,151.1604,"Leptospermum trinervium"
-33.790909,151.160411,"Leptospermum trinervium"
-33.790751,151.149253,"Leptospermum trinervium"
-33.790697,151.150036,"Leptospermum trinervium"
-33.790639,151.158608,"Leptospermum trinervium"
-33.790579,151.164269,"Leptospermum trinervium"
-33.790577,151.158397,"Leptospermum trinervium"
-33.790514,151.009563,"Leptospermum trinervium"
-33.790511,151.006954,"Leptospermum trinervium"
-33.790511,151.006954,"Leptospermum trinervium"
-33.790217,151.216422,"Leptospermum trinervium"
-33.790205,151.256379,"Leptospermum trinervium"
-33.790194,151.00925,"Leptospermum trinervium"
-33.790194,151.009167,"Leptospermum trinervium"
-33.790194,151.00925,"Leptospermum trinervium"
-33.789924,151.237143,"Leptospermum trinervium"
-33.789802,151.146088,"Leptospermum trinervium"
-33.789081,150.987889,"Leptospermum trinervium"
-33.78879,151.008847,"Leptospermum trinervium"
-33.788719,151.008606,"Leptospermum trinervium"
-33.78824,151.008319,"Leptospermum trinervium"
-33.788179,151.226441,"Leptospermum trinervium"
-33.788179,151.226441,"Leptospermum trinervium"
-33.787904,150.627054,"Leptospermum trinervium"
-33.787904,150.627054,"Leptospermum trinervium"
-33.787743,151.008385,"Leptospermum trinervium"
-33.78743,151.1456,"Leptospermum trinervium"
-33.78735,151.010637,"Leptospermum trinervium"
-33.787197,151.01065,"Leptospermum trinervium"
-33.786826,150.60864,"Leptospermum trinervium"
-33.786717,151.003731,"Leptospermum trinervium"
-33.786351,151.017002,"Leptospermum trinervium"
-33.786263,150.611237,"Leptospermum trinervium"
-33.786179,151.004123,"Leptospermum trinervium"
-33.786055,150.260067,"Leptospermum trinervium"
-33.785455,151.146646,"Leptospermum trinervium"
-33.785128,151.114199,"Leptospermum trinervium"
-33.785036,151.114225,"Leptospermum trinervium"
-33.784973,150.618637,"Leptospermum trinervium"
-33.784973,150.618637,"Leptospermum trinervium"
-33.784917,151.259337,"Leptospermum trinervium"
-33.784297,151.01543,"Leptospermum trinervium"
-33.784169,151.019715,"Leptospermum trinervium"
-33.784153,151.141587,"Leptospermum trinervium"
-33.78407,151.14082,"Leptospermum trinervium"
-33.784012,151.259064,"Leptospermum trinervium"
-33.784012,151.259064,"Leptospermum trinervium"
-33.783893,150.243941,"Leptospermum trinervium"
-33.7837,151.1425,"Leptospermum trinervium"
-33.7837,151.1425,"Leptospermum trinervium"
-33.783558,151.018069,"Leptospermum trinervium"
-33.7834,151.1413,"Leptospermum trinervium"
-33.7834,151.1413,"Leptospermum trinervium"
-33.783333,151.283333,"Leptospermum trinervium"
-33.7833,150.9167,"Leptospermum trinervium"
-33.7833,151,"Leptospermum trinervium"
-33.7833,151.15,"Leptospermum trinervium"
-33.783272,150.591766,"Leptospermum trinervium"
-33.7831,151.142,"Leptospermum trinervium"
-33.7831,151.142,"Leptospermum trinervium"
-33.782981,151.258545,"Leptospermum trinervium"
-33.782698,151.236319,"Leptospermum trinervium"
-33.782684,150.993762,"Leptospermum trinervium"
-33.782647,151.257116,"Leptospermum trinervium"
-33.782647,151.257116,"Leptospermum trinervium"
-33.782603,151.235997,"Leptospermum trinervium"
-33.782518,150.609645,"Leptospermum trinervium"
-33.782397,151.229278,"Leptospermum trinervium"
-33.782321,150.377307,"Leptospermum trinervium"
-33.782321,150.377307,"Leptospermum trinervium"
-33.782136,150.993343,"Leptospermum trinervium"
-33.78202,151.08823,"Leptospermum trinervium"
-33.782017,151.138124,"Leptospermum trinervium"
-33.78196,151.1356,"Leptospermum trinervium"
-33.781864,151.142339,"Leptospermum trinervium"
-33.781827,151.016027,"Leptospermum trinervium"
-33.781271,151.017875,"Leptospermum trinervium"
-33.78124,150.637045,"Leptospermum trinervium"
-33.78124,150.637045,"Leptospermum trinervium"
-33.7808,150.99182,"Leptospermum trinervium"
-33.780768,150.992459,"Leptospermum trinervium"
-33.78075,150.970444,"Leptospermum trinervium"
-33.78075,150.970444,"Leptospermum trinervium"
-33.780747,151.018967,"Leptospermum trinervium"
-33.780649,151.087784,"Leptospermum trinervium"
-33.779925,151.017206,"Leptospermum trinervium"
-33.779867,151.240156,"Leptospermum trinervium"
-33.779626,150.628416,"Leptospermum trinervium"
-33.779568,151.135996,"Leptospermum trinervium"
-33.779433,151.134833,"Leptospermum trinervium"
-33.778712,151.140193,"Leptospermum trinervium"
-33.778389,151.234774,"Leptospermum trinervium"
-33.778318,151.23851,"Leptospermum trinervium"
-33.778264,151.032846,"Leptospermum trinervium"
-33.777639,151.128682,"Leptospermum trinervium"
-33.77755,151.128617,"Leptospermum trinervium"
-33.777361,151.1393,"Leptospermum trinervium"
-33.777361,151.1393,"Leptospermum trinervium"
-33.777247,151.24742,"Leptospermum trinervium"
-33.777106,151.247145,"Leptospermum trinervium"
-33.777038,150.631062,"Leptospermum trinervium"
-33.776781,151.238855,"Leptospermum trinervium"
-33.776712,150.119778,"Leptospermum trinervium"
-33.776695,151.22671,"Leptospermum trinervium"
-33.776503,151.138438,"Leptospermum trinervium"
-33.7765,151.25419,"Leptospermum trinervium"
-33.776483,151.13745,"Leptospermum trinervium"
-33.776398,151.225478,"Leptospermum trinervium"
-33.775918,151.098539,"Leptospermum trinervium"
-33.775866,150.438653,"Leptospermum trinervium"
-33.775866,150.438653,"Leptospermum trinervium"
-33.775787,151.005863,"Leptospermum trinervium"
-33.775599,151.092836,"Leptospermum trinervium"
-33.775593,151.005004,"Leptospermum trinervium"
-33.775459,150.440317,"Leptospermum trinervium"
-33.775459,150.440317,"Leptospermum trinervium"
-33.775326,150.304994,"Leptospermum trinervium"
-33.775263,151.138691,"Leptospermum trinervium"
-33.775175,150.26335,"Leptospermum trinervium"
-33.775158,151.005986,"Leptospermum trinervium"
-33.775102,150.508721,"Leptospermum trinervium"
-33.774939,151.092544,"Leptospermum trinervium"
-33.774848,151.138106,"Leptospermum trinervium"
-33.774815,151.251973,"Leptospermum trinervium"
-33.7747,151.0947,"Leptospermum trinervium"
-33.7747,151.0947,"Leptospermum trinervium"
-33.774595,151.124495,"Leptospermum trinervium"
-33.774519,150.436285,"Leptospermum trinervium"
-33.774519,150.436285,"Leptospermum trinervium"
-33.774265,151.13773,"Leptospermum trinervium"
-33.774186,150.442597,"Leptospermum trinervium"
-33.774147,151.004821,"Leptospermum trinervium"
-33.773958,151.127554,"Leptospermum trinervium"
-33.773956,151.094805,"Leptospermum trinervium"
-33.77383,151.09563,"Leptospermum trinervium"
-33.773609,151.133101,"Leptospermum trinervium"
-33.773374,151.236452,"Leptospermum trinervium"
-33.773337,150.61987,"Leptospermum trinervium"
-33.773271,151.005293,"Leptospermum trinervium"
-33.773108,151.138695,"Leptospermum trinervium"
-33.772888,151.275933,"Leptospermum trinervium"
-33.772844,151.124285,"Leptospermum trinervium"
-33.772717,151.1235,"Leptospermum trinervium"
-33.772623,150.461633,"Leptospermum trinervium"
-33.772563,150.437175,"Leptospermum trinervium"
-33.772563,150.437175,"Leptospermum trinervium"
-33.772483,151.095724,"Leptospermum trinervium"
-33.772454,151.133018,"Leptospermum trinervium"
-33.772218,151.228962,"Leptospermum trinervium"
-33.77215,151.124317,"Leptospermum trinervium"
-33.772142,151.094989,"Leptospermum trinervium"
-33.771716,150.634893,"Leptospermum trinervium"
-33.771213,150.614278,"Leptospermum trinervium"
-33.771018,150.462789,"Leptospermum trinervium"
-33.77082,151.128724,"Leptospermum trinervium"
-33.770368,150.296784,"Leptospermum trinervium"
-33.77031,150.610169,"Leptospermum trinervium"
-33.769814,151.142156,"Leptospermum trinervium"
-33.769599,151.199376,"Leptospermum trinervium"
-33.76959,151.222104,"Leptospermum trinervium"
-33.769551,151.263042,"Leptospermum trinervium"
-33.769444,151.119444,"Leptospermum trinervium"
-33.7694,151.11742,"Leptospermum trinervium"
-33.7694,151.11742,"Leptospermum trinervium"
-33.769331,151.119555,"Leptospermum trinervium"
-33.769255,151.220811,"Leptospermum trinervium"
-33.769243,151.130032,"Leptospermum trinervium"
-33.768626,150.486027,"Leptospermum trinervium"
-33.7686,151.118817,"Leptospermum trinervium"
-33.7686,151.118817,"Leptospermum trinervium"
-33.768356,151.120291,"Leptospermum trinervium"
-33.76806,151.115014,"Leptospermum trinervium"
-33.768,151.12953,"Leptospermum trinervium"
-33.767874,151.121209,"Leptospermum trinervium"
-33.76784,151.097201,"Leptospermum trinervium"
-33.7677,150.96581,"Leptospermum trinervium"
-33.7677,150.385695,"Leptospermum trinervium"
-33.767099,150.615169,"Leptospermum trinervium"
-33.76697,151.09546,"Leptospermum trinervium"
-33.766854,150.612846,"Leptospermum trinervium"
-33.766771,151.096867,"Leptospermum trinervium"
-33.7667,150.6167,"Leptospermum trinervium"
-33.7667,151.1667,"Leptospermum trinervium"
-33.7667,151.0833,"Leptospermum trinervium"
-33.7667,151.0167,"Leptospermum trinervium"
-33.766667,151.25,"Leptospermum trinervium"
-33.766667,150.616667,"Leptospermum trinervium"
-33.766604,151.094631,"Leptospermum trinervium"
-33.766601,151.119347,"Leptospermum trinervium"
-33.766506,151.122599,"Leptospermum trinervium"
-33.766465,151.005442,"Leptospermum trinervium"
-33.766262,151.095896,"Leptospermum trinervium"
-33.766259,151.098055,"Leptospermum trinervium"
-33.766182,151.007414,"Leptospermum trinervium"
-33.76617,151.007824,"Leptospermum trinervium"
-33.76614,151.098055,"Leptospermum trinervium"
-33.766047,151.260237,"Leptospermum trinervium"
-33.765937,151.262575,"Leptospermum trinervium"
-33.765815,151.008145,"Leptospermum trinervium"
-33.765804,151.009128,"Leptospermum trinervium"
-33.765797,151.097625,"Leptospermum trinervium"
-33.765797,151.097625,"Leptospermum trinervium"
-33.765779,151.062008,"Leptospermum trinervium"
-33.765707,151.009865,"Leptospermum trinervium"
-33.765687,151.098959,"Leptospermum trinervium"
-33.765662,151.008764,"Leptospermum trinervium"
-33.765563,151.122693,"Leptospermum trinervium"
-33.765393,150.411157,"Leptospermum trinervium"
-33.765393,150.411157,"Leptospermum trinervium"
-33.76525,151.01239,"Leptospermum trinervium"
-33.765236,151.120888,"Leptospermum trinervium"
-33.765217,150.408798,"Leptospermum trinervium"
-33.765119,150.378735,"Leptospermum trinervium"
-33.765119,150.378735,"Leptospermum trinervium"
-33.765119,150.378735,"Leptospermum trinervium"
-33.765073,151.008448,"Leptospermum trinervium"
-33.765022,151.23019,"Leptospermum trinervium"
-33.7649,150.412575,"Leptospermum trinervium"
-33.7649,150.412575,"Leptospermum trinervium"
-33.76484,151.231653,"Leptospermum trinervium"
-33.764695,151.002117,"Leptospermum trinervium"
-33.7646647,150.6239307,"Leptospermum trinervium"
-33.7646,151.101433,"Leptospermum trinervium"
-33.7646,151.101433,"Leptospermum trinervium"
-33.764477,151.231635,"Leptospermum trinervium"
-33.764477,151.231635,"Leptospermum trinervium"
-33.764433,151.099083,"Leptospermum trinervium"
-33.764433,151.099083,"Leptospermum trinervium"
-33.764258,151.005683,"Leptospermum trinervium"
-33.764238,151.02957,"Leptospermum trinervium"
-33.764097,151.228589,"Leptospermum trinervium"
-33.764035,150.405337,"Leptospermum trinervium"
-33.763874,151.063419,"Leptospermum trinervium"
-33.763758,150.381734,"Leptospermum trinervium"
-33.76375,151.08418,"Leptospermum trinervium"
-33.76375,151.119656,"Leptospermum trinervium"
-33.76372,151.11095,"Leptospermum trinervium"
-33.76372,151.11095,"Leptospermum trinervium"
-33.763677,151.232407,"Leptospermum trinervium"
-33.76348,151.11025,"Leptospermum trinervium"
-33.76348,151.11025,"Leptospermum trinervium"
-33.763354,151.254268,"Leptospermum trinervium"
-33.763354,151.254268,"Leptospermum trinervium"
-33.763354,151.109831,"Leptospermum trinervium"
-33.76335,151.101033,"Leptospermum trinervium"
-33.76335,151.106183,"Leptospermum trinervium"
-33.76335,151.101033,"Leptospermum trinervium"
-33.763265,151.026431,"Leptospermum trinervium"
-33.763265,151.026431,"Leptospermum trinervium"
-33.76316,151.024747,"Leptospermum trinervium"
-33.763118,150.410135,"Leptospermum trinervium"
-33.763075,150.351253,"Leptospermum trinervium"
-33.763075,150.351253,"Leptospermum trinervium"
-33.763016,151.024772,"Leptospermum trinervium"
-33.762983,151.1072,"Leptospermum trinervium"
-33.762721,151.033362,"Leptospermum trinervium"
-33.762629,151.02369,"Leptospermum trinervium"
-33.7625,151.175,"Leptospermum trinervium"
-33.76247,151.02299,"Leptospermum trinervium"
-33.762273,151.119366,"Leptospermum trinervium"
-33.76223,151.106508,"Leptospermum trinervium"
-33.762182,151.099624,"Leptospermum trinervium"
-33.762128,151.245934,"Leptospermum trinervium"
-33.762128,151.245934,"Leptospermum trinervium"
-33.762068,151.0101,"Leptospermum trinervium"
-33.762057,151.034154,"Leptospermum trinervium"
-33.761823,150.402187,"Leptospermum trinervium"
-33.761823,150.402187,"Leptospermum trinervium"
-33.761787,151.255297,"Leptospermum trinervium"
-33.761549,151.12019,"Leptospermum trinervium"
-33.761549,151.12019,"Leptospermum trinervium"
-33.761489,151.110345,"Leptospermum trinervium"
-33.761489,151.110345,"Leptospermum trinervium"
-33.761437,151.232194,"Leptospermum trinervium"
-33.761362,151.232638,"Leptospermum trinervium"
-33.761315,151.107207,"Leptospermum trinervium"
-33.761315,151.107207,"Leptospermum trinervium"
-33.761259,151.14233,"Leptospermum trinervium"
-33.761194,151.083703,"Leptospermum trinervium"
-33.761151,151.117704,"Leptospermum trinervium"
-33.761056,150.96518,"Leptospermum trinervium"
-33.760922,151.107008,"Leptospermum trinervium"
-33.76092,151.082333,"Leptospermum trinervium"
-33.760891,150.965208,"Leptospermum trinervium"
-33.760739,150.346177,"Leptospermum trinervium"
-33.760739,150.346177,"Leptospermum trinervium"
-33.76063,151.03674,"Leptospermum trinervium"
-33.76062,151.24423,"Leptospermum trinervium"
-33.760583,151.009621,"Leptospermum trinervium"
-33.760496,151.241885,"Leptospermum trinervium"
-33.760381,151.242932,"Leptospermum trinervium"
-33.76015,151.027862,"Leptospermum trinervium"
-33.760102,150.373868,"Leptospermum trinervium"
-33.760049,150.266292,"Leptospermum trinervium"
-33.760001,151.122156,"Leptospermum trinervium"
-33.760001,151.122156,"Leptospermum trinervium"
-33.759996,151.11784,"Leptospermum trinervium"
-33.759951,151.191427,"Leptospermum trinervium"
-33.75988,150.6387,"Leptospermum trinervium"
-33.759825,151.007628,"Leptospermum trinervium"
-33.759405,151.117959,"Leptospermum trinervium"
-33.759405,151.117959,"Leptospermum trinervium"
-33.759336,150.966387,"Leptospermum trinervium"
-33.759247,151.067469,"Leptospermum trinervium"
-33.759179,150.965095,"Leptospermum trinervium"
-33.759179,150.965095,"Leptospermum trinervium"
-33.759179,150.965095,"Leptospermum trinervium"
-33.759006,151.239414,"Leptospermum trinervium"
-33.758878,150.965955,"Leptospermum trinervium"
-33.758835,150.965235,"Leptospermum trinervium"
-33.758835,150.965235,"Leptospermum trinervium"
-33.758345,151.118198,"Leptospermum trinervium"
-33.758345,151.118198,"Leptospermum trinervium"
-33.75831,151.082437,"Leptospermum trinervium"
-33.758057,151.066249,"Leptospermum trinervium"
-33.758057,151.066249,"Leptospermum trinervium"
-33.75767,151.05685,"Leptospermum trinervium"
-33.757384,151.102047,"Leptospermum trinervium"
-33.75708,151.116865,"Leptospermum trinervium"
-33.75708,151.116865,"Leptospermum trinervium"
-33.757024,151.020843,"Leptospermum trinervium"
-33.7569622,151.1759364,"Leptospermum trinervium"
-33.756937,151.163052,"Leptospermum trinervium"
-33.756713,151.118827,"Leptospermum trinervium"
-33.756713,151.118827,"Leptospermum trinervium"
-33.756657,151.181249,"Leptospermum trinervium"
-33.756525,151.100869,"Leptospermum trinervium"
-33.756264,151.169524,"Leptospermum trinervium"
-33.756241,151.251228,"Leptospermum trinervium"
-33.75616,151.015592,"Leptospermum trinervium"
-33.756101,151.100088,"Leptospermum trinervium"
-33.75588,151.100506,"Leptospermum trinervium"
-33.755687,151.008695,"Leptospermum trinervium"
-33.755663,151.118548,"Leptospermum trinervium"
-33.755663,151.118548,"Leptospermum trinervium"
-33.755646,151.268181,"Leptospermum trinervium"
-33.755614,150.379067,"Leptospermum trinervium"
-33.755586,151.009931,"Leptospermum trinervium"
-33.75554,151.255852,"Leptospermum trinervium"
-33.755345,151.009094,"Leptospermum trinervium"
-33.755299,151.058149,"Leptospermum trinervium"
-33.755269,150.268214,"Leptospermum trinervium"
-33.755269,150.268214,"Leptospermum trinervium"
-33.755244,150.486284,"Leptospermum trinervium"
-33.754616,150.521187,"Leptospermum trinervium"
-33.754471,151.016744,"Leptospermum trinervium"
-33.754423,151.097535,"Leptospermum trinervium"
-33.754421,150.511479,"Leptospermum trinervium"
-33.754421,150.511479,"Leptospermum trinervium"
-33.754404,151.101326,"Leptospermum trinervium"
-33.754286,150.267407,"Leptospermum trinervium"
-33.754194,150.634025,"Leptospermum trinervium"
-33.754194,150.634025,"Leptospermum trinervium"
-33.754006,150.374659,"Leptospermum trinervium"
-33.753912,151.099117,"Leptospermum trinervium"
-33.753717,150.375067,"Leptospermum trinervium"
-33.753486,151.103786,"Leptospermum trinervium"
-33.753352,151.083904,"Leptospermum trinervium"
-33.753301,151.090974,"Leptospermum trinervium"
-33.753159,151.188067,"Leptospermum trinervium"
-33.752997,151.092876,"Leptospermum trinervium"
-33.752862,151.184559,"Leptospermum trinervium"
-33.752855,151.090736,"Leptospermum trinervium"
-33.752778,150.094444,"Leptospermum trinervium"
-33.752778,151.094444,"Leptospermum trinervium"
-33.752778,151.083333,"Leptospermum trinervium"
-33.752778,150.083333,"Leptospermum trinervium"
-33.752778,150.083333,"Leptospermum trinervium"
-33.752778,151.083333,"Leptospermum trinervium"
-33.752713,151.116129,"Leptospermum trinervium"
-33.752432,151.010497,"Leptospermum trinervium"
-33.752337,151.163528,"Leptospermum trinervium"
-33.752294,151.166467,"Leptospermum trinervium"
-33.752154,151.092815,"Leptospermum trinervium"
-33.752154,151.092815,"Leptospermum trinervium"
-33.752124,151.087397,"Leptospermum trinervium"
-33.752086,150.529895,"Leptospermum trinervium"
-33.752086,150.529895,"Leptospermum trinervium"
-33.752086,150.529895,"Leptospermum trinervium"
-33.752018,151.234989,"Leptospermum trinervium"
-33.752005,151.116976,"Leptospermum trinervium"
-33.752,150.52558,"Leptospermum trinervium"
-33.752,150.52558,"Leptospermum trinervium"
-33.752,150.52558,"Leptospermum trinervium"
-33.751916,151.006461,"Leptospermum trinervium"
-33.7518838,151.0833677,"Leptospermum trinervium"
-33.751854,151.085766,"Leptospermum trinervium"
-33.751822,150.341541,"Leptospermum trinervium"
-33.751822,150.341541,"Leptospermum trinervium"
-33.751803,151.084703,"Leptospermum trinervium"
-33.751624,151.108658,"Leptospermum trinervium"
-33.751604,150.375567,"Leptospermum trinervium"
-33.751332,151.18783,"Leptospermum trinervium"
-33.751196,151.095623,"Leptospermum trinervium"
-33.751143,151.232481,"Leptospermum trinervium"
-33.751091,151.167249,"Leptospermum trinervium"
-33.751091,151.167249,"Leptospermum trinervium"
-33.750716,151.232285,"Leptospermum trinervium"
-33.750584,151.233108,"Leptospermum trinervium"
-33.750568,151.197238,"Leptospermum trinervium"
-33.750545,151.167358,"Leptospermum trinervium"
-33.750482,151.090928,"Leptospermum trinervium"
-33.750347,150.247152,"Leptospermum trinervium"
-33.750063,151.231985,"Leptospermum trinervium"
-33.75,151.0833,"Leptospermum trinervium"
-33.75,151.033333,"Leptospermum trinervium"
-33.75,151.116667,"Leptospermum trinervium"
-33.75,151.0833,"Leptospermum trinervium"
-33.75,151.233333,"Leptospermum trinervium"
-33.75,151.233333,"Leptospermum trinervium"
-33.75,151.216667,"Leptospermum trinervium"
-33.75,151.116667,"Leptospermum trinervium"
-33.749993,151.087228,"Leptospermum trinervium"
-33.749891,151.097905,"Leptospermum trinervium"
-33.749876,151.094019,"Leptospermum trinervium"
-33.749825,151.077385,"Leptospermum trinervium"
-33.749814,151.077234,"Leptospermum trinervium"
-33.74976,151.234787,"Leptospermum trinervium"
-33.749757,151.23478,"Leptospermum trinervium"
-33.749734,151.077301,"Leptospermum trinervium"
-33.749722,151.079722,"Leptospermum trinervium"
-33.74971,151.077485,"Leptospermum trinervium"
-33.749651,151.077195,"Leptospermum trinervium"
-33.749604,151.096832,"Leptospermum trinervium"
-33.749601,151.077477,"Leptospermum trinervium"
-33.749594,151.077574,"Leptospermum trinervium"
-33.749577,151.077099,"Leptospermum trinervium"
-33.749566,151.07697,"Leptospermum trinervium"
-33.749527,151.077349,"Leptospermum trinervium"
-33.749501,151.077371,"Leptospermum trinervium"
-33.749492,151.077425,"Leptospermum trinervium"
-33.749444,151.093102,"Leptospermum trinervium"
-33.74932,150.63608,"Leptospermum trinervium"
-33.74932,150.63608,"Leptospermum trinervium"
-33.749183,151.077259,"Leptospermum trinervium"
-33.749127,151.076622,"Leptospermum trinervium"
-33.748717,151.200785,"Leptospermum trinervium"
-33.748711,151.076633,"Leptospermum trinervium"
-33.748706,151.124756,"Leptospermum trinervium"
-33.748706,151.124756,"Leptospermum trinervium"
-33.748429,150.584498,"Leptospermum trinervium"
-33.748423,151.084489,"Leptospermum trinervium"
-33.748292,150.647924,"Leptospermum trinervium"
-33.748242,150.375385,"Leptospermum trinervium"
-33.748231,151.177311,"Leptospermum trinervium"
-33.748091,150.375868,"Leptospermum trinervium"
-33.748037,150.375767,"Leptospermum trinervium"
-33.747811,150.62921,"Leptospermum trinervium"
-33.747638,151.122739,"Leptospermum trinervium"
-33.747638,151.122739,"Leptospermum trinervium"
-33.747561,151.087369,"Leptospermum trinervium"
-33.747385,151.261823,"Leptospermum trinervium"
-33.747385,151.261823,"Leptospermum trinervium"
-33.747279,151.121635,"Leptospermum trinervium"
-33.747279,151.121635,"Leptospermum trinervium"
-33.747264,151.090344,"Leptospermum trinervium"
-33.747176,151.261741,"Leptospermum trinervium"
-33.747176,151.261741,"Leptospermum trinervium"
-33.747176,151.261741,"Leptospermum trinervium"
-33.747158,151.261126,"Leptospermum trinervium"
-33.747158,151.261126,"Leptospermum trinervium"
-33.747157,151.26227,"Leptospermum trinervium"
-33.747157,151.26227,"Leptospermum trinervium"
-33.747127,151.213446,"Leptospermum trinervium"
-33.746999,151.213177,"Leptospermum trinervium"
-33.746974,151.127103,"Leptospermum trinervium"
-33.746931,151.235095,"Leptospermum trinervium"
-33.746931,151.235095,"Leptospermum trinervium"
-33.746911,151.262135,"Leptospermum trinervium"
-33.746911,151.262135,"Leptospermum trinervium"
-33.746911,151.262135,"Leptospermum trinervium"
-33.746895,151.25539,"Leptospermum trinervium"
-33.746815,151.262047,"Leptospermum trinervium"
-33.746808,151.088042,"Leptospermum trinervium"
-33.746803,151.261522,"Leptospermum trinervium"
-33.746737,151.262581,"Leptospermum trinervium"
-33.746696,151.261589,"Leptospermum trinervium"
-33.746653,151.124347,"Leptospermum trinervium"
-33.746653,151.124347,"Leptospermum trinervium"
-33.746638,150.481614,"Leptospermum trinervium"
-33.746556,151.189753,"Leptospermum trinervium"
-33.746481,151.236895,"Leptospermum trinervium"
-33.74647,151.262856,"Leptospermum trinervium"
-33.74647,151.262856,"Leptospermum trinervium"
-33.74643,150.632383,"Leptospermum trinervium"
-33.746306,151.189611,"Leptospermum trinervium"
-33.746262,151.096055,"Leptospermum trinervium"
-33.746254,151.263497,"Leptospermum trinervium"
-33.746254,151.263497,"Leptospermum trinervium"
-33.746254,151.263497,"Leptospermum trinervium"
-33.746254,151.263497,"Leptospermum trinervium"
-33.74623,151.117787,"Leptospermum trinervium"
-33.746221,151.117248,"Leptospermum trinervium"
-33.746196,151.261966,"Leptospermum trinervium"
-33.746158,150.631058,"Leptospermum trinervium"
-33.746086,151.262465,"Leptospermum trinervium"
-33.746019,151.26347,"Leptospermum trinervium"
-33.746005,151.255961,"Leptospermum trinervium"
-33.745988,151.261905,"Leptospermum trinervium"
-33.74598,150.12735,"Leptospermum trinervium"
-33.745952,150.631815,"Leptospermum trinervium"
-33.745912,151.187188,"Leptospermum trinervium"
-33.745861,151.26125,"Leptospermum trinervium"
-33.745836,150.388603,"Leptospermum trinervium"
-33.745719,151.11992,"Leptospermum trinervium"
-33.745719,151.11992,"Leptospermum trinervium"
-33.745719,151.11992,"Leptospermum trinervium"
-33.745611,151.185056,"Leptospermum trinervium"
-33.745566,151.084102,"Leptospermum trinervium"
-33.745551,151.258939,"Leptospermum trinervium"
-33.745501,151.252193,"Leptospermum trinervium"
-33.745333,151.188167,"Leptospermum trinervium"
-33.745186,151.2562,"Leptospermum trinervium"
-33.745072,151.265346,"Leptospermum trinervium"
-33.745032,151.121873,"Leptospermum trinervium"
-33.744917,151.182472,"Leptospermum trinervium"
-33.744864,151.26468,"Leptospermum trinervium"
-33.744789,151.260623,"Leptospermum trinervium"
-33.744789,151.260623,"Leptospermum trinervium"
-33.744768,151.12142,"Leptospermum trinervium"
-33.744768,151.12142,"Leptospermum trinervium"
-33.74471,151.234887,"Leptospermum trinervium"
-33.744512,151.264061,"Leptospermum trinervium"
-33.744463,150.600263,"Leptospermum trinervium"
-33.744463,150.600263,"Leptospermum trinervium"
-33.744394,151.175994,"Leptospermum trinervium"
-33.744361,151.10144,"Leptospermum trinervium"
-33.744042,150.637081,"Leptospermum trinervium"
-33.744001,151.179888,"Leptospermum trinervium"
-33.743875,151.264916,"Leptospermum trinervium"
-33.743816,151.122822,"Leptospermum trinervium"
-33.743816,151.122822,"Leptospermum trinervium"
-33.743438,151.265728,"Leptospermum trinervium"
-33.743438,151.265728,"Leptospermum trinervium"
-33.743403,151.077809,"Leptospermum trinervium"
-33.7433,151.076977,"Leptospermum trinervium"
-33.743218,151.1244,"Leptospermum trinervium"
-33.743198,151.257827,"Leptospermum trinervium"
-33.743171,151.259297,"Leptospermum trinervium"
-33.743171,151.259297,"Leptospermum trinervium"
-33.743083,151.178889,"Leptospermum trinervium"
-33.743039,150.483748,"Leptospermum trinervium"
-33.743039,150.483748,"Leptospermum trinervium"
-33.742842,151.128922,"Leptospermum trinervium"
-33.742776,151.257592,"Leptospermum trinervium"
-33.742617,151.235497,"Leptospermum trinervium"
-33.742617,151.235497,"Leptospermum trinervium"
-33.74259,150.642711,"Leptospermum trinervium"
-33.742458,150.382558,"Leptospermum trinervium"
-33.742278,150.64031,"Leptospermum trinervium"
-33.742278,150.64031,"Leptospermum trinervium"
-33.742248,150.257555,"Leptospermum trinervium"
-33.742052,151.129585,"Leptospermum trinervium"
-33.742052,151.129585,"Leptospermum trinervium"
-33.741976,150.373065,"Leptospermum trinervium"
-33.741695,151.151887,"Leptospermum trinervium"
-33.741631,150.383554,"Leptospermum trinervium"
-33.741618,151.078457,"Leptospermum trinervium"
-33.741216,150.380545,"Leptospermum trinervium"
-33.741187,150.383453,"Leptospermum trinervium"
-33.741105,150.477329,"Leptospermum trinervium"
-33.741105,150.477329,"Leptospermum trinervium"
-33.741082,151.202044,"Leptospermum trinervium"
-33.741082,151.202044,"Leptospermum trinervium"
-33.741019,150.613277,"Leptospermum trinervium"
-33.740995,151.205407,"Leptospermum trinervium"
-33.740995,151.205407,"Leptospermum trinervium"
-33.740701,150.371582,"Leptospermum trinervium"
-33.74069,151.259001,"Leptospermum trinervium"
-33.740613,150.252147,"Leptospermum trinervium"
-33.740405,150.37213,"Leptospermum trinervium"
-33.740405,151.088022,"Leptospermum trinervium"
-33.740226,151.087672,"Leptospermum trinervium"
-33.740185,151.089141,"Leptospermum trinervium"
-33.740096,150.577276,"Leptospermum trinervium"
-33.740071,151.244289,"Leptospermum trinervium"
-33.740055,151.187527,"Leptospermum trinervium"
-33.74003,151.254416,"Leptospermum trinervium"
-33.740013,150.614614,"Leptospermum trinervium"
-33.740008,151.264264,"Leptospermum trinervium"
-33.7398,150.2802,"Leptospermum trinervium"
-33.739544,151.086531,"Leptospermum trinervium"
-33.739381,150.372717,"Leptospermum trinervium"
-33.738955,151.086075,"Leptospermum trinervium"
-33.73894,151.12068,"Leptospermum trinervium"
-33.738582,150.446925,"Leptospermum trinervium"
-33.738566,151.087676,"Leptospermum trinervium"
-33.73844,151.093508,"Leptospermum trinervium"
-33.738358,150.475251,"Leptospermum trinervium"
-33.738116,151.112598,"Leptospermum trinervium"
-33.738,150.4532,"Leptospermum trinervium"
-33.737961,150.250451,"Leptospermum trinervium"
-33.737856,151.08518,"Leptospermum trinervium"
-33.737853,151.086244,"Leptospermum trinervium"
-33.737813,150.279947,"Leptospermum trinervium"
-33.737647,150.61769,"Leptospermum trinervium"
-33.737256,151.086831,"Leptospermum trinervium"
-33.737139,151.08966,"Leptospermum trinervium"
-33.736938,150.619742,"Leptospermum trinervium"
-33.736685,151.26908,"Leptospermum trinervium"
-33.736679,151.194349,"Leptospermum trinervium"
-33.736641,151.257586,"Leptospermum trinervium"
-33.7366,150.477461,"Leptospermum trinervium"
-33.736329,151.118538,"Leptospermum trinervium"
-33.736055,151.222164,"Leptospermum trinervium"
-33.735864,151.178441,"Leptospermum trinervium"
-33.735853,150.411355,"Leptospermum trinervium"
-33.735834,151.101507,"Leptospermum trinervium"
-33.735734,151.261069,"Leptospermum trinervium"
-33.73573,151.261056,"Leptospermum trinervium"
-33.73565,150.449019,"Leptospermum trinervium"
-33.73565,150.449019,"Leptospermum trinervium"
-33.73565,150.449019,"Leptospermum trinervium"
-33.735578,150.461919,"Leptospermum trinervium"
-33.735557,150.268041,"Leptospermum trinervium"
-33.735413,151.178195,"Leptospermum trinervium"
-33.735404,150.636109,"Leptospermum trinervium"
-33.735268,150.463072,"Leptospermum trinervium"
-33.735268,150.463072,"Leptospermum trinervium"
-33.735231,151.238442,"Leptospermum trinervium"
-33.735216,151.236143,"Leptospermum trinervium"
-33.7352,150.2822,"Leptospermum trinervium"
-33.734914,150.314895,"Leptospermum trinervium"
-33.734769,150.389044,"Leptospermum trinervium"
-33.73468,150.463413,"Leptospermum trinervium"
-33.73468,150.463413,"Leptospermum trinervium"
-33.734287,150.314912,"Leptospermum trinervium"
-33.734203,150.379562,"Leptospermum trinervium"
-33.734192,150.314955,"Leptospermum trinervium"
-33.734144,151.24889,"Leptospermum trinervium"
-33.734093,150.314774,"Leptospermum trinervium"
-33.733847,151.225447,"Leptospermum trinervium"
-33.733649,150.793719,"Leptospermum trinervium"
-33.733534,150.314687,"Leptospermum trinervium"
-33.733534,150.314687,"Leptospermum trinervium"
-33.733414,151.24952,"Leptospermum trinervium"
-33.733333,151.2,"Leptospermum trinervium"
-33.733333,150.5,"Leptospermum trinervium"
-33.7333,151.2167,"Leptospermum trinervium"
-33.733261,151.250677,"Leptospermum trinervium"
-33.732977,150.112571,"Leptospermum trinervium"
-33.732977,150.112571,"Leptospermum trinervium"
-33.732884,151.22115,"Leptospermum trinervium"
-33.732836,151.18714,"Leptospermum trinervium"
-33.732778,150.594167,"Leptospermum trinervium"
-33.732751,151.249189,"Leptospermum trinervium"
-33.732726,151.177288,"Leptospermum trinervium"
-33.732726,151.177288,"Leptospermum trinervium"
-33.732592,150.430215,"Leptospermum trinervium"
-33.732355,151.215764,"Leptospermum trinervium"
-33.732273,151.093902,"Leptospermum trinervium"
-33.732103,151.248416,"Leptospermum trinervium"
-33.7318839,151.0675347,"Leptospermum trinervium"
-33.7318839,151.0675347,"Leptospermum trinervium"
-33.731706,150.296678,"Leptospermum trinervium"
-33.731681,151.258319,"Leptospermum trinervium"
-33.73168,151.258265,"Leptospermum trinervium"
-33.731644,151.258309,"Leptospermum trinervium"
-33.731563,151.229774,"Leptospermum trinervium"
-33.731504,151.258979,"Leptospermum trinervium"
-33.731481,151.238099,"Leptospermum trinervium"
-33.731481,151.238099,"Leptospermum trinervium"
-33.731481,151.238099,"Leptospermum trinervium"
-33.731467,151.095985,"Leptospermum trinervium"
-33.731454,151.095432,"Leptospermum trinervium"
-33.731454,151.095432,"Leptospermum trinervium"
-33.731419,150.583192,"Leptospermum trinervium"
-33.731017,150.268584,"Leptospermum trinervium"
-33.731017,150.268584,"Leptospermum trinervium"
-33.730981,150.468562,"Leptospermum trinervium"
-33.730981,150.468562,"Leptospermum trinervium"
-33.730942,150.310408,"Leptospermum trinervium"
-33.73079,150.371885,"Leptospermum trinervium"
-33.73049,151.211486,"Leptospermum trinervium"
-33.730436,150.296868,"Leptospermum trinervium"
-33.730372,151.192681,"Leptospermum trinervium"
-33.730343,151.189351,"Leptospermum trinervium"
-33.730267,150.386879,"Leptospermum trinervium"
-33.7302,150.3397,"Leptospermum trinervium"
-33.730074,150.296576,"Leptospermum trinervium"
-33.730036,150.386101,"Leptospermum trinervium"
-33.729962,150.306988,"Leptospermum trinervium"
-33.729915,151.185385,"Leptospermum trinervium"
-33.729894,150.288829,"Leptospermum trinervium"
-33.72975,150.449413,"Leptospermum trinervium"
-33.729678,150.449068,"Leptospermum trinervium"
-33.729645,151.190948,"Leptospermum trinervium"
-33.72963,150.33937,"Leptospermum trinervium"
-33.729609,151.178507,"Leptospermum trinervium"
-33.729609,151.178507,"Leptospermum trinervium"
-33.729559,151.060039,"Leptospermum trinervium"
-33.729537,151.061825,"Leptospermum trinervium"
-33.729394,151.061558,"Leptospermum trinervium"
-33.729381,150.476723,"Leptospermum trinervium"
-33.729381,150.607603,"Leptospermum trinervium"
-33.729314,151.23034,"Leptospermum trinervium"
-33.72921,151.06444,"Leptospermum trinervium"
-33.729167,151.15,"Leptospermum trinervium"
-33.729167,151.15,"Leptospermum trinervium"
-33.728897,151.195317,"Leptospermum trinervium"
-33.728889,151.270014,"Leptospermum trinervium"
-33.728676,150.491469,"Leptospermum trinervium"
-33.728543,150.441993,"Leptospermum trinervium"
-33.728536,150.441446,"Leptospermum trinervium"
-33.728512,150.41079,"Leptospermum trinervium"
-33.728476,151.059346,"Leptospermum trinervium"
-33.728358,150.305328,"Leptospermum trinervium"
-33.728248,150.39277,"Leptospermum trinervium"
-33.728161,151.228377,"Leptospermum trinervium"
-33.728158,150.62828,"Leptospermum trinervium"
-33.728114,150.388544,"Leptospermum trinervium"
-33.728026,150.441159,"Leptospermum trinervium"
-33.727928,151.070145,"Leptospermum trinervium"
-33.727771,150.437596,"Leptospermum trinervium"
-33.72776,151.1912,"Leptospermum trinervium"
-33.727737,150.466434,"Leptospermum trinervium"
-33.727737,150.466434,"Leptospermum trinervium"
-33.72765,150.47252,"Leptospermum trinervium"
-33.727624,150.390566,"Leptospermum trinervium"
-33.727618,151.231498,"Leptospermum trinervium"
-33.727618,151.231498,"Leptospermum trinervium"
-33.727603,150.37123,"Leptospermum trinervium"
-33.72758,150.31613,"Leptospermum trinervium"
-33.72757,150.29239,"Leptospermum trinervium"
-33.727424,151.263935,"Leptospermum trinervium"
-33.727417,150.31723,"Leptospermum trinervium"
-33.727375,150.317345,"Leptospermum trinervium"
-33.727357,151.199742,"Leptospermum trinervium"
-33.727357,151.199742,"Leptospermum trinervium"
-33.727268,150.38734,"Leptospermum trinervium"
-33.7272,151.265643,"Leptospermum trinervium"
-33.727133,151.05534,"Leptospermum trinervium"
-33.727087,150.412748,"Leptospermum trinervium"
-33.726999,151.236178,"Leptospermum trinervium"
-33.72699,150.643836,"Leptospermum trinervium"
-33.72699,150.643836,"Leptospermum trinervium"
-33.726958,150.354411,"Leptospermum trinervium"
-33.726946,151.229761,"Leptospermum trinervium"
-33.726913,151.188293,"Leptospermum trinervium"
-33.72687,151.18012,"Leptospermum trinervium"
-33.726753,150.614787,"Leptospermum trinervium"
-33.726694,150.303231,"Leptospermum trinervium"
-33.726664,150.428539,"Leptospermum trinervium"
-33.726647,151.256774,"Leptospermum trinervium"
-33.726596,150.368262,"Leptospermum trinervium"
-33.726586,150.388436,"Leptospermum trinervium"
-33.726542,151.05833,"Leptospermum trinervium"
-33.726527,151.062588,"Leptospermum trinervium"
-33.726522,150.40072,"Leptospermum trinervium"
-33.726512,151.225292,"Leptospermum trinervium"
-33.726492,151.253632,"Leptospermum trinervium"
-33.726483,151.233354,"Leptospermum trinervium"
-33.726462,151.182957,"Leptospermum trinervium"
-33.726427,151.234488,"Leptospermum trinervium"
-33.726377,150.394272,"Leptospermum trinervium"
-33.726196,150.386973,"Leptospermum trinervium"
-33.726151,151.232217,"Leptospermum trinervium"
-33.726119,151.20216,"Leptospermum trinervium"
-33.726095,151.177938,"Leptospermum trinervium"
-33.72605,150.305595,"Leptospermum trinervium"
-33.725992,150.337647,"Leptospermum trinervium"
-33.725899,150.48745,"Leptospermum trinervium"
-33.725892,150.402465,"Leptospermum trinervium"
-33.725871,150.359672,"Leptospermum trinervium"
-33.725813,151.230022,"Leptospermum trinervium"
-33.725792,150.332048,"Leptospermum trinervium"
-33.725753,151.205156,"Leptospermum trinervium"
-33.725745,150.329459,"Leptospermum trinervium"
-33.72573,150.97154,"Leptospermum trinervium"
-33.725718,150.430319,"Leptospermum trinervium"
-33.725689,150.328522,"Leptospermum trinervium"
-33.725618,150.429832,"Leptospermum trinervium"
-33.725613,150.329978,"Leptospermum trinervium"
-33.725576,151.184055,"Leptospermum trinervium"
-33.725557,151.230977,"Leptospermum trinervium"
-33.725544,150.329845,"Leptospermum trinervium"
-33.72551,150.370758,"Leptospermum trinervium"
-33.72541,150.619893,"Leptospermum trinervium"
-33.725407,151.222476,"Leptospermum trinervium"
-33.725276,151.231566,"Leptospermum trinervium"
-33.725275,151.226439,"Leptospermum trinervium"
-33.725258,151.199904,"Leptospermum trinervium"
-33.725192,151.227585,"Leptospermum trinervium"
-33.725186,150.329952,"Leptospermum trinervium"
-33.725172,151.056687,"Leptospermum trinervium"
-33.72512,151.223831,"Leptospermum trinervium"
-33.725052,150.612596,"Leptospermum trinervium"
-33.724833,150.364442,"Leptospermum trinervium"
-33.724689,151.223343,"Leptospermum trinervium"
-33.724678,150.356613,"Leptospermum trinervium"
-33.724657,151.227359,"Leptospermum trinervium"
-33.724541,150.463292,"Leptospermum trinervium"
-33.724527,151.234052,"Leptospermum trinervium"
-33.7244,150.3684,"Leptospermum trinervium"
-33.724376,150.442285,"Leptospermum trinervium"
-33.724376,150.442285,"Leptospermum trinervium"
-33.724376,150.442285,"Leptospermum trinervium"
-33.72428,150.334981,"Leptospermum trinervium"
-33.724256,151.223428,"Leptospermum trinervium"
-33.724255,150.581406,"Leptospermum trinervium"
-33.724231,151.229073,"Leptospermum trinervium"
-33.724213,150.620997,"Leptospermum trinervium"
-33.724088,151.229162,"Leptospermum trinervium"
-33.724083,150.333115,"Leptospermum trinervium"
-33.724053,150.485346,"Leptospermum trinervium"
-33.724031,151.058622,"Leptospermum trinervium"
-33.724002,150.44102,"Leptospermum trinervium"
-33.723931,150.61694,"Leptospermum trinervium"
-33.723876,150.441034,"Leptospermum trinervium"
-33.723872,151.282154,"Leptospermum trinervium"
-33.723744,150.470249,"Leptospermum trinervium"
-33.723611,151.276111,"Leptospermum trinervium"
-33.723579,151.280541,"Leptospermum trinervium"
-33.723522,150.288086,"Leptospermum trinervium"
-33.723489,151.19543,"Leptospermum trinervium"
-33.723478,151.058615,"Leptospermum trinervium"
-33.723465,150.413063,"Leptospermum trinervium"
-33.723458,150.384132,"Leptospermum trinervium"
-33.723456,150.404078,"Leptospermum trinervium"
-33.723436,151.22976,"Leptospermum trinervium"
-33.723436,151.22976,"Leptospermum trinervium"
-33.723433,150.376168,"Leptospermum trinervium"
-33.723431,150.563461,"Leptospermum trinervium"
-33.723402,151.064496,"Leptospermum trinervium"
-33.723362,150.361775,"Leptospermum trinervium"
-33.723217,151.230043,"Leptospermum trinervium"
-33.723182,150.294938,"Leptospermum trinervium"
-33.723114,150.439935,"Leptospermum trinervium"
-33.72289,150.480971,"Leptospermum trinervium"
-33.722888,150.304206,"Leptospermum trinervium"
-33.722873,151.251515,"Leptospermum trinervium"
-33.722863,151.226154,"Leptospermum trinervium"
-33.722843,150.623855,"Leptospermum trinervium"
-33.72284,151.269914,"Leptospermum trinervium"
-33.722819,151.221806,"Leptospermum trinervium"
-33.722815,151.249336,"Leptospermum trinervium"
-33.722803,150.47424,"Leptospermum trinervium"
-33.722803,150.47424,"Leptospermum trinervium"
-33.72279,151.186229,"Leptospermum trinervium"
-33.722616,151.22398,"Leptospermum trinervium"
-33.722606,151.196744,"Leptospermum trinervium"
-33.722577,151.214456,"Leptospermum trinervium"
-33.722507,150.250362,"Leptospermum trinervium"
-33.722458,150.323988,"Leptospermum trinervium"
-33.722405,151.213596,"Leptospermum trinervium"
-33.722394,150.433025,"Leptospermum trinervium"
-33.722372,150.422884,"Leptospermum trinervium"
-33.722134,150.384183,"Leptospermum trinervium"
-33.722096,150.380196,"Leptospermum trinervium"
-33.722052,150.475694,"Leptospermum trinervium"
-33.722037,151.220743,"Leptospermum trinervium"
-33.722033,150.433468,"Leptospermum trinervium"
-33.722017,151.22124,"Leptospermum trinervium"
-33.722013,151.211571,"Leptospermum trinervium"
-33.721875,150.380471,"Leptospermum trinervium"
-33.72178,151.21556,"Leptospermum trinervium"
-33.721722,151.227095,"Leptospermum trinervium"
-33.72172,150.41171,"Leptospermum trinervium"
-33.7217,151.226178,"Leptospermum trinervium"
-33.721691,150.438294,"Leptospermum trinervium"
-33.72169,151.21447,"Leptospermum trinervium"
-33.721688,151.195304,"Leptospermum trinervium"
-33.721687,150.357651,"Leptospermum trinervium"
-33.72168,151.21237,"Leptospermum trinervium"
-33.721661,150.275613,"Leptospermum trinervium"
-33.721629,150.623937,"Leptospermum trinervium"
-33.721602,150.623709,"Leptospermum trinervium"
-33.72159,151.224173,"Leptospermum trinervium"
-33.721514,150.419813,"Leptospermum trinervium"
-33.721514,150.419813,"Leptospermum trinervium"
-33.721475,150.420969,"Leptospermum trinervium"
-33.721475,150.420969,"Leptospermum trinervium"
-33.721446,150.57609,"Leptospermum trinervium"
-33.721411,150.439996,"Leptospermum trinervium"
-33.721342,150.294221,"Leptospermum trinervium"
-33.721342,150.294221,"Leptospermum trinervium"
-33.7213,150.423369,"Leptospermum trinervium"
-33.72126,150.47826,"Leptospermum trinervium"
-33.721207,150.982639,"Leptospermum trinervium"
-33.721122,150.984243,"Leptospermum trinervium"
-33.72104,151.21306,"Leptospermum trinervium"
-33.721029,150.616496,"Leptospermum trinervium"
-33.721005,150.359878,"Leptospermum trinervium"
-33.720997,150.468172,"Leptospermum trinervium"
-33.720979,150.284793,"Leptospermum trinervium"
-33.720976,151.190087,"Leptospermum trinervium"
-33.720963,150.335297,"Leptospermum trinervium"
-33.720963,150.335297,"Leptospermum trinervium"
-33.72091,150.293924,"Leptospermum trinervium"
-33.720812,151.279356,"Leptospermum trinervium"
-33.72072,150.36971,"Leptospermum trinervium"
-33.720689,150.985332,"Leptospermum trinervium"
-33.72058,150.443419,"Leptospermum trinervium"
-33.720533,150.474047,"Leptospermum trinervium"
-33.720464,150.301462,"Leptospermum trinervium"
-33.720443,150.306964,"Leptospermum trinervium"
-33.720416,150.424226,"Leptospermum trinervium"
-33.720403,150.986334,"Leptospermum trinervium"
-33.720334,150.290216,"Leptospermum trinervium"
-33.720331,150.290206,"Leptospermum trinervium"
-33.720306,150.626058,"Leptospermum trinervium"
-33.720228,150.335503,"Leptospermum trinervium"
-33.720228,150.335503,"Leptospermum trinervium"
-33.720208,151.199276,"Leptospermum trinervium"
-33.720197,151.186219,"Leptospermum trinervium"
-33.720185,150.423489,"Leptospermum trinervium"
-33.719806,151.05389,"Leptospermum trinervium"
-33.719657,151.186882,"Leptospermum trinervium"
-33.719655,150.381626,"Leptospermum trinervium"
-33.719533,150.616537,"Leptospermum trinervium"
-33.719524,150.300838,"Leptospermum trinervium"
-33.719523,150.443742,"Leptospermum trinervium"
-33.719516,150.4155,"Leptospermum trinervium"
-33.719427,151.093592,"Leptospermum trinervium"
-33.719364,150.421588,"Leptospermum trinervium"
-33.719359,150.445829,"Leptospermum trinervium"
-33.719327,150.247237,"Leptospermum trinervium"
-33.719307,150.442011,"Leptospermum trinervium"
-33.719289,150.442454,"Leptospermum trinervium"
-33.719165,150.581229,"Leptospermum trinervium"
-33.71916,150.618302,"Leptospermum trinervium"
-33.719158,151.198058,"Leptospermum trinervium"
-33.719068,150.444424,"Leptospermum trinervium"
-33.719053,151.18985,"Leptospermum trinervium"
-33.719033,150.444868,"Leptospermum trinervium"
-33.719016,150.444512,"Leptospermum trinervium"
-33.718966,150.445161,"Leptospermum trinervium"
-33.718946,150.445032,"Leptospermum trinervium"
-33.718944,151.225739,"Leptospermum trinervium"
-33.718928,151.227811,"Leptospermum trinervium"
-33.718837,150.961828,"Leptospermum trinervium"
-33.7187,151.24273,"Leptospermum trinervium"
-33.71866,150.494006,"Leptospermum trinervium"
-33.718215,150.98566,"Leptospermum trinervium"
-33.718202,150.390912,"Leptospermum trinervium"
-33.7182,150.286544,"Leptospermum trinervium"
-33.718146,151.049892,"Leptospermum trinervium"
-33.718116,150.59021,"Leptospermum trinervium"
-33.718116,150.59021,"Leptospermum trinervium"
-33.71805,150.085789,"Leptospermum trinervium"
-33.71805,150.085789,"Leptospermum trinervium"
-33.71798,150.29572,"Leptospermum trinervium"
-33.717907,150.23562,"Leptospermum trinervium"
-33.717757,150.571878,"Leptospermum trinervium"
-33.717757,150.571878,"Leptospermum trinervium"
-33.71775,151.25475,"Leptospermum trinervium"
-33.71775,151.25475,"Leptospermum trinervium"
-33.717732,151.091859,"Leptospermum trinervium"
-33.717694,151.218644,"Leptospermum trinervium"
-33.71745,151.019119,"Leptospermum trinervium"
-33.717422,150.983448,"Leptospermum trinervium"
-33.717183,151.234365,"Leptospermum trinervium"
-33.717173,151.218244,"Leptospermum trinervium"
-33.71717,151.232196,"Leptospermum trinervium"
-33.717161,151.227815,"Leptospermum trinervium"
-33.717098,151.217892,"Leptospermum trinervium"
-33.71707,150.393233,"Leptospermum trinervium"
-33.717049,151.07578,"Leptospermum trinervium"
-33.716802,150.624025,"Leptospermum trinervium"
-33.7167,150.4333,"Leptospermum trinervium"
-33.7167,150.3667,"Leptospermum trinervium"
-33.716667,150.433333,"Leptospermum trinervium"
-33.716667,150.316667,"Leptospermum trinervium"
-33.716667,150.316667,"Leptospermum trinervium"
-33.716667,150.633333,"Leptospermum trinervium"
-33.716667,150.633333,"Leptospermum trinervium"
-33.716667,150.333333,"Leptospermum trinervium"
-33.716667,150.433333,"Leptospermum trinervium"
-33.716667,150.316667,"Leptospermum trinervium"
-33.716667,150.433333,"Leptospermum trinervium"
-33.716649,150.607514,"Leptospermum trinervium"
-33.716649,150.607514,"Leptospermum trinervium"
-33.716589,150.382042,"Leptospermum trinervium"
-33.716552,151.078189,"Leptospermum trinervium"
-33.716551,151.077955,"Leptospermum trinervium"
-33.71653,151.182087,"Leptospermum trinervium"
-33.716484,151.07804,"Leptospermum trinervium"
-33.716484,150.234588,"Leptospermum trinervium"
-33.716418,151.236583,"Leptospermum trinervium"
-33.716418,151.236583,"Leptospermum trinervium"
-33.716418,151.236583,"Leptospermum trinervium"
-33.716359,150.361546,"Leptospermum trinervium"
-33.716292,150.234464,"Leptospermum trinervium"
-33.716151,150.506496,"Leptospermum trinervium"
-33.715982,150.619397,"Leptospermum trinervium"
-33.715982,150.619397,"Leptospermum trinervium"
-33.71598,150.988189,"Leptospermum trinervium"
-33.71592,150.569787,"Leptospermum trinervium"
-33.71581,150.300843,"Leptospermum trinervium"
-33.715784,151.077127,"Leptospermum trinervium"
-33.715701,150.473722,"Leptospermum trinervium"
-33.715661,151.25164,"Leptospermum trinervium"
-33.715656,150.297915,"Leptospermum trinervium"
-33.71561,150.360999,"Leptospermum trinervium"
-33.715582,151.247357,"Leptospermum trinervium"
-33.715522,150.491645,"Leptospermum trinervium"
-33.715455,150.592442,"Leptospermum trinervium"
-33.715438,151.236569,"Leptospermum trinervium"
-33.715416,151.234433,"Leptospermum trinervium"
-33.715363,151.230118,"Leptospermum trinervium"
-33.71531,151.22576,"Leptospermum trinervium"
-33.7152964,151.1342696,"Leptospermum trinervium"
-33.715188,151.213422,"Leptospermum trinervium"
-33.715171,150.447852,"Leptospermum trinervium"
-33.715171,150.447852,"Leptospermum trinervium"
-33.715168,150.447845,"Leptospermum trinervium"
-33.715168,150.447845,"Leptospermum trinervium"
-33.715,151.171667,"Leptospermum trinervium"
-33.714803,150.378452,"Leptospermum trinervium"
-33.714696,150.377785,"Leptospermum trinervium"
-33.714627,151.258275,"Leptospermum trinervium"
-33.71453,151.078328,"Leptospermum trinervium"
-33.714473,151.07826,"Leptospermum trinervium"
-33.714473,151.07826,"Leptospermum trinervium"
-33.714473,151.07826,"Leptospermum trinervium"
-33.714284,150.356789,"Leptospermum trinervium"
-33.714284,150.356789,"Leptospermum trinervium"
-33.714179,151.235581,"Leptospermum trinervium"
-33.714173,150.430955,"Leptospermum trinervium"
-33.714025,150.430719,"Leptospermum trinervium"
-33.713988,150.609746,"Leptospermum trinervium"
-33.713988,150.609746,"Leptospermum trinervium"
-33.71381,151.249551,"Leptospermum trinervium"
-33.713788,151.247394,"Leptospermum trinervium"
-33.713749,151.245247,"Leptospermum trinervium"
-33.713725,151.143636,"Leptospermum trinervium"
-33.713677,150.43098,"Leptospermum trinervium"
-33.713621,150.992134,"Leptospermum trinervium"
-33.713604,151.23447,"Leptospermum trinervium"
-33.713591,151.232302,"Leptospermum trinervium"
-33.713557,151.037309,"Leptospermum trinervium"
-33.713547,150.587101,"Leptospermum trinervium"
-33.713547,150.587101,"Leptospermum trinervium"
-33.713542,151.230112,"Leptospermum trinervium"
-33.713515,151.212885,"Leptospermum trinervium"
-33.713369,151.212725,"Leptospermum trinervium"
-33.713328,150.992585,"Leptospermum trinervium"
-33.713152,150.481348,"Leptospermum trinervium"
-33.713115,151.072865,"Leptospermum trinervium"
-33.713114,150.361506,"Leptospermum trinervium"
-33.712811,150.416679,"Leptospermum trinervium"
-33.712792,150.423017,"Leptospermum trinervium"
-33.712778,150.471386,"Leptospermum trinervium"
-33.712742,150.986034,"Leptospermum trinervium"
-33.712742,150.986034,"Leptospermum trinervium"
-33.712722,151.046612,"Leptospermum trinervium"
-33.712715,151.080261,"Leptospermum trinervium"
-33.712527,151.078221,"Leptospermum trinervium"
-33.712307,150.331247,"Leptospermum trinervium"
-33.712193,150.381798,"Leptospermum trinervium"
-33.712071,150.362876,"Leptospermum trinervium"
-33.711897,150.982892,"Leptospermum trinervium"
-33.711897,150.982892,"Leptospermum trinervium"
-33.711812,151.22581,"Leptospermum trinervium"
-33.711677,150.984839,"Leptospermum trinervium"
-33.711641,151.185529,"Leptospermum trinervium"
-33.71135,150.534689,"Leptospermum trinervium"
-33.711285,151.256111,"Leptospermum trinervium"
-33.711217,151.069458,"Leptospermum trinervium"
-33.711065,151.05975,"Leptospermum trinervium"
-33.711056,151.032083,"Leptospermum trinervium"
-33.71098,151.171734,"Leptospermum trinervium"
-33.710651,151.220724,"Leptospermum trinervium"
-33.710609,151.153584,"Leptospermum trinervium"
-33.71056,151.167299,"Leptospermum trinervium"
-33.71046,151.261523,"Leptospermum trinervium"
-33.710291,150.300426,"Leptospermum trinervium"
-33.71023,151.182975,"Leptospermum trinervium"
-33.710197,151.190551,"Leptospermum trinervium"
-33.710197,151.190551,"Leptospermum trinervium"
-33.710179,150.318536,"Leptospermum trinervium"
-33.710179,150.318536,"Leptospermum trinervium"
-33.710173,150.31854,"Leptospermum trinervium"
-33.710173,150.31854,"Leptospermum trinervium"
-33.710137,151.167319,"Leptospermum trinervium"
-33.710128,151.036341,"Leptospermum trinervium"
-33.709959,151.07849,"Leptospermum trinervium"
-33.709959,151.07849,"Leptospermum trinervium"
-33.709954,150.985397,"Leptospermum trinervium"
-33.709954,150.985397,"Leptospermum trinervium"
-33.709954,150.985397,"Leptospermum trinervium"
-33.709858,151.078409,"Leptospermum trinervium"
-33.709828,150.300206,"Leptospermum trinervium"
-33.709679,151.27017,"Leptospermum trinervium"
-33.709679,151.27017,"Leptospermum trinervium"
-33.709679,151.27017,"Leptospermum trinervium"
-33.709657,150.486845,"Leptospermum trinervium"
-33.70964,151.02705,"Leptospermum trinervium"
-33.709515,151.078975,"Leptospermum trinervium"
-33.7095,151.166972,"Leptospermum trinervium"
-33.709494,151.080501,"Leptospermum trinervium"
-33.70949,150.440803,"Leptospermum trinervium"
-33.709392,150.983566,"Leptospermum trinervium"
-33.709392,150.983566,"Leptospermum trinervium"
-33.709361,151.1895,"Leptospermum trinervium"
-33.709317,151.167973,"Leptospermum trinervium"
-33.709133,150.984845,"Leptospermum trinervium"
-33.709133,150.984845,"Leptospermum trinervium"
-33.709133,150.984845,"Leptospermum trinervium"
-33.708979,151.168261,"Leptospermum trinervium"
-33.708946,150.291582,"Leptospermum trinervium"
-33.708894,150.437203,"Leptospermum trinervium"
-33.708792,151.058179,"Leptospermum trinervium"
-33.708776,151.21296,"Leptospermum trinervium"
-33.708759,151.056457,"Leptospermum trinervium"
-33.708742,150.985342,"Leptospermum trinervium"
-33.708587,150.347348,"Leptospermum trinervium"
-33.708587,150.347348,"Leptospermum trinervium"
-33.708587,150.347348,"Leptospermum trinervium"
-33.708587,150.347348,"Leptospermum trinervium"
-33.708581,150.478246,"Leptospermum trinervium"
-33.708444,151.168537,"Leptospermum trinervium"
-33.70841,151.140899,"Leptospermum trinervium"
-33.708402,151.07983,"Leptospermum trinervium"
-33.708391,151.07627,"Leptospermum trinervium"
-33.708364,150.445162,"Leptospermum trinervium"
-33.708334,150.445221,"Leptospermum trinervium"
-33.708334,150.445221,"Leptospermum trinervium"
-33.708287,151.060951,"Leptospermum trinervium"
-33.708166,151.227041,"Leptospermum trinervium"
-33.708166,151.227041,"Leptospermum trinervium"
-33.708138,151.181725,"Leptospermum trinervium"
-33.708124,150.983586,"Leptospermum trinervium"
-33.7081,150.439794,"Leptospermum trinervium"
-33.70809,151.060958,"Leptospermum trinervium"
-33.707972,151.17625,"Leptospermum trinervium"
-33.707899,150.489053,"Leptospermum trinervium"
-33.70789,151.062739,"Leptospermum trinervium"
-33.707822,150.997785,"Leptospermum trinervium"
-33.707801,151.264813,"Leptospermum trinervium"
-33.707801,151.264813,"Leptospermum trinervium"
-33.707742,151.078583,"Leptospermum trinervium"
-33.707672,150.99979,"Leptospermum trinervium"
-33.707671,151.079825,"Leptospermum trinervium"
-33.707624,151.169137,"Leptospermum trinervium"
-33.707548,151.277387,"Leptospermum trinervium"
-33.7074445,150.3375455,"Leptospermum trinervium"
-33.7074445,150.3369895,"Leptospermum trinervium"
-33.707361,150.531006,"Leptospermum trinervium"
-33.707361,151.079627,"Leptospermum trinervium"
-33.707324,151.078948,"Leptospermum trinervium"
-33.707324,151.078948,"Leptospermum trinervium"
-33.707285,151.169425,"Leptospermum trinervium"
-33.707276,151.177522,"Leptospermum trinervium"
-33.707274,151.079241,"Leptospermum trinervium"
-33.707274,151.079241,"Leptospermum trinervium"
-33.707219,150.9825,"Leptospermum trinervium"
-33.707111,151.173306,"Leptospermum trinervium"
-33.707071,150.492004,"Leptospermum trinervium"
-33.707071,151.277128,"Leptospermum trinervium"
-33.707039,151.174411,"Leptospermum trinervium"
-33.707037,150.529446,"Leptospermum trinervium"
-33.706947,151.176678,"Leptospermum trinervium"
-33.706921,150.324286,"Leptospermum trinervium"
-33.706751,150.576178,"Leptospermum trinervium"
-33.706633,150.566056,"Leptospermum trinervium"
-33.706569,150.529091,"Leptospermum trinervium"
-33.706378,151.228157,"Leptospermum trinervium"
-33.706347,150.984226,"Leptospermum trinervium"
-33.706298,150.973801,"Leptospermum trinervium"
-33.706294,151.173648,"Leptospermum trinervium"
-33.70627,151.220606,"Leptospermum trinervium"
-33.70627,151.220606,"Leptospermum trinervium"
-33.706157,150.52958,"Leptospermum trinervium"
-33.706148,150.577599,"Leptospermum trinervium"
-33.706119,151.024285,"Leptospermum trinervium"
-33.706094,151.087914,"Leptospermum trinervium"
-33.705987,150.366078,"Leptospermum trinervium"
-33.705922,151.174209,"Leptospermum trinervium"
-33.705772,151.019502,"Leptospermum trinervium"
-33.705725,150.444827,"Leptospermum trinervium"
-33.705593,150.325384,"Leptospermum trinervium"
-33.705591,150.354765,"Leptospermum trinervium"
-33.70555,151.036904,"Leptospermum trinervium"
-33.70554,150.983988,"Leptospermum trinervium"
-33.70554,150.983988,"Leptospermum trinervium"
-33.705424,150.356135,"Leptospermum trinervium"
-33.705402,151.176338,"Leptospermum trinervium"
-33.705399,150.367622,"Leptospermum trinervium"
-33.705368,151.220625,"Leptospermum trinervium"
-33.705332,150.355312,"Leptospermum trinervium"
-33.705332,150.355312,"Leptospermum trinervium"
-33.70531,150.580859,"Leptospermum trinervium"
-33.70531,150.580859,"Leptospermum trinervium"
-33.70525,150.998245,"Leptospermum trinervium"
-33.705212,150.355004,"Leptospermum trinervium"
-33.705202,151.176533,"Leptospermum trinervium"
-33.705188,150.565024,"Leptospermum trinervium"
-33.705155,150.407531,"Leptospermum trinervium"
-33.705141,150.71357,"Leptospermum trinervium"
-33.705116,151.209267,"Leptospermum trinervium"
-33.705079,150.439513,"Leptospermum trinervium"
-33.705035,150.566843,"Leptospermum trinervium"
-33.704815,151.209185,"Leptospermum trinervium"
-33.704748,151.182411,"Leptospermum trinervium"
-33.704748,151.182411,"Leptospermum trinervium"
-33.704748,151.182411,"Leptospermum trinervium"
-33.704657,150.355121,"Leptospermum trinervium"
-33.704638,151.069773,"Leptospermum trinervium"
-33.704638,151.069773,"Leptospermum trinervium"
-33.704588,150.311783,"Leptospermum trinervium"
-33.704585,150.324218,"Leptospermum trinervium"
-33.704585,150.324218,"Leptospermum trinervium"
-33.704514,150.56283,"Leptospermum trinervium"
-33.704488,151.210122,"Leptospermum trinervium"
-33.704172,151.029818,"Leptospermum trinervium"
-33.704118,151.26554,"Leptospermum trinervium"
-33.704065,151.03005,"Leptospermum trinervium"
-33.704065,151.03005,"Leptospermum trinervium"
-33.704023,151.183082,"Leptospermum trinervium"
-33.70391,150.3226,"Leptospermum trinervium"
-33.70391,150.3226,"Leptospermum trinervium"
-33.703793,150.549618,"Leptospermum trinervium"
-33.703709,150.372122,"Leptospermum trinervium"
-33.703643,151.226055,"Leptospermum trinervium"
-33.703643,151.226055,"Leptospermum trinervium"
-33.703475,151.21174,"Leptospermum trinervium"
-33.703444,151.282164,"Leptospermum trinervium"
-33.703427,151.03295,"Leptospermum trinervium"
-33.703372,150.488106,"Leptospermum trinervium"
-33.703262,150.482716,"Leptospermum trinervium"
-33.703164,151.208168,"Leptospermum trinervium"
-33.703161,151.171826,"Leptospermum trinervium"
-33.703161,151.171826,"Leptospermum trinervium"
-33.703087,151.206322,"Leptospermum trinervium"
-33.703044,151.266409,"Leptospermum trinervium"
-33.70304,150.31058,"Leptospermum trinervium"
-33.702963,150.33003,"Leptospermum trinervium"
-33.702934,150.5518,"Leptospermum trinervium"
-33.702934,150.5518,"Leptospermum trinervium"
-33.702895,151.172019,"Leptospermum trinervium"
-33.702806,151.204924,"Leptospermum trinervium"
-33.702708,150.369614,"Leptospermum trinervium"
-33.702601,151.147155,"Leptospermum trinervium"
-33.70256,151.124143,"Leptospermum trinervium"
-33.702544,151.212065,"Leptospermum trinervium"
-33.702543,151.283237,"Leptospermum trinervium"
-33.702493,150.489211,"Leptospermum trinervium"
-33.7024,150.377304,"Leptospermum trinervium"
-33.70229,150.4932,"Leptospermum trinervium"
-33.702252,151.04728,"Leptospermum trinervium"
-33.702235,150.28129,"Leptospermum trinervium"
-33.70207,150.89271,"Leptospermum trinervium"
-33.702014,150.251102,"Leptospermum trinervium"
-33.701986,150.319531,"Leptospermum trinervium"
-33.701986,150.319531,"Leptospermum trinervium"
-33.701895,150.9773,"Leptospermum trinervium"
-33.7018835,151.1164227,"Leptospermum trinervium"
-33.70186,150.2804,"Leptospermum trinervium"
-33.70182,151.030616,"Leptospermum trinervium"
-33.701707,150.981782,"Leptospermum trinervium"
-33.70166,150.281375,"Leptospermum trinervium"
-33.701582,150.321248,"Leptospermum trinervium"
-33.701582,150.321248,"Leptospermum trinervium"
-33.701387,151.079339,"Leptospermum trinervium"
-33.70131,150.977314,"Leptospermum trinervium"
-33.70126,150.252086,"Leptospermum trinervium"
-33.701175,151.004951,"Leptospermum trinervium"
-33.701025,150.54646,"Leptospermum trinervium"
-33.701001,150.280795,"Leptospermum trinervium"
-33.700996,150.304924,"Leptospermum trinervium"
-33.700967,151.211347,"Leptospermum trinervium"
-33.700962,150.358179,"Leptospermum trinervium"
-33.700956,151.211297,"Leptospermum trinervium"
-33.700886,150.980657,"Leptospermum trinervium"
-33.700837,151.282755,"Leptospermum trinervium"
-33.700769,151.176619,"Leptospermum trinervium"
-33.700767,151.214247,"Leptospermum trinervium"
-33.700734,150.71908,"Leptospermum trinervium"
-33.7007,150.325062,"Leptospermum trinervium"
-33.7007,150.325062,"Leptospermum trinervium"
-33.700669,150.979497,"Leptospermum trinervium"
-33.70064,150.977355,"Leptospermum trinervium"
-33.700639,150.72967,"Leptospermum trinervium"
-33.700603,151.21207,"Leptospermum trinervium"
-33.700581,150.483873,"Leptospermum trinervium"
-33.700495,151.047042,"Leptospermum trinervium"
-33.700449,150.978208,"Leptospermum trinervium"
-33.700383,150.978555,"Leptospermum trinervium"
-33.700364,150.98068,"Leptospermum trinervium"
-33.700348,150.381457,"Leptospermum trinervium"
-33.700329,151.165922,"Leptospermum trinervium"
-33.700225,151.193405,"Leptospermum trinervium"
-33.700199,150.338219,"Leptospermum trinervium"
-33.7,150.566667,"Leptospermum trinervium"
-33.7,150.566667,"Leptospermum trinervium"
-33.7,150.566667,"Leptospermum trinervium"
-33.7,151.1,"Leptospermum trinervium"
-33.7,150.566667,"Leptospermum trinervium"
-33.7,150.65,"Leptospermum trinervium"
-33.7,151.1,"Leptospermum trinervium"
-33.7,150.383333,"Leptospermum trinervium"
-33.7,150.566667,"Leptospermum trinervium"
-33.7,151.1,"Leptospermum trinervium"
-33.7,150.566667,"Leptospermum trinervium"
-33.7,151.1,"Leptospermum trinervium"
-33.7,150.566667,"Leptospermum trinervium"
-33.7,151.1,"Leptospermum trinervium"
-33.699996,150.977474,"Leptospermum trinervium"
-33.6999,150.95424,"Leptospermum trinervium"
-33.699888,150.278034,"Leptospermum trinervium"
-33.699766,151.045917,"Leptospermum trinervium"
-33.699766,151.045917,"Leptospermum trinervium"
-33.699735,150.317595,"Leptospermum trinervium"
-33.699673,150.489855,"Leptospermum trinervium"
-33.699497,150.526796,"Leptospermum trinervium"
-33.69944,150.95587,"Leptospermum trinervium"
-33.699422,150.323876,"Leptospermum trinervium"
-33.699344,151.260717,"Leptospermum trinervium"
-33.699251,150.647852,"Leptospermum trinervium"
-33.699244,150.525908,"Leptospermum trinervium"
-33.699215,150.490032,"Leptospermum trinervium"
-33.699197,151.230462,"Leptospermum trinervium"
-33.699197,151.230462,"Leptospermum trinervium"
-33.699178,150.526509,"Leptospermum trinervium"
-33.699105,150.526237,"Leptospermum trinervium"
-33.698995,151.216441,"Leptospermum trinervium"
-33.698966,151.093466,"Leptospermum trinervium"
-33.69894,151.003498,"Leptospermum trinervium"
-33.6988285,151.1166997,"Leptospermum trinervium"
-33.6988285,151.1166997,"Leptospermum trinervium"
-33.698608,150.317672,"Leptospermum trinervium"
-33.698476,150.974964,"Leptospermum trinervium"
-33.698476,150.974964,"Leptospermum trinervium"
-33.698464,150.637517,"Leptospermum trinervium"
-33.698432,150.283145,"Leptospermum trinervium"
-33.69833,150.524933,"Leptospermum trinervium"
-33.698265,151.228324,"Leptospermum trinervium"
-33.698265,151.228324,"Leptospermum trinervium"
-33.698246,151.129493,"Leptospermum trinervium"
-33.698124,150.345225,"Leptospermum trinervium"
-33.698109,151.217538,"Leptospermum trinervium"
-33.697961,150.647998,"Leptospermum trinervium"
-33.697721,150.39659,"Leptospermum trinervium"
-33.697511,150.636231,"Leptospermum trinervium"
-33.6974,151.115582,"Leptospermum trinervium"
-33.69735,150.301242,"Leptospermum trinervium"
-33.697314,150.277901,"Leptospermum trinervium"
-33.697293,151.010387,"Leptospermum trinervium"
-33.697012,150.715364,"Leptospermum trinervium"
-33.696987,151.218738,"Leptospermum trinervium"
-33.6969,150.3943,"Leptospermum trinervium"
-33.696824,150.525798,"Leptospermum trinervium"
-33.696788,150.394688,"Leptospermum trinervium"
-33.696788,150.394688,"Leptospermum trinervium"
-33.69671,150.283951,"Leptospermum trinervium"
-33.696669,151.118265,"Leptospermum trinervium"
-33.696642,150.655248,"Leptospermum trinervium"
-33.696584,150.287092,"Leptospermum trinervium"
-33.696561,150.28716,"Leptospermum trinervium"
-33.696526,151.084933,"Leptospermum trinervium"
-33.696521,150.343667,"Leptospermum trinervium"
-33.696428,150.279795,"Leptospermum trinervium"
-33.696386,150.715916,"Leptospermum trinervium"
-33.696383,150.392586,"Leptospermum trinervium"
-33.69627,150.280127,"Leptospermum trinervium"
-33.696258,150.280111,"Leptospermum trinervium"
-33.696189,150.326809,"Leptospermum trinervium"
-33.696038,150.530131,"Leptospermum trinervium"
-33.696032,151.261287,"Leptospermum trinervium"
-33.695994,151.060817,"Leptospermum trinervium"
-33.695915,150.284903,"Leptospermum trinervium"
-33.69589,150.551733,"Leptospermum trinervium"
-33.695855,150.966569,"Leptospermum trinervium"
-33.695823,150.954231,"Leptospermum trinervium"
-33.695801,150.302132,"Leptospermum trinervium"
-33.695726,150.396489,"Leptospermum trinervium"
-33.695616,150.725138,"Leptospermum trinervium"
-33.695363,150.578995,"Leptospermum trinervium"
-33.695363,150.578995,"Leptospermum trinervium"
-33.695183,150.543761,"Leptospermum trinervium"
-33.695153,151.262923,"Leptospermum trinervium"
-33.69497,150.96888,"Leptospermum trinervium"
-33.694947,150.359999,"Leptospermum trinervium"
-33.69487,151.180926,"Leptospermum trinervium"
-33.694861,150.965189,"Leptospermum trinervium"
-33.694617,151.08081,"Leptospermum trinervium"
-33.6945,151.224,"Leptospermum trinervium"
-33.6945,151.127198,"Leptospermum trinervium"
-33.694353,151.081009,"Leptospermum trinervium"
-33.694317,150.970923,"Leptospermum trinervium"
-33.694285,150.305174,"Leptospermum trinervium"
-33.694222,150.71846,"Leptospermum trinervium"
-33.694214,150.566728,"Leptospermum trinervium"
-33.694214,151.116456,"Leptospermum trinervium"
-33.694191,150.718882,"Leptospermum trinervium"
-33.694092,150.726192,"Leptospermum trinervium"
-33.694034,150.284811,"Leptospermum trinervium"
-33.6939,150.96797,"Leptospermum trinervium"
-33.693672,150.31285,"Leptospermum trinervium"
-33.69366,151.281886,"Leptospermum trinervium"
-33.693591,151.222991,"Leptospermum trinervium"
-33.693564,151.11693,"Leptospermum trinervium"
-33.693437,150.358312,"Leptospermum trinervium"
-33.693357,150.304025,"Leptospermum trinervium"
-33.693287,151.297435,"Leptospermum trinervium"
-33.6931,150.303511,"Leptospermum trinervium"
-33.692979,151.22413,"Leptospermum trinervium"
-33.692782,150.289356,"Leptospermum trinervium"
-33.692625,150.28951,"Leptospermum trinervium"
-33.692593,150.698611,"Leptospermum trinervium"
-33.69249,150.618485,"Leptospermum trinervium"
-33.692425,150.373421,"Leptospermum trinervium"
-33.692389,150.284799,"Leptospermum trinervium"
-33.692325,150.288764,"Leptospermum trinervium"
-33.692251,150.540212,"Leptospermum trinervium"
-33.692251,150.540212,"Leptospermum trinervium"
-33.692249,150.540203,"Leptospermum trinervium"
-33.692249,150.540203,"Leptospermum trinervium"
-33.692201,150.718874,"Leptospermum trinervium"
-33.69217,151.243552,"Leptospermum trinervium"
-33.69217,151.243552,"Leptospermum trinervium"
-33.692105,151.144363,"Leptospermum trinervium"
-33.692088,150.303625,"Leptospermum trinervium"
-33.692088,150.303625,"Leptospermum trinervium"
-33.692047,151.077713,"Leptospermum trinervium"
-33.692041,150.320326,"Leptospermum trinervium"
-33.692041,150.320326,"Leptospermum trinervium"
-33.691959,150.991372,"Leptospermum trinervium"
-33.69186,151.00214,"Leptospermum trinervium"
-33.691832,150.288607,"Leptospermum trinervium"
-33.691805,151.144433,"Leptospermum trinervium"
-33.691804,151.14439,"Leptospermum trinervium"
-33.691763,151.075608,"Leptospermum trinervium"
-33.691747,151.024573,"Leptospermum trinervium"
-33.691727,150.319969,"Leptospermum trinervium"
-33.691722,151.079167,"Leptospermum trinervium"
-33.691688,151.089312,"Leptospermum trinervium"
-33.691639,151.081222,"Leptospermum trinervium"
-33.691583,151.079417,"Leptospermum trinervium"
-33.691582,150.234912,"Leptospermum trinervium"
-33.691577,151.024532,"Leptospermum trinervium"
-33.691556,151.081,"Leptospermum trinervium"
-33.691547,151.116164,"Leptospermum trinervium"
-33.69153,151.141324,"Leptospermum trinervium"
-33.691478,150.963631,"Leptospermum trinervium"
-33.691471,151.116285,"Leptospermum trinervium"
-33.69141,151.23309,"Leptospermum trinervium"
-33.691347,150.36487,"Leptospermum trinervium"
-33.691253,150.980087,"Leptospermum trinervium"
-33.691031,150.283277,"Leptospermum trinervium"
-33.691023,150.963372,"Leptospermum trinervium"
-33.690899,151.224052,"Leptospermum trinervium"
-33.690712,151.234119,"Leptospermum trinervium"
-33.690691,151.234426,"Leptospermum trinervium"
-33.690661,151.02435,"Leptospermum trinervium"
-33.690629,150.374414,"Leptospermum trinervium"
-33.690607,150.246558,"Leptospermum trinervium"
-33.690562,151.14612,"Leptospermum trinervium"
-33.69048,150.364105,"Leptospermum trinervium"
-33.690448,151.04748,"Leptospermum trinervium"
-33.690411,150.946409,"Leptospermum trinervium"
-33.690404,150.55647,"Leptospermum trinervium"
-33.690404,150.55647,"Leptospermum trinervium"
-33.690382,151.244667,"Leptospermum trinervium"
-33.690382,151.244667,"Leptospermum trinervium"
-33.690333,151.145651,"Leptospermum trinervium"
-33.690274,150.695074,"Leptospermum trinervium"
-33.690274,150.695074,"Leptospermum trinervium"
-33.690216,150.978482,"Leptospermum trinervium"
-33.690189,151.116195,"Leptospermum trinervium"
-33.690077,150.604185,"Leptospermum trinervium"
-33.690072,150.965679,"Leptospermum trinervium"
-33.690068,150.773072,"Leptospermum trinervium"
-33.690066,150.443705,"Leptospermum trinervium"
-33.690062,150.539222,"Leptospermum trinervium"
-33.690033,150.966032,"Leptospermum trinervium"
-33.689993,150.983404,"Leptospermum trinervium"
-33.689976,150.53491,"Leptospermum trinervium"
-33.689946,150.992502,"Leptospermum trinervium"
-33.689945,150.992503,"Leptospermum trinervium"
-33.689922,150.979506,"Leptospermum trinervium"
-33.689922,150.979506,"Leptospermum trinervium"
-33.68989,150.282734,"Leptospermum trinervium"
-33.689881,151.118477,"Leptospermum trinervium"
-33.689836,151.145483,"Leptospermum trinervium"
-33.689813,150.993947,"Leptospermum trinervium"
-33.689783,150.992278,"Leptospermum trinervium"
-33.689638,151.236579,"Leptospermum trinervium"
-33.689415,151.274905,"Leptospermum trinervium"
-33.68936,150.98356,"Leptospermum trinervium"
-33.689346,150.973042,"Leptospermum trinervium"
-33.68933,151.274637,"Leptospermum trinervium"
-33.6893,151.162467,"Leptospermum trinervium"
-33.68927,150.773837,"Leptospermum trinervium"
-33.689185,150.36185,"Leptospermum trinervium"
-33.689011,150.282717,"Leptospermum trinervium"
-33.68894,150.555842,"Leptospermum trinervium"
-33.68894,150.555842,"Leptospermum trinervium"
-33.68894,150.555842,"Leptospermum trinervium"
-33.688902,150.526313,"Leptospermum trinervium"
-33.688902,150.526313,"Leptospermum trinervium"
-33.688758,151.238711,"Leptospermum trinervium"
-33.688717,151.254409,"Leptospermum trinervium"
-33.688717,151.254409,"Leptospermum trinervium"
-33.688704,151.242531,"Leptospermum trinervium"
-33.688668,151.220305,"Leptospermum trinervium"
-33.688664,150.777201,"Leptospermum trinervium"
-33.688606,151.235003,"Leptospermum trinervium"
-33.688593,150.776585,"Leptospermum trinervium"
-33.688581,150.555443,"Leptospermum trinervium"
-33.688581,150.555443,"Leptospermum trinervium"
-33.68845,150.732628,"Leptospermum trinervium"
-33.688342,150.756606,"Leptospermum trinervium"
-33.688231,150.972049,"Leptospermum trinervium"
-33.688231,150.972049,"Leptospermum trinervium"
-33.688212,150.776803,"Leptospermum trinervium"
-33.688151,151.271586,"Leptospermum trinervium"
-33.688151,151.271586,"Leptospermum trinervium"
-33.688138,151.277088,"Leptospermum trinervium"
-33.688068,151.243504,"Leptospermum trinervium"
-33.688038,150.529994,"Leptospermum trinervium"
-33.688011,151.158433,"Leptospermum trinervium"
-33.687953,150.988388,"Leptospermum trinervium"
-33.68789,150.942808,"Leptospermum trinervium"
-33.687784,151.081907,"Leptospermum trinervium"
-33.68778,150.7784,"Leptospermum trinervium"
-33.687577,150.748074,"Leptospermum trinervium"
-33.687575,151.237186,"Leptospermum trinervium"
-33.687565,150.746929,"Leptospermum trinervium"
-33.687505,151.242588,"Leptospermum trinervium"
-33.687464,151.219232,"Leptospermum trinervium"
-33.687428,150.367814,"Leptospermum trinervium"
-33.687428,150.367814,"Leptospermum trinervium"
-33.6874,151.245934,"Leptospermum trinervium"
-33.687294,151.220511,"Leptospermum trinervium"
-33.687281,151.23763,"Leptospermum trinervium"
-33.687241,151.236703,"Leptospermum trinervium"
-33.687206,151.274949,"Leptospermum trinervium"
-33.687063,151.243805,"Leptospermum trinervium"
-33.687054,150.345607,"Leptospermum trinervium"
-33.687034,151.063974,"Leptospermum trinervium"
-33.687016,150.346588,"Leptospermum trinervium"
-33.687014,151.06137,"Leptospermum trinervium"
-33.687011,150.346583,"Leptospermum trinervium"
-33.686961,151.063744,"Leptospermum trinervium"
-33.686883,151.252289,"Leptospermum trinervium"
-33.686883,151.252289,"Leptospermum trinervium"
-33.686872,150.779225,"Leptospermum trinervium"
-33.686794,151.281276,"Leptospermum trinervium"
-33.686794,151.281276,"Leptospermum trinervium"
-33.686792,151.236853,"Leptospermum trinervium"
-33.686783,151.219771,"Leptospermum trinervium"
-33.686689,151.259432,"Leptospermum trinervium"
-33.68668,151.086187,"Leptospermum trinervium"
-33.686662,150.768198,"Leptospermum trinervium"
-33.686654,151.223397,"Leptospermum trinervium"
-33.686589,150.729987,"Leptospermum trinervium"
-33.68652,150.77954,"Leptospermum trinervium"
-33.686482,150.939445,"Leptospermum trinervium"
-33.686364,151.285697,"Leptospermum trinervium"
-33.686258,151.143047,"Leptospermum trinervium"
-33.686242,150.528546,"Leptospermum trinervium"
-33.686229,151.269575,"Leptospermum trinervium"
-33.686188,151.258592,"Leptospermum trinervium"
-33.68617,150.535203,"Leptospermum trinervium"
-33.685941,151.268286,"Leptospermum trinervium"
-33.685915,151.253785,"Leptospermum trinervium"
-33.685913,151.215646,"Leptospermum trinervium"
-33.685912,151.253569,"Leptospermum trinervium"
-33.685903,151.236092,"Leptospermum trinervium"
-33.685863,151.234951,"Leptospermum trinervium"
-33.685863,151.250118,"Leptospermum trinervium"
-33.685785,150.328252,"Leptospermum trinervium"
-33.68574,150.707552,"Leptospermum trinervium"
-33.685688,151.279551,"Leptospermum trinervium"
-33.685671,150.97,"Leptospermum trinervium"
-33.685603,150.332788,"Leptospermum trinervium"
-33.685583,150.324333,"Leptospermum trinervium"
-33.685576,151.247028,"Leptospermum trinervium"
-33.685561,151.260838,"Leptospermum trinervium"
-33.685532,151.041974,"Leptospermum trinervium"
-33.685504,151.040602,"Leptospermum trinervium"
-33.685496,150.941982,"Leptospermum trinervium"
-33.685454,151.209374,"Leptospermum trinervium"
-33.685336,151.043255,"Leptospermum trinervium"
-33.685326,151.14553,"Leptospermum trinervium"
-33.685326,151.14553,"Leptospermum trinervium"
-33.685248,151.234177,"Leptospermum trinervium"
-33.68523,150.647547,"Leptospermum trinervium"
-33.685218,151.278212,"Leptospermum trinervium"
-33.685199,151.233484,"Leptospermum trinervium"
-33.685183,151.234048,"Leptospermum trinervium"
-33.685166,150.728186,"Leptospermum trinervium"
-33.68512,150.72792,"Leptospermum trinervium"
-33.685103,150.533209,"Leptospermum trinervium"
-33.685102,151.23485,"Leptospermum trinervium"
-33.685086,151.264082,"Leptospermum trinervium"
-33.685013,151.210358,"Leptospermum trinervium"
-33.684987,150.745382,"Leptospermum trinervium"
-33.684981,150.745368,"Leptospermum trinervium"
-33.684971,151.228346,"Leptospermum trinervium"
-33.684971,151.228346,"Leptospermum trinervium"
-33.68494,150.74519,"Leptospermum trinervium"
-33.684933,150.754028,"Leptospermum trinervium"
-33.684862,150.753892,"Leptospermum trinervium"
-33.68484,151.251778,"Leptospermum trinervium"
-33.684804,151.232915,"Leptospermum trinervium"
-33.684804,151.232915,"Leptospermum trinervium"
-33.684739,150.559291,"Leptospermum trinervium"
-33.684693,150.930158,"Leptospermum trinervium"
-33.684669,151.234027,"Leptospermum trinervium"
-33.6846606,151.2469756,"Leptospermum trinervium"
-33.68464,150.839753,"Leptospermum trinervium"
-33.684609,151.229238,"Leptospermum trinervium"
-33.684602,150.491924,"Leptospermum trinervium"
-33.684595,150.349363,"Leptospermum trinervium"
-33.684573,150.927674,"Leptospermum trinervium"
-33.684569,151.23268,"Leptospermum trinervium"
-33.684569,150.76767,"Leptospermum trinervium"
-33.684559,150.719998,"Leptospermum trinervium"
-33.684511,151.282433,"Leptospermum trinervium"
-33.684454,151.228454,"Leptospermum trinervium"
-33.68445,150.71826,"Leptospermum trinervium"
-33.68445,150.75952,"Leptospermum trinervium"
-33.684444,151.154444,"Leptospermum trinervium"
-33.68434,151.259749,"Leptospermum trinervium"
-33.684315,150.706048,"Leptospermum trinervium"
-33.684313,151.22981,"Leptospermum trinervium"
-33.6843,151.260971,"Leptospermum trinervium"
-33.6843,151.260971,"Leptospermum trinervium"
-33.684292,150.345383,"Leptospermum trinervium"
-33.68425,151.248295,"Leptospermum trinervium"
-33.684178,151.14395,"Leptospermum trinervium"
-33.684079,151.284591,"Leptospermum trinervium"
-33.68406,150.72745,"Leptospermum trinervium"
-33.684048,151.194313,"Leptospermum trinervium"
-33.684034,150.613865,"Leptospermum trinervium"
-33.684008,150.716727,"Leptospermum trinervium"
-33.684,150.73052,"Leptospermum trinervium"
-33.68395,151.210833,"Leptospermum trinervium"
-33.683938,150.727815,"Leptospermum trinervium"
-33.683843,150.71855,"Leptospermum trinervium"
-33.683763,151.195726,"Leptospermum trinervium"
-33.683762,151.229892,"Leptospermum trinervium"
-33.683639,151.263,"Leptospermum trinervium"
-33.683597,151.230327,"Leptospermum trinervium"
-33.683555,150.727208,"Leptospermum trinervium"
-33.683545,150.346895,"Leptospermum trinervium"
-33.68352,150.953333,"Leptospermum trinervium"
-33.683359,150.745759,"Leptospermum trinervium"
-33.683344,150.718383,"Leptospermum trinervium"
-33.683333,151.133325,"Leptospermum trinervium"
-33.683333,151.133333,"Leptospermum trinervium"
-33.683333,151.133333,"Leptospermum trinervium"
-33.683333,151.133333,"Leptospermum trinervium"
-33.683333,151.233333,"Leptospermum trinervium"
-33.683272,150.762817,"Leptospermum trinervium"
-33.683265,151.283644,"Leptospermum trinervium"
-33.683188,151.230251,"Leptospermum trinervium"
-33.683178,150.557414,"Leptospermum trinervium"
-33.682944,150.693422,"Leptospermum trinervium"
-33.682744,151.27989,"Leptospermum trinervium"
-33.682744,151.27989,"Leptospermum trinervium"
-33.682744,151.27989,"Leptospermum trinervium"
-33.682717,151.230561,"Leptospermum trinervium"
-33.682694,151.126184,"Leptospermum trinervium"
-33.682692,150.34741,"Leptospermum trinervium"
-33.68257,151.265873,"Leptospermum trinervium"
-33.682501,151.193858,"Leptospermum trinervium"
-33.682446,151.25653,"Leptospermum trinervium"
-33.6824,151.24594,"Leptospermum trinervium"
-33.682301,150.741342,"Leptospermum trinervium"
-33.682237,150.346878,"Leptospermum trinervium"
-33.68223,151.125596,"Leptospermum trinervium"
-33.6822,150.3461,"Leptospermum trinervium"
-33.682139,151.263765,"Leptospermum trinervium"
-33.682128,151.125221,"Leptospermum trinervium"
-33.682107,151.207177,"Leptospermum trinervium"
-33.682066,151.157401,"Leptospermum trinervium"
-33.682015,150.352274,"Leptospermum trinervium"
-33.681767,151.026109,"Leptospermum trinervium"
-33.681693,151.156685,"Leptospermum trinervium"
-33.681658,151.276242,"Leptospermum trinervium"
-33.681584,150.742068,"Leptospermum trinervium"
-33.681495,150.952162,"Leptospermum trinervium"
-33.681287,151.254342,"Leptospermum trinervium"
-33.681245,151.203713,"Leptospermum trinervium"
-33.681234,150.651679,"Leptospermum trinervium"
-33.681191,150.545889,"Leptospermum trinervium"
-33.681162,150.307184,"Leptospermum trinervium"
-33.681142,151.275422,"Leptospermum trinervium"
-33.680978,150.962822,"Leptospermum trinervium"
-33.680947,150.744953,"Leptospermum trinervium"
-33.680833,151.124167,"Leptospermum trinervium"
-33.68081,151.271664,"Leptospermum trinervium"
-33.680808,151.144562,"Leptospermum trinervium"
-33.680745,151.124283,"Leptospermum trinervium"
-33.680678,150.546356,"Leptospermum trinervium"
-33.68061,151.056415,"Leptospermum trinervium"
-33.680533,151.101766,"Leptospermum trinervium"
-33.680488,151.189839,"Leptospermum trinervium"
-33.680464,151.276486,"Leptospermum trinervium"
-33.680432,150.955229,"Leptospermum trinervium"
-33.680407,151.271888,"Leptospermum trinervium"
-33.680392,150.546483,"Leptospermum trinervium"
-33.68038,151.24942,"Leptospermum trinervium"
-33.680299,150.712149,"Leptospermum trinervium"
-33.680165,151.120295,"Leptospermum trinervium"
-33.680118,150.593289,"Leptospermum trinervium"
-33.680116,150.936371,"Leptospermum trinervium"
-33.679965,150.562309,"Leptospermum trinervium"
-33.679875,150.744161,"Leptospermum trinervium"
-33.679828,150.743842,"Leptospermum trinervium"
-33.679806,150.773597,"Leptospermum trinervium"
-33.679681,151.272079,"Leptospermum trinervium"
-33.679638,151.202795,"Leptospermum trinervium"
-33.679575,150.70667,"Leptospermum trinervium"
-33.679424,151.101838,"Leptospermum trinervium"
-33.679327,151.126631,"Leptospermum trinervium"
-33.679277,150.624142,"Leptospermum trinervium"
-33.679244,151.077784,"Leptospermum trinervium"
-33.679196,151.270316,"Leptospermum trinervium"
-33.679137,150.953151,"Leptospermum trinervium"
-33.67909,150.307248,"Leptospermum trinervium"
-33.679012,151.102658,"Leptospermum trinervium"
-33.679005,151.101507,"Leptospermum trinervium"
-33.678898,151.157109,"Leptospermum trinervium"
-33.678893,151.157888,"Leptospermum trinervium"
-33.678825,150.712945,"Leptospermum trinervium"
-33.6788,150.701214,"Leptospermum trinervium"
-33.678766,150.701327,"Leptospermum trinervium"
-33.678759,150.701313,"Leptospermum trinervium"
-33.678705,151.067882,"Leptospermum trinervium"
-33.678676,151.12937,"Leptospermum trinervium"
-33.678647,151.258308,"Leptospermum trinervium"
-33.678624,150.548259,"Leptospermum trinervium"
-33.678584,151.102322,"Leptospermum trinervium"
-33.6785505,151.1125336,"Leptospermum trinervium"
-33.678438,150.698476,"Leptospermum trinervium"
-33.678433,151.101891,"Leptospermum trinervium"
-33.67843,151.27799,"Leptospermum trinervium"
-33.67834,150.71078,"Leptospermum trinervium"
-33.678275,151.187379,"Leptospermum trinervium"
-33.678265,150.698644,"Leptospermum trinervium"
-33.678258,150.69863,"Leptospermum trinervium"
-33.678245,151.11735,"Leptospermum trinervium"
-33.678125,151.116992,"Leptospermum trinervium"
-33.67808,150.70113,"Leptospermum trinervium"
-33.678056,151.1575,"Leptospermum trinervium"
-33.678027,150.609699,"Leptospermum trinervium"
-33.677957,151.116703,"Leptospermum trinervium"
-33.677921,151.177355,"Leptospermum trinervium"
-33.677919,151.157667,"Leptospermum trinervium"
-33.677842,151.068105,"Leptospermum trinervium"
-33.677802,151.185074,"Leptospermum trinervium"
-33.677735,150.54617,"Leptospermum trinervium"
-33.677697,151.132145,"Leptospermum trinervium"
-33.677697,151.132145,"Leptospermum trinervium"
-33.67767,150.629168,"Leptospermum trinervium"
-33.67767,150.629168,"Leptospermum trinervium"
-33.677628,151.070047,"Leptospermum trinervium"
-33.677581,150.951545,"Leptospermum trinervium"
-33.677561,151.200121,"Leptospermum trinervium"
-33.67756,151.199626,"Leptospermum trinervium"
-33.677548,151.273349,"Leptospermum trinervium"
-33.677548,151.273349,"Leptospermum trinervium"
-33.677442,150.701669,"Leptospermum trinervium"
-33.67743,151.105373,"Leptospermum trinervium"
-33.677313,150.550809,"Leptospermum trinervium"
-33.677302,150.58878,"Leptospermum trinervium"
-33.677289,150.950498,"Leptospermum trinervium"
-33.677289,150.950498,"Leptospermum trinervium"
-33.677215,150.311405,"Leptospermum trinervium"
-33.677184,151.186159,"Leptospermum trinervium"
-33.677143,150.628513,"Leptospermum trinervium"
-33.677075,151.04865,"Leptospermum trinervium"
-33.677026,150.6251,"Leptospermum trinervium"
-33.677025,150.759316,"Leptospermum trinervium"
-33.67698,150.70076,"Leptospermum trinervium"
-33.676917,150.242813,"Leptospermum trinervium"
-33.676823,150.62529,"Leptospermum trinervium"
-33.676767,150.946196,"Leptospermum trinervium"
-33.676667,150.768611,"Leptospermum trinervium"
-33.676608,150.947494,"Leptospermum trinervium"
-33.676558,150.620593,"Leptospermum trinervium"
-33.676538,150.94329,"Leptospermum trinervium"
-33.676488,150.701519,"Leptospermum trinervium"
-33.676481,150.752782,"Leptospermum trinervium"
-33.676474,150.549665,"Leptospermum trinervium"
-33.676468,151.279743,"Leptospermum trinervium"
-33.676259,150.242604,"Leptospermum trinervium"
-33.676218,150.280145,"Leptospermum trinervium"
-33.676071,150.703452,"Leptospermum trinervium"
-33.675827,151.113391,"Leptospermum trinervium"
-33.675725,150.326655,"Leptospermum trinervium"
-33.675725,150.326655,"Leptospermum trinervium"
-33.67572,150.970224,"Leptospermum trinervium"
-33.675556,151.136111,"Leptospermum trinervium"
-33.675483,150.508677,"Leptospermum trinervium"
-33.675476,151.059467,"Leptospermum trinervium"
-33.675469,150.277783,"Leptospermum trinervium"
-33.675469,150.277783,"Leptospermum trinervium"
-33.675448,150.287079,"Leptospermum trinervium"
-33.675448,150.287079,"Leptospermum trinervium"
-33.675171,151.135683,"Leptospermum trinervium"
-33.675099,150.276954,"Leptospermum trinervium"
-33.675083,150.492444,"Leptospermum trinervium"
-33.675053,151.135811,"Leptospermum trinervium"
-33.675039,151.138298,"Leptospermum trinervium"
-33.675,151.138611,"Leptospermum trinervium"
-33.675,151.138611,"Leptospermum trinervium"
-33.67489,150.94669,"Leptospermum trinervium"
-33.674883,151.176995,"Leptospermum trinervium"
-33.674878,151.190409,"Leptospermum trinervium"
-33.674871,151.191322,"Leptospermum trinervium"
-33.67482,150.287492,"Leptospermum trinervium"
-33.674743,150.932979,"Leptospermum trinervium"
-33.674738,150.932965,"Leptospermum trinervium"
-33.674737,150.750803,"Leptospermum trinervium"
-33.674731,150.750618,"Leptospermum trinervium"
-33.674726,150.94721,"Leptospermum trinervium"
-33.674726,151.190531,"Leptospermum trinervium"
-33.674661,150.699877,"Leptospermum trinervium"
-33.674627,151.190148,"Leptospermum trinervium"
-33.674488,150.279507,"Leptospermum trinervium"
-33.674488,150.279507,"Leptospermum trinervium"
-33.67447,151.2793,"Leptospermum trinervium"
-33.67434,150.276493,"Leptospermum trinervium"
-33.67434,150.276493,"Leptospermum trinervium"
-33.674307,150.946918,"Leptospermum trinervium"
-33.674275,150.94721,"Leptospermum trinervium"
-33.67424,151.062179,"Leptospermum trinervium"
-33.674144,150.696353,"Leptospermum trinervium"
-33.674015,150.697444,"Leptospermum trinervium"
-33.673952,151.063272,"Leptospermum trinervium"
-33.673924,151.139706,"Leptospermum trinervium"
-33.673907,151.062744,"Leptospermum trinervium"
-33.673892,150.287247,"Leptospermum trinervium"
-33.673885,150.59357,"Leptospermum trinervium"
-33.673845,151.062936,"Leptospermum trinervium"
-33.673706,151.276837,"Leptospermum trinervium"
-33.673684,151.282033,"Leptospermum trinervium"
-33.673684,151.282033,"Leptospermum trinervium"
-33.673467,151.063019,"Leptospermum trinervium"
-33.673303,151.12531,"Leptospermum trinervium"
-33.673088,150.6289,"Leptospermum trinervium"
-33.673067,151.179055,"Leptospermum trinervium"
-33.67296,150.284634,"Leptospermum trinervium"
-33.672776,151.064314,"Leptospermum trinervium"
-33.672713,151.143158,"Leptospermum trinervium"
-33.672703,151.106003,"Leptospermum trinervium"
-33.6727,150.70009,"Leptospermum trinervium"
-33.672665,151.141221,"Leptospermum trinervium"
-33.672659,151.192884,"Leptospermum trinervium"
-33.672472,151.153028,"Leptospermum trinervium"
-33.672393,151.058332,"Leptospermum trinervium"
-33.672388,150.699356,"Leptospermum trinervium"
-33.672302,151.106997,"Leptospermum trinervium"
-33.672267,150.946794,"Leptospermum trinervium"
-33.672247,151.237484,"Leptospermum trinervium"
-33.672211,150.93281,"Leptospermum trinervium"
-33.672101,150.759115,"Leptospermum trinervium"
-33.672009,150.449153,"Leptospermum trinervium"
-33.671998,151.127404,"Leptospermum trinervium"
-33.671962,150.700313,"Leptospermum trinervium"
-33.67189,150.75819,"Leptospermum trinervium"
-33.6717,150.635136,"Leptospermum trinervium"
-33.671635,150.343718,"Leptospermum trinervium"
-33.671517,150.75686,"Leptospermum trinervium"
-33.671389,151.161389,"Leptospermum trinervium"
-33.671312,151.204071,"Leptospermum trinervium"
-33.671251,151.281338,"Leptospermum trinervium"
-33.671225,150.957821,"Leptospermum trinervium"
-33.671203,151.280882,"Leptospermum trinervium"
-33.67118,151.0915,"Leptospermum trinervium"
-33.671159,150.701178,"Leptospermum trinervium"
-33.671134,150.93285,"Leptospermum trinervium"
-33.671129,150.932836,"Leptospermum trinervium"
-33.671024,150.544689,"Leptospermum trinervium"
-33.671001,151.276891,"Leptospermum trinervium"
-33.670822,150.757469,"Leptospermum trinervium"
-33.670783,150.543445,"Leptospermum trinervium"
-33.67055,151.128679,"Leptospermum trinervium"
-33.670464,150.753039,"Leptospermum trinervium"
-33.670446,150.711312,"Leptospermum trinervium"
-33.670342,150.758166,"Leptospermum trinervium"
-33.670336,150.758152,"Leptospermum trinervium"
-33.670326,150.542218,"Leptospermum trinervium"
-33.670271,150.489494,"Leptospermum trinervium"
-33.670271,150.489494,"Leptospermum trinervium"
-33.670255,150.545898,"Leptospermum trinervium"
-33.6702,150.95832,"Leptospermum trinervium"
-33.670198,150.713012,"Leptospermum trinervium"
-33.670136,150.605256,"Leptospermum trinervium"
-33.67,150.536009,"Leptospermum trinervium"
-33.669984,150.540891,"Leptospermum trinervium"
-33.669936,150.616357,"Leptospermum trinervium"
-33.6699,150.3173,"Leptospermum trinervium"
-33.669645,151.131133,"Leptospermum trinervium"
-33.66955,151.18952,"Leptospermum trinervium"
-33.669503,150.698914,"Leptospermum trinervium"
-33.669449,150.317728,"Leptospermum trinervium"
-33.669433,150.280956,"Leptospermum trinervium"
-33.669191,151.188439,"Leptospermum trinervium"
-33.669173,150.353976,"Leptospermum trinervium"
-33.669173,150.353976,"Leptospermum trinervium"
-33.669047,150.550691,"Leptospermum trinervium"
-33.668993,150.614227,"Leptospermum trinervium"
-33.668966,150.316784,"Leptospermum trinervium"
-33.668885,151.015929,"Leptospermum trinervium"
-33.668866,151.15779,"Leptospermum trinervium"
-33.668862,150.973647,"Leptospermum trinervium"
-33.668693,150.546233,"Leptospermum trinervium"
-33.66868,150.926389,"Leptospermum trinervium"
-33.668548,150.549594,"Leptospermum trinervium"
-33.668511,150.316543,"Leptospermum trinervium"
-33.668498,151.26584,"Leptospermum trinervium"
-33.668498,151.26584,"Leptospermum trinervium"
-33.668473,150.736393,"Leptospermum trinervium"
-33.668471,150.355701,"Leptospermum trinervium"
-33.668471,150.355701,"Leptospermum trinervium"
-33.66844,150.970465,"Leptospermum trinervium"
-33.66844,150.970465,"Leptospermum trinervium"
-33.66844,150.970465,"Leptospermum trinervium"
-33.668281,150.929102,"Leptospermum trinervium"
-33.668243,151.269957,"Leptospermum trinervium"
-33.66819,150.3174,"Leptospermum trinervium"
-33.668158,150.353317,"Leptospermum trinervium"
-33.668156,150.922882,"Leptospermum trinervium"
-33.668143,150.349242,"Leptospermum trinervium"
-33.668143,150.349242,"Leptospermum trinervium"
-33.668082,150.315661,"Leptospermum trinervium"
-33.66808,150.75066,"Leptospermum trinervium"
-33.668068,150.940736,"Leptospermum trinervium"
-33.668006,151.062602,"Leptospermum trinervium"
-33.667982,150.545391,"Leptospermum trinervium"
-33.667902,150.650942,"Leptospermum trinervium"
-33.667887,151.072535,"Leptospermum trinervium"
-33.667865,151.263494,"Leptospermum trinervium"
-33.667797,150.923758,"Leptospermum trinervium"
-33.66777,150.31773,"Leptospermum trinervium"
-33.66777,151.184277,"Leptospermum trinervium"
-33.667765,151.184579,"Leptospermum trinervium"
-33.667757,150.928924,"Leptospermum trinervium"
-33.66773,151.062294,"Leptospermum trinervium"
-33.66771,151.185076,"Leptospermum trinervium"
-33.66771,151.185076,"Leptospermum trinervium"
-33.667698,151.264446,"Leptospermum trinervium"
-33.667694,151.088932,"Leptospermum trinervium"
-33.667693,151.088923,"Leptospermum trinervium"
-33.667654,151.104258,"Leptospermum trinervium"
-33.667631,150.31697,"Leptospermum trinervium"
-33.667624,151.265623,"Leptospermum trinervium"
-33.667554,151.270075,"Leptospermum trinervium"
-33.667462,151.184823,"Leptospermum trinervium"
-33.667437,151.105545,"Leptospermum trinervium"
-33.667375,150.544362,"Leptospermum trinervium"
-33.667368,150.927577,"Leptospermum trinervium"
-33.667309,150.697269,"Leptospermum trinervium"
-33.66724,150.75251,"Leptospermum trinervium"
-33.66722,150.3179,"Leptospermum trinervium"
-33.667141,151.259159,"Leptospermum trinervium"
-33.667094,150.94104,"Leptospermum trinervium"
-33.666918,151.073848,"Leptospermum trinervium"
-33.666815,150.940507,"Leptospermum trinervium"
-33.666814,150.715819,"Leptospermum trinervium"
-33.66679,150.651873,"Leptospermum trinervium"
-33.66678,150.542999,"Leptospermum trinervium"
-33.666667,151.216667,"Leptospermum trinervium"
-33.666667,150.45,"Leptospermum trinervium"
-33.666667,150.366667,"Leptospermum trinervium"
-33.666667,151.016667,"Leptospermum trinervium"
-33.666667,150.366667,"Leptospermum trinervium"
-33.666644,150.654955,"Leptospermum trinervium"
-33.666556,151.176781,"Leptospermum trinervium"
-33.666517,150.711817,"Leptospermum trinervium"
-33.66635,150.69946,"Leptospermum trinervium"
-33.666224,150.540869,"Leptospermum trinervium"
-33.666138,150.983568,"Leptospermum trinervium"
-33.666042,150.935274,"Leptospermum trinervium"
-33.66601,150.70024,"Leptospermum trinervium"
-33.665967,150.982482,"Leptospermum trinervium"
-33.665964,151.071629,"Leptospermum trinervium"
-33.665944,150.928683,"Leptospermum trinervium"
-33.665875,151.079551,"Leptospermum trinervium"
-33.665847,150.685496,"Leptospermum trinervium"
-33.66584,150.685482,"Leptospermum trinervium"
-33.665788,150.651161,"Leptospermum trinervium"
-33.665754,150.712593,"Leptospermum trinervium"
-33.665657,150.927346,"Leptospermum trinervium"
-33.66564,151.155527,"Leptospermum trinervium"
-33.66564,151.155527,"Leptospermum trinervium"
-33.665571,151.155298,"Leptospermum trinervium"
-33.665564,151.260769,"Leptospermum trinervium"
-33.665462,150.985543,"Leptospermum trinervium"
-33.665301,151.080134,"Leptospermum trinervium"
-33.665287,151.155242,"Leptospermum trinervium"
-33.66527,150.928341,"Leptospermum trinervium"
-33.665267,150.928844,"Leptospermum trinervium"
-33.6652169,151.2008651,"Leptospermum trinervium"
-33.665159,151.278326,"Leptospermum trinervium"
-33.665158,151.155451,"Leptospermum trinervium"
-33.66513,150.362908,"Leptospermum trinervium"
-33.664734,151.284932,"Leptospermum trinervium"
-33.664717,151.279267,"Leptospermum trinervium"
-33.664615,150.936764,"Leptospermum trinervium"
-33.664594,151.219017,"Leptospermum trinervium"
-33.664594,151.219017,"Leptospermum trinervium"
-33.664538,150.279838,"Leptospermum trinervium"
-33.664538,150.279838,"Leptospermum trinervium"
-33.664505,151.079243,"Leptospermum trinervium"
-33.664487,151.155468,"Leptospermum trinervium"
-33.664322,150.518563,"Leptospermum trinervium"
-33.664322,150.518563,"Leptospermum trinervium"
-33.664265,150.702828,"Leptospermum trinervium"
-33.664231,151.155228,"Leptospermum trinervium"
-33.664185,151.267331,"Leptospermum trinervium"
-33.664142,150.704565,"Leptospermum trinervium"
-33.6641056,151.2533643,"Leptospermum trinervium"
-33.664074,151.154966,"Leptospermum trinervium"
-33.663974,150.923785,"Leptospermum trinervium"
-33.66395,151.28086,"Leptospermum trinervium"
-33.663924,150.627918,"Leptospermum trinervium"
-33.663879,150.700135,"Leptospermum trinervium"
-33.663722,151.231003,"Leptospermum trinervium"
-33.66372,150.32204,"Leptospermum trinervium"
-33.66354,150.32188,"Leptospermum trinervium"
-33.663515,150.705507,"Leptospermum trinervium"
-33.663509,150.705493,"Leptospermum trinervium"
-33.663495,151.247478,"Leptospermum trinervium"
-33.663401,151.261567,"Leptospermum trinervium"
-33.66338,150.705088,"Leptospermum trinervium"
-33.663308,150.700228,"Leptospermum trinervium"
-33.66327,150.928018,"Leptospermum trinervium"
-33.663157,150.928819,"Leptospermum trinervium"
-33.663149,150.548558,"Leptospermum trinervium"
-33.663099,151.084994,"Leptospermum trinervium"
-33.66309,150.71828,"Leptospermum trinervium"
-33.663082,150.545659,"Leptospermum trinervium"
-33.66308,150.754048,"Leptospermum trinervium"
-33.66298,150.547323,"Leptospermum trinervium"
-33.662964,150.699778,"Leptospermum trinervium"
-33.662846,150.925901,"Leptospermum trinervium"
-33.66265,150.933748,"Leptospermum trinervium"
-33.662599,150.544508,"Leptospermum trinervium"
-33.662598,150.928811,"Leptospermum trinervium"
-33.662592,151.261734,"Leptospermum trinervium"
-33.662562,151.130921,"Leptospermum trinervium"
-33.662337,151.258989,"Leptospermum trinervium"
-33.662322,151.086543,"Leptospermum trinervium"
-33.662298,151.260715,"Leptospermum trinervium"
-33.662279,150.679989,"Leptospermum trinervium"
-33.66224,150.543192,"Leptospermum trinervium"
-33.662142,150.547325,"Leptospermum trinervium"
-33.662014,150.692838,"Leptospermum trinervium"
-33.66198,150.75428,"Leptospermum trinervium"
-33.661941,150.273078,"Leptospermum trinervium"
-33.661941,150.273078,"Leptospermum trinervium"
-33.661919,150.658056,"Leptospermum trinervium"
-33.661846,150.961861,"Leptospermum trinervium"
-33.661846,150.961861,"Leptospermum trinervium"
-33.661694,150.27803,"Leptospermum trinervium"
-33.661693,151.044444,"Leptospermum trinervium"
-33.661674,151.192409,"Leptospermum trinervium"
-33.661674,151.192409,"Leptospermum trinervium"
-33.661639,151.037641,"Leptospermum trinervium"
-33.661567,150.929315,"Leptospermum trinervium"
-33.661499,150.928281,"Leptospermum trinervium"
-33.661454,151.083096,"Leptospermum trinervium"
-33.661396,151.23555,"Leptospermum trinervium"
-33.661109,151.03709,"Leptospermum trinervium"
-33.661082,151.149519,"Leptospermum trinervium"
-33.661064,151.150917,"Leptospermum trinervium"
-33.661059,150.546849,"Leptospermum trinervium"
-33.6609992,150.3639337,"Leptospermum trinervium"
-33.660991,151.149293,"Leptospermum trinervium"
-33.660855,150.252951,"Leptospermum trinervium"
-33.6608,150.982238,"Leptospermum trinervium"
-33.660767,151.080048,"Leptospermum trinervium"
-33.660766,151.189363,"Leptospermum trinervium"
-33.660683,150.963767,"Leptospermum trinervium"
-33.660551,151.188226,"Leptospermum trinervium"
-33.660509,150.753137,"Leptospermum trinervium"
-33.660241,150.963195,"Leptospermum trinervium"
-33.660241,150.963195,"Leptospermum trinervium"
-33.660192,150.963002,"Leptospermum trinervium"
-33.660178,151.092097,"Leptospermum trinervium"
-33.66015,151.09196,"Leptospermum trinervium"
-33.66014,150.6805,"Leptospermum trinervium"
-33.660077,150.2643,"Leptospermum trinervium"
-33.659981,151.199993,"Leptospermum trinervium"
-33.659926,150.681487,"Leptospermum trinervium"
-33.659795,151.158264,"Leptospermum trinervium"
-33.659668,151.071694,"Leptospermum trinervium"
-33.659606,151.091057,"Leptospermum trinervium"
-33.659541,150.537167,"Leptospermum trinervium"
-33.659531,151.151696,"Leptospermum trinervium"
-33.659472,151.080459,"Leptospermum trinervium"
-33.659459,150.545719,"Leptospermum trinervium"
-33.659305,151.011353,"Leptospermum trinervium"
-33.659168,151.284908,"Leptospermum trinervium"
-33.659154,150.733499,"Leptospermum trinervium"
-33.65915,150.641646,"Leptospermum trinervium"
-33.659018,151.198098,"Leptospermum trinervium"
-33.659018,151.198098,"Leptospermum trinervium"
-33.659018,151.198098,"Leptospermum trinervium"
-33.65898,150.544741,"Leptospermum trinervium"
-33.658922,151.28402,"Leptospermum trinervium"
-33.658916,151.283589,"Leptospermum trinervium"
-33.658898,151.036081,"Leptospermum trinervium"
-33.658795,151.036086,"Leptospermum trinervium"
-33.658782,150.714446,"Leptospermum trinervium"
-33.658717,150.706544,"Leptospermum trinervium"
-33.658673,150.547664,"Leptospermum trinervium"
-33.658673,150.547664,"Leptospermum trinervium"
-33.658672,151.035014,"Leptospermum trinervium"
-33.65865,151.035951,"Leptospermum trinervium"
-33.6585507,151.073923,"Leptospermum trinervium"
-33.6585507,151.073923,"Leptospermum trinervium"
-33.65852,151.036714,"Leptospermum trinervium"
-33.658488,150.322005,"Leptospermum trinervium"
-33.658436,150.397933,"Leptospermum trinervium"
-33.658432,151.287353,"Leptospermum trinervium"
-33.658391,151.239686,"Leptospermum trinervium"
-33.658378,151.036714,"Leptospermum trinervium"
-33.658278,151.034893,"Leptospermum trinervium"
-33.65824,150.715344,"Leptospermum trinervium"
-33.658099,151.034465,"Leptospermum trinervium"
-33.658093,151.200213,"Leptospermum trinervium"
-33.658052,150.282311,"Leptospermum trinervium"
-33.657996,150.714833,"Leptospermum trinervium"
-33.657875,150.639542,"Leptospermum trinervium"
-33.657841,150.701597,"Leptospermum trinervium"
-33.657801,151.120203,"Leptospermum trinervium"
-33.657801,151.120203,"Leptospermum trinervium"
-33.657638,151.036697,"Leptospermum trinervium"
-33.657454,151.120801,"Leptospermum trinervium"
-33.657454,151.120801,"Leptospermum trinervium"
-33.657057,150.709413,"Leptospermum trinervium"
-33.656894,151.093628,"Leptospermum trinervium"
-33.656791,150.575653,"Leptospermum trinervium"
-33.656738,150.940152,"Leptospermum trinervium"
-33.656493,150.368967,"Leptospermum trinervium"
-33.65648,150.70262,"Leptospermum trinervium"
-33.656457,150.399214,"Leptospermum trinervium"
-33.656457,150.399214,"Leptospermum trinervium"
-33.65629,150.703561,"Leptospermum trinervium"
-33.656265,150.703543,"Leptospermum trinervium"
-33.656259,150.703529,"Leptospermum trinervium"
-33.656083,151.24725,"Leptospermum trinervium"
-33.656072,151.115804,"Leptospermum trinervium"
-33.656034,150.550973,"Leptospermum trinervium"
-33.656034,150.550973,"Leptospermum trinervium"
-33.655995,151.113824,"Leptospermum trinervium"
-33.655989,151.112558,"Leptospermum trinervium"
-33.655784,151.241704,"Leptospermum trinervium"
-33.655784,151.241704,"Leptospermum trinervium"
-33.655722,151.128747,"Leptospermum trinervium"
-33.65557,151.028924,"Leptospermum trinervium"
-33.655533,150.55709,"Leptospermum trinervium"
-33.655533,150.55709,"Leptospermum trinervium"
-33.655517,151.128618,"Leptospermum trinervium"
-33.655517,151.128618,"Leptospermum trinervium"
-33.655354,151.079511,"Leptospermum trinervium"
-33.655167,151.24775,"Leptospermum trinervium"
-33.655064,151.190013,"Leptospermum trinervium"
-33.654993,150.368803,"Leptospermum trinervium"
-33.654609,151.141351,"Leptospermum trinervium"
-33.654515,151.12278,"Leptospermum trinervium"
-33.654336,151.282075,"Leptospermum trinervium"
-33.654316,151.276684,"Leptospermum trinervium"
-33.654191,150.321742,"Leptospermum trinervium"
-33.654157,151.233616,"Leptospermum trinervium"
-33.653968,150.744601,"Leptospermum trinervium"
-33.653861,151.15161,"Leptospermum trinervium"
-33.65383,151.122446,"Leptospermum trinervium"
-33.653818,150.556779,"Leptospermum trinervium"
-33.653689,151.125859,"Leptospermum trinervium"
-33.6535552,150.3689335,"Leptospermum trinervium"
-33.653481,151.187189,"Leptospermum trinervium"
-33.65346,150.953681,"Leptospermum trinervium"
-33.653418,150.555712,"Leptospermum trinervium"
-33.653333,150.369167,"Leptospermum trinervium"
-33.6532723,151.134477,"Leptospermum trinervium"
-33.653189,151.113298,"Leptospermum trinervium"
-33.653128,150.715393,"Leptospermum trinervium"
-33.65303,150.314195,"Leptospermum trinervium"
-33.653028,151.120911,"Leptospermum trinervium"
-33.652944,151.255111,"Leptospermum trinervium"
-33.652943,151.091247,"Leptospermum trinervium"
-33.652909,150.541431,"Leptospermum trinervium"
-33.652816,151.298969,"Leptospermum trinervium"
-33.652804,150.356751,"Leptospermum trinervium"
-33.652707,151.12138,"Leptospermum trinervium"
-33.652586,150.555143,"Leptospermum trinervium"
-33.652512,151.143342,"Leptospermum trinervium"
-33.652411,151.125711,"Leptospermum trinervium"
-33.652396,151.098882,"Leptospermum trinervium"
-33.652288,151.119248,"Leptospermum trinervium"
-33.652246,150.779659,"Leptospermum trinervium"
-33.652246,150.779659,"Leptospermum trinervium"
-33.652111,151.145361,"Leptospermum trinervium"
-33.651967,150.353802,"Leptospermum trinervium"
-33.651861,151.145056,"Leptospermum trinervium"
-33.651778,151.145389,"Leptospermum trinervium"
-33.651778,151.145139,"Leptospermum trinervium"
-33.651592,151.1203,"Leptospermum trinervium"
-33.651581,150.31499,"Leptospermum trinervium"
-33.651565,150.555032,"Leptospermum trinervium"
-33.651385,151.09961,"Leptospermum trinervium"
-33.651208,150.371883,"Leptospermum trinervium"
-33.651171,150.523505,"Leptospermum trinervium"
-33.651171,150.523505,"Leptospermum trinervium"
-33.651171,150.523505,"Leptospermum trinervium"
-33.651171,150.523505,"Leptospermum trinervium"
-33.651167,151.147167,"Leptospermum trinervium"
-33.651153,151.120523,"Leptospermum trinervium"
-33.650959,151.068001,"Leptospermum trinervium"
-33.650887,151.146514,"Leptospermum trinervium"
-33.650762,151.010415,"Leptospermum trinervium"
-33.650745,151.223357,"Leptospermum trinervium"
-33.65067,150.369484,"Leptospermum trinervium"
-33.65067,150.369484,"Leptospermum trinervium"
-33.650497,150.371733,"Leptospermum trinervium"
-33.650383,150.374215,"Leptospermum trinervium"
-33.650383,150.374215,"Leptospermum trinervium"
-33.650306,151.146639,"Leptospermum trinervium"
-33.65025,151.147056,"Leptospermum trinervium"
-33.650192,150.370296,"Leptospermum trinervium"
-33.650108,150.554318,"Leptospermum trinervium"
-33.650025,150.371963,"Leptospermum trinervium"
-33.65,151.1,"Leptospermum trinervium"
-33.649949,151.101772,"Leptospermum trinervium"
-33.649653,150.951256,"Leptospermum trinervium"
-33.649554,150.792936,"Leptospermum trinervium"
-33.649552,150.320272,"Leptospermum trinervium"
-33.649548,150.792922,"Leptospermum trinervium"
-33.649548,151.087608,"Leptospermum trinervium"
-33.649495,151.083039,"Leptospermum trinervium"
-33.649455,151.087504,"Leptospermum trinervium"
-33.64933,150.321778,"Leptospermum trinervium"
-33.649292,151.083022,"Leptospermum trinervium"
-33.649242,150.320565,"Leptospermum trinervium"
-33.649164,150.371136,"Leptospermum trinervium"
-33.649164,150.371136,"Leptospermum trinervium"
-33.64914,151.04619,"Leptospermum trinervium"
-33.649138,151.102529,"Leptospermum trinervium"
-33.648982,151.087115,"Leptospermum trinervium"
-33.648947,151.12476,"Leptospermum trinervium"
-33.64887,151.207373,"Leptospermum trinervium"
-33.64887,151.207373,"Leptospermum trinervium"
-33.648859,151.118939,"Leptospermum trinervium"
-33.648622,151.118775,"Leptospermum trinervium"
-33.648577,151.100508,"Leptospermum trinervium"
-33.648532,150.53328,"Leptospermum trinervium"
-33.648395,150.372292,"Leptospermum trinervium"
-33.648395,150.372292,"Leptospermum trinervium"
-33.648342,150.71594,"Leptospermum trinervium"
-33.648244,150.708607,"Leptospermum trinervium"
-33.648238,150.708593,"Leptospermum trinervium"
-33.648238,150.708593,"Leptospermum trinervium"
-33.648091,150.715559,"Leptospermum trinervium"
-33.648085,151.086446,"Leptospermum trinervium"
-33.648051,151.089905,"Leptospermum trinervium"
-33.648047,151.089686,"Leptospermum trinervium"
-33.648034,150.318928,"Leptospermum trinervium"
-33.647858,150.716632,"Leptospermum trinervium"
-33.64781,150.68798,"Leptospermum trinervium"
-33.64781,150.68798,"Leptospermum trinervium"
-33.647787,150.372453,"Leptospermum trinervium"
-33.647649,151.02986,"Leptospermum trinervium"
-33.647613,151.150079,"Leptospermum trinervium"
-33.647495,150.372497,"Leptospermum trinervium"
-33.647222,151.280833,"Leptospermum trinervium"
-33.647196,151.158222,"Leptospermum trinervium"
-33.646564,151.038988,"Leptospermum trinervium"
-33.646494,151.132571,"Leptospermum trinervium"
-33.646486,150.311677,"Leptospermum trinervium"
-33.64641,151.089459,"Leptospermum trinervium"
-33.646305,150.699123,"Leptospermum trinervium"
-33.646264,150.744058,"Leptospermum trinervium"
-33.646052,151.118295,"Leptospermum trinervium"
-33.645895,150.325333,"Leptospermum trinervium"
-33.645709,151.111782,"Leptospermum trinervium"
-33.645703,150.325347,"Leptospermum trinervium"
-33.64521,150.72281,"Leptospermum trinervium"
-33.645004,150.722951,"Leptospermum trinervium"
-33.644854,150.718005,"Leptospermum trinervium"
-33.644854,151.093104,"Leptospermum trinervium"
-33.644788,150.747411,"Leptospermum trinervium"
-33.64476,150.721697,"Leptospermum trinervium"
-33.644728,151.126557,"Leptospermum trinervium"
-33.644721,150.590102,"Leptospermum trinervium"
-33.6447,150.7181,"Leptospermum trinervium"
-33.644444,151.02935,"Leptospermum trinervium"
-33.644438,150.9599,"Leptospermum trinervium"
-33.644423,150.720033,"Leptospermum trinervium"
-33.644407,150.311564,"Leptospermum trinervium"
-33.644405,151.028334,"Leptospermum trinervium"
-33.644375,150.960738,"Leptospermum trinervium"
-33.644362,150.960695,"Leptospermum trinervium"
-33.644337,150.960738,"Leptospermum trinervium"
-33.644319,151.135392,"Leptospermum trinervium"
-33.644189,150.528003,"Leptospermum trinervium"
-33.644189,150.528003,"Leptospermum trinervium"
-33.64417,150.960617,"Leptospermum trinervium"
-33.644109,151.115114,"Leptospermum trinervium"
-33.644092,150.960587,"Leptospermum trinervium"
-33.644058,150.960512,"Leptospermum trinervium"
-33.644023,150.68878,"Leptospermum trinervium"
-33.64402,150.96028,"Leptospermum trinervium"
-33.64402,150.96022,"Leptospermum trinervium"
-33.643995,150.960388,"Leptospermum trinervium"
-33.643989,150.244951,"Leptospermum trinervium"
-33.64398,150.960388,"Leptospermum trinervium"
-33.643975,150.96028,"Leptospermum trinervium"
-33.643937,150.960403,"Leptospermum trinervium"
-33.643936,150.709826,"Leptospermum trinervium"
-33.64388,150.272128,"Leptospermum trinervium"
-33.643797,151.111114,"Leptospermum trinervium"
-33.64377,150.731808,"Leptospermum trinervium"
-33.643738,150.301555,"Leptospermum trinervium"
-33.643503,151.029502,"Leptospermum trinervium"
-33.643454,150.278975,"Leptospermum trinervium"
-33.643454,150.278975,"Leptospermum trinervium"
-33.643023,151.120744,"Leptospermum trinervium"
-33.642905,151.093108,"Leptospermum trinervium"
-33.64284,150.72244,"Leptospermum trinervium"
-33.64272,150.68886,"Leptospermum trinervium"
-33.642661,150.722278,"Leptospermum trinervium"
-33.642637,151.029847,"Leptospermum trinervium"
-33.642532,150.689421,"Leptospermum trinervium"
-33.642431,151.135704,"Leptospermum trinervium"
-33.642409,151.029541,"Leptospermum trinervium"
-33.642135,151.081565,"Leptospermum trinervium"
-33.642033,150.371812,"Leptospermum trinervium"
-33.641919,150.690409,"Leptospermum trinervium"
-33.641876,150.278971,"Leptospermum trinervium"
-33.641876,150.278971,"Leptospermum trinervium"
-33.6415,150.68784,"Leptospermum trinervium"
-33.641465,150.690144,"Leptospermum trinervium"
-33.641364,150.689336,"Leptospermum trinervium"
-33.64124,150.69055,"Leptospermum trinervium"
-33.641231,150.689893,"Leptospermum trinervium"
-33.641222,151.112486,"Leptospermum trinervium"
-33.641134,150.68993,"Leptospermum trinervium"
-33.641128,150.689917,"Leptospermum trinervium"
-33.641102,151.125361,"Leptospermum trinervium"
-33.641069,151.111122,"Leptospermum trinervium"
-33.64105,150.691172,"Leptospermum trinervium"
-33.64105,150.68944,"Leptospermum trinervium"
-33.641035,151.118265,"Leptospermum trinervium"
-33.640976,150.688832,"Leptospermum trinervium"
-33.64094,150.69234,"Leptospermum trinervium"
-33.640906,150.6922,"Leptospermum trinervium"
-33.640534,151.126458,"Leptospermum trinervium"
-33.640416,150.687581,"Leptospermum trinervium"
-33.640361,150.68299,"Leptospermum trinervium"
-33.640218,150.687669,"Leptospermum trinervium"
-33.640126,151.094266,"Leptospermum trinervium"
-33.640126,151.094266,"Leptospermum trinervium"
-33.6401,150.292834,"Leptospermum trinervium"
-33.640086,151.139166,"Leptospermum trinervium"
-33.640002,150.694116,"Leptospermum trinervium"
-33.639933,151.124955,"Leptospermum trinervium"
-33.639933,151.124955,"Leptospermum trinervium"
-33.639823,150.692122,"Leptospermum trinervium"
-33.639816,150.692108,"Leptospermum trinervium"
-33.639816,150.692108,"Leptospermum trinervium"
-33.639812,150.693954,"Leptospermum trinervium"
-33.639802,150.691941,"Leptospermum trinervium"
-33.639757,151.131357,"Leptospermum trinervium"
-33.639709,151.030708,"Leptospermum trinervium"
-33.639633,150.69812,"Leptospermum trinervium"
-33.639464,151.122873,"Leptospermum trinervium"
-33.63937,150.726203,"Leptospermum trinervium"
-33.639367,151.031333,"Leptospermum trinervium"
-33.639286,151.00172,"Leptospermum trinervium"
-33.639275,151.031364,"Leptospermum trinervium"
-33.639177,151.180901,"Leptospermum trinervium"
-33.639177,151.180901,"Leptospermum trinervium"
-33.639158,150.274232,"Leptospermum trinervium"
-33.639155,150.274293,"Leptospermum trinervium"
-33.639142,151.070615,"Leptospermum trinervium"
-33.639011,151.13879,"Leptospermum trinervium"
-33.638934,150.937291,"Leptospermum trinervium"
-33.638626,151.219843,"Leptospermum trinervium"
-33.638606,150.29798,"Leptospermum trinervium"
-33.63847,150.694045,"Leptospermum trinervium"
-33.638398,151.026345,"Leptospermum trinervium"
-33.63796,150.69344,"Leptospermum trinervium"
-33.637953,151.115991,"Leptospermum trinervium"
-33.637901,150.692894,"Leptospermum trinervium"
-33.637854,150.692896,"Leptospermum trinervium"
-33.6377167,151.2275314,"Leptospermum trinervium"
-33.637507,151.055473,"Leptospermum trinervium"
-33.637178,150.918607,"Leptospermum trinervium"
-33.636963,150.366883,"Leptospermum trinervium"
-33.636946,151.129873,"Leptospermum trinervium"
-33.63683,151.07927,"Leptospermum trinervium"
-33.636602,150.442966,"Leptospermum trinervium"
-33.636294,151.068425,"Leptospermum trinervium"
-33.63628,150.601117,"Leptospermum trinervium"
-33.63628,150.601117,"Leptospermum trinervium"
-33.636175,150.59573,"Leptospermum trinervium"
-33.635923,151.087047,"Leptospermum trinervium"
-33.635828,151.026371,"Leptospermum trinervium"
-33.635278,151.104167,"Leptospermum trinervium"
-33.635136,150.306049,"Leptospermum trinervium"
-33.634943,151.099573,"Leptospermum trinervium"
-33.63491,150.717556,"Leptospermum trinervium"
-33.634801,151.143393,"Leptospermum trinervium"
-33.634561,151.14003,"Leptospermum trinervium"
-33.634321,151.100127,"Leptospermum trinervium"
-33.634267,150.365538,"Leptospermum trinervium"
-33.633914,150.969567,"Leptospermum trinervium"
-33.633909,150.968155,"Leptospermum trinervium"
-33.633742,150.293389,"Leptospermum trinervium"
-33.633333,150.383333,"Leptospermum trinervium"
-33.633333,150.266667,"Leptospermum trinervium"
-33.633333,150.283333,"Leptospermum trinervium"
-33.633145,151.105758,"Leptospermum trinervium"
-33.633031,150.440765,"Leptospermum trinervium"
-33.63303,151.207022,"Leptospermum trinervium"
-33.632929,151.103494,"Leptospermum trinervium"
-33.632886,150.304344,"Leptospermum trinervium"
-33.632886,150.304344,"Leptospermum trinervium"
-33.632886,150.304344,"Leptospermum trinervium"
-33.632886,150.304344,"Leptospermum trinervium"
-33.632754,151.134271,"Leptospermum trinervium"
-33.63267,151.110178,"Leptospermum trinervium"
-33.632191,150.535837,"Leptospermum trinervium"
-33.632191,150.535837,"Leptospermum trinervium"
-33.632096,151.143452,"Leptospermum trinervium"
-33.632054,150.718214,"Leptospermum trinervium"
-33.63163,151.23508,"Leptospermum trinervium"
-33.63116,151.06691,"Leptospermum trinervium"
-33.630663,150.307433,"Leptospermum trinervium"
-33.630536,150.969765,"Leptospermum trinervium"
-33.630448,150.401883,"Leptospermum trinervium"
-33.630386,151.255072,"Leptospermum trinervium"
-33.630311,150.726376,"Leptospermum trinervium"
-33.630232,150.307333,"Leptospermum trinervium"
-33.630226,150.307324,"Leptospermum trinervium"
-33.630142,150.963942,"Leptospermum trinervium"
-33.629998,150.307317,"Leptospermum trinervium"
-33.629845,151.113855,"Leptospermum trinervium"
-33.629656,151.125345,"Leptospermum trinervium"
-33.629528,150.402079,"Leptospermum trinervium"
-33.629528,150.402079,"Leptospermum trinervium"
-33.629509,150.957901,"Leptospermum trinervium"
-33.629428,151.104438,"Leptospermum trinervium"
-33.629263,150.308586,"Leptospermum trinervium"
-33.629251,150.943186,"Leptospermum trinervium"
-33.629251,150.943186,"Leptospermum trinervium"
-33.62923,151.056737,"Leptospermum trinervium"
-33.628831,150.291536,"Leptospermum trinervium"
-33.6285504,151.1072552,"Leptospermum trinervium"
-33.628547,150.710438,"Leptospermum trinervium"
-33.628236,150.94753,"Leptospermum trinervium"
-33.628208,150.948502,"Leptospermum trinervium"
-33.62814,150.311235,"Leptospermum trinervium"
-33.62814,150.311235,"Leptospermum trinervium"
-33.62814,150.311235,"Leptospermum trinervium"
-33.628114,150.964518,"Leptospermum trinervium"
-33.62811,150.96902,"Leptospermum trinervium"
-33.628075,150.946833,"Leptospermum trinervium"
-33.627654,150.714773,"Leptospermum trinervium"
-33.627619,150.996042,"Leptospermum trinervium"
-33.627509,150.965546,"Leptospermum trinervium"
-33.627504,151.134311,"Leptospermum trinervium"
-33.627447,150.273854,"Leptospermum trinervium"
-33.627392,150.604036,"Leptospermum trinervium"
-33.627392,150.604036,"Leptospermum trinervium"
-33.627329,150.963944,"Leptospermum trinervium"
-33.627138,150.27132,"Leptospermum trinervium"
-33.62711,150.274134,"Leptospermum trinervium"
-33.62711,150.274134,"Leptospermum trinervium"
-33.626971,150.273933,"Leptospermum trinervium"
-33.626971,150.273933,"Leptospermum trinervium"
-33.626786,150.962178,"Leptospermum trinervium"
-33.62658,150.75053,"Leptospermum trinervium"
-33.626539,150.400121,"Leptospermum trinervium"
-33.626529,150.753643,"Leptospermum trinervium"
-33.626459,150.750128,"Leptospermum trinervium"
-33.626443,150.291333,"Leptospermum trinervium"
-33.626389,150.947991,"Leptospermum trinervium"
-33.626231,150.273892,"Leptospermum trinervium"
-33.626198,150.650981,"Leptospermum trinervium"
-33.626029,150.399436,"Leptospermum trinervium"
-33.626029,150.399436,"Leptospermum trinervium"
-33.625841,151.284765,"Leptospermum trinervium"
-33.625798,150.303408,"Leptospermum trinervium"
-33.625724,151.200706,"Leptospermum trinervium"
-33.625707,150.39659,"Leptospermum trinervium"
-33.625699,150.395504,"Leptospermum trinervium"
-33.625651,150.306021,"Leptospermum trinervium"
-33.62561,150.27626,"Leptospermum trinervium"
-33.625607,150.39739,"Leptospermum trinervium"
-33.625607,150.39739,"Leptospermum trinervium"
-33.625527,150.970065,"Leptospermum trinervium"
-33.625517,151.151757,"Leptospermum trinervium"
-33.625488,150.396435,"Leptospermum trinervium"
-33.625479,150.396036,"Leptospermum trinervium"
-33.625337,150.962352,"Leptospermum trinervium"
-33.625276,150.855757,"Leptospermum trinervium"
-33.625227,150.747592,"Leptospermum trinervium"
-33.625224,150.746792,"Leptospermum trinervium"
-33.62517,150.74762,"Leptospermum trinervium"
-33.62517,150.74762,"Leptospermum trinervium"
-33.62514,150.7464,"Leptospermum trinervium"
-33.625054,151.156136,"Leptospermum trinervium"
-33.625007,151.246221,"Leptospermum trinervium"
-33.625007,151.246221,"Leptospermum trinervium"
-33.624986,151.009228,"Leptospermum trinervium"
-33.624945,150.396343,"Leptospermum trinervium"
-33.624845,150.295956,"Leptospermum trinervium"
-33.624836,150.28551,"Leptospermum trinervium"
-33.62462,150.72519,"Leptospermum trinervium"
-33.624329,150.961923,"Leptospermum trinervium"
-33.624296,151.158662,"Leptospermum trinervium"
-33.624292,151.158654,"Leptospermum trinervium"
-33.624257,150.271896,"Leptospermum trinervium"
-33.624257,150.271896,"Leptospermum trinervium"
-33.624198,150.949617,"Leptospermum trinervium"
-33.624194,151.091104,"Leptospermum trinervium"
-33.624039,150.94917,"Leptospermum trinervium"
-33.623836,150.9681,"Leptospermum trinervium"
-33.623818,151.156432,"Leptospermum trinervium"
-33.623818,151.156432,"Leptospermum trinervium"
-33.623614,150.949076,"Leptospermum trinervium"
-33.623535,150.282092,"Leptospermum trinervium"
-33.62353,151.01705,"Leptospermum trinervium"
-33.623269,150.854902,"Leptospermum trinervium"
-33.623138,150.283311,"Leptospermum trinervium"
-33.622728,151.15012,"Leptospermum trinervium"
-33.622658,151.14572,"Leptospermum trinervium"
-33.622612,150.581841,"Leptospermum trinervium"
-33.622385,150.404281,"Leptospermum trinervium"
-33.622304,150.909828,"Leptospermum trinervium"
-33.622071,150.283549,"Leptospermum trinervium"
-33.622071,150.283549,"Leptospermum trinervium"
-33.622052,150.715611,"Leptospermum trinervium"
-33.621931,150.960848,"Leptospermum trinervium"
-33.621417,150.657611,"Leptospermum trinervium"
-33.621162,151.260012,"Leptospermum trinervium"
-33.62116,151.144043,"Leptospermum trinervium"
-33.620841,151.062923,"Leptospermum trinervium"
-33.620833,150.625,"Leptospermum trinervium"
-33.620519,150.961646,"Leptospermum trinervium"
-33.620265,151.153173,"Leptospermum trinervium"
-33.619555,151.251312,"Leptospermum trinervium"
-33.619442,151.089753,"Leptospermum trinervium"
-33.619442,151.089753,"Leptospermum trinervium"
-33.619333,150.566124,"Leptospermum trinervium"
-33.619333,150.566124,"Leptospermum trinervium"
-33.619283,150.35981,"Leptospermum trinervium"
-33.619258,151.055436,"Leptospermum trinervium"
-33.618972,150.652753,"Leptospermum trinervium"
-33.618972,150.652753,"Leptospermum trinervium"
-33.618947,151.091545,"Leptospermum trinervium"
-33.61891,151.055633,"Leptospermum trinervium"
-33.6189,150.6278,"Leptospermum trinervium"
-33.618889,150.627778,"Leptospermum trinervium"
-33.618889,150.627778,"Leptospermum trinervium"
-33.618889,150.627778,"Leptospermum trinervium"
-33.618889,150.627778,"Leptospermum trinervium"
-33.618873,150.967999,"Leptospermum trinervium"
-33.618866,151.054553,"Leptospermum trinervium"
-33.618806,151.129353,"Leptospermum trinervium"
-33.618805,151.284924,"Leptospermum trinervium"
-33.618805,151.284924,"Leptospermum trinervium"
-33.618803,151.129342,"Leptospermum trinervium"
-33.61875,151.05491,"Leptospermum trinervium"
-33.618534,151.141048,"Leptospermum trinervium"
-33.618483,150.309727,"Leptospermum trinervium"
-33.618185,150.975597,"Leptospermum trinervium"
-33.618132,151.264994,"Leptospermum trinervium"
-33.618132,151.264994,"Leptospermum trinervium"
-33.617968,150.566442,"Leptospermum trinervium"
-33.617838,150.973948,"Leptospermum trinervium"
-33.617838,150.973948,"Leptospermum trinervium"
-33.617805,150.652569,"Leptospermum trinervium"
-33.617805,150.652569,"Leptospermum trinervium"
-33.61767,151.071319,"Leptospermum trinervium"
-33.617656,150.565822,"Leptospermum trinervium"
-33.617656,150.300987,"Leptospermum trinervium"
-33.617507,151.156974,"Leptospermum trinervium"
-33.617286,151.054255,"Leptospermum trinervium"
-33.617243,151.088221,"Leptospermum trinervium"
-33.617028,151.056202,"Leptospermum trinervium"
-33.616777,151.243208,"Leptospermum trinervium"
-33.616777,151.243208,"Leptospermum trinervium"
-33.616758,151.056354,"Leptospermum trinervium"
-33.616667,151.133333,"Leptospermum trinervium"
-33.616667,150.716667,"Leptospermum trinervium"
-33.616667,150.266667,"Leptospermum trinervium"
-33.616667,150.266667,"Leptospermum trinervium"
-33.616578,151.055817,"Leptospermum trinervium"
-33.616488,151.248323,"Leptospermum trinervium"
-33.616481,150.682769,"Leptospermum trinervium"
-33.616445,150.941504,"Leptospermum trinervium"
-33.616417,151.126694,"Leptospermum trinervium"
-33.616294,151.05578,"Leptospermum trinervium"
-33.616034,150.968936,"Leptospermum trinervium"
-33.615975,150.308842,"Leptospermum trinervium"
-33.61565,150.629722,"Leptospermum trinervium"
-33.615442,150.948542,"Leptospermum trinervium"
-33.615429,150.948844,"Leptospermum trinervium"
-33.615346,150.310692,"Leptospermum trinervium"
-33.615346,150.310692,"Leptospermum trinervium"
-33.61534,150.310706,"Leptospermum trinervium"
-33.61534,150.310706,"Leptospermum trinervium"
-33.615289,151.13519,"Leptospermum trinervium"
-33.615244,150.972435,"Leptospermum trinervium"
-33.61502,150.948617,"Leptospermum trinervium"
-33.614861,150.656097,"Leptospermum trinervium"
-33.614855,150.948491,"Leptospermum trinervium"
-33.614762,150.311732,"Leptospermum trinervium"
-33.614723,151.068918,"Leptospermum trinervium"
-33.614719,150.30806,"Leptospermum trinervium"
-33.614402,150.31422,"Leptospermum trinervium"
-33.614329,151.05589,"Leptospermum trinervium"
-33.614266,150.948322,"Leptospermum trinervium"
-33.614243,150.315405,"Leptospermum trinervium"
-33.614183,150.967489,"Leptospermum trinervium"
-33.614183,150.967489,"Leptospermum trinervium"
-33.614111,151.129722,"Leptospermum trinervium"
-33.613839,150.636048,"Leptospermum trinervium"
-33.613818,151.056337,"Leptospermum trinervium"
-33.613664,151.057094,"Leptospermum trinervium"
-33.613632,150.942711,"Leptospermum trinervium"
-33.613632,150.942711,"Leptospermum trinervium"
-33.613612,150.724549,"Leptospermum trinervium"
-33.613608,151.055628,"Leptospermum trinervium"
-33.613572,150.942907,"Leptospermum trinervium"
-33.613572,150.942907,"Leptospermum trinervium"
-33.613572,150.942907,"Leptospermum trinervium"
-33.613494,151.05632,"Leptospermum trinervium"
-33.613344,150.942201,"Leptospermum trinervium"
-33.613344,150.942201,"Leptospermum trinervium"
-33.613344,150.942201,"Leptospermum trinervium"
-33.613344,150.942201,"Leptospermum trinervium"
-33.613266,150.942375,"Leptospermum trinervium"
-33.613266,150.942375,"Leptospermum trinervium"
-33.613124,151.135296,"Leptospermum trinervium"
-33.613064,151.24725,"Leptospermum trinervium"
-33.613064,151.24725,"Leptospermum trinervium"
-33.612895,150.941748,"Leptospermum trinervium"
-33.612895,150.941748,"Leptospermum trinervium"
-33.612895,150.941748,"Leptospermum trinervium"
-33.612861,151.127972,"Leptospermum trinervium"
-33.612673,151.153405,"Leptospermum trinervium"
-33.612633,151.134781,"Leptospermum trinervium"
-33.612591,150.964412,"Leptospermum trinervium"
-33.612581,150.949119,"Leptospermum trinervium"
-33.611977,150.32298,"Leptospermum trinervium"
-33.611548,150.94827,"Leptospermum trinervium"
-33.610956,151.017455,"Leptospermum trinervium"
-33.6109,150.2316,"Leptospermum trinervium"
-33.610442,151.151654,"Leptospermum trinervium"
-33.610234,151.041537,"Leptospermum trinervium"
-33.609624,151.148245,"Leptospermum trinervium"
-33.60955,150.297831,"Leptospermum trinervium"
-33.609549,150.297832,"Leptospermum trinervium"
-33.609289,150.636722,"Leptospermum trinervium"
-33.609052,150.989497,"Leptospermum trinervium"
-33.60901,151.055526,"Leptospermum trinervium"
-33.608917,150.3257,"Leptospermum trinervium"
-33.60875,151.15825,"Leptospermum trinervium"
-33.608708,151.272191,"Leptospermum trinervium"
-33.6085561,150.2161574,"Leptospermum trinervium"
-33.608195,150.963402,"Leptospermum trinervium"
-33.60788,150.94609,"Leptospermum trinervium"
-33.607699,150.302005,"Leptospermum trinervium"
-33.607699,150.302005,"Leptospermum trinervium"
-33.6074444,150.3253218,"Leptospermum trinervium"
-33.607206,150.963038,"Leptospermum trinervium"
-33.607038,151.11452,"Leptospermum trinervium"
-33.607017,150.943647,"Leptospermum trinervium"
-33.606955,150.325438,"Leptospermum trinervium"
-33.606445,151.266603,"Leptospermum trinervium"
-33.6063272,151.2983631,"Leptospermum trinervium"
-33.606313,151.12299,"Leptospermum trinervium"
-33.605782,150.985141,"Leptospermum trinervium"
-33.605779,151.271503,"Leptospermum trinervium"
-33.605779,151.271503,"Leptospermum trinervium"
-33.605556,150.9845,"Leptospermum trinervium"
-33.605503,151.109646,"Leptospermum trinervium"
-33.605307,151.115503,"Leptospermum trinervium"
-33.605276,151.165245,"Leptospermum trinervium"
-33.604694,151.117378,"Leptospermum trinervium"
-33.60439,151.135963,"Leptospermum trinervium"
-33.603665,151.159963,"Leptospermum trinervium"
-33.603546,151.104191,"Leptospermum trinervium"
-33.603509,151.040196,"Leptospermum trinervium"
-33.603261,151.166815,"Leptospermum trinervium"
-33.603241,151.143532,"Leptospermum trinervium"
-33.602942,150.921308,"Leptospermum trinervium"
-33.602725,151.058676,"Leptospermum trinervium"
-33.602651,150.653174,"Leptospermum trinervium"
-33.602651,150.653174,"Leptospermum trinervium"
-33.602439,151.181359,"Leptospermum trinervium"
-33.602439,151.181359,"Leptospermum trinervium"
-33.602055,150.997445,"Leptospermum trinervium"
-33.601962,150.959086,"Leptospermum trinervium"
-33.601889,150.976603,"Leptospermum trinervium"
-33.601778,150.976318,"Leptospermum trinervium"
-33.601735,151.289572,"Leptospermum trinervium"
-33.601735,151.289572,"Leptospermum trinervium"
-33.601334,151.22132,"Leptospermum trinervium"
-33.6013,151.134413,"Leptospermum trinervium"
-33.601251,151.271475,"Leptospermum trinervium"
-33.601179,151.224362,"Leptospermum trinervium"
-33.600991,151.055754,"Leptospermum trinervium"
-33.600785,151.271343,"Leptospermum trinervium"
-33.600367,151.256192,"Leptospermum trinervium"
-33.600265,150.335254,"Leptospermum trinervium"
-33.600207,150.990731,"Leptospermum trinervium"
-33.600025,150.977875,"Leptospermum trinervium"
-33.600018,150.928845,"Leptospermum trinervium"
-33.6,151.1667,"Leptospermum trinervium"
-33.6,151.15,"Leptospermum trinervium"
-33.6,150.716667,"Leptospermum trinervium"
-33.6,150.716667,"Leptospermum trinervium"
-33.59961,151.106384,"Leptospermum trinervium"
-33.599608,151.106378,"Leptospermum trinervium"
-33.599528,150.9778,"Leptospermum trinervium"
-33.599382,150.928118,"Leptospermum trinervium"
-33.59938,150.399767,"Leptospermum trinervium"
-33.599164,151.136291,"Leptospermum trinervium"
-33.598997,151.125466,"Leptospermum trinervium"
-33.598861,150.935099,"Leptospermum trinervium"
-33.598695,151.268172,"Leptospermum trinervium"
-33.598535,151.13658,"Leptospermum trinervium"
-33.59831,151.188323,"Leptospermum trinervium"
-33.598306,151.2665,"Leptospermum trinervium"
-33.598276,150.251976,"Leptospermum trinervium"
-33.598276,150.251976,"Leptospermum trinervium"
-33.598271,150.251983,"Leptospermum trinervium"
-33.598271,150.251983,"Leptospermum trinervium"
-33.598217,150.950421,"Leptospermum trinervium"
-33.598217,151.165577,"Leptospermum trinervium"
-33.598183,151.131145,"Leptospermum trinervium"
-33.598129,150.337796,"Leptospermum trinervium"
-33.598118,151.274568,"Leptospermum trinervium"
-33.598118,151.274568,"Leptospermum trinervium"
-33.598099,151.125598,"Leptospermum trinervium"
-33.598056,151.165556,"Leptospermum trinervium"
-33.59793,151.28721,"Leptospermum trinervium"
-33.597866,150.299468,"Leptospermum trinervium"
-33.59778,151.271019,"Leptospermum trinervium"
-33.597778,151.264917,"Leptospermum trinervium"
-33.597722,151.264861,"Leptospermum trinervium"
-33.597694,151.264806,"Leptospermum trinervium"
-33.597485,151.15514,"Leptospermum trinervium"
-33.597444,151.264278,"Leptospermum trinervium"
-33.59744,150.249001,"Leptospermum trinervium"
-33.597078,151.278888,"Leptospermum trinervium"
-33.596956,151.212907,"Leptospermum trinervium"
-33.596682,151.086082,"Leptospermum trinervium"
-33.596682,151.086082,"Leptospermum trinervium"
-33.596555,151.276556,"Leptospermum trinervium"
-33.59629,150.923932,"Leptospermum trinervium"
-33.59629,150.923932,"Leptospermum trinervium"
-33.596111,150.253056,"Leptospermum trinervium"
-33.595816,150.92327,"Leptospermum trinervium"
-33.595816,150.92327,"Leptospermum trinervium"
-33.595797,150.337419,"Leptospermum trinervium"
-33.59572,150.337892,"Leptospermum trinervium"
-33.595587,151.142152,"Leptospermum trinervium"
-33.595562,150.337346,"Leptospermum trinervium"
-33.595528,150.338058,"Leptospermum trinervium"
-33.595412,151.281414,"Leptospermum trinervium"
-33.595412,151.281414,"Leptospermum trinervium"
-33.595412,151.281414,"Leptospermum trinervium"
-33.595412,151.281414,"Leptospermum trinervium"
-33.595412,151.281414,"Leptospermum trinervium"
-33.595412,151.281414,"Leptospermum trinervium"
-33.595412,151.281414,"Leptospermum trinervium"
-33.595412,151.281414,"Leptospermum trinervium"
-33.595412,151.281414,"Leptospermum trinervium"
-33.595412,151.281414,"Leptospermum trinervium"
-33.595412,151.281414,"Leptospermum trinervium"
-33.595303,150.336289,"Leptospermum trinervium"
-33.595245,151.27677,"Leptospermum trinervium"
-33.594908,151.139119,"Leptospermum trinervium"
-33.59471,150.625915,"Leptospermum trinervium"
-33.594705,151.063907,"Leptospermum trinervium"
-33.59461,151.06302,"Leptospermum trinervium"
-33.594089,151.134569,"Leptospermum trinervium"
-33.594005,151.184844,"Leptospermum trinervium"
-33.593752,150.528233,"Leptospermum trinervium"
-33.593639,150.525306,"Leptospermum trinervium"
-33.593639,150.525306,"Leptospermum trinervium"
-33.593562,151.285424,"Leptospermum trinervium"
-33.593522,150.252641,"Leptospermum trinervium"
-33.593415,151.134953,"Leptospermum trinervium"
-33.592834,151.145606,"Leptospermum trinervium"
-33.592832,150.267295,"Leptospermum trinervium"
-33.5928,150.2674,"Leptospermum trinervium"
-33.592617,151.199086,"Leptospermum trinervium"
-33.592274,150.444207,"Leptospermum trinervium"
-33.592139,151.293417,"Leptospermum trinervium"
-33.592056,151.293722,"Leptospermum trinervium"
-33.592033,150.249165,"Leptospermum trinervium"
-33.591874,150.624577,"Leptospermum trinervium"
-33.59178,151.11335,"Leptospermum trinervium"
-33.591758,151.173749,"Leptospermum trinervium"
-33.591714,151.184388,"Leptospermum trinervium"
-33.591289,151.046763,"Leptospermum trinervium"
-33.591033,151.082315,"Leptospermum trinervium"
-33.590928,150.250627,"Leptospermum trinervium"
-33.590729,151.281908,"Leptospermum trinervium"
-33.590611,151.088139,"Leptospermum trinervium"
-33.590596,151.142186,"Leptospermum trinervium"
-33.590459,150.972848,"Leptospermum trinervium"
-33.590411,150.528889,"Leptospermum trinervium"
-33.590409,150.973625,"Leptospermum trinervium"
-33.5903,150.970805,"Leptospermum trinervium"
-33.590245,150.922619,"Leptospermum trinervium"
-33.59,151.28,"Leptospermum trinervium"
-33.59,151.28,"Leptospermum trinervium"
-33.589989,150.313904,"Leptospermum trinervium"
-33.589736,151.016163,"Leptospermum trinervium"
-33.589713,151.283446,"Leptospermum trinervium"
-33.589713,151.283446,"Leptospermum trinervium"
-33.589713,151.283446,"Leptospermum trinervium"
-33.589713,151.283446,"Leptospermum trinervium"
-33.589713,151.283446,"Leptospermum trinervium"
-33.589683,150.385209,"Leptospermum trinervium"
-33.589675,150.99527,"Leptospermum trinervium"
-33.5896668,150.2458788,"Leptospermum trinervium"
-33.5896668,150.2458788,"Leptospermum trinervium"
-33.589477,151.182353,"Leptospermum trinervium"
-33.589475,151.18235,"Leptospermum trinervium"
-33.58941,150.246754,"Leptospermum trinervium"
-33.58932,151.016065,"Leptospermum trinervium"
-33.58928,150.258574,"Leptospermum trinervium"
-33.58928,150.258574,"Leptospermum trinervium"
-33.58921,150.995265,"Leptospermum trinervium"
-33.589076,150.246548,"Leptospermum trinervium"
-33.589076,150.246548,"Leptospermum trinervium"
-33.589035,151.087221,"Leptospermum trinervium"
-33.588978,151.018715,"Leptospermum trinervium"
-33.588745,151.015129,"Leptospermum trinervium"
-33.588626,151.191793,"Leptospermum trinervium"
-33.588496,150.245996,"Leptospermum trinervium"
-33.588496,150.245996,"Leptospermum trinervium"
-33.588468,150.377828,"Leptospermum trinervium"
-33.58846,151.28337,"Leptospermum trinervium"
-33.588366,151.060086,"Leptospermum trinervium"
-33.588213,151.016795,"Leptospermum trinervium"
-33.588195,151.014607,"Leptospermum trinervium"
-33.588137,150.246207,"Leptospermum trinervium"
-33.587892,151.087946,"Leptospermum trinervium"
-33.587852,151.016684,"Leptospermum trinervium"
-33.587726,151.014856,"Leptospermum trinervium"
-33.587574,151.017225,"Leptospermum trinervium"
-33.587188,151.0318,"Leptospermum trinervium"
-33.586902,151.020467,"Leptospermum trinervium"
-33.586783,150.991241,"Leptospermum trinervium"
-33.586594,151.016039,"Leptospermum trinervium"
-33.586474,150.528139,"Leptospermum trinervium"
-33.586474,150.528139,"Leptospermum trinervium"
-33.58587,151.04381,"Leptospermum trinervium"
-33.58583,151.043864,"Leptospermum trinervium"
-33.585383,150.970847,"Leptospermum trinervium"
-33.5852228,150.2528226,"Leptospermum trinervium"
-33.584992,151.16785,"Leptospermum trinervium"
-33.584785,151.019573,"Leptospermum trinervium"
-33.584782,150.528317,"Leptospermum trinervium"
-33.584782,150.528317,"Leptospermum trinervium"
-33.584519,150.969098,"Leptospermum trinervium"
-33.584404,151.150352,"Leptospermum trinervium"
-33.584109,151.049082,"Leptospermum trinervium"
-33.583757,150.251834,"Leptospermum trinervium"
-33.583757,150.251834,"Leptospermum trinervium"
-33.583522,151.098117,"Leptospermum trinervium"
-33.583522,151.098117,"Leptospermum trinervium"
-33.5835,150.265048,"Leptospermum trinervium"
-33.5835,150.265048,"Leptospermum trinervium"
-33.5835,150.265048,"Leptospermum trinervium"
-33.583333,150.366667,"Leptospermum trinervium"
-33.583333,150.366667,"Leptospermum trinervium"
-33.583333,150.383333,"Leptospermum trinervium"
-33.583333,150.25,"Leptospermum trinervium"
-33.583329,150.939714,"Leptospermum trinervium"
-33.583306,150.97489,"Leptospermum trinervium"
-33.5833,150.5833,"Leptospermum trinervium"
-33.5833,150.2667,"Leptospermum trinervium"
-33.583034,150.248507,"Leptospermum trinervium"
-33.583034,150.248507,"Leptospermum trinervium"
-33.582865,150.244174,"Leptospermum trinervium"
-33.582822,150.366688,"Leptospermum trinervium"
-33.582725,150.238584,"Leptospermum trinervium"
-33.582577,150.938809,"Leptospermum trinervium"
-33.582562,150.937113,"Leptospermum trinervium"
-33.582149,151.027055,"Leptospermum trinervium"
-33.581755,151.251151,"Leptospermum trinervium"
-33.581668,150.97509,"Leptospermum trinervium"
-33.580923,150.331114,"Leptospermum trinervium"
-33.580638,150.970887,"Leptospermum trinervium"
-33.580551,150.232791,"Leptospermum trinervium"
-33.580551,150.232791,"Leptospermum trinervium"
-33.580532,151.140926,"Leptospermum trinervium"
-33.580488,151.199265,"Leptospermum trinervium"
-33.580488,151.199265,"Leptospermum trinervium"
-33.580453,151.150439,"Leptospermum trinervium"
-33.580443,151.024941,"Leptospermum trinervium"
-33.580297,151.024712,"Leptospermum trinervium"
-33.580271,151.157443,"Leptospermum trinervium"
-33.580271,151.157443,"Leptospermum trinervium"
-33.580092,150.247239,"Leptospermum trinervium"
-33.580053,151.167137,"Leptospermum trinervium"
-33.579934,151.177274,"Leptospermum trinervium"
-33.579792,151.214686,"Leptospermum trinervium"
-33.579792,151.214686,"Leptospermum trinervium"
-33.579776,151.14317,"Leptospermum trinervium"
-33.579567,150.358842,"Leptospermum trinervium"
-33.579548,150.36413,"Leptospermum trinervium"
-33.579417,151.10682,"Leptospermum trinervium"
-33.579222,151.150734,"Leptospermum trinervium"
-33.579182,151.142623,"Leptospermum trinervium"
-33.57912,150.36555,"Leptospermum trinervium"
-33.579001,150.36293,"Leptospermum trinervium"
-33.578929,150.247076,"Leptospermum trinervium"
-33.578843,150.364633,"Leptospermum trinervium"
-33.578591,151.170162,"Leptospermum trinervium"
-33.578591,151.170162,"Leptospermum trinervium"
-33.578591,151.170162,"Leptospermum trinervium"
-33.578591,151.170162,"Leptospermum trinervium"
-33.578591,151.170162,"Leptospermum trinervium"
-33.578591,151.170162,"Leptospermum trinervium"
-33.578332,150.623854,"Leptospermum trinervium"
-33.578328,150.244057,"Leptospermum trinervium"
-33.578328,150.244057,"Leptospermum trinervium"
-33.578236,150.938751,"Leptospermum trinervium"
-33.577839,151.168701,"Leptospermum trinervium"
-33.5778,150.3591,"Leptospermum trinervium"
-33.577696,150.958424,"Leptospermum trinervium"
-33.57769,150.89732,"Leptospermum trinervium"
-33.577271,150.928075,"Leptospermum trinervium"
-33.577217,151.172367,"Leptospermum trinervium"
-33.577162,150.278507,"Leptospermum trinervium"
-33.577162,150.278507,"Leptospermum trinervium"
-33.577047,151.177437,"Leptospermum trinervium"
-33.576949,150.953547,"Leptospermum trinervium"
-33.576927,150.256876,"Leptospermum trinervium"
-33.576899,150.24546,"Leptospermum trinervium"
-33.576899,150.24546,"Leptospermum trinervium"
-33.576686,150.242806,"Leptospermum trinervium"
-33.576686,150.242806,"Leptospermum trinervium"
-33.576668,150.956172,"Leptospermum trinervium"
-33.576544,150.2449,"Leptospermum trinervium"
-33.576544,150.2449,"Leptospermum trinervium"
-33.576184,150.974575,"Leptospermum trinervium"
-33.576055,150.946547,"Leptospermum trinervium"
-33.575916,151.163075,"Leptospermum trinervium"
-33.575325,151.029398,"Leptospermum trinervium"
-33.57516,150.241078,"Leptospermum trinervium"
-33.57516,150.241078,"Leptospermum trinervium"
-33.575138,150.973162,"Leptospermum trinervium"
-33.575116,150.928458,"Leptospermum trinervium"
-33.574837,150.338745,"Leptospermum trinervium"
-33.574658,151.04413,"Leptospermum trinervium"
-33.57456,150.9566,"Leptospermum trinervium"
-33.5745,150.92906,"Leptospermum trinervium"
-33.574384,151.169205,"Leptospermum trinervium"
-33.574384,151.169205,"Leptospermum trinervium"
-33.574384,151.169205,"Leptospermum trinervium"
-33.574384,151.169205,"Leptospermum trinervium"
-33.574384,151.169205,"Leptospermum trinervium"
-33.574384,151.169205,"Leptospermum trinervium"
-33.574384,151.169205,"Leptospermum trinervium"
-33.574384,151.169205,"Leptospermum trinervium"
-33.574384,151.169205,"Leptospermum trinervium"
-33.574384,151.169205,"Leptospermum trinervium"
-33.574384,151.169205,"Leptospermum trinervium"
-33.574279,150.964787,"Leptospermum trinervium"
-33.574165,151.01756,"Leptospermum trinervium"
-33.573831,150.976838,"Leptospermum trinervium"
-33.573742,151.148963,"Leptospermum trinervium"
-33.573717,150.972079,"Leptospermum trinervium"
-33.573611,150.356111,"Leptospermum trinervium"
-33.5736,151.02885,"Leptospermum trinervium"
-33.572972,150.359917,"Leptospermum trinervium"
-33.57287,150.347472,"Leptospermum trinervium"
-33.572819,150.247209,"Leptospermum trinervium"
-33.572808,151.163281,"Leptospermum trinervium"
-33.5727223,150.3342103,"Leptospermum trinervium"
-33.572457,151.191328,"Leptospermum trinervium"
-33.572303,151.04368,"Leptospermum trinervium"
-33.57226,150.95796,"Leptospermum trinervium"
-33.57225,150.957805,"Leptospermum trinervium"
-33.572158,151.191059,"Leptospermum trinervium"
-33.572061,151.1912,"Leptospermum trinervium"
-33.57201,150.361125,"Leptospermum trinervium"
-33.57201,150.361125,"Leptospermum trinervium"
-33.571811,151.191535,"Leptospermum trinervium"
-33.571704,151.040201,"Leptospermum trinervium"
-33.571409,151.067142,"Leptospermum trinervium"
-33.570998,150.362718,"Leptospermum trinervium"
-33.570967,150.339293,"Leptospermum trinervium"
-33.570944,150.292733,"Leptospermum trinervium"
-33.570853,151.107003,"Leptospermum trinervium"
-33.570506,151.126413,"Leptospermum trinervium"
-33.570502,151.044001,"Leptospermum trinervium"
-33.570495,151.043452,"Leptospermum trinervium"
-33.570405,151.069265,"Leptospermum trinervium"
-33.570159,150.923682,"Leptospermum trinervium"
-33.570075,150.924647,"Leptospermum trinervium"
-33.570075,150.924647,"Leptospermum trinervium"
-33.57006,151.155551,"Leptospermum trinervium"
-33.570055,150.3497,"Leptospermum trinervium"
-33.569972,150.349975,"Leptospermum trinervium"
-33.569842,151.042185,"Leptospermum trinervium"
-33.569808,151.15742,"Leptospermum trinervium"
-33.569808,151.15742,"Leptospermum trinervium"
-33.569808,151.15742,"Leptospermum trinervium"
-33.569808,151.15742,"Leptospermum trinervium"
-33.569808,151.15742,"Leptospermum trinervium"
-33.569808,151.15742,"Leptospermum trinervium"
-33.569808,151.15742,"Leptospermum trinervium"
-33.569808,151.15742,"Leptospermum trinervium"
-33.569808,151.15742,"Leptospermum trinervium"
-33.569765,151.078094,"Leptospermum trinervium"
-33.56943,150.364844,"Leptospermum trinervium"
-33.569392,151.045099,"Leptospermum trinervium"
-33.569321,151.168343,"Leptospermum trinervium"
-33.569246,151.149945,"Leptospermum trinervium"
-33.568782,151.118619,"Leptospermum trinervium"
-33.568705,151.073175,"Leptospermum trinervium"
-33.568304,151.097968,"Leptospermum trinervium"
-33.568304,151.097968,"Leptospermum trinervium"
-33.568304,151.097968,"Leptospermum trinervium"
-33.568304,151.097968,"Leptospermum trinervium"
-33.568304,151.097968,"Leptospermum trinervium"
-33.568304,151.097968,"Leptospermum trinervium"
-33.568304,151.097968,"Leptospermum trinervium"
-33.568304,151.097968,"Leptospermum trinervium"
-33.568304,151.097968,"Leptospermum trinervium"
-33.568304,151.097968,"Leptospermum trinervium"
-33.568304,151.097968,"Leptospermum trinervium"
-33.568304,151.097968,"Leptospermum trinervium"
-33.568304,151.097968,"Leptospermum trinervium"
-33.568304,151.097968,"Leptospermum trinervium"
-33.568304,151.097968,"Leptospermum trinervium"
-33.568304,151.097968,"Leptospermum trinervium"
-33.568304,151.097968,"Leptospermum trinervium"
-33.567762,150.285295,"Leptospermum trinervium"
-33.567735,150.949994,"Leptospermum trinervium"
-33.566837,151.121128,"Leptospermum trinervium"
-33.566837,151.121128,"Leptospermum trinervium"
-33.566837,151.121128,"Leptospermum trinervium"
-33.566837,151.121128,"Leptospermum trinervium"
-33.566837,151.121128,"Leptospermum trinervium"
-33.566837,151.121128,"Leptospermum trinervium"
-33.566837,151.121128,"Leptospermum trinervium"
-33.566837,151.121128,"Leptospermum trinervium"
-33.566837,151.121128,"Leptospermum trinervium"
-33.566837,151.121128,"Leptospermum trinervium"
-33.566837,151.121128,"Leptospermum trinervium"
-33.566837,151.121128,"Leptospermum trinervium"
-33.5667,150.2167,"Leptospermum trinervium"
-33.566667,150.216667,"Leptospermum trinervium"
-33.566667,150.966667,"Leptospermum trinervium"
-33.566667,150.216667,"Leptospermum trinervium"
-33.566667,151.316667,"Leptospermum trinervium"
-33.566254,151.114257,"Leptospermum trinervium"
-33.5661,151.176548,"Leptospermum trinervium"
-33.565335,150.621754,"Leptospermum trinervium"
-33.565335,150.621754,"Leptospermum trinervium"
-33.565335,150.621754,"Leptospermum trinervium"
-33.563889,150.356111,"Leptospermum trinervium"
-33.563726,150.928935,"Leptospermum trinervium"
-33.5637,151.070276,"Leptospermum trinervium"
-33.563641,151.043403,"Leptospermum trinervium"
-33.563384,151.067209,"Leptospermum trinervium"
-33.563274,151.043085,"Leptospermum trinervium"
-33.563128,151.006135,"Leptospermum trinervium"
-33.562984,150.623107,"Leptospermum trinervium"
-33.562858,151.045252,"Leptospermum trinervium"
-33.562713,151.069428,"Leptospermum trinervium"
-33.562499,151.073852,"Leptospermum trinervium"
-33.562481,150.463453,"Leptospermum trinervium"
-33.56197,150.941967,"Leptospermum trinervium"
-33.561507,151.184557,"Leptospermum trinervium"
-33.5611,151.0667,"Leptospermum trinervium"
-33.560464,151.082358,"Leptospermum trinervium"
-33.560368,150.961158,"Leptospermum trinervium"
-33.560045,150.282378,"Leptospermum trinervium"
-33.559728,151.182373,"Leptospermum trinervium"
-33.559677,151.180255,"Leptospermum trinervium"
-33.559595,150.95614,"Leptospermum trinervium"
-33.55912,151.143979,"Leptospermum trinervium"
-33.558883,150.698676,"Leptospermum trinervium"
-33.558622,151.19065,"Leptospermum trinervium"
-33.558472,150.941418,"Leptospermum trinervium"
-33.558257,150.551864,"Leptospermum trinervium"
-33.558257,150.551864,"Leptospermum trinervium"
-33.557756,151.036211,"Leptospermum trinervium"
-33.557659,151.138592,"Leptospermum trinervium"
-33.557557,151.19361,"Leptospermum trinervium"
-33.557478,151.193794,"Leptospermum trinervium"
-33.557431,150.281313,"Leptospermum trinervium"
-33.557141,150.369726,"Leptospermum trinervium"
-33.557038,151.07214,"Leptospermum trinervium"
-33.556907,151.175864,"Leptospermum trinervium"
-33.556551,151.184833,"Leptospermum trinervium"
-33.55618,151.253216,"Leptospermum trinervium"
-33.55584,151.178752,"Leptospermum trinervium"
-33.555422,151.170575,"Leptospermum trinervium"
-33.55529,151.046319,"Leptospermum trinervium"
-33.55516,151.184951,"Leptospermum trinervium"
-33.555134,151.210109,"Leptospermum trinervium"
-33.554796,151.19105,"Leptospermum trinervium"
-33.554482,151.192027,"Leptospermum trinervium"
-33.554167,150.218056,"Leptospermum trinervium"
-33.55397,151.1884,"Leptospermum trinervium"
-33.553953,150.930622,"Leptospermum trinervium"
-33.553919,151.209926,"Leptospermum trinervium"
-33.553842,150.330376,"Leptospermum trinervium"
-33.55371,150.92314,"Leptospermum trinervium"
-33.553619,150.930102,"Leptospermum trinervium"
-33.553399,151.17527,"Leptospermum trinervium"
-33.553289,150.807778,"Leptospermum trinervium"
-33.55319,151.181328,"Leptospermum trinervium"
-33.55313,150.80692,"Leptospermum trinervium"
-33.552731,151.128714,"Leptospermum trinervium"
-33.552628,150.333542,"Leptospermum trinervium"
-33.552445,150.2189348,"Leptospermum trinervium"
-33.552229,151.226172,"Leptospermum trinervium"
-33.552229,151.226172,"Leptospermum trinervium"
-33.552145,151.044763,"Leptospermum trinervium"
-33.551653,150.930042,"Leptospermum trinervium"
-33.551576,150.334839,"Leptospermum trinervium"
-33.551576,150.334839,"Leptospermum trinervium"
-33.551288,151.060587,"Leptospermum trinervium"
-33.550975,151.056938,"Leptospermum trinervium"
-33.550895,151.215927,"Leptospermum trinervium"
-33.550363,151.183926,"Leptospermum trinervium"
-33.550108,150.335767,"Leptospermum trinervium"
-33.55,150.416667,"Leptospermum trinervium"
-33.55,150.4167,"Leptospermum trinervium"
-33.55,150.3917,"Leptospermum trinervium"
-33.55,151.266667,"Leptospermum trinervium"
-33.55,150.3917,"Leptospermum trinervium"
-33.55,150.9333,"Leptospermum trinervium"
-33.55,150.316667,"Leptospermum trinervium"
-33.549823,151.047928,"Leptospermum trinervium"
-33.549714,150.949378,"Leptospermum trinervium"
-33.549014,150.914694,"Leptospermum trinervium"
-33.548788,150.96553,"Leptospermum trinervium"
-33.548699,151.218996,"Leptospermum trinervium"
-33.548556,151.188124,"Leptospermum trinervium"
-33.548121,151.272362,"Leptospermum trinervium"
-33.54812,151.063464,"Leptospermum trinervium"
-33.548098,151.189359,"Leptospermum trinervium"
-33.547756,150.266768,"Leptospermum trinervium"
-33.547695,150.615403,"Leptospermum trinervium"
-33.547662,151.179825,"Leptospermum trinervium"
-33.547621,150.974151,"Leptospermum trinervium"
-33.546862,151.190933,"Leptospermum trinervium"
-33.546765,151.190832,"Leptospermum trinervium"
-33.54663,151.276646,"Leptospermum trinervium"
-33.546567,150.911285,"Leptospermum trinervium"
-33.546416,151.283921,"Leptospermum trinervium"
-33.546171,151.193276,"Leptospermum trinervium"
-33.545911,150.972848,"Leptospermum trinervium"
-33.545855,151.190523,"Leptospermum trinervium"
-33.544558,150.9491,"Leptospermum trinervium"
-33.544392,150.283005,"Leptospermum trinervium"
-33.544153,151.178657,"Leptospermum trinervium"
-33.543884,151.083155,"Leptospermum trinervium"
-33.543782,151.198237,"Leptospermum trinervium"
-33.543714,151.185573,"Leptospermum trinervium"
-33.543409,151.070027,"Leptospermum trinervium"
-33.543409,151.070027,"Leptospermum trinervium"
-33.542999,150.44542,"Leptospermum trinervium"
-33.54299,150.34431,"Leptospermum trinervium"
-33.54277,150.343372,"Leptospermum trinervium"
-33.542403,151.087875,"Leptospermum trinervium"
-33.542393,151.218602,"Leptospermum trinervium"
-33.542368,151.282254,"Leptospermum trinervium"
-33.541812,151.025904,"Leptospermum trinervium"
-33.541812,151.025911,"Leptospermum trinervium"
-33.541636,151.094256,"Leptospermum trinervium"
-33.541575,150.559467,"Leptospermum trinervium"
-33.541575,150.559467,"Leptospermum trinervium"
-33.541252,151.068883,"Leptospermum trinervium"
-33.541252,151.068883,"Leptospermum trinervium"
-33.541252,151.068883,"Leptospermum trinervium"
-33.541252,151.068883,"Leptospermum trinervium"
-33.541252,151.068883,"Leptospermum trinervium"
-33.541252,151.068883,"Leptospermum trinervium"
-33.541252,151.068883,"Leptospermum trinervium"
-33.541252,151.068883,"Leptospermum trinervium"
-33.541252,151.068883,"Leptospermum trinervium"
-33.541252,151.068883,"Leptospermum trinervium"
-33.541252,151.068883,"Leptospermum trinervium"
-33.541252,151.068883,"Leptospermum trinervium"
-33.540965,151.104434,"Leptospermum trinervium"
-33.540409,151.281949,"Leptospermum trinervium"
-33.540291,151.18471,"Leptospermum trinervium"
-33.540195,150.556365,"Leptospermum trinervium"
-33.540195,150.556365,"Leptospermum trinervium"
-33.540187,150.347555,"Leptospermum trinervium"
-33.540139,151.237494,"Leptospermum trinervium"
-33.540037,151.009495,"Leptospermum trinervium"
-33.539039,150.623907,"Leptospermum trinervium"
-33.539018,151.166923,"Leptospermum trinervium"
-33.538588,151.102111,"Leptospermum trinervium"
-33.53848,151.28302,"Leptospermum trinervium"
-33.538381,151.238482,"Leptospermum trinervium"
-33.537984,150.858216,"Leptospermum trinervium"
-33.537984,150.858216,"Leptospermum trinervium"
-33.537881,151.095491,"Leptospermum trinervium"
-33.537773,150.15842,"Leptospermum trinervium"
-33.537773,150.15842,"Leptospermum trinervium"
-33.53763,151.070826,"Leptospermum trinervium"
-33.537366,151.29392,"Leptospermum trinervium"
-33.53719,151.298833,"Leptospermum trinervium"
-33.53711,151.293813,"Leptospermum trinervium"
-33.536938,151.350937,"Leptospermum trinervium"
-33.536822,151.295126,"Leptospermum trinervium"
-33.536625,151.342546,"Leptospermum trinervium"
-33.536539,151.302071,"Leptospermum trinervium"
-33.536393,150.421776,"Leptospermum trinervium"
-33.536361,150.261518,"Leptospermum trinervium"
-33.536278,151.345269,"Leptospermum trinervium"
-33.535954,151.304896,"Leptospermum trinervium"
-33.535929,151.310187,"Leptospermum trinervium"
-33.535813,150.263368,"Leptospermum trinervium"
-33.535586,151.088937,"Leptospermum trinervium"
-33.535489,151.076605,"Leptospermum trinervium"
-33.535489,151.076605,"Leptospermum trinervium"
-33.535028,151.014026,"Leptospermum trinervium"
-33.53487,151.016932,"Leptospermum trinervium"
-33.534836,151.343657,"Leptospermum trinervium"
-33.534294,151.347154,"Leptospermum trinervium"
-33.534272,150.303526,"Leptospermum trinervium"
-33.534272,150.303526,"Leptospermum trinervium"
-33.534092,151.014858,"Leptospermum trinervium"
-33.533863,151.014931,"Leptospermum trinervium"
-33.533333,150.266667,"Leptospermum trinervium"
-33.533333,150.7,"Leptospermum trinervium"
-33.533333,151.05,"Leptospermum trinervium"
-33.53322,151.357687,"Leptospermum trinervium"
-33.532962,151.34716,"Leptospermum trinervium"
-33.532962,151.34716,"Leptospermum trinervium"
-33.532962,151.34716,"Leptospermum trinervium"
-33.53269,150.851631,"Leptospermum trinervium"
-33.532685,150.851617,"Leptospermum trinervium"
-33.532685,150.851617,"Leptospermum trinervium"
-33.532595,151.18569,"Leptospermum trinervium"
-33.532505,151.089256,"Leptospermum trinervium"
-33.532505,151.089256,"Leptospermum trinervium"
-33.532505,151.089256,"Leptospermum trinervium"
-33.532505,151.089256,"Leptospermum trinervium"
-33.532505,151.089256,"Leptospermum trinervium"
-33.532505,151.089256,"Leptospermum trinervium"
-33.532505,151.089256,"Leptospermum trinervium"
-33.532505,151.089256,"Leptospermum trinervium"
-33.532505,151.089256,"Leptospermum trinervium"
-33.532505,151.089256,"Leptospermum trinervium"
-33.532505,151.089256,"Leptospermum trinervium"
-33.532275,151.197153,"Leptospermum trinervium"
-33.532275,151.197153,"Leptospermum trinervium"
-33.531524,150.756109,"Leptospermum trinervium"
-33.53129,150.281578,"Leptospermum trinervium"
-33.531223,151.211287,"Leptospermum trinervium"
-33.531221,151.093096,"Leptospermum trinervium"
-33.531221,151.093096,"Leptospermum trinervium"
-33.531221,151.093096,"Leptospermum trinervium"
-33.531221,151.093096,"Leptospermum trinervium"
-33.531221,151.093096,"Leptospermum trinervium"
-33.531221,151.093096,"Leptospermum trinervium"
-33.531221,151.093096,"Leptospermum trinervium"
-33.531221,151.093096,"Leptospermum trinervium"
-33.531221,151.093096,"Leptospermum trinervium"
-33.531221,151.093096,"Leptospermum trinervium"
-33.531221,151.093096,"Leptospermum trinervium"
-33.531221,151.093096,"Leptospermum trinervium"
-33.530838,151.010336,"Leptospermum trinervium"
-33.530691,151.356733,"Leptospermum trinervium"
-33.530537,150.88397,"Leptospermum trinervium"
-33.530193,151.006658,"Leptospermum trinervium"
-33.530063,151.009138,"Leptospermum trinervium"
-33.530005,150.910865,"Leptospermum trinervium"
-33.52903,151.139645,"Leptospermum trinervium"
-33.528918,150.881587,"Leptospermum trinervium"
-33.528918,150.881587,"Leptospermum trinervium"
-33.528874,151.359684,"Leptospermum trinervium"
-33.528761,151.035546,"Leptospermum trinervium"
-33.528761,151.035546,"Leptospermum trinervium"
-33.528761,151.035546,"Leptospermum trinervium"
-33.528761,151.035546,"Leptospermum trinervium"
-33.528761,151.035546,"Leptospermum trinervium"
-33.528761,151.035546,"Leptospermum trinervium"
-33.528761,151.035546,"Leptospermum trinervium"
-33.528761,151.035546,"Leptospermum trinervium"
-33.528761,151.035546,"Leptospermum trinervium"
-33.528761,151.035546,"Leptospermum trinervium"
-33.528761,151.035546,"Leptospermum trinervium"
-33.528761,151.035546,"Leptospermum trinervium"
-33.528546,150.866527,"Leptospermum trinervium"
-33.528435,150.438326,"Leptospermum trinervium"
-33.528137,151.016688,"Leptospermum trinervium"
-33.527599,150.271762,"Leptospermum trinervium"
-33.527342,150.550422,"Leptospermum trinervium"
-33.527216,151.017256,"Leptospermum trinervium"
-33.526844,151.048754,"Leptospermum trinervium"
-33.526795,150.676946,"Leptospermum trinervium"
-33.526692,150.870068,"Leptospermum trinervium"
-33.526692,150.870068,"Leptospermum trinervium"
-33.526168,151.369678,"Leptospermum trinervium"
-33.526085,151.170472,"Leptospermum trinervium"
-33.525971,150.303601,"Leptospermum trinervium"
-33.525951,151.04344,"Leptospermum trinervium"
-33.52586,150.592757,"Leptospermum trinervium"
-33.525744,151.197633,"Leptospermum trinervium"
-33.525744,151.197633,"Leptospermum trinervium"
-33.525175,150.304303,"Leptospermum trinervium"
-33.525175,150.304303,"Leptospermum trinervium"
-33.525116,151.372333,"Leptospermum trinervium"
-33.525015,151.087762,"Leptospermum trinervium"
-33.524949,151.043126,"Leptospermum trinervium"
-33.52492,150.30815,"Leptospermum trinervium"
-33.524799,150.304035,"Leptospermum trinervium"
-33.524647,151.081276,"Leptospermum trinervium"
-33.524622,150.302954,"Leptospermum trinervium"
-33.524476,150.916134,"Leptospermum trinervium"
-33.523915,150.304838,"Leptospermum trinervium"
-33.523915,150.304838,"Leptospermum trinervium"
-33.523878,151.089995,"Leptospermum trinervium"
-33.523725,150.772567,"Leptospermum trinervium"
-33.523301,151.050064,"Leptospermum trinervium"
-33.523225,151.174794,"Leptospermum trinervium"
-33.523169,151.260285,"Leptospermum trinervium"
-33.52316,151.302373,"Leptospermum trinervium"
-33.523016,150.938304,"Leptospermum trinervium"
-33.523016,150.938304,"Leptospermum trinervium"
-33.522868,150.884483,"Leptospermum trinervium"
-33.522725,150.935238,"Leptospermum trinervium"
-33.522612,150.313528,"Leptospermum trinervium"
-33.522528,150.919489,"Leptospermum trinervium"
-33.522464,151.0286,"Leptospermum trinervium"
-33.521965,150.303058,"Leptospermum trinervium"
-33.521965,150.303058,"Leptospermum trinervium"
-33.521943,150.304554,"Leptospermum trinervium"
-33.52179,151.032646,"Leptospermum trinervium"
-33.521579,150.503823,"Leptospermum trinervium"
-33.521354,150.275984,"Leptospermum trinervium"
-33.52133,150.274908,"Leptospermum trinervium"
-33.5213,151.17826,"Leptospermum trinervium"
-33.521098,150.940796,"Leptospermum trinervium"
-33.520692,150.944625,"Leptospermum trinervium"
-33.520622,151.126521,"Leptospermum trinervium"
-33.520478,150.985876,"Leptospermum trinervium"
-33.520308,150.977095,"Leptospermum trinervium"
-33.520241,151.13118,"Leptospermum trinervium"
-33.519984,151.197139,"Leptospermum trinervium"
-33.519984,151.197139,"Leptospermum trinervium"
-33.519977,151.031091,"Leptospermum trinervium"
-33.519933,150.303325,"Leptospermum trinervium"
-33.519885,150.846515,"Leptospermum trinervium"
-33.51983,151.030819,"Leptospermum trinervium"
-33.519742,151.024775,"Leptospermum trinervium"
-33.519647,150.44935,"Leptospermum trinervium"
-33.519647,150.44935,"Leptospermum trinervium"
-33.519481,150.92301,"Leptospermum trinervium"
-33.519214,150.940456,"Leptospermum trinervium"
-33.518996,150.940935,"Leptospermum trinervium"
-33.518945,150.857297,"Leptospermum trinervium"
-33.518567,151.029617,"Leptospermum trinervium"
-33.518316,151.411844,"Leptospermum trinervium"
-33.51805,150.583688,"Leptospermum trinervium"
-33.517805,150.930585,"Leptospermum trinervium"
-33.517442,151.196589,"Leptospermum trinervium"
-33.517442,151.196589,"Leptospermum trinervium"
-33.517285,151.099334,"Leptospermum trinervium"
-33.517241,151.055271,"Leptospermum trinervium"
-33.517219,151.307926,"Leptospermum trinervium"
-33.517111,151.196758,"Leptospermum trinervium"
-33.517101,150.951946,"Leptospermum trinervium"
-33.516991,151.136331,"Leptospermum trinervium"
-33.516967,150.945246,"Leptospermum trinervium"
-33.516865,150.945658,"Leptospermum trinervium"
-33.516789,150.645259,"Leptospermum trinervium"
-33.516766,150.75843,"Leptospermum trinervium"
-33.516667,150.083333,"Leptospermum trinervium"
-33.516667,150.266667,"Leptospermum trinervium"
-33.516667,150.586111,"Leptospermum trinervium"
-33.516349,150.934176,"Leptospermum trinervium"
-33.516101,150.943092,"Leptospermum trinervium"
-33.516082,150.596014,"Leptospermum trinervium"
-33.515998,151.095346,"Leptospermum trinervium"
-33.515584,150.984881,"Leptospermum trinervium"
-33.51553,150.86823,"Leptospermum trinervium"
-33.515329,151.054097,"Leptospermum trinervium"
-33.5153011,150.3676123,"Leptospermum trinervium"
-33.5152957,151.1759341,"Leptospermum trinervium"
-33.515224,151.376512,"Leptospermum trinervium"
-33.515148,151.416574,"Leptospermum trinervium"
-33.515064,150.928498,"Leptospermum trinervium"
-33.513969,151.180381,"Leptospermum trinervium"
-33.513159,150.801055,"Leptospermum trinervium"
-33.513159,150.801055,"Leptospermum trinervium"
-33.513122,151.368208,"Leptospermum trinervium"
-33.513122,151.368208,"Leptospermum trinervium"
-33.512791,150.150208,"Leptospermum trinervium"
-33.512482,150.944007,"Leptospermum trinervium"
-33.512333,150.149861,"Leptospermum trinervium"
-33.512267,151.105526,"Leptospermum trinervium"
-33.512255,150.763472,"Leptospermum trinervium"
-33.512254,150.926615,"Leptospermum trinervium"
-33.512011,150.947118,"Leptospermum trinervium"
-33.511973,150.947022,"Leptospermum trinervium"
-33.511938,150.569237,"Leptospermum trinervium"
-33.511938,150.569237,"Leptospermum trinervium"
-33.511601,150.979911,"Leptospermum trinervium"
-33.511173,151.290482,"Leptospermum trinervium"
-33.511082,151.291814,"Leptospermum trinervium"
-33.510924,150.977852,"Leptospermum trinervium"
-33.510661,150.574508,"Leptospermum trinervium"
-33.510661,150.574508,"Leptospermum trinervium"
-33.510525,150.898645,"Leptospermum trinervium"
-33.510525,150.898645,"Leptospermum trinervium"
-33.510512,151.403465,"Leptospermum trinervium"
-33.510457,150.678726,"Leptospermum trinervium"
-33.510417,151.306958,"Leptospermum trinervium"
-33.510381,150.976979,"Leptospermum trinervium"
-33.510346,151.032647,"Leptospermum trinervium"
-33.509986,150.967884,"Leptospermum trinervium"
-33.509731,151.096396,"Leptospermum trinervium"
-33.50973,151.096383,"Leptospermum trinervium"
-33.509714,151.193252,"Leptospermum trinervium"
-33.509621,150.954876,"Leptospermum trinervium"
-33.509552,150.989908,"Leptospermum trinervium"
-33.509275,150.809751,"Leptospermum trinervium"
-33.509243,151.420593,"Leptospermum trinervium"
-33.508766,150.935961,"Leptospermum trinervium"
-33.508576,151.133228,"Leptospermum trinervium"
-33.508152,151.013794,"Leptospermum trinervium"
-33.507961,150.962514,"Leptospermum trinervium"
-33.507933,151.162256,"Leptospermum trinervium"
-33.507792,150.570546,"Leptospermum trinervium"
-33.507679,151.140729,"Leptospermum trinervium"
-33.507501,150.940706,"Leptospermum trinervium"
-33.507196,151.141622,"Leptospermum trinervium"
-33.507116,151.19087,"Leptospermum trinervium"
-33.507108,151.421722,"Leptospermum trinervium"
-33.506901,151.142942,"Leptospermum trinervium"
-33.50682,150.761347,"Leptospermum trinervium"
-33.50682,150.761347,"Leptospermum trinervium"
-33.506811,150.366426,"Leptospermum trinervium"
-33.506748,150.160275,"Leptospermum trinervium"
-33.506579,151.067712,"Leptospermum trinervium"
-33.506413,150.943429,"Leptospermum trinervium"
-33.506236,150.990498,"Leptospermum trinervium"
-33.506232,150.942975,"Leptospermum trinervium"
-33.506215,150.979931,"Leptospermum trinervium"
-33.506183,150.934613,"Leptospermum trinervium"
-33.506157,151.426481,"Leptospermum trinervium"
-33.506052,151.423264,"Leptospermum trinervium"
-33.5058,150.987494,"Leptospermum trinervium"
-33.505684,150.688855,"Leptospermum trinervium"
-33.505439,151.192756,"Leptospermum trinervium"
-33.50521,150.362596,"Leptospermum trinervium"
-33.504958,150.946643,"Leptospermum trinervium"
-33.504958,150.946643,"Leptospermum trinervium"
-33.50495,150.959104,"Leptospermum trinervium"
-33.504725,150.940046,"Leptospermum trinervium"
-33.504632,150.945499,"Leptospermum trinervium"
-33.504632,150.945499,"Leptospermum trinervium"
-33.504511,150.939104,"Leptospermum trinervium"
-33.504412,151.306561,"Leptospermum trinervium"
-33.504334,150.154094,"Leptospermum trinervium"
-33.50427,151.419607,"Leptospermum trinervium"
-33.50425,151.103106,"Leptospermum trinervium"
-33.504124,150.166838,"Leptospermum trinervium"
-33.5041081,150.8114255,"Leptospermum trinervium"
-33.504046,151.189504,"Leptospermum trinervium"
-33.503911,151.035709,"Leptospermum trinervium"
-33.503121,150.948803,"Leptospermum trinervium"
-33.50306,151.189912,"Leptospermum trinervium"
-33.50306,151.189912,"Leptospermum trinervium"
-33.50291,151.035086,"Leptospermum trinervium"
-33.50268,150.506112,"Leptospermum trinervium"
-33.50233,151.189938,"Leptospermum trinervium"
-33.502079,151.190501,"Leptospermum trinervium"
-33.501848,150.948176,"Leptospermum trinervium"
-33.50119,150.95574,"Leptospermum trinervium"
-33.501183,150.415692,"Leptospermum trinervium"
-33.500867,151.189786,"Leptospermum trinervium"
-33.500764,150.141357,"Leptospermum trinervium"
-33.500547,150.923448,"Leptospermum trinervium"
-33.5,150.366667,"Leptospermum trinervium"
-33.5,150.383333,"Leptospermum trinervium"
-33.5,150.383333,"Leptospermum trinervium"
-33.5,151.25,"Leptospermum trinervium"
-33.5,150.366667,"Leptospermum trinervium"
-33.5,151.25,"Leptospermum trinervium"
-33.5,151.25,"Leptospermum trinervium"
-33.5,150.416667,"Leptospermum trinervium"
-33.5,150.1833,"Leptospermum trinervium"
-33.5,150.6667,"Leptospermum trinervium"
-33.5,151.25,"Leptospermum trinervium"
-33.5,150.383333,"Leptospermum trinervium"
-33.5,150.383333,"Leptospermum trinervium"
-33.5,150.3667,"Leptospermum trinervium"
-33.5,150.366667,"Leptospermum trinervium"
-33.5,151.25,"Leptospermum trinervium"
-33.5,150.366667,"Leptospermum trinervium"
-33.5,151.25,"Leptospermum trinervium"
-33.5,150.366667,"Leptospermum trinervium"
-33.5,150.2833,"Leptospermum trinervium"
-33.499974,150.893304,"Leptospermum trinervium"
-33.499974,150.893304,"Leptospermum trinervium"
-33.4999454,150.1308797,"Leptospermum trinervium"
-33.499417,151.306462,"Leptospermum trinervium"
-33.49925,150.162111,"Leptospermum trinervium"
-33.499113,150.928667,"Leptospermum trinervium"
-33.498917,150.16625,"Leptospermum trinervium"
-33.49851,151.188224,"Leptospermum trinervium"
-33.498454,150.801892,"Leptospermum trinervium"
-33.498454,150.801892,"Leptospermum trinervium"
-33.498277,151.189567,"Leptospermum trinervium"
-33.498213,151.307553,"Leptospermum trinervium"
-33.4981,150.700378,"Leptospermum trinervium"
-33.49782,151.307227,"Leptospermum trinervium"
-33.497754,150.781652,"Leptospermum trinervium"
-33.497754,150.781652,"Leptospermum trinervium"
-33.497505,150.210295,"Leptospermum trinervium"
-33.497505,150.210295,"Leptospermum trinervium"
-33.497465,150.160088,"Leptospermum trinervium"
-33.49732,150.159714,"Leptospermum trinervium"
-33.496941,150.27993,"Leptospermum trinervium"
-33.496941,150.27993,"Leptospermum trinervium"
-33.496941,150.27993,"Leptospermum trinervium"
-33.496807,150.79052,"Leptospermum trinervium"
-33.496794,150.868371,"Leptospermum trinervium"
-33.496118,150.777143,"Leptospermum trinervium"
-33.496117,150.777149,"Leptospermum trinervium"
-33.495758,149.765808,"Leptospermum trinervium"
-33.495511,150.697239,"Leptospermum trinervium"
-33.49542,151.189063,"Leptospermum trinervium"
-33.495211,150.684138,"Leptospermum trinervium"
-33.495211,150.684138,"Leptospermum trinervium"
-33.495023,150.939654,"Leptospermum trinervium"
-33.495012,151.187755,"Leptospermum trinervium"
-33.495012,151.187755,"Leptospermum trinervium"
-33.494924,151.188697,"Leptospermum trinervium"
-33.494378,151.09272,"Leptospermum trinervium"
-33.494277,150.799873,"Leptospermum trinervium"
-33.494277,150.799873,"Leptospermum trinervium"
-33.493956,150.207633,"Leptospermum trinervium"
-33.493956,150.207633,"Leptospermum trinervium"
-33.493583,151.108505,"Leptospermum trinervium"
-33.4934,151.093054,"Leptospermum trinervium"
-33.493312,150.695994,"Leptospermum trinervium"
-33.493238,151.308358,"Leptospermum trinervium"
-33.493199,150.810635,"Leptospermum trinervium"
-33.492951,150.746863,"Leptospermum trinervium"
-33.492822,151.036126,"Leptospermum trinervium"
-33.492749,150.456868,"Leptospermum trinervium"
-33.492508,149.767401,"Leptospermum trinervium"
-33.492383,150.223679,"Leptospermum trinervium"
-33.492059,150.511496,"Leptospermum trinervium"
-33.492059,150.511496,"Leptospermum trinervium"
-33.491844,151.185163,"Leptospermum trinervium"
-33.491844,151.185163,"Leptospermum trinervium"
-33.491747,150.93483,"Leptospermum trinervium"
-33.491596,150.205331,"Leptospermum trinervium"
-33.49149,150.680438,"Leptospermum trinervium"
-33.491335,151.18859,"Leptospermum trinervium"
-33.491155,150.848353,"Leptospermum trinervium"
-33.491155,150.848353,"Leptospermum trinervium"
-33.491092,150.773511,"Leptospermum trinervium"
-33.491038,151.184911,"Leptospermum trinervium"
-33.490756,150.157105,"Leptospermum trinervium"
-33.49074,150.72834,"Leptospermum trinervium"
-33.489796,151.309011,"Leptospermum trinervium"
-33.489134,151.090569,"Leptospermum trinervium"
-33.489074,150.976528,"Leptospermum trinervium"
-33.488876,150.81826,"Leptospermum trinervium"
-33.488558,150.497853,"Leptospermum trinervium"
-33.488558,150.497853,"Leptospermum trinervium"
-33.488336,150.162605,"Leptospermum trinervium"
-33.488267,150.162009,"Leptospermum trinervium"
-33.48821,150.81598,"Leptospermum trinervium"
-33.488182,150.162033,"Leptospermum trinervium"
-33.48816,151.042041,"Leptospermum trinervium"
-33.487818,150.161753,"Leptospermum trinervium"
-33.487638,151.188529,"Leptospermum trinervium"
-33.486742,150.853843,"Leptospermum trinervium"
-33.486742,150.853843,"Leptospermum trinervium"
-33.486073,150.986025,"Leptospermum trinervium"
-33.485856,150.256434,"Leptospermum trinervium"
-33.485269,150.498421,"Leptospermum trinervium"
-33.485269,150.498421,"Leptospermum trinervium"
-33.484507,151.159374,"Leptospermum trinervium"
-33.484449,151.184478,"Leptospermum trinervium"
-33.483881,151.18266,"Leptospermum trinervium"
-33.483671,151.114281,"Leptospermum trinervium"
-33.48358,151.296879,"Leptospermum trinervium"
-33.483333,150.233333,"Leptospermum trinervium"
-33.483333,150.983333,"Leptospermum trinervium"
-33.483333,150.233333,"Leptospermum trinervium"
-33.4833,151.3333,"Leptospermum trinervium"
-33.482951,151.060095,"Leptospermum trinervium"
-33.482619,151.385729,"Leptospermum trinervium"
-33.482586,151.10586,"Leptospermum trinervium"
-33.482498,151.395099,"Leptospermum trinervium"
-33.482234,151.063845,"Leptospermum trinervium"
-33.482234,150.717837,"Leptospermum trinervium"
-33.482212,151.395358,"Leptospermum trinervium"
-33.481821,151.397971,"Leptospermum trinervium"
-33.481821,151.397971,"Leptospermum trinervium"
-33.481785,151.166946,"Leptospermum trinervium"
-33.481673,151.065418,"Leptospermum trinervium"
-33.481637,151.075868,"Leptospermum trinervium"
-33.481453,151.170873,"Leptospermum trinervium"
-33.48136,151.394786,"Leptospermum trinervium"
-33.481326,150.707579,"Leptospermum trinervium"
-33.481326,150.707579,"Leptospermum trinervium"
-33.481323,150.707585,"Leptospermum trinervium"
-33.481323,150.707585,"Leptospermum trinervium"
-33.481265,150.962236,"Leptospermum trinervium"
-33.48086,151.060163,"Leptospermum trinervium"
-33.480556,150.2025,"Leptospermum trinervium"
-33.4805,150.194056,"Leptospermum trinervium"
-33.480238,151.004532,"Leptospermum trinervium"
-33.480233,151.119931,"Leptospermum trinervium"
-33.480124,150.58995,"Leptospermum trinervium"
-33.480043,151.174949,"Leptospermum trinervium"
-33.479984,150.499649,"Leptospermum trinervium"
-33.479984,150.499649,"Leptospermum trinervium"
-33.479984,150.499649,"Leptospermum trinervium"
-33.479939,150.602737,"Leptospermum trinervium"
-33.479835,151.157405,"Leptospermum trinervium"
-33.479066,151.188224,"Leptospermum trinervium"
-33.479064,150.216649,"Leptospermum trinervium"
-33.479009,151.15842,"Leptospermum trinervium"
-33.479009,151.15842,"Leptospermum trinervium"
-33.478997,150.839937,"Leptospermum trinervium"
-33.478907,150.722716,"Leptospermum trinervium"
-33.478834,150.903562,"Leptospermum trinervium"
-33.478621,151.162324,"Leptospermum trinervium"
-33.47836,150.90359,"Leptospermum trinervium"
-33.478015,151.396599,"Leptospermum trinervium"
-33.477586,151.183868,"Leptospermum trinervium"
-33.47725,150.245583,"Leptospermum trinervium"
-33.477018,151.188184,"Leptospermum trinervium"
-33.477018,151.188184,"Leptospermum trinervium"
-33.476701,151.191901,"Leptospermum trinervium"
-33.475649,151.174761,"Leptospermum trinervium"
-33.47545,151.191983,"Leptospermum trinervium"
-33.475369,150.246211,"Leptospermum trinervium"
-33.475325,151.189543,"Leptospermum trinervium"
-33.475325,151.189543,"Leptospermum trinervium"
-33.475325,151.189543,"Leptospermum trinervium"
-33.473887,150.249501,"Leptospermum trinervium"
-33.473812,150.731597,"Leptospermum trinervium"
-33.47343,150.236256,"Leptospermum trinervium"
-33.473361,150.515988,"Leptospermum trinervium"
-33.473361,150.515988,"Leptospermum trinervium"
-33.473238,151.194342,"Leptospermum trinervium"
-33.473154,151.194083,"Leptospermum trinervium"
-33.4725,150.241306,"Leptospermum trinervium"
-33.472303,150.182818,"Leptospermum trinervium"
-33.472294,150.216128,"Leptospermum trinervium"
-33.472294,150.216128,"Leptospermum trinervium"
-33.472036,150.984696,"Leptospermum trinervium"
-33.470833,150.719444,"Leptospermum trinervium"
-33.470833,150.719444,"Leptospermum trinervium"
-33.470833,150.222222,"Leptospermum trinervium"
-33.470833,150.719444,"Leptospermum trinervium"
-33.4708,150.7194,"Leptospermum trinervium"
-33.470269,151.209629,"Leptospermum trinervium"
-33.470269,151.209629,"Leptospermum trinervium"
-33.470269,151.209629,"Leptospermum trinervium"
-33.469542,150.441582,"Leptospermum trinervium"
-33.469298,151.193671,"Leptospermum trinervium"
-33.468182,150.875482,"Leptospermum trinervium"
-33.468182,150.875482,"Leptospermum trinervium"
-33.46795,150.235083,"Leptospermum trinervium"
-33.467184,150.714284,"Leptospermum trinervium"
-33.466885,150.249815,"Leptospermum trinervium"
-33.466756,150.794924,"Leptospermum trinervium"
-33.466667,150.816667,"Leptospermum trinervium"
-33.466284,151.194196,"Leptospermum trinervium"
-33.465883,150.252213,"Leptospermum trinervium"
-33.4658,150.2522,"Leptospermum trinervium"
-33.465662,150.934273,"Leptospermum trinervium"
-33.465384,150.895225,"Leptospermum trinervium"
-33.465083,151.192198,"Leptospermum trinervium"
-33.465083,151.192198,"Leptospermum trinervium"
-33.464947,150.251489,"Leptospermum trinervium"
-33.4649,150.2514,"Leptospermum trinervium"
-33.464869,151.001778,"Leptospermum trinervium"
-33.464757,150.892851,"Leptospermum trinervium"
-33.464654,150.894758,"Leptospermum trinervium"
-33.46461,150.254446,"Leptospermum trinervium"
-33.464536,151.201407,"Leptospermum trinervium"
-33.464397,150.832906,"Leptospermum trinervium"
-33.464397,150.832906,"Leptospermum trinervium"
-33.464049,150.986394,"Leptospermum trinervium"
-33.463813,150.231759,"Leptospermum trinervium"
-33.46376,150.821127,"Leptospermum trinervium"
-33.46362,150.991074,"Leptospermum trinervium"
-33.463615,151.168842,"Leptospermum trinervium"
-33.463525,151.171442,"Leptospermum trinervium"
-33.46318,151.176064,"Leptospermum trinervium"
-33.463111,150.815506,"Leptospermum trinervium"
-33.463111,150.815506,"Leptospermum trinervium"
-33.46307,151.19315,"Leptospermum trinervium"
-33.463044,150.894969,"Leptospermum trinervium"
-33.462967,150.98416,"Leptospermum trinervium"
-33.462846,150.892876,"Leptospermum trinervium"
-33.462317,150.978064,"Leptospermum trinervium"
-33.462234,150.248671,"Leptospermum trinervium"
-33.462058,150.425451,"Leptospermum trinervium"
-33.462058,150.425451,"Leptospermum trinervium"
-33.462052,150.975617,"Leptospermum trinervium"
-33.462021,150.981449,"Leptospermum trinervium"
-33.461602,151.019924,"Leptospermum trinervium"
-33.461602,151.019924,"Leptospermum trinervium"
-33.461602,151.019924,"Leptospermum trinervium"
-33.461339,150.937993,"Leptospermum trinervium"
-33.461299,150.977561,"Leptospermum trinervium"
-33.461058,150.938979,"Leptospermum trinervium"
-33.461015,150.985715,"Leptospermum trinervium"
-33.461005,150.979418,"Leptospermum trinervium"
-33.460613,150.978039,"Leptospermum trinervium"
-33.460532,150.880531,"Leptospermum trinervium"
-33.460532,150.880531,"Leptospermum trinervium"
-33.460532,150.880531,"Leptospermum trinervium"
-33.460527,150.427713,"Leptospermum trinervium"
-33.460323,150.252743,"Leptospermum trinervium"
-33.460271,150.986582,"Leptospermum trinervium"
-33.459936,150.981315,"Leptospermum trinervium"
-33.459913,151.036054,"Leptospermum trinervium"
-33.459913,151.036054,"Leptospermum trinervium"
-33.459751,150.979383,"Leptospermum trinervium"
-33.459715,150.887444,"Leptospermum trinervium"
-33.45963,150.880399,"Leptospermum trinervium"
-33.45923,150.252251,"Leptospermum trinervium"
-33.459205,150.235077,"Leptospermum trinervium"
-33.459029,150.25131,"Leptospermum trinervium"
-33.458891,150.250148,"Leptospermum trinervium"
-33.458764,150.976361,"Leptospermum trinervium"
-33.458553,150.977248,"Leptospermum trinervium"
-33.458275,151.189112,"Leptospermum trinervium"
-33.458141,151.391818,"Leptospermum trinervium"
-33.458012,150.216347,"Leptospermum trinervium"
-33.457774,150.872207,"Leptospermum trinervium"
-33.457774,150.872207,"Leptospermum trinervium"
-33.45777,150.975168,"Leptospermum trinervium"
-33.457762,151.19465,"Leptospermum trinervium"
-33.457537,150.976314,"Leptospermum trinervium"
-33.457519,150.429178,"Leptospermum trinervium"
-33.457519,150.429178,"Leptospermum trinervium"
-33.456892,151.171226,"Leptospermum trinervium"
-33.45662,150.974281,"Leptospermum trinervium"
-33.456427,151.282341,"Leptospermum trinervium"
-33.456186,150.209305,"Leptospermum trinervium"
-33.456139,150.20662,"Leptospermum trinervium"
-33.455978,150.975823,"Leptospermum trinervium"
-33.455958,151.391525,"Leptospermum trinervium"
-33.455908,151.029316,"Leptospermum trinervium"
-33.455611,150.568879,"Leptospermum trinervium"
-33.455611,150.568879,"Leptospermum trinervium"
-33.455216,151.166629,"Leptospermum trinervium"
-33.454325,150.205802,"Leptospermum trinervium"
-33.45386,151.226857,"Leptospermum trinervium"
-33.453085,151.031948,"Leptospermum trinervium"
-33.452637,150.99889,"Leptospermum trinervium"
-33.452464,151.054834,"Leptospermum trinervium"
-33.452188,151.213982,"Leptospermum trinervium"
-33.451001,151.288335,"Leptospermum trinervium"
-33.450515,151.245214,"Leptospermum trinervium"
-33.450083,150.997098,"Leptospermum trinervium"
-33.450051,151.215776,"Leptospermum trinervium"
-33.45,151,"Leptospermum trinervium"
-33.449674,151.249534,"Leptospermum trinervium"
-33.449537,151.035697,"Leptospermum trinervium"
-33.449405,151.298186,"Leptospermum trinervium"
-33.449405,151.298186,"Leptospermum trinervium"
-33.449089,151.272137,"Leptospermum trinervium"
-33.449059,151.21826,"Leptospermum trinervium"
-33.448984,151.264608,"Leptospermum trinervium"
-33.448818,151.252778,"Leptospermum trinervium"
-33.44835,150.54544,"Leptospermum trinervium"
-33.44835,150.54544,"Leptospermum trinervium"
-33.448158,150.99944,"Leptospermum trinervium"
-33.448128,151.267853,"Leptospermum trinervium"
-33.447778,151.216389,"Leptospermum trinervium"
-33.447754,150.89251,"Leptospermum trinervium"
-33.447685,150.987223,"Leptospermum trinervium"
-33.447546,151.367526,"Leptospermum trinervium"
-33.447511,150.979742,"Leptospermum trinervium"
-33.447316,151.274323,"Leptospermum trinervium"
-33.44727,150.23435,"Leptospermum trinervium"
-33.44727,150.23435,"Leptospermum trinervium"
-33.44727,150.23435,"Leptospermum trinervium"
-33.44696,151.036511,"Leptospermum trinervium"
-33.446865,150.85753,"Leptospermum trinervium"
-33.446864,150.857465,"Leptospermum trinervium"
-33.446583,151.2751,"Leptospermum trinervium"
-33.446405,151.220484,"Leptospermum trinervium"
-33.446264,150.270921,"Leptospermum trinervium"
-33.446177,151.325301,"Leptospermum trinervium"
-33.445833,150.205556,"Leptospermum trinervium"
-33.4458,150.2056,"Leptospermum trinervium"
-33.445723,151.226336,"Leptospermum trinervium"
-33.445575,150.914176,"Leptospermum trinervium"
-33.445253,151.217596,"Leptospermum trinervium"
-33.444847,150.887546,"Leptospermum trinervium"
-33.444723,150.235367,"Leptospermum trinervium"
-33.444619,151.216167,"Leptospermum trinervium"
-33.444468,150.2065028,"Leptospermum trinervium"
-33.444462,150.231574,"Leptospermum trinervium"
-33.443966,151.298054,"Leptospermum trinervium"
-33.443866,151.301884,"Leptospermum trinervium"
-33.443641,151.301141,"Leptospermum trinervium"
-33.443566,151.221976,"Leptospermum trinervium"
-33.443367,150.51242,"Leptospermum trinervium"
-33.443106,151.308181,"Leptospermum trinervium"
-33.443096,150.513463,"Leptospermum trinervium"
-33.442933,150.894237,"Leptospermum trinervium"
-33.442924,150.988414,"Leptospermum trinervium"
-33.44245,150.93568,"Leptospermum trinervium"
-33.442377,151.230101,"Leptospermum trinervium"
-33.442364,151.1803,"Leptospermum trinervium"
-33.441452,150.931508,"Leptospermum trinervium"
-33.440798,150.174998,"Leptospermum trinervium"
-33.440737,151.03574,"Leptospermum trinervium"
-33.440729,151.399082,"Leptospermum trinervium"
-33.440657,150.887712,"Leptospermum trinervium"
-33.440556,151.210993,"Leptospermum trinervium"
-33.439993,151.297678,"Leptospermum trinervium"
-33.439956,150.973908,"Leptospermum trinervium"
-33.439929,151.034257,"Leptospermum trinervium"
-33.439576,151.013412,"Leptospermum trinervium"
-33.439556,151.009917,"Leptospermum trinervium"
-33.43915,151.237996,"Leptospermum trinervium"
-33.439138,151.315648,"Leptospermum trinervium"
-33.438766,151.314795,"Leptospermum trinervium"
-33.438649,150.799647,"Leptospermum trinervium"
-33.438426,151.219642,"Leptospermum trinervium"
-33.438426,151.219642,"Leptospermum trinervium"
-33.438426,151.219642,"Leptospermum trinervium"
-33.438103,151.390557,"Leptospermum trinervium"
-33.437976,151.219651,"Leptospermum trinervium"
-33.437976,151.219651,"Leptospermum trinervium"
-33.437785,150.834859,"Leptospermum trinervium"
-33.437556,150.803111,"Leptospermum trinervium"
-33.437265,151.389207,"Leptospermum trinervium"
-33.437253,150.758253,"Leptospermum trinervium"
-33.437,151.22,"Leptospermum trinervium"
-33.436826,150.828483,"Leptospermum trinervium"
-33.43657,150.500992,"Leptospermum trinervium"
-33.436127,150.530621,"Leptospermum trinervium"
-33.436127,150.530621,"Leptospermum trinervium"
-33.435317,150.65825,"Leptospermum trinervium"
-33.435012,150.828916,"Leptospermum trinervium"
-33.435012,150.828916,"Leptospermum trinervium"
-33.434904,151.280603,"Leptospermum trinervium"
-33.434904,151.280603,"Leptospermum trinervium"
-33.434794,151.217579,"Leptospermum trinervium"
-33.434779,151.216504,"Leptospermum trinervium"
-33.434695,151.26545,"Leptospermum trinervium"
-33.434377,151.225668,"Leptospermum trinervium"
-33.434087,151.23902,"Leptospermum trinervium"
-33.433919,151.219734,"Leptospermum trinervium"
-33.433465,151.226797,"Leptospermum trinervium"
-33.433411,151.276286,"Leptospermum trinervium"
-33.43337,151.227178,"Leptospermum trinervium"
-33.433333,150.983333,"Leptospermum trinervium"
-33.4333,150.2,"Leptospermum trinervium"
-33.433144,151.30135,"Leptospermum trinervium"
-33.433072,151.233516,"Leptospermum trinervium"
-33.433057,151.274547,"Leptospermum trinervium"
-33.432829,151.308585,"Leptospermum trinervium"
-33.432501,150.258239,"Leptospermum trinervium"
-33.432501,150.258239,"Leptospermum trinervium"
-33.432311,151.270402,"Leptospermum trinervium"
-33.432279,151.108987,"Leptospermum trinervium"
-33.432183,151.288605,"Leptospermum trinervium"
-33.432105,151.218709,"Leptospermum trinervium"
-33.432105,151.218709,"Leptospermum trinervium"
-33.4319625,151.0342683,"Leptospermum trinervium"
-33.431584,150.963065,"Leptospermum trinervium"
-33.431579,151.276978,"Leptospermum trinervium"
-33.431126,151.213352,"Leptospermum trinervium"
-33.431039,151.27686,"Leptospermum trinervium"
-33.430665,151.244538,"Leptospermum trinervium"
-33.430604,151.240237,"Leptospermum trinervium"
-33.430422,150.263282,"Leptospermum trinervium"
-33.430422,150.263282,"Leptospermum trinervium"
-33.429876,151.275784,"Leptospermum trinervium"
-33.429784,151.276616,"Leptospermum trinervium"
-33.429674,151.258515,"Leptospermum trinervium"
-33.429626,151.234879,"Leptospermum trinervium"
-33.429611,151.149688,"Leptospermum trinervium"
-33.429611,151.149688,"Leptospermum trinervium"
-33.42958,151.231653,"Leptospermum trinervium"
-33.4293823,151.2283626,"Leptospermum trinervium"
-33.429319,151.223852,"Leptospermum trinervium"
-33.429317,151.261195,"Leptospermum trinervium"
-33.429155,150.257738,"Leptospermum trinervium"
-33.427929,151.001837,"Leptospermum trinervium"
-33.426511,150.827317,"Leptospermum trinervium"
-33.426261,151.231503,"Leptospermum trinervium"
-33.426166,151.290433,"Leptospermum trinervium"
-33.425668,151.229055,"Leptospermum trinervium"
-33.425599,150.98845,"Leptospermum trinervium"
-33.425586,150.98736,"Leptospermum trinervium"
-33.42549,150.983384,"Leptospermum trinervium"
-33.425384,151.292468,"Leptospermum trinervium"
-33.425239,151.011749,"Leptospermum trinervium"
-33.4252,150.887119,"Leptospermum trinervium"
-33.425195,151.233891,"Leptospermum trinervium"
-33.424973,150.345002,"Leptospermum trinervium"
-33.42463,151.004719,"Leptospermum trinervium"
-33.42463,151.013588,"Leptospermum trinervium"
-33.424397,150.34759,"Leptospermum trinervium"
-33.424397,150.34759,"Leptospermum trinervium"
-33.424389,150.827179,"Leptospermum trinervium"
-33.424366,151.013017,"Leptospermum trinervium"
-33.424298,151.265599,"Leptospermum trinervium"
-33.424265,150.354088,"Leptospermum trinervium"
-33.424265,150.354088,"Leptospermum trinervium"
-33.4242,151.257323,"Leptospermum trinervium"
-33.424078,151.27562,"Leptospermum trinervium"
-33.424061,151.287923,"Leptospermum trinervium"
-33.423983,151.27461,"Leptospermum trinervium"
-33.423851,151.288598,"Leptospermum trinervium"
-33.42359,151.276167,"Leptospermum trinervium"
-33.423349,151.275688,"Leptospermum trinervium"
-33.423304,151.288842,"Leptospermum trinervium"
-33.423282,151.285207,"Leptospermum trinervium"
-33.423252,150.35013,"Leptospermum trinervium"
-33.423191,150.348121,"Leptospermum trinervium"
-33.423191,150.348121,"Leptospermum trinervium"
-33.423184,151.268376,"Leptospermum trinervium"
-33.423168,150.93548,"Leptospermum trinervium"
-33.423056,150.353168,"Leptospermum trinervium"
-33.423056,150.353168,"Leptospermum trinervium"
-33.422881,150.880049,"Leptospermum trinervium"
-33.422734,150.348662,"Leptospermum trinervium"
-33.42269,150.173063,"Leptospermum trinervium"
-33.422571,150.81456,"Leptospermum trinervium"
-33.422569,150.81906,"Leptospermum trinervium"
-33.422545,151.266848,"Leptospermum trinervium"
-33.422522,150.822622,"Leptospermum trinervium"
-33.422025,151.016597,"Leptospermum trinervium"
-33.421834,151.015354,"Leptospermum trinervium"
-33.421032,150.918391,"Leptospermum trinervium"
-33.420759,150.199606,"Leptospermum trinervium"
-33.420498,151.298893,"Leptospermum trinervium"
-33.420469,151.303708,"Leptospermum trinervium"
-33.420376,150.917012,"Leptospermum trinervium"
-33.419543,151.101736,"Leptospermum trinervium"
-33.419214,150.808148,"Leptospermum trinervium"
-33.419156,150.990998,"Leptospermum trinervium"
-33.419108,150.989447,"Leptospermum trinervium"
-33.418911,151.280873,"Leptospermum trinervium"
-33.418692,150.993274,"Leptospermum trinervium"
-33.418677,150.205011,"Leptospermum trinervium"
-33.418477,150.990569,"Leptospermum trinervium"
-33.418459,151.297088,"Leptospermum trinervium"
-33.418406,151.297117,"Leptospermum trinervium"
-33.417389,151.31671,"Leptospermum trinervium"
-33.417368,150.87014,"Leptospermum trinervium"
-33.417045,150.207218,"Leptospermum trinervium"
-33.416909,150.992906,"Leptospermum trinervium"
-33.416891,151.29107,"Leptospermum trinervium"
-33.416824,151.273466,"Leptospermum trinervium"
-33.4167,151.35,"Leptospermum trinervium"
-33.416694,150.994974,"Leptospermum trinervium"
-33.416667,151.35,"Leptospermum trinervium"
-33.416667,151.35,"Leptospermum trinervium"
-33.416315,150.17499,"Leptospermum trinervium"
-33.415748,150.817465,"Leptospermum trinervium"
-33.415316,150.206312,"Leptospermum trinervium"
-33.415144,150.210682,"Leptospermum trinervium"
-33.41481,150.79587,"Leptospermum trinervium"
-33.414618,150.200937,"Leptospermum trinervium"
-33.41433,151.17497,"Leptospermum trinervium"
-33.414008,151.007245,"Leptospermum trinervium"
-33.4139,150.2806,"Leptospermum trinervium"
-33.4139,150.2806,"Leptospermum trinervium"
-33.4139,150.2806,"Leptospermum trinervium"
-33.4139,150.2806,"Leptospermum trinervium"
-33.4139,150.2806,"Leptospermum trinervium"
-33.4139,150.2806,"Leptospermum trinervium"
-33.4139,150.2806,"Leptospermum trinervium"
-33.4139,150.2806,"Leptospermum trinervium"
-33.4139,150.2806,"Leptospermum trinervium"
-33.413889,150.280556,"Leptospermum trinervium"
-33.413546,151.298561,"Leptospermum trinervium"
-33.413542,151.008766,"Leptospermum trinervium"
-33.413092,151.286961,"Leptospermum trinervium"
-33.412609,151.273322,"Leptospermum trinervium"
-33.412609,151.273322,"Leptospermum trinervium"
-33.41259,151.306209,"Leptospermum trinervium"
-33.41259,151.306209,"Leptospermum trinervium"
-33.412408,150.97525,"Leptospermum trinervium"
-33.412214,150.790848,"Leptospermum trinervium"
-33.411546,151.223455,"Leptospermum trinervium"
-33.411393,151.298132,"Leptospermum trinervium"
-33.411393,151.298132,"Leptospermum trinervium"
-33.411113,150.15747,"Leptospermum trinervium"
-33.411033,151.285007,"Leptospermum trinervium"
-33.410878,151.289463,"Leptospermum trinervium"
-33.410677,151.171821,"Leptospermum trinervium"
-33.410577,150.130657,"Leptospermum trinervium"
-33.410381,151.006203,"Leptospermum trinervium"
-33.410119,150.209966,"Leptospermum trinervium"
-33.410061,151.302198,"Leptospermum trinervium"
-33.41006,151.457877,"Leptospermum trinervium"
-33.409952,150.656621,"Leptospermum trinervium"
-33.409938,151.291418,"Leptospermum trinervium"
-33.409938,151.291418,"Leptospermum trinervium"
-33.40987,151.17829,"Leptospermum trinervium"
-33.408985,151.387987,"Leptospermum trinervium"
-33.408925,151.383364,"Leptospermum trinervium"
-33.408925,151.383364,"Leptospermum trinervium"
-33.408697,151.387924,"Leptospermum trinervium"
-33.40825,151.27758,"Leptospermum trinervium"
-33.4082,151.387737,"Leptospermum trinervium"
-33.408119,150.130404,"Leptospermum trinervium"
-33.407938,151.200372,"Leptospermum trinervium"
-33.407876,150.159769,"Leptospermum trinervium"
-33.40787,150.94376,"Leptospermum trinervium"
-33.407832,151.279592,"Leptospermum trinervium"
-33.407787,151.269611,"Leptospermum trinervium"
-33.407727,151.280497,"Leptospermum trinervium"
-33.407663,151.458426,"Leptospermum trinervium"
-33.407556,151.389279,"Leptospermum trinervium"
-33.407512,151.273778,"Leptospermum trinervium"
-33.407512,151.273778,"Leptospermum trinervium"
-33.407512,151.273778,"Leptospermum trinervium"
-33.407296,151.294618,"Leptospermum trinervium"
-33.406992,150.225067,"Leptospermum trinervium"
-33.40688,151.2809,"Leptospermum trinervium"
-33.4068,151.2864,"Leptospermum trinervium"
-33.406539,151.295267,"Leptospermum trinervium"
-33.406539,151.295267,"Leptospermum trinervium"
-33.406113,150.225042,"Leptospermum trinervium"
-33.405998,151.285907,"Leptospermum trinervium"
-33.405742,151.007578,"Leptospermum trinervium"
-33.40542,151.213327,"Leptospermum trinervium"
-33.405402,150.982717,"Leptospermum trinervium"
-33.405277,151.286272,"Leptospermum trinervium"
-33.404893,151.29431,"Leptospermum trinervium"
-33.404875,151.456813,"Leptospermum trinervium"
-33.404717,151.007342,"Leptospermum trinervium"
-33.404625,151.007534,"Leptospermum trinervium"
-33.404544,151.288846,"Leptospermum trinervium"
-33.404526,151.288278,"Leptospermum trinervium"
-33.404447,150.982915,"Leptospermum trinervium"
-33.404414,151.402663,"Leptospermum trinervium"
-33.404328,151.295617,"Leptospermum trinervium"
-33.404283,151.007602,"Leptospermum trinervium"
-33.40402,151.089172,"Leptospermum trinervium"
-33.403995,151.006579,"Leptospermum trinervium"
-33.403327,150.778748,"Leptospermum trinervium"
-33.403319,151.30788,"Leptospermum trinervium"
-33.403319,151.30788,"Leptospermum trinervium"
-33.403165,151.387576,"Leptospermum trinervium"
-33.402794,151.387497,"Leptospermum trinervium"
-33.4026,151.321125,"Leptospermum trinervium"
-33.4025,150.663333,"Leptospermum trinervium"
-33.401946,151.319318,"Leptospermum trinervium"
-33.40194,151.315807,"Leptospermum trinervium"
-33.401825,151.296238,"Leptospermum trinervium"
-33.401788,151.180609,"Leptospermum trinervium"
-33.401243,150.115231,"Leptospermum trinervium"
-33.401231,150.115261,"Leptospermum trinervium"
-33.400997,150.231015,"Leptospermum trinervium"
-33.400912,150.189672,"Leptospermum trinervium"
-33.400541,151.305209,"Leptospermum trinervium"
-33.40054,151.289189,"Leptospermum trinervium"
-33.400254,150.988056,"Leptospermum trinervium"
-33.400251,150.225981,"Leptospermum trinervium"
-33.400107,151.302321,"Leptospermum trinervium"
-33.40004,151.321964,"Leptospermum trinervium"
-33.40003,150.985088,"Leptospermum trinervium"
-33.400018,151.269185,"Leptospermum trinervium"
-33.399983,150.988305,"Leptospermum trinervium"
-33.39992,151.304716,"Leptospermum trinervium"
-33.399903,151.305689,"Leptospermum trinervium"
-33.399715,150.989173,"Leptospermum trinervium"
-33.399704,150.653119,"Leptospermum trinervium"
-33.399604,150.986144,"Leptospermum trinervium"
-33.39954,151.301904,"Leptospermum trinervium"
-33.399507,150.226155,"Leptospermum trinervium"
-33.399507,150.226155,"Leptospermum trinervium"
-33.399461,151.310565,"Leptospermum trinervium"
-33.399438,150.988294,"Leptospermum trinervium"
-33.399289,151.303335,"Leptospermum trinervium"
-33.399289,151.303335,"Leptospermum trinervium"
-33.399135,150.985483,"Leptospermum trinervium"
-33.399031,150.193806,"Leptospermum trinervium"
-33.398802,151.298693,"Leptospermum trinervium"
-33.398747,150.983928,"Leptospermum trinervium"
-33.39847,150.991149,"Leptospermum trinervium"
-33.398176,151.298478,"Leptospermum trinervium"
-33.398022,151.30884,"Leptospermum trinervium"
-33.397117,150.782411,"Leptospermum trinervium"
-33.39711,150.782398,"Leptospermum trinervium"
-33.397,151.323307,"Leptospermum trinervium"
-33.396896,151.319688,"Leptospermum trinervium"
-33.396776,151.322702,"Leptospermum trinervium"
-33.396197,151.168362,"Leptospermum trinervium"
-33.39603,151.32319,"Leptospermum trinervium"
-33.395848,151.215383,"Leptospermum trinervium"
-33.395751,151.230834,"Leptospermum trinervium"
-33.395751,151.230834,"Leptospermum trinervium"
-33.395552,151.319511,"Leptospermum trinervium"
-33.395433,150.75818,"Leptospermum trinervium"
-33.395213,151.301708,"Leptospermum trinervium"
-33.394473,150.166025,"Leptospermum trinervium"
-33.394473,150.166025,"Leptospermum trinervium"
-33.39402,151.05095,"Leptospermum trinervium"
-33.393874,150.153067,"Leptospermum trinervium"
-33.393762,150.879703,"Leptospermum trinervium"
-33.393762,150.879703,"Leptospermum trinervium"
-33.393762,150.879703,"Leptospermum trinervium"
-33.393357,150.905212,"Leptospermum trinervium"
-33.393357,150.905212,"Leptospermum trinervium"
-33.392958,151.328963,"Leptospermum trinervium"
-33.392794,150.878469,"Leptospermum trinervium"
-33.392579,151.221258,"Leptospermum trinervium"
-33.392456,151.159302,"Leptospermum trinervium"
-33.392116,151.166835,"Leptospermum trinervium"
-33.392015,151.456158,"Leptospermum trinervium"
-33.391845,150.413552,"Leptospermum trinervium"
-33.391845,150.413552,"Leptospermum trinervium"
-33.391805,150.985558,"Leptospermum trinervium"
-33.39146,150.986002,"Leptospermum trinervium"
-33.391046,151.237859,"Leptospermum trinervium"
-33.391038,151.456584,"Leptospermum trinervium"
-33.390935,151.222402,"Leptospermum trinervium"
-33.390875,151.459615,"Leptospermum trinervium"
-33.390796,151.169013,"Leptospermum trinervium"
-33.390736,150.419163,"Leptospermum trinervium"
-33.390704,150.416348,"Leptospermum trinervium"
-33.390704,150.416348,"Leptospermum trinervium"
-33.389849,150.418157,"Leptospermum trinervium"
-33.389588,150.753832,"Leptospermum trinervium"
-33.389216,150.98551,"Leptospermum trinervium"
-33.389184,150.259842,"Leptospermum trinervium"
-33.389118,151.465369,"Leptospermum trinervium"
-33.388907,150.09574,"Leptospermum trinervium"
-33.388741,151.224348,"Leptospermum trinervium"
-33.388664,151.181803,"Leptospermum trinervium"
-33.388489,151.018578,"Leptospermum trinervium"
-33.388204,151.224493,"Leptospermum trinervium"
-33.387594,151.234432,"Leptospermum trinervium"
-33.387204,151.234036,"Leptospermum trinervium"
-33.38708,151.185922,"Leptospermum trinervium"
-33.38677,150.189497,"Leptospermum trinervium"
-33.386145,151.27222,"Leptospermum trinervium"
-33.386061,151.26102,"Leptospermum trinervium"
-33.385673,150.416776,"Leptospermum trinervium"
-33.385673,150.416776,"Leptospermum trinervium"
-33.38554,151.134743,"Leptospermum trinervium"
-33.384984,151.226888,"Leptospermum trinervium"
-33.384848,151.333595,"Leptospermum trinervium"
-33.384616,150.42145,"Leptospermum trinervium"
-33.384111,151.224569,"Leptospermum trinervium"
-33.38398,150.36475,"Leptospermum trinervium"
-33.383941,150.555701,"Leptospermum trinervium"
-33.383941,150.555701,"Leptospermum trinervium"
-33.383333,151.083333,"Leptospermum trinervium"
-33.383013,151.191749,"Leptospermum trinervium"
-33.382623,151.463785,"Leptospermum trinervium"
-33.382611,151.239055,"Leptospermum trinervium"
-33.382611,151.239055,"Leptospermum trinervium"
-33.382586,150.781705,"Leptospermum trinervium"
-33.38258,150.781692,"Leptospermum trinervium"
-33.382442,151.463767,"Leptospermum trinervium"
-33.382278,150.850027,"Leptospermum trinervium"
-33.382278,150.850027,"Leptospermum trinervium"
-33.382278,150.850027,"Leptospermum trinervium"
-33.382122,151.015484,"Leptospermum trinervium"
-33.382119,151.261601,"Leptospermum trinervium"
-33.382119,151.261601,"Leptospermum trinervium"
-33.381153,151.298568,"Leptospermum trinervium"
-33.381009,151.263658,"Leptospermum trinervium"
-33.380936,151.281645,"Leptospermum trinervium"
-33.380248,150.21284,"Leptospermum trinervium"
-33.379106,151.240061,"Leptospermum trinervium"
-33.379053,150.2796,"Leptospermum trinervium"
-33.378925,151.220856,"Leptospermum trinervium"
-33.378789,151.341248,"Leptospermum trinervium"
-33.378789,151.341248,"Leptospermum trinervium"
-33.378349,151.337833,"Leptospermum trinervium"
-33.377875,150.159376,"Leptospermum trinervium"
-33.377777,150.78,"Leptospermum trinervium"
-33.377771,150.779987,"Leptospermum trinervium"
-33.377729,150.159244,"Leptospermum trinervium"
-33.377543,151.256602,"Leptospermum trinervium"
-33.37739,151.460684,"Leptospermum trinervium"
-33.377339,151.338459,"Leptospermum trinervium"
-33.376173,150.283327,"Leptospermum trinervium"
-33.376173,150.283327,"Leptospermum trinervium"
-33.376151,150.196438,"Leptospermum trinervium"
-33.376151,150.196438,"Leptospermum trinervium"
-33.375675,151.30492,"Leptospermum trinervium"
-33.374498,150.284218,"Leptospermum trinervium"
-33.374498,150.284218,"Leptospermum trinervium"
-33.37383,151.341817,"Leptospermum trinervium"
-33.373811,151.204716,"Leptospermum trinervium"
-33.373538,150.291168,"Leptospermum trinervium"
-33.372817,151.203783,"Leptospermum trinervium"
-33.372566,151.15596,"Leptospermum trinervium"
-33.372272,150.957102,"Leptospermum trinervium"
-33.372086,150.845917,"Leptospermum trinervium"
-33.37208,150.845904,"Leptospermum trinervium"
-33.371902,150.490417,"Leptospermum trinervium"
-33.371804,151.309986,"Leptospermum trinervium"
-33.371657,151.155442,"Leptospermum trinervium"
-33.371539,151.197763,"Leptospermum trinervium"
-33.371459,151.445064,"Leptospermum trinervium"
-33.370953,151.33527,"Leptospermum trinervium"
-33.370953,151.33527,"Leptospermum trinervium"
-33.370953,151.33527,"Leptospermum trinervium"
-33.37055,151.331745,"Leptospermum trinervium"
-33.370545,151.331731,"Leptospermum trinervium"
-33.370278,151.292184,"Leptospermum trinervium"
-33.370278,151.292184,"Leptospermum trinervium"
-33.369806,151.152256,"Leptospermum trinervium"
-33.36952,151.318146,"Leptospermum trinervium"
-33.369363,150.84491,"Leptospermum trinervium"
-33.369357,150.844896,"Leptospermum trinervium"
-33.369086,150.2284,"Leptospermum trinervium"
-33.369049,151.33707,"Leptospermum trinervium"
-33.368728,151.317055,"Leptospermum trinervium"
-33.368723,151.317041,"Leptospermum trinervium"
-33.368698,151.199569,"Leptospermum trinervium"
-33.368568,151.318872,"Leptospermum trinervium"
-33.368568,151.318872,"Leptospermum trinervium"
-33.368443,150.843858,"Leptospermum trinervium"
-33.368437,150.843844,"Leptospermum trinervium"
-33.368229,150.186029,"Leptospermum trinervium"
-33.368128,150.141378,"Leptospermum trinervium"
-33.367977,151.316746,"Leptospermum trinervium"
-33.367795,150.683202,"Leptospermum trinervium"
-33.367795,150.683202,"Leptospermum trinervium"
-33.367667,150.48609,"Leptospermum trinervium"
-33.367387,150.685459,"Leptospermum trinervium"
-33.36664,150.843902,"Leptospermum trinervium"
-33.366634,150.843889,"Leptospermum trinervium"
-33.366313,150.877224,"Leptospermum trinervium"
-33.366307,150.877211,"Leptospermum trinervium"
-33.36628,151.157704,"Leptospermum trinervium"
-33.36606,150.488662,"Leptospermum trinervium"
-33.36606,150.488662,"Leptospermum trinervium"
-33.365985,150.489835,"Leptospermum trinervium"
-33.365985,150.489835,"Leptospermum trinervium"
-33.365823,150.337792,"Leptospermum trinervium"
-33.364913,151.330721,"Leptospermum trinervium"
-33.364913,151.330721,"Leptospermum trinervium"
-33.364342,150.178993,"Leptospermum trinervium"
-33.364066,151.302869,"Leptospermum trinervium"
-33.363538,151.301827,"Leptospermum trinervium"
-33.363538,151.301827,"Leptospermum trinervium"
-33.363061,151.269817,"Leptospermum trinervium"
-33.362763,150.880534,"Leptospermum trinervium"
-33.362757,150.880521,"Leptospermum trinervium"
-33.362541,151.293538,"Leptospermum trinervium"
-33.362087,150.816605,"Leptospermum trinervium"
-33.361887,150.813155,"Leptospermum trinervium"
-33.361659,151.293717,"Leptospermum trinervium"
-33.361659,151.293717,"Leptospermum trinervium"
-33.361119,151.269598,"Leptospermum trinervium"
-33.361119,151.269598,"Leptospermum trinervium"
-33.360478,151.294274,"Leptospermum trinervium"
-33.360478,151.294274,"Leptospermum trinervium"
-33.360096,150.969991,"Leptospermum trinervium"
-33.360055,150.942353,"Leptospermum trinervium"
-33.360055,150.942353,"Leptospermum trinervium"
-33.359935,151.049408,"Leptospermum trinervium"
-33.359935,151.049408,"Leptospermum trinervium"
-33.3597,151.298817,"Leptospermum trinervium"
-33.3597,151.298817,"Leptospermum trinervium"
-33.359617,150.967602,"Leptospermum trinervium"
-33.35956,150.742218,"Leptospermum trinervium"
-33.359515,151.068653,"Leptospermum trinervium"
-33.3595,151.2916,"Leptospermum trinervium"
-33.35902,151.154634,"Leptospermum trinervium"
-33.359,151.293,"Leptospermum trinervium"
-33.358803,150.284287,"Leptospermum trinervium"
-33.358803,150.284287,"Leptospermum trinervium"
-33.358716,151.220144,"Leptospermum trinervium"
-33.358093,151.270507,"Leptospermum trinervium"
-33.358093,151.270507,"Leptospermum trinervium"
-33.357913,150.210045,"Leptospermum trinervium"
-33.357913,150.210045,"Leptospermum trinervium"
-33.357878,150.211313,"Leptospermum trinervium"
-33.357878,150.211313,"Leptospermum trinervium"
-33.357714,151.445848,"Leptospermum trinervium"
-33.357556,150.071833,"Leptospermum trinervium"
-33.357317,150.984884,"Leptospermum trinervium"
-33.357214,150.820495,"Leptospermum trinervium"
-33.357208,150.820482,"Leptospermum trinervium"
-33.35677,151.289677,"Leptospermum trinervium"
-33.356351,150.822666,"Leptospermum trinervium"
-33.356344,150.822652,"Leptospermum trinervium"
-33.355704,150.998891,"Leptospermum trinervium"
-33.355543,150.828058,"Leptospermum trinervium"
-33.355537,150.828045,"Leptospermum trinervium"
-33.355183,150.210519,"Leptospermum trinervium"
-33.355183,150.210519,"Leptospermum trinervium"
-33.355058,151.071975,"Leptospermum trinervium"
-33.354156,151.071995,"Leptospermum trinervium"
-33.354085,150.176956,"Leptospermum trinervium"
-33.353928,151.176233,"Leptospermum trinervium"
-33.35374,150.217981,"Leptospermum trinervium"
-33.353628,150.821659,"Leptospermum trinervium"
-33.353622,150.821645,"Leptospermum trinervium"
-33.353604,150.746938,"Leptospermum trinervium"
-33.353604,150.746938,"Leptospermum trinervium"
-33.352784,150.359488,"Leptospermum trinervium"
-33.352708,150.820607,"Leptospermum trinervium"
-33.352701,150.820594,"Leptospermum trinervium"
-33.352653,150.846162,"Leptospermum trinervium"
-33.351166,151.163099,"Leptospermum trinervium"
-33.351166,151.163099,"Leptospermum trinervium"
-33.350672,150.358509,"Leptospermum trinervium"
-33.350337,150.636735,"Leptospermum trinervium"
-33.350337,150.636735,"Leptospermum trinervium"
-33.35,150.2,"Leptospermum trinervium"
-33.35,150.2,"Leptospermum trinervium"
-33.348423,150.764101,"Leptospermum trinervium"
-33.348423,150.764101,"Leptospermum trinervium"
-33.345785,149.759395,"Leptospermum trinervium"
-33.34553,151.039415,"Leptospermum trinervium"
-33.34553,151.039415,"Leptospermum trinervium"
-33.345487,150.940945,"Leptospermum trinervium"
-33.345487,150.940945,"Leptospermum trinervium"
-33.34533,150.506478,"Leptospermum trinervium"
-33.34533,150.506478,"Leptospermum trinervium"
-33.344516,151.043735,"Leptospermum trinervium"
-33.34175,150.191554,"Leptospermum trinervium"
-33.341297,150.94114,"Leptospermum trinervium"
-33.341129,151.290403,"Leptospermum trinervium"
-33.340892,150.51493,"Leptospermum trinervium"
-33.340892,150.51493,"Leptospermum trinervium"
-33.3401,150.24283,"Leptospermum trinervium"
-33.340019,151.211978,"Leptospermum trinervium"
-33.34,150.234444,"Leptospermum trinervium"
-33.34,150.234444,"Leptospermum trinervium"
-33.34,150.2344,"Leptospermum trinervium"
-33.34,150.234444,"Leptospermum trinervium"
-33.339736,150.217209,"Leptospermum trinervium"
-33.337861,150.075528,"Leptospermum trinervium"
-33.337818,151.064849,"Leptospermum trinervium"
-33.337813,151.064835,"Leptospermum trinervium"
-33.337631,150.305675,"Leptospermum trinervium"
-33.336722,150.084333,"Leptospermum trinervium"
-33.336694,151.244919,"Leptospermum trinervium"
-33.336486,151.422274,"Leptospermum trinervium"
-33.336425,151.157224,"Leptospermum trinervium"
-33.336425,151.157224,"Leptospermum trinervium"
-33.336042,151.418565,"Leptospermum trinervium"
-33.334278,151.420971,"Leptospermum trinervium"
-33.334222,150.072583,"Leptospermum trinervium"
-33.333794,151.425527,"Leptospermum trinervium"
-33.333794,151.425527,"Leptospermum trinervium"
-33.333778,150.078278,"Leptospermum trinervium"
-33.333333,150.233333,"Leptospermum trinervium"
-33.333333,150.166667,"Leptospermum trinervium"
-33.33333,150.23334,"Leptospermum trinervium"
-33.333219,151.17964,"Leptospermum trinervium"
-33.333219,151.17964,"Leptospermum trinervium"
-33.333219,151.17964,"Leptospermum trinervium"
-33.333158,151.179541,"Leptospermum trinervium"
-33.333156,151.179542,"Leptospermum trinervium"
-33.333156,151.179542,"Leptospermum trinervium"
-33.333156,151.179542,"Leptospermum trinervium"
-33.333156,151.179542,"Leptospermum trinervium"
-33.332485,150.754862,"Leptospermum trinervium"
-33.332066,150.677167,"Leptospermum trinervium"
-33.332066,150.677167,"Leptospermum trinervium"
-33.331649,151.276931,"Leptospermum trinervium"
-33.331649,151.276931,"Leptospermum trinervium"
-33.331633,150.392106,"Leptospermum trinervium"
-33.32979,151.080539,"Leptospermum trinervium"
-33.329745,151.051746,"Leptospermum trinervium"
-33.329745,151.051746,"Leptospermum trinervium"
-33.329745,151.051746,"Leptospermum trinervium"
-33.329732,150.717616,"Leptospermum trinervium"
-33.329707,150.356672,"Leptospermum trinervium"
-33.329707,150.356672,"Leptospermum trinervium"
-33.328924,151.420789,"Leptospermum trinervium"
-33.328364,150.165511,"Leptospermum trinervium"
-33.328312,151.091901,"Leptospermum trinervium"
-33.328067,150.165907,"Leptospermum trinervium"
-33.328038,150.392643,"Leptospermum trinervium"
-33.328038,150.392643,"Leptospermum trinervium"
-33.327806,150.114,"Leptospermum trinervium"
-33.326908,150.137609,"Leptospermum trinervium"
-33.326886,151.228779,"Leptospermum trinervium"
-33.326819,150.16178,"Leptospermum trinervium"
-33.326704,150.649071,"Leptospermum trinervium"
-33.326704,150.649071,"Leptospermum trinervium"
-33.325983,151.239135,"Leptospermum trinervium"
-33.325223,150.703219,"Leptospermum trinervium"
-33.325197,151.172325,"Leptospermum trinervium"
-33.325102,150.789595,"Leptospermum trinervium"
-33.324871,151.102718,"Leptospermum trinervium"
-33.324811,151.090559,"Leptospermum trinervium"
-33.324709,150.397253,"Leptospermum trinervium"
-33.324709,150.397253,"Leptospermum trinervium"
-33.324121,150.306306,"Leptospermum trinervium"
-33.3216051,151.2355835,"Leptospermum trinervium"
-33.320678,150.810317,"Leptospermum trinervium"
-33.320588,150.310748,"Leptospermum trinervium"
-33.320273,150.114673,"Leptospermum trinervium"
-33.319745,151.205953,"Leptospermum trinervium"
-33.319705,150.696118,"Leptospermum trinervium"
-33.319705,150.696118,"Leptospermum trinervium"
-33.319194,150.058444,"Leptospermum trinervium"
-33.318808,150.159603,"Leptospermum trinervium"
-33.318528,151.100707,"Leptospermum trinervium"
-33.3171672,150.1114343,"Leptospermum trinervium"
-33.316994,151.247868,"Leptospermum trinervium"
-33.316735,150.436801,"Leptospermum trinervium"
-33.316735,150.436801,"Leptospermum trinervium"
-33.316735,150.436801,"Leptospermum trinervium"
-33.316133,151.121167,"Leptospermum trinervium"
-33.316085,151.117946,"Leptospermum trinervium"
-33.316,150.062361,"Leptospermum trinervium"
-33.315839,151.10184,"Leptospermum trinervium"
-33.315589,150.430187,"Leptospermum trinervium"
-33.315589,150.430187,"Leptospermum trinervium"
-33.315588,151.114949,"Leptospermum trinervium"
-33.315588,151.114949,"Leptospermum trinervium"
-33.315278,150.06175,"Leptospermum trinervium"
-33.314839,150.760361,"Leptospermum trinervium"
-33.314528,150.062139,"Leptospermum trinervium"
-33.314511,150.853779,"Leptospermum trinervium"
-33.314505,150.853766,"Leptospermum trinervium"
-33.314233,151.114763,"Leptospermum trinervium"
-33.314093,151.431563,"Leptospermum trinervium"
-33.314058,150.428525,"Leptospermum trinervium"
-33.314058,150.428525,"Leptospermum trinervium"
-33.31322,150.424662,"Leptospermum trinervium"
-33.31322,150.424662,"Leptospermum trinervium"
-33.313132,150.047677,"Leptospermum trinervium"
-33.312901,150.428806,"Leptospermum trinervium"
-33.312901,150.428806,"Leptospermum trinervium"
-33.312809,150.361693,"Leptospermum trinervium"
-33.312809,150.361693,"Leptospermum trinervium"
-33.312727,150.854897,"Leptospermum trinervium"
-33.312721,150.854883,"Leptospermum trinervium"
-33.312434,150.429796,"Leptospermum trinervium"
-33.31236,150.360525,"Leptospermum trinervium"
-33.31236,150.360525,"Leptospermum trinervium"
-33.311326,151.229726,"Leptospermum trinervium"
-33.310722,151.415306,"Leptospermum trinervium"
-33.310235,151.243672,"Leptospermum trinervium"
-33.310175,151.411363,"Leptospermum trinervium"
-33.310013,151.412075,"Leptospermum trinervium"
-33.309633,151.230872,"Leptospermum trinervium"
-33.309103,150.853912,"Leptospermum trinervium"
-33.309097,150.853898,"Leptospermum trinervium"
-33.308333,150.247778,"Leptospermum trinervium"
-33.308146,150.850713,"Leptospermum trinervium"
-33.30814,150.8507,"Leptospermum trinervium"
-33.30813,150.185965,"Leptospermum trinervium"
-33.30787,151.246789,"Leptospermum trinervium"
-33.305844,150.295057,"Leptospermum trinervium"
-33.305694,150.092278,"Leptospermum trinervium"
-33.304879,151.092426,"Leptospermum trinervium"
-33.304874,151.092412,"Leptospermum trinervium"
-33.304813,151.088132,"Leptospermum trinervium"
-33.304807,151.088118,"Leptospermum trinervium"
-33.303768,151.404711,"Leptospermum trinervium"
-33.303546,150.845457,"Leptospermum trinervium"
-33.30354,150.845443,"Leptospermum trinervium"
-33.303434,150.839016,"Leptospermum trinervium"
-33.303428,150.839003,"Leptospermum trinervium"
-33.30301,151.088171,"Leptospermum trinervium"
-33.303004,151.088157,"Leptospermum trinervium"
-33.302861,149.970284,"Leptospermum trinervium"
-33.302833,150.078917,"Leptospermum trinervium"
-33.3025,150.100927,"Leptospermum trinervium"
-33.302092,151.087117,"Leptospermum trinervium"
-33.302086,151.087103,"Leptospermum trinervium"
-33.301946,151.406099,"Leptospermum trinervium"
-33.301472,150.185782,"Leptospermum trinervium"
-33.301472,150.185782,"Leptospermum trinervium"
-33.300768,150.84123,"Leptospermum trinervium"
-33.300761,150.841216,"Leptospermum trinervium"
-33.300663,151.234275,"Leptospermum trinervium"
-33.300109,150.182498,"Leptospermum trinervium"
-33.3,151.2,"Leptospermum trinervium"
-33.298656,150.094733,"Leptospermum trinervium"
-33.298114,150.580647,"Leptospermum trinervium"
-33.298026,150.83915,"Leptospermum trinervium"
-33.29802,150.839136,"Leptospermum trinervium"
-33.297553,150.30766,"Leptospermum trinervium"
-33.297553,150.30766,"Leptospermum trinervium"
-33.297484,150.586269,"Leptospermum trinervium"
-33.297425,150.976258,"Leptospermum trinervium"
-33.297116,151.399785,"Leptospermum trinervium"
-33.296964,150.585972,"Leptospermum trinervium"
-33.295226,150.972275,"Leptospermum trinervium"
-33.294005,150.572955,"Leptospermum trinervium"
-33.294005,150.572955,"Leptospermum trinervium"
-33.293696,151.214052,"Leptospermum trinervium"
-33.293696,151.214052,"Leptospermum trinervium"
-33.292715,150.92463,"Leptospermum trinervium"
-33.292715,150.92463,"Leptospermum trinervium"
-33.292297,151.317953,"Leptospermum trinervium"
-33.292297,151.317953,"Leptospermum trinervium"
-33.292103,150.231033,"Leptospermum trinervium"
-33.291861,149.970389,"Leptospermum trinervium"
-33.290046,151.206728,"Leptospermum trinervium"
-33.290046,151.206728,"Leptospermum trinervium"
-33.290046,151.206728,"Leptospermum trinervium"
-33.288584,151.196936,"Leptospermum trinervium"
-33.288579,151.196922,"Leptospermum trinervium"
-33.288541,150.177497,"Leptospermum trinervium"
-33.288307,151.305394,"Leptospermum trinervium"
-33.288302,151.30538,"Leptospermum trinervium"
-33.286131,150.687661,"Leptospermum trinervium"
-33.285944,150.09075,"Leptospermum trinervium"
-33.281167,150.097861,"Leptospermum trinervium"
-33.280833,150.317778,"Leptospermum trinervium"
-33.280722,150.098056,"Leptospermum trinervium"
-33.280708,150.968983,"Leptospermum trinervium"
-33.280664,151.161131,"Leptospermum trinervium"
-33.280659,151.161117,"Leptospermum trinervium"
-33.279873,150.184077,"Leptospermum trinervium"
-33.278892,150.678577,"Leptospermum trinervium"
-33.278892,150.678577,"Leptospermum trinervium"
-33.278698,150.26992,"Leptospermum trinervium"
-33.275684,151.228287,"Leptospermum trinervium"
-33.27558,150.219194,"Leptospermum trinervium"
-33.275516,150.704107,"Leptospermum trinervium"
-33.27527,150.339488,"Leptospermum trinervium"
-33.27525,150.088,"Leptospermum trinervium"
-33.2752149,151.4203023,"Leptospermum trinervium"
-33.274271,151.417324,"Leptospermum trinervium"
-33.272417,150.090778,"Leptospermum trinervium"
-33.272335,151.401674,"Leptospermum trinervium"
-33.271295,150.884345,"Leptospermum trinervium"
-33.271295,150.884345,"Leptospermum trinervium"
-33.271295,150.884345,"Leptospermum trinervium"
-33.270482,151.481595,"Leptospermum trinervium"
-33.270269,151.457656,"Leptospermum trinervium"
-33.269442,151.48202,"Leptospermum trinervium"
-33.26835,151.013395,"Leptospermum trinervium"
-33.268226,150.591916,"Leptospermum trinervium"
-33.268226,150.591916,"Leptospermum trinervium"
-33.268016,150.627879,"Leptospermum trinervium"
-33.267926,150.898381,"Leptospermum trinervium"
-33.267926,150.898381,"Leptospermum trinervium"
-33.267652,150.608891,"Leptospermum trinervium"
-33.267652,150.608891,"Leptospermum trinervium"
-33.2667,151.4167,"Leptospermum trinervium"
-33.2666035,151.4808573,"Leptospermum trinervium"
-33.266515,150.60978,"Leptospermum trinervium"
-33.26638,149.964011,"Leptospermum trinervium"
-33.265556,151.215,"Leptospermum trinervium"
-33.264306,150.628624,"Leptospermum trinervium"
-33.263794,151.293175,"Leptospermum trinervium"
-33.263794,151.293175,"Leptospermum trinervium"
-33.263556,151.289233,"Leptospermum trinervium"
-33.26355,151.289219,"Leptospermum trinervium"
-33.262265,150.644081,"Leptospermum trinervium"
-33.261983,151.172157,"Leptospermum trinervium"
-33.261983,151.172157,"Leptospermum trinervium"
-33.261412,150.645209,"Leptospermum trinervium"
-33.261412,150.645209,"Leptospermum trinervium"
-33.261272,151.459425,"Leptospermum trinervium"
-33.261269,151.477797,"Leptospermum trinervium"
-33.261081,150.60805,"Leptospermum trinervium"
-33.261051,150.945251,"Leptospermum trinervium"
-33.260672,150.644714,"Leptospermum trinervium"
-33.260672,150.644714,"Leptospermum trinervium"
-33.260672,150.644714,"Leptospermum trinervium"
-33.260098,151.397577,"Leptospermum trinervium"
-33.259758,150.269651,"Leptospermum trinervium"
-33.258338,151.163746,"Leptospermum trinervium"
-33.258333,151.163731,"Leptospermum trinervium"
-33.257627,150.647726,"Leptospermum trinervium"
-33.257243,151.469496,"Leptospermum trinervium"
-33.257067,151.484188,"Leptospermum trinervium"
-33.256707,151.400385,"Leptospermum trinervium"
-33.256638,151.400436,"Leptospermum trinervium"
-33.255338,151.45226,"Leptospermum trinervium"
-33.255301,151.462249,"Leptospermum trinervium"
-33.255238,151.482072,"Leptospermum trinervium"
-33.255024,151.463884,"Leptospermum trinervium"
-33.254811,151.469721,"Leptospermum trinervium"
-33.254777,151.397229,"Leptospermum trinervium"
-33.2542,151.471342,"Leptospermum trinervium"
-33.254188,151.477753,"Leptospermum trinervium"
-33.254161,151.475601,"Leptospermum trinervium"
-33.253726,151.126597,"Leptospermum trinervium"
-33.25372,151.126583,"Leptospermum trinervium"
-33.253325,151.450133,"Leptospermum trinervium"
-33.252717,150.878099,"Leptospermum trinervium"
-33.252667,151.450936,"Leptospermum trinervium"
-33.252638,151.156352,"Leptospermum trinervium"
-33.252632,151.156338,"Leptospermum trinervium"
-33.252626,151.472419,"Leptospermum trinervium"
-33.252546,150.105122,"Leptospermum trinervium"
-33.251624,151.438904,"Leptospermum trinervium"
-33.251311,150.095561,"Leptospermum trinervium"
-33.25127,151.250488,"Leptospermum trinervium"
-33.250681,151.493373,"Leptospermum trinervium"
-33.250644,151.458046,"Leptospermum trinervium"
-33.250635,151.458693,"Leptospermum trinervium"
-33.250399,151.45714,"Leptospermum trinervium"
-33.250186,151.242487,"Leptospermum trinervium"
-33.250167,151.491836,"Leptospermum trinervium"
-33.250167,151.491836,"Leptospermum trinervium"
-33.249886,151.443475,"Leptospermum trinervium"
-33.249873,151.492187,"Leptospermum trinervium"
-33.249691,150.283377,"Leptospermum trinervium"
-33.249691,150.283377,"Leptospermum trinervium"
-33.249536,151.452283,"Leptospermum trinervium"
-33.249302,151.457342,"Leptospermum trinervium"
-33.249012,151.460174,"Leptospermum trinervium"
-33.249001,151.452666,"Leptospermum trinervium"
-33.248716,151.269051,"Leptospermum trinervium"
-33.248421,151.251148,"Leptospermum trinervium"
-33.248248,151.266592,"Leptospermum trinervium"
-33.248248,151.266592,"Leptospermum trinervium"
-33.24809,151.487563,"Leptospermum trinervium"
-33.24809,151.487563,"Leptospermum trinervium"
-33.247827,151.466101,"Leptospermum trinervium"
-33.24689,151.458512,"Leptospermum trinervium"
-33.246766,151.456108,"Leptospermum trinervium"
-33.246027,151.464637,"Leptospermum trinervium"
-33.246027,151.464637,"Leptospermum trinervium"
-33.245781,150.09038,"Leptospermum trinervium"
-33.2456,151.43898,"Leptospermum trinervium"
-33.245508,150.107244,"Leptospermum trinervium"
-33.245272,151.445131,"Leptospermum trinervium"
-33.244488,151.46491,"Leptospermum trinervium"
-33.244488,151.46491,"Leptospermum trinervium"
-33.244466,151.261036,"Leptospermum trinervium"
-33.243634,151.104161,"Leptospermum trinervium"
-33.243634,151.104161,"Leptospermum trinervium"
-33.243443,151.415319,"Leptospermum trinervium"
-33.24332,151.424946,"Leptospermum trinervium"
-33.243137,151.509451,"Leptospermum trinervium"
-33.243124,151.425073,"Leptospermum trinervium"
-33.243069,151.420673,"Leptospermum trinervium"
-33.242856,151.221923,"Leptospermum trinervium"
-33.24252,151.424322,"Leptospermum trinervium"
-33.242438,151.396433,"Leptospermum trinervium"
-33.24224,151.490448,"Leptospermum trinervium"
-33.242234,151.425261,"Leptospermum trinervium"
-33.242234,151.425261,"Leptospermum trinervium"
-33.242132,151.261303,"Leptospermum trinervium"
-33.242132,151.261303,"Leptospermum trinervium"
-33.242033,151.42154,"Leptospermum trinervium"
-33.241979,151.497869,"Leptospermum trinervium"
-33.241778,151.419216,"Leptospermum trinervium"
-33.241778,151.419216,"Leptospermum trinervium"
-33.241713,151.482306,"Leptospermum trinervium"
-33.241534,151.008065,"Leptospermum trinervium"
-33.24131,151.417861,"Leptospermum trinervium"
-33.24131,151.417861,"Leptospermum trinervium"
-33.240972,151.424596,"Leptospermum trinervium"
-33.240972,151.424596,"Leptospermum trinervium"
-33.240972,151.424596,"Leptospermum trinervium"
-33.240893,151.426894,"Leptospermum trinervium"
-33.240889,151.421515,"Leptospermum trinervium"
-33.240885,151.417705,"Leptospermum trinervium"
-33.24086,151.422849,"Leptospermum trinervium"
-33.24086,151.422849,"Leptospermum trinervium"
-33.24086,151.422849,"Leptospermum trinervium"
-33.240822,151.461559,"Leptospermum trinervium"
-33.240822,151.461559,"Leptospermum trinervium"
-33.240759,151.444421,"Leptospermum trinervium"
-33.24074,151.027808,"Leptospermum trinervium"
-33.240558,151.420418,"Leptospermum trinervium"
-33.240549,151.421116,"Leptospermum trinervium"
-33.240549,151.421116,"Leptospermum trinervium"
-33.240549,151.421116,"Leptospermum trinervium"
-33.240291,151.469706,"Leptospermum trinervium"
-33.240291,151.469706,"Leptospermum trinervium"
-33.240208,151.424846,"Leptospermum trinervium"
-33.240208,151.424846,"Leptospermum trinervium"
-33.24009,151.465889,"Leptospermum trinervium"
-33.239997,151.489807,"Leptospermum trinervium"
-33.239764,151.463587,"Leptospermum trinervium"
-33.239764,151.463587,"Leptospermum trinervium"
-33.239523,151.424759,"Leptospermum trinervium"
-33.239188,151.426106,"Leptospermum trinervium"
-33.239188,151.426106,"Leptospermum trinervium"
-33.239162,151.490973,"Leptospermum trinervium"
-33.239162,151.490973,"Leptospermum trinervium"
-33.239132,151.493244,"Leptospermum trinervium"
-33.239074,151.501624,"Leptospermum trinervium"
-33.238861,151.492159,"Leptospermum trinervium"
-33.238644,151.428105,"Leptospermum trinervium"
-33.238644,151.428105,"Leptospermum trinervium"
-33.238584,151.491584,"Leptospermum trinervium"
-33.238487,151.471367,"Leptospermum trinervium"
-33.238456,151.506397,"Leptospermum trinervium"
-33.238444,151.418685,"Leptospermum trinervium"
-33.238444,151.418685,"Leptospermum trinervium"
-33.238434,151.465403,"Leptospermum trinervium"
-33.238406,151.112634,"Leptospermum trinervium"
-33.238406,151.112634,"Leptospermum trinervium"
-33.237971,151.249431,"Leptospermum trinervium"
-33.237971,151.249431,"Leptospermum trinervium"
-33.237963,151.420583,"Leptospermum trinervium"
-33.237782,151.419091,"Leptospermum trinervium"
-33.237773,151.427613,"Leptospermum trinervium"
-33.237773,151.427613,"Leptospermum trinervium"
-33.23768,151.121037,"Leptospermum trinervium"
-33.237675,151.121023,"Leptospermum trinervium"
-33.23761,151.029487,"Leptospermum trinervium"
-33.237559,151.415726,"Leptospermum trinervium"
-33.237269,151.215941,"Leptospermum trinervium"
-33.237269,151.215941,"Leptospermum trinervium"
-33.237185,151.031107,"Leptospermum trinervium"
-33.237032,151.483446,"Leptospermum trinervium"
-33.236837,151.41718,"Leptospermum trinervium"
-33.23666,151.106361,"Leptospermum trinervium"
-33.236596,151.469516,"Leptospermum trinervium"
-33.236596,151.464072,"Leptospermum trinervium"
-33.236398,151.418,"Leptospermum trinervium"
-33.236398,151.418,"Leptospermum trinervium"
-33.236381,151.42386,"Leptospermum trinervium"
-33.236268,151.462403,"Leptospermum trinervium"
-33.236264,151.490017,"Leptospermum trinervium"
-33.236254,151.491444,"Leptospermum trinervium"
-33.235845,151.46533,"Leptospermum trinervium"
-33.235736,150.059655,"Leptospermum trinervium"
-33.235695,151.420191,"Leptospermum trinervium"
-33.235695,151.420191,"Leptospermum trinervium"
-33.235603,151.417996,"Leptospermum trinervium"
-33.235603,151.417996,"Leptospermum trinervium"
-33.235603,151.417996,"Leptospermum trinervium"
-33.235317,151.483369,"Leptospermum trinervium"
-33.235265,151.418257,"Leptospermum trinervium"
-33.235139,151.49547,"Leptospermum trinervium"
-33.234974,151.499631,"Leptospermum trinervium"
-33.234812,151.448662,"Leptospermum trinervium"
-33.234703,151.498079,"Leptospermum trinervium"
-33.234687,151.425013,"Leptospermum trinervium"
-33.234611,151.426576,"Leptospermum trinervium"
-33.234492,151.013193,"Leptospermum trinervium"
-33.234446,151.491773,"Leptospermum trinervium"
-33.234172,151.42097,"Leptospermum trinervium"
-33.234172,151.42097,"Leptospermum trinervium"
-33.234126,151.495127,"Leptospermum trinervium"
-33.234119,151.449067,"Leptospermum trinervium"
-33.233971,151.425728,"Leptospermum trinervium"
-33.233828,151.539321,"Leptospermum trinervium"
-33.23373,151.501122,"Leptospermum trinervium"
-33.233349,151.415976,"Leptospermum trinervium"
-33.233276,151.501666,"Leptospermum trinervium"
-33.233122,151.49113,"Leptospermum trinervium"
-33.232978,151.494857,"Leptospermum trinervium"
-33.232731,150.10907,"Leptospermum trinervium"
-33.232717,151.500935,"Leptospermum trinervium"
-33.232546,151.443249,"Leptospermum trinervium"
-33.232511,151.121141,"Leptospermum trinervium"
-33.232511,151.121141,"Leptospermum trinervium"
-33.232075,151.499251,"Leptospermum trinervium"
-33.231965,151.498394,"Leptospermum trinervium"
-33.2316051,151.214194,"Leptospermum trinervium"
-33.231256,151.54189,"Leptospermum trinervium"
-33.231136,151.486208,"Leptospermum trinervium"
-33.231028,151.497637,"Leptospermum trinervium"
-33.230632,151.498581,"Leptospermum trinervium"
-33.230624,151.109131,"Leptospermum trinervium"
-33.230419,151.492124,"Leptospermum trinervium"
-33.229995,151.484878,"Leptospermum trinervium"
-33.229497,150.230364,"Leptospermum trinervium"
-33.229208,151.492703,"Leptospermum trinervium"
-33.229164,151.44513,"Leptospermum trinervium"
-33.229155,150.113103,"Leptospermum trinervium"
-33.228808,151.490242,"Leptospermum trinervium"
-33.2285534,150.5355932,"Leptospermum trinervium"
-33.228384,151.476103,"Leptospermum trinervium"
-33.228128,151.503041,"Leptospermum trinervium"
-33.227992,151.541564,"Leptospermum trinervium"
-33.227415,151.492122,"Leptospermum trinervium"
-33.226852,151.540901,"Leptospermum trinervium"
-33.226489,151.493823,"Leptospermum trinervium"
-33.226342,151.109835,"Leptospermum trinervium"
-33.226342,151.109835,"Leptospermum trinervium"
-33.226334,151.433089,"Leptospermum trinervium"
-33.226232,151.012071,"Leptospermum trinervium"
-33.226205,151.435785,"Leptospermum trinervium"
-33.226205,151.435785,"Leptospermum trinervium"
-33.22616,151.45863,"Leptospermum trinervium"
-33.225746,151.483899,"Leptospermum trinervium"
-33.225746,151.483899,"Leptospermum trinervium"
-33.225746,151.483899,"Leptospermum trinervium"
-33.22556,151.4372,"Leptospermum trinervium"
-33.225297,151.017328,"Leptospermum trinervium"
-33.225291,151.470993,"Leptospermum trinervium"
-33.224767,151.476833,"Leptospermum trinervium"
-33.224767,151.476833,"Leptospermum trinervium"
-33.224518,151.133644,"Leptospermum trinervium"
-33.224518,151.133644,"Leptospermum trinervium"
-33.224334,151.244917,"Leptospermum trinervium"
-33.224334,151.244917,"Leptospermum trinervium"
-33.224108,151.448334,"Leptospermum trinervium"
-33.224108,151.448334,"Leptospermum trinervium"
-33.223707,151.427213,"Leptospermum trinervium"
-33.223539,151.034953,"Leptospermum trinervium"
-33.223403,151.025278,"Leptospermum trinervium"
-33.222539,151.538421,"Leptospermum trinervium"
-33.222493,150.749803,"Leptospermum trinervium"
-33.221993,150.747134,"Leptospermum trinervium"
-33.221875,151.184673,"Leptospermum trinervium"
-33.221875,151.184673,"Leptospermum trinervium"
-33.221835,151.167839,"Leptospermum trinervium"
-33.221549,151.438432,"Leptospermum trinervium"
-33.220954,151.492079,"Leptospermum trinervium"
-33.220744,151.434702,"Leptospermum trinervium"
-33.220744,151.434702,"Leptospermum trinervium"
-33.220625,151.391452,"Leptospermum trinervium"
-33.220625,151.391452,"Leptospermum trinervium"
-33.220194,150.399727,"Leptospermum trinervium"
-33.220194,150.399727,"Leptospermum trinervium"
-33.220073,151.449489,"Leptospermum trinervium"
-33.220073,151.449489,"Leptospermum trinervium"
-33.220073,151.449489,"Leptospermum trinervium"
-33.21999,151.106613,"Leptospermum trinervium"
-33.219974,150.264452,"Leptospermum trinervium"
-33.219974,150.264452,"Leptospermum trinervium"
-33.219863,151.405872,"Leptospermum trinervium"
-33.219863,151.405872,"Leptospermum trinervium"
-33.219855,151.101337,"Leptospermum trinervium"
-33.219855,151.101337,"Leptospermum trinervium"
-33.21979,151.535551,"Leptospermum trinervium"
-33.219766,151.414451,"Leptospermum trinervium"
-33.219709,150.114754,"Leptospermum trinervium"
-33.2192,151.016168,"Leptospermum trinervium"
-33.21918,151.140814,"Leptospermum trinervium"
-33.219108,151.481658,"Leptospermum trinervium"
-33.219079,151.432354,"Leptospermum trinervium"
-33.219049,150.3937,"Leptospermum trinervium"
-33.219038,151.409347,"Leptospermum trinervium"
-33.218834,150.08075,"Leptospermum trinervium"
-33.21861,151.474107,"Leptospermum trinervium"
-33.217866,151.480362,"Leptospermum trinervium"
-33.217671,151.414896,"Leptospermum trinervium"
-33.217111,150.751027,"Leptospermum trinervium"
-33.217104,150.751014,"Leptospermum trinervium"
-33.217066,150.789099,"Leptospermum trinervium"
-33.217054,151.472941,"Leptospermum trinervium"
-33.217038,151.420444,"Leptospermum trinervium"
-33.216447,150.407272,"Leptospermum trinervium"
-33.216447,150.407272,"Leptospermum trinervium"
-33.216447,150.407272,"Leptospermum trinervium"
-33.216301,151.047196,"Leptospermum trinervium"
-33.216192,151.01527,"Leptospermum trinervium"
-33.215927,150.785909,"Leptospermum trinervium"
-33.215775,151.03561,"Leptospermum trinervium"
-33.215718,151.105032,"Leptospermum trinervium"
-33.215718,151.105032,"Leptospermum trinervium"
-33.215641,151.499167,"Leptospermum trinervium"
-33.215463,151.458798,"Leptospermum trinervium"
-33.215463,151.458798,"Leptospermum trinervium"
-33.215458,151.511715,"Leptospermum trinervium"
-33.215356,151.500148,"Leptospermum trinervium"
-33.215344,151.047152,"Leptospermum trinervium"
-33.215312,151.042261,"Leptospermum trinervium"
-33.215299,151.485042,"Leptospermum trinervium"
-33.215245,151.45069,"Leptospermum trinervium"
-33.215245,151.45069,"Leptospermum trinervium"
-33.215041,151.440908,"Leptospermum trinervium"
-33.21472,151.101663,"Leptospermum trinervium"
-33.21472,151.101663,"Leptospermum trinervium"
-33.214317,151.557182,"Leptospermum trinervium"
-33.214229,151.460429,"Leptospermum trinervium"
-33.214229,151.460429,"Leptospermum trinervium"
-33.213748,151.531687,"Leptospermum trinervium"
-33.213748,151.531687,"Leptospermum trinervium"
-33.213608,151.587896,"Leptospermum trinervium"
-33.213439,151.467234,"Leptospermum trinervium"
-33.213439,151.467234,"Leptospermum trinervium"
-33.213355,150.299839,"Leptospermum trinervium"
-33.213355,150.299839,"Leptospermum trinervium"
-33.213355,150.299839,"Leptospermum trinervium"
-33.213331,150.741469,"Leptospermum trinervium"
-33.213324,150.741456,"Leptospermum trinervium"
-33.213305,151.483032,"Leptospermum trinervium"
-33.213275,151.446025,"Leptospermum trinervium"
-33.213275,151.446025,"Leptospermum trinervium"
-33.213148,151.459085,"Leptospermum trinervium"
-33.213148,151.459085,"Leptospermum trinervium"
-33.213051,151.034383,"Leptospermum trinervium"
-33.213013,150.417284,"Leptospermum trinervium"
-33.212745,151.449811,"Leptospermum trinervium"
-33.212745,151.449811,"Leptospermum trinervium"
-33.212255,151.013224,"Leptospermum trinervium"
-33.212195,151.474563,"Leptospermum trinervium"
-33.212111,151.486968,"Leptospermum trinervium"
-33.212005,151.421865,"Leptospermum trinervium"
-33.212005,151.421865,"Leptospermum trinervium"
-33.211688,151.461353,"Leptospermum trinervium"
-33.211621,151.484472,"Leptospermum trinervium"
-33.211377,151.199644,"Leptospermum trinervium"
-33.211377,151.199644,"Leptospermum trinervium"
-33.211336,151.513896,"Leptospermum trinervium"
-33.211333,151.5139,"Leptospermum trinervium"
-33.211269,151.500432,"Leptospermum trinervium"
-33.211121,151.056794,"Leptospermum trinervium"
-33.211115,151.463101,"Leptospermum trinervium"
-33.210774,151.50764,"Leptospermum trinervium"
-33.210721,150.772095,"Leptospermum trinervium"
-33.2106,151.446352,"Leptospermum trinervium"
-33.21037,151.483263,"Leptospermum trinervium"
-33.210283,151.421145,"Leptospermum trinervium"
-33.210283,151.421145,"Leptospermum trinervium"
-33.210167,151.552467,"Leptospermum trinervium"
-33.210167,151.552467,"Leptospermum trinervium"
-33.209948,150.661053,"Leptospermum trinervium"
-33.209851,151.013482,"Leptospermum trinervium"
-33.209367,151.525044,"Leptospermum trinervium"
-33.209053,151.520619,"Leptospermum trinervium"
-33.208969,151.19212,"Leptospermum trinervium"
-33.208758,150.54796,"Leptospermum trinervium"
-33.208758,150.54796,"Leptospermum trinervium"
-33.208707,151.465278,"Leptospermum trinervium"
-33.208666,151.396252,"Leptospermum trinervium"
-33.208666,151.396252,"Leptospermum trinervium"
-33.208408,151.428366,"Leptospermum trinervium"
-33.208408,151.428366,"Leptospermum trinervium"
-33.208408,151.428366,"Leptospermum trinervium"
-33.208408,151.428366,"Leptospermum trinervium"
-33.20826,150.662223,"Leptospermum trinervium"
-33.208045,151.473442,"Leptospermum trinervium"
-33.208041,151.486907,"Leptospermum trinervium"
-33.207593,150.54928,"Leptospermum trinervium"
-33.207593,150.54928,"Leptospermum trinervium"
-33.207593,150.54928,"Leptospermum trinervium"
-33.207592,151.548218,"Leptospermum trinervium"
-33.207592,151.548218,"Leptospermum trinervium"
-33.20758,151.537012,"Leptospermum trinervium"
-33.207437,151.449465,"Leptospermum trinervium"
-33.207366,151.174988,"Leptospermum trinervium"
-33.207366,151.174988,"Leptospermum trinervium"
-33.207366,151.174988,"Leptospermum trinervium"
-33.207323,151.54833,"Leptospermum trinervium"
-33.207323,151.54833,"Leptospermum trinervium"
-33.207302,151.500727,"Leptospermum trinervium"
-33.207262,151.535457,"Leptospermum trinervium"
-33.206867,151.547908,"Leptospermum trinervium"
-33.206867,151.547908,"Leptospermum trinervium"
-33.206867,151.547908,"Leptospermum trinervium"
-33.206648,151.126729,"Leptospermum trinervium"
-33.206648,151.126729,"Leptospermum trinervium"
-33.206412,151.493087,"Leptospermum trinervium"
-33.206086,151.532155,"Leptospermum trinervium"
-33.20586,151.195402,"Leptospermum trinervium"
-33.205648,151.521,"Leptospermum trinervium"
-33.204813,151.098959,"Leptospermum trinervium"
-33.204788,151.532172,"Leptospermum trinervium"
-33.204758,151.200252,"Leptospermum trinervium"
-33.204758,151.200252,"Leptospermum trinervium"
-33.204669,151.519148,"Leptospermum trinervium"
-33.204623,150.304612,"Leptospermum trinervium"
-33.204533,151.530503,"Leptospermum trinervium"
-33.204261,151.460296,"Leptospermum trinervium"
-33.20397,151.546969,"Leptospermum trinervium"
-33.203772,150.712205,"Leptospermum trinervium"
-33.203643,151.495906,"Leptospermum trinervium"
-33.203126,151.478635,"Leptospermum trinervium"
-33.203126,151.478635,"Leptospermum trinervium"
-33.203109,151.468455,"Leptospermum trinervium"
-33.203109,151.468455,"Leptospermum trinervium"
-33.203109,151.468455,"Leptospermum trinervium"
-33.202652,151.210515,"Leptospermum trinervium"
-33.202652,151.210515,"Leptospermum trinervium"
-33.202559,151.501729,"Leptospermum trinervium"
-33.202349,151.601676,"Leptospermum trinervium"
-33.202114,151.601718,"Leptospermum trinervium"
-33.202046,151.484769,"Leptospermum trinervium"
-33.201831,151.494521,"Leptospermum trinervium"
-33.201782,151.527397,"Leptospermum trinervium"
-33.201721,151.527035,"Leptospermum trinervium"
-33.201583,151.482985,"Leptospermum trinervium"
-33.201414,150.598102,"Leptospermum trinervium"
-33.201164,151.487841,"Leptospermum trinervium"
-33.200736,151.475322,"Leptospermum trinervium"
-33.2,150.533333,"Leptospermum trinervium"
-33.2,150.533333,"Leptospermum trinervium"
-33.2,150.666667,"Leptospermum trinervium"
-33.2,151.116667,"Leptospermum trinervium"
-33.2,150.533333,"Leptospermum trinervium"
-33.2,150.5333,"Leptospermum trinervium"
-33.19987,151.59622,"Leptospermum trinervium"
-33.199586,150.369858,"Leptospermum trinervium"
-33.199289,151.087211,"Leptospermum trinervium"
-33.199283,151.087197,"Leptospermum trinervium"
-33.199165,151.597469,"Leptospermum trinervium"
-33.199165,151.597469,"Leptospermum trinervium"
-33.199146,151.137615,"Leptospermum trinervium"
-33.198983,151.501995,"Leptospermum trinervium"
-33.198404,151.088303,"Leptospermum trinervium"
-33.198398,151.088289,"Leptospermum trinervium"
-33.198289,151.474561,"Leptospermum trinervium"
-33.198289,151.474561,"Leptospermum trinervium"
-33.198289,151.474561,"Leptospermum trinervium"
-33.198289,151.474561,"Leptospermum trinervium"
-33.198289,151.474561,"Leptospermum trinervium"
-33.198289,151.474561,"Leptospermum trinervium"
-33.198289,151.474561,"Leptospermum trinervium"
-33.198289,151.474561,"Leptospermum trinervium"
-33.198289,151.474561,"Leptospermum trinervium"
-33.197917,151.478221,"Leptospermum trinervium"
-33.196997,151.53401,"Leptospermum trinervium"
-33.19657,151.466938,"Leptospermum trinervium"
-33.196317,151.480115,"Leptospermum trinervium"
-33.196128,151.496072,"Leptospermum trinervium"
-33.19611,151.604941,"Leptospermum trinervium"
-33.19611,151.604941,"Leptospermum trinervium"
-33.196104,151.497054,"Leptospermum trinervium"
-33.195768,151.492344,"Leptospermum trinervium"
-33.195739,151.530358,"Leptospermum trinervium"
-33.195415,151.480131,"Leptospermum trinervium"
-33.195351,151.528787,"Leptospermum trinervium"
-33.195225,151.47934,"Leptospermum trinervium"
-33.194955,151.189726,"Leptospermum trinervium"
-33.194954,151.498579,"Leptospermum trinervium"
-33.194954,151.498579,"Leptospermum trinervium"
-33.194418,151.484128,"Leptospermum trinervium"
-33.194298,151.495833,"Leptospermum trinervium"
-33.194298,151.495833,"Leptospermum trinervium"
-33.194255,151.584488,"Leptospermum trinervium"
-33.193899,151.494907,"Leptospermum trinervium"
-33.193745,151.497795,"Leptospermum trinervium"
-33.193745,151.497795,"Leptospermum trinervium"
-33.193733,151.505111,"Leptospermum trinervium"
-33.193418,151.505127,"Leptospermum trinervium"
-33.19323,151.493287,"Leptospermum trinervium"
-33.19274,151.043364,"Leptospermum trinervium"
-33.19274,151.043364,"Leptospermum trinervium"
-33.192464,151.493333,"Leptospermum trinervium"
-33.192417,151.505122,"Leptospermum trinervium"
-33.192297,151.530565,"Leptospermum trinervium"
-33.192232,151.4928,"Leptospermum trinervium"
-33.192038,151.606142,"Leptospermum trinervium"
-33.192015,151.504676,"Leptospermum trinervium"
-33.191855,151.537369,"Leptospermum trinervium"
-33.191699,151.564636,"Leptospermum trinervium"
-33.191492,151.499453,"Leptospermum trinervium"
-33.191475,151.554348,"Leptospermum trinervium"
-33.191458,151.576361,"Leptospermum trinervium"
-33.19117,151.563879,"Leptospermum trinervium"
-33.190833,151.499444,"Leptospermum trinervium"
-33.190579,151.503735,"Leptospermum trinervium"
-33.190151,151.481045,"Leptospermum trinervium"
-33.190078,151.223545,"Leptospermum trinervium"
-33.190005,151.489129,"Leptospermum trinervium"
-33.189857,151.484251,"Leptospermum trinervium"
-33.189747,151.50126,"Leptospermum trinervium"
-33.189607,151.486476,"Leptospermum trinervium"
-33.189258,151.574061,"Leptospermum trinervium"
-33.189258,151.574061,"Leptospermum trinervium"
-33.188697,151.49876,"Leptospermum trinervium"
-33.188697,151.49876,"Leptospermum trinervium"
-33.188657,151.201844,"Leptospermum trinervium"
-33.188183,151.609786,"Leptospermum trinervium"
-33.187858,151.562882,"Leptospermum trinervium"
-33.187245,151.56558,"Leptospermum trinervium"
-33.18724,151.554676,"Leptospermum trinervium"
-33.187077,151.556249,"Leptospermum trinervium"
-33.187034,151.556818,"Leptospermum trinervium"
-33.186812,151.010785,"Leptospermum trinervium"
-33.186799,151.561816,"Leptospermum trinervium"
-33.186723,151.489899,"Leptospermum trinervium"
-33.186503,151.488895,"Leptospermum trinervium"
-33.186433,151.577783,"Leptospermum trinervium"
-33.186359,151.557243,"Leptospermum trinervium"
-33.186292,151.557564,"Leptospermum trinervium"
-33.186287,151.487712,"Leptospermum trinervium"
-33.186033,151.562665,"Leptospermum trinervium"
-33.185779,151.601307,"Leptospermum trinervium"
-33.185779,151.601307,"Leptospermum trinervium"
-33.185535,151.224323,"Leptospermum trinervium"
-33.185508,151.496133,"Leptospermum trinervium"
-33.185313,151.536558,"Leptospermum trinervium"
-33.185132,151.60475,"Leptospermum trinervium"
-33.185132,151.60475,"Leptospermum trinervium"
-33.185115,151.578544,"Leptospermum trinervium"
-33.184996,151.096102,"Leptospermum trinervium"
-33.184991,151.096088,"Leptospermum trinervium"
-33.184547,151.528863,"Leptospermum trinervium"
-33.184547,151.528863,"Leptospermum trinervium"
-33.184547,151.528863,"Leptospermum trinervium"
-33.184288,151.581872,"Leptospermum trinervium"
-33.184155,151.604487,"Leptospermum trinervium"
-33.184045,151.092905,"Leptospermum trinervium"
-33.18404,151.092891,"Leptospermum trinervium"
-33.184021,151.561049,"Leptospermum trinervium"
-33.18399,151.558368,"Leptospermum trinervium"
-33.183939,151.560941,"Leptospermum trinervium"
-33.183707,151.48529,"Leptospermum trinervium"
-33.183558,151.376792,"Leptospermum trinervium"
-33.183558,151.376792,"Leptospermum trinervium"
-33.183531,151.487037,"Leptospermum trinervium"
-33.183411,151.562121,"Leptospermum trinervium"
-33.183153,151.380339,"Leptospermum trinervium"
-33.182986,150.655922,"Leptospermum trinervium"
-33.182672,151.580214,"Leptospermum trinervium"
-33.182391,151.46242,"Leptospermum trinervium"
-33.181975,151.472564,"Leptospermum trinervium"
-33.181807,151.55835,"Leptospermum trinervium"
-33.181807,151.55835,"Leptospermum trinervium"
-33.181719,151.595959,"Leptospermum trinervium"
-33.181367,151.104478,"Leptospermum trinervium"
-33.181367,151.104478,"Leptospermum trinervium"
-33.181214,151.206096,"Leptospermum trinervium"
-33.180772,151.583612,"Leptospermum trinervium"
-33.180556,151.488889,"Leptospermum trinervium"
-33.180536,151.495146,"Leptospermum trinervium"
-33.180336,151.243078,"Leptospermum trinervium"
-33.179623,151.460281,"Leptospermum trinervium"
-33.179473,151.489226,"Leptospermum trinervium"
-33.179429,151.558569,"Leptospermum trinervium"
-33.179412,151.564128,"Leptospermum trinervium"
-33.178776,151.540433,"Leptospermum trinervium"
-33.178598,151.606076,"Leptospermum trinervium"
-33.178561,151.449142,"Leptospermum trinervium"
-33.178561,151.449142,"Leptospermum trinervium"
-33.178561,151.449142,"Leptospermum trinervium"
-33.177663,151.51879,"Leptospermum trinervium"
-33.177663,151.51879,"Leptospermum trinervium"
-33.177599,151.513428,"Leptospermum trinervium"
-33.177415,151.535954,"Leptospermum trinervium"
-33.177415,151.535954,"Leptospermum trinervium"
-33.177377,151.532737,"Leptospermum trinervium"
-33.177259,150.692521,"Leptospermum trinervium"
-33.177168,151.515044,"Leptospermum trinervium"
-33.176958,151.584513,"Leptospermum trinervium"
-33.176933,151.579899,"Leptospermum trinervium"
-33.176847,151.572393,"Leptospermum trinervium"
-33.176847,151.572393,"Leptospermum trinervium"
-33.176847,151.572393,"Leptospermum trinervium"
-33.176402,151.572936,"Leptospermum trinervium"
-33.176004,151.509742,"Leptospermum trinervium"
-33.175844,151.489721,"Leptospermum trinervium"
-33.175757,151.508695,"Leptospermum trinervium"
-33.175645,151.097652,"Leptospermum trinervium"
-33.175612,151.223743,"Leptospermum trinervium"
-33.175579,151.591699,"Leptospermum trinervium"
-33.175574,151.099509,"Leptospermum trinervium"
-33.175497,151.597285,"Leptospermum trinervium"
-33.175085,151.427071,"Leptospermum trinervium"
-33.17499,151.507099,"Leptospermum trinervium"
-33.174454,151.50758,"Leptospermum trinervium"
-33.174096,151.220886,"Leptospermum trinervium"
-33.174096,151.220886,"Leptospermum trinervium"
-33.174033,151.53906,"Leptospermum trinervium"
-33.17306,151.172483,"Leptospermum trinervium"
-33.172242,151.55163,"Leptospermum trinervium"
-33.172106,151.623982,"Leptospermum trinervium"
-33.172106,151.623982,"Leptospermum trinervium"
-33.171879,151.603609,"Leptospermum trinervium"
-33.171753,151.227325,"Leptospermum trinervium"
-33.171667,151.584845,"Leptospermum trinervium"
-33.171667,151.584845,"Leptospermum trinervium"
-33.171541,151.534979,"Leptospermum trinervium"
-33.171192,150.261944,"Leptospermum trinervium"
-33.170169,150.709342,"Leptospermum trinervium"
-33.170112,151.606854,"Leptospermum trinervium"
-33.169894,151.534406,"Leptospermum trinervium"
-33.169547,150.71131,"Leptospermum trinervium"
-33.169383,151.53404,"Leptospermum trinervium"
-33.168958,150.703831,"Leptospermum trinervium"
-33.168715,151.542402,"Leptospermum trinervium"
-33.168268,151.200784,"Leptospermum trinervium"
-33.168268,151.200784,"Leptospermum trinervium"
-33.16779,150.70697,"Leptospermum trinervium"
-33.16769,151.200642,"Leptospermum trinervium"
-33.167332,151.522181,"Leptospermum trinervium"
-33.167289,151.618202,"Leptospermum trinervium"
-33.167177,151.586525,"Leptospermum trinervium"
-33.166981,150.697835,"Leptospermum trinervium"
-33.16681,150.71314,"Leptospermum trinervium"
-33.166707,151.139374,"Leptospermum trinervium"
-33.1667,150.6667,"Leptospermum trinervium"
-33.166667,151.166667,"Leptospermum trinervium"
-33.166667,151.166667,"Leptospermum trinervium"
-33.166591,151.461069,"Leptospermum trinervium"
-33.166543,151.57919,"Leptospermum trinervium"
-33.166543,151.57919,"Leptospermum trinervium"
-33.166543,151.57919,"Leptospermum trinervium"
-33.166324,151.590828,"Leptospermum trinervium"
-33.16582,151.110442,"Leptospermum trinervium"
-33.165739,151.578246,"Leptospermum trinervium"
-33.16551,150.69461,"Leptospermum trinervium"
-33.165293,151.627734,"Leptospermum trinervium"
-33.165293,151.627734,"Leptospermum trinervium"
-33.165265,151.614609,"Leptospermum trinervium"
-33.165265,151.614609,"Leptospermum trinervium"
-33.16526,150.69373,"Leptospermum trinervium"
-33.165173,151.491172,"Leptospermum trinervium"
-33.1649,150.71062,"Leptospermum trinervium"
-33.164672,151.216487,"Leptospermum trinervium"
-33.164672,151.216487,"Leptospermum trinervium"
-33.164634,151.492705,"Leptospermum trinervium"
-33.164366,151.584436,"Leptospermum trinervium"
-33.164366,151.584436,"Leptospermum trinervium"
-33.164305,151.099752,"Leptospermum trinervium"
-33.163249,151.590358,"Leptospermum trinervium"
-33.163202,151.62007,"Leptospermum trinervium"
-33.163202,151.62007,"Leptospermum trinervium"
-33.16307,150.710192,"Leptospermum trinervium"
-33.16286,150.695895,"Leptospermum trinervium"
-33.16284,150.71256,"Leptospermum trinervium"
-33.162608,151.106758,"Leptospermum trinervium"
-33.162535,150.774937,"Leptospermum trinervium"
-33.162529,150.774923,"Leptospermum trinervium"
-33.16242,150.768507,"Leptospermum trinervium"
-33.162413,150.768494,"Leptospermum trinervium"
-33.162224,151.548002,"Leptospermum trinervium"
-33.162224,151.548002,"Leptospermum trinervium"
-33.161475,151.489325,"Leptospermum trinervium"
-33.161455,151.143988,"Leptospermum trinervium"
-33.161059,151.60378,"Leptospermum trinervium"
-33.161044,151.618978,"Leptospermum trinervium"
-33.161044,151.618978,"Leptospermum trinervium"
-33.160997,151.476948,"Leptospermum trinervium"
-33.160986,151.534162,"Leptospermum trinervium"
-33.160941,151.538725,"Leptospermum trinervium"
-33.159945,151.585033,"Leptospermum trinervium"
-33.159945,151.585033,"Leptospermum trinervium"
-33.159861,151.496269,"Leptospermum trinervium"
-33.159355,151.094314,"Leptospermum trinervium"
-33.159314,151.097716,"Leptospermum trinervium"
-33.159037,150.2623,"Leptospermum trinervium"
-33.158807,151.204473,"Leptospermum trinervium"
-33.158807,151.204473,"Leptospermum trinervium"
-33.158807,151.204473,"Leptospermum trinervium"
-33.158549,150.702655,"Leptospermum trinervium"
-33.158042,151.099458,"Leptospermum trinervium"
-33.158042,151.099458,"Leptospermum trinervium"
-33.157569,151.497683,"Leptospermum trinervium"
-33.156171,151.493954,"Leptospermum trinervium"
-33.155655,151.488602,"Leptospermum trinervium"
-33.154961,151.623177,"Leptospermum trinervium"
-33.154961,151.623177,"Leptospermum trinervium"
-33.153931,151.508703,"Leptospermum trinervium"
-33.153886,151.583626,"Leptospermum trinervium"
-33.153427,151.490784,"Leptospermum trinervium"
-33.153427,151.490784,"Leptospermum trinervium"
-33.153427,151.490784,"Leptospermum trinervium"
-33.153402,151.013499,"Leptospermum trinervium"
-33.152931,151.602837,"Leptospermum trinervium"
-33.152714,151.076956,"Leptospermum trinervium"
-33.152455,151.208533,"Leptospermum trinervium"
-33.152237,151.581404,"Leptospermum trinervium"
-33.152049,151.587797,"Leptospermum trinervium"
-33.152009,151.485448,"Leptospermum trinervium"
-33.151617,151.490279,"Leptospermum trinervium"
-33.151617,151.490279,"Leptospermum trinervium"
-33.151324,151.581127,"Leptospermum trinervium"
-33.149069,151.580383,"Leptospermum trinervium"
-33.148421,151.57812,"Leptospermum trinervium"
-33.147445,151.577943,"Leptospermum trinervium"
-33.147445,151.577943,"Leptospermum trinervium"
-33.147445,151.577943,"Leptospermum trinervium"
-33.147422,151.579123,"Leptospermum trinervium"
-33.147083,151.57782,"Leptospermum trinervium"
-33.147024,151.577414,"Leptospermum trinervium"
-33.146778,151.510839,"Leptospermum trinervium"
-33.146778,151.510839,"Leptospermum trinervium"
-33.146722,151.577816,"Leptospermum trinervium"
-33.146722,151.577816,"Leptospermum trinervium"
-33.146655,151.488692,"Leptospermum trinervium"
-33.14662,151.58868,"Leptospermum trinervium"
-33.1462,151.489836,"Leptospermum trinervium"
-33.145524,151.573951,"Leptospermum trinervium"
-33.145149,151.579843,"Leptospermum trinervium"
-33.145122,151.475381,"Leptospermum trinervium"
-33.144906,151.494683,"Leptospermum trinervium"
-33.14475,151.581222,"Leptospermum trinervium"
-33.144654,151.510782,"Leptospermum trinervium"
-33.144379,151.093764,"Leptospermum trinervium"
-33.144373,151.09375,"Leptospermum trinervium"
-33.144263,151.028376,"Leptospermum trinervium"
-33.144257,151.028362,"Leptospermum trinervium"
-33.143997,151.576905,"Leptospermum trinervium"
-33.143997,151.576905,"Leptospermum trinervium"
-33.143417,151.483451,"Leptospermum trinervium"
-33.143395,151.030539,"Leptospermum trinervium"
-33.143389,151.030525,"Leptospermum trinervium"
-33.143,151.572,"Leptospermum trinervium"
-33.142632,151.57667,"Leptospermum trinervium"
-33.142586,151.575781,"Leptospermum trinervium"
-33.14248,151.575933,"Leptospermum trinervium"
-33.14248,151.575933,"Leptospermum trinervium"
-33.142348,151.500212,"Leptospermum trinervium"
-33.142332,151.57407,"Leptospermum trinervium"
-33.142179,151.575691,"Leptospermum trinervium"
-33.142157,151.576152,"Leptospermum trinervium"
-33.141975,151.575973,"Leptospermum trinervium"
-33.141871,151.512388,"Leptospermum trinervium"
-33.141819,151.575761,"Leptospermum trinervium"
-33.141772,151.502714,"Leptospermum trinervium"
-33.141509,151.522138,"Leptospermum trinervium"
-33.141445,151.512138,"Leptospermum trinervium"
-33.141066,151.573744,"Leptospermum trinervium"
-33.140978,151.579438,"Leptospermum trinervium"
-33.140959,151.580527,"Leptospermum trinervium"
-33.140959,151.580527,"Leptospermum trinervium"
-33.140959,151.580527,"Leptospermum trinervium"
-33.140959,151.580527,"Leptospermum trinervium"
-33.140913,151.57613,"Leptospermum trinervium"
-33.140804,151.509793,"Leptospermum trinervium"
-33.140733,151.474171,"Leptospermum trinervium"
-33.140733,151.474171,"Leptospermum trinervium"
-33.14059,151.573197,"Leptospermum trinervium"
-33.139948,151.572476,"Leptospermum trinervium"
-33.139876,151.492667,"Leptospermum trinervium"
-33.139628,151.504316,"Leptospermum trinervium"
-33.139596,151.620201,"Leptospermum trinervium"
-33.139189,151.575268,"Leptospermum trinervium"
-33.139074,151.580962,"Leptospermum trinervium"
-33.138745,151.218766,"Leptospermum trinervium"
-33.138739,151.218753,"Leptospermum trinervium"
-33.138173,150.930971,"Leptospermum trinervium"
-33.138167,150.930957,"Leptospermum trinervium"
-33.137941,151.478185,"Leptospermum trinervium"
-33.137778,151.099722,"Leptospermum trinervium"
-33.137757,151.617014,"Leptospermum trinervium"
-33.137717,151.194651,"Leptospermum trinervium"
-33.137365,151.62238,"Leptospermum trinervium"
-33.137365,151.62238,"Leptospermum trinervium"
-33.137066,151.480345,"Leptospermum trinervium"
-33.136831,151.614884,"Leptospermum trinervium"
-33.136831,151.614884,"Leptospermum trinervium"
-33.136477,150.937441,"Leptospermum trinervium"
-33.136471,150.937428,"Leptospermum trinervium"
-33.136252,151.492781,"Leptospermum trinervium"
-33.135993,151.476662,"Leptospermum trinervium"
-33.13551,151.47915,"Leptospermum trinervium"
-33.135381,151.495317,"Leptospermum trinervium"
-33.135381,151.495317,"Leptospermum trinervium"
-33.135206,151.513072,"Leptospermum trinervium"
-33.135185,150.968555,"Leptospermum trinervium"
-33.135179,150.968541,"Leptospermum trinervium"
-33.134704,151.508792,"Leptospermum trinervium"
-33.132434,151.624615,"Leptospermum trinervium"
-33.132411,151.032445,"Leptospermum trinervium"
-33.132366,151.501864,"Leptospermum trinervium"
-33.132366,151.501864,"Leptospermum trinervium"
-33.131963,151.09016,"Leptospermum trinervium"
-33.131963,151.09016,"Leptospermum trinervium"
-33.131833,151.080047,"Leptospermum trinervium"
-33.130625,150.965445,"Leptospermum trinervium"
-33.130619,150.965431,"Leptospermum trinervium"
-33.130569,151.502431,"Leptospermum trinervium"
-33.130569,151.502431,"Leptospermum trinervium"
-33.129319,151.172318,"Leptospermum trinervium"
-33.128822,150.965486,"Leptospermum trinervium"
-33.128816,150.965473,"Leptospermum trinervium"
-33.128811,151.171467,"Leptospermum trinervium"
-33.128684,150.798298,"Leptospermum trinervium"
-33.128678,150.798284,"Leptospermum trinervium"
-33.128529,151.454009,"Leptospermum trinervium"
-33.127925,151.633025,"Leptospermum trinervium"
-33.12771,150.952651,"Leptospermum trinervium"
-33.127706,150.325411,"Leptospermum trinervium"
-33.127704,150.952637,"Leptospermum trinervium"
-33.127491,151.635883,"Leptospermum trinervium"
-33.127191,150.663268,"Leptospermum trinervium"
-33.127191,150.663268,"Leptospermum trinervium"
-33.126618,151.118131,"Leptospermum trinervium"
-33.126618,151.118131,"Leptospermum trinervium"
-33.125916,151.528234,"Leptospermum trinervium"
-33.125916,151.528234,"Leptospermum trinervium"
-33.125079,151.484114,"Leptospermum trinervium"
-33.12444,151.640343,"Leptospermum trinervium"
-33.12444,151.640343,"Leptospermum trinervium"
-33.123992,151.498533,"Leptospermum trinervium"
-33.123919,151.474676,"Leptospermum trinervium"
-33.123316,150.003321,"Leptospermum trinervium"
-33.122657,151.487944,"Leptospermum trinervium"
-33.121851,150.781469,"Leptospermum trinervium"
-33.121591,151.4683,"Leptospermum trinervium"
-33.121468,151.495619,"Leptospermum trinervium"
-33.121408,151.52831,"Leptospermum trinervium"
-33.121408,151.52831,"Leptospermum trinervium"
-33.12107,151.474733,"Leptospermum trinervium"
-33.12063,151.47638,"Leptospermum trinervium"
-33.120449,151.121703,"Leptospermum trinervium"
-33.120449,151.121703,"Leptospermum trinervium"
-33.120151,151.623514,"Leptospermum trinervium"
-33.119928,151.628617,"Leptospermum trinervium"
-33.119769,151.474715,"Leptospermum trinervium"
-33.119418,151.482878,"Leptospermum trinervium"
-33.11935,150.937842,"Leptospermum trinervium"
-33.119344,150.937828,"Leptospermum trinervium"
-33.119239,151.475408,"Leptospermum trinervium"
-33.118856,151.476604,"Leptospermum trinervium"
-33.118665,151.624516,"Leptospermum trinervium"
-33.118466,150.938934,"Leptospermum trinervium"
-33.118466,150.938934,"Leptospermum trinervium"
-33.11846,150.938921,"Leptospermum trinervium"
-33.11846,150.938921,"Leptospermum trinervium"
-33.118419,151.625109,"Leptospermum trinervium"
-33.118419,151.625109,"Leptospermum trinervium"
-33.118395,150.93465,"Leptospermum trinervium"
-33.118389,150.934636,"Leptospermum trinervium"
-33.118172,151.564184,"Leptospermum trinervium"
-33.117731,151.624892,"Leptospermum trinervium"
-33.117404,151.504209,"Leptospermum trinervium"
-33.11732,151.035408,"Leptospermum trinervium"
-33.117314,151.035394,"Leptospermum trinervium"
-33.117214,151.479093,"Leptospermum trinervium"
-33.117169,151.623017,"Leptospermum trinervium"
-33.1168879,150.2675412,"Leptospermum trinervium"
-33.116871,151.624587,"Leptospermum trinervium"
-33.116871,151.624587,"Leptospermum trinervium"
-33.1167,150.25,"Leptospermum trinervium"
-33.1167,150.2667,"Leptospermum trinervium"
-33.116667,150.266667,"Leptospermum trinervium"
-33.116463,151.616241,"Leptospermum trinervium"
-33.116258,151.638744,"Leptospermum trinervium"
-33.116021,151.63584,"Leptospermum trinervium"
-33.115978,151.622712,"Leptospermum trinervium"
-33.115102,150.050297,"Leptospermum trinervium"
-33.115091,151.490369,"Leptospermum trinervium"
-33.114998,150.054297,"Leptospermum trinervium"
-33.114646,150.053891,"Leptospermum trinervium"
-33.114447,151.629182,"Leptospermum trinervium"
-33.114062,151.493467,"Leptospermum trinervium"
-33.113066,151.487822,"Leptospermum trinervium"
-33.112841,151.488554,"Leptospermum trinervium"
-33.112574,151.468456,"Leptospermum trinervium"
-33.112398,151.545165,"Leptospermum trinervium"
-33.112299,151.547513,"Leptospermum trinervium"
-33.112224,151.476314,"Leptospermum trinervium"
-33.112224,151.476314,"Leptospermum trinervium"
-33.111746,151.500196,"Leptospermum trinervium"
-33.111429,150.049956,"Leptospermum trinervium"
-33.111167,151.50453,"Leptospermum trinervium"
-33.11043,150.048137,"Leptospermum trinervium"
-33.110154,151.541472,"Leptospermum trinervium"
-33.109449,150.050515,"Leptospermum trinervium"
-33.109335,151.543972,"Leptospermum trinervium"
-33.109152,151.559606,"Leptospermum trinervium"
-33.10895,150.067739,"Leptospermum trinervium"
-33.108939,151.481261,"Leptospermum trinervium"
-33.108684,151.563349,"Leptospermum trinervium"
-33.108518,151.545036,"Leptospermum trinervium"
-33.108467,151.539501,"Leptospermum trinervium"
-33.107989,151.623972,"Leptospermum trinervium"
-33.107859,151.545775,"Leptospermum trinervium"
-33.107855,151.541532,"Leptospermum trinervium"
-33.106852,150.053315,"Leptospermum trinervium"
-33.106522,151.546322,"Leptospermum trinervium"
-33.106349,150.061795,"Leptospermum trinervium"
-33.106119,151.497195,"Leptospermum trinervium"
-33.10609,150.671884,"Leptospermum trinervium"
-33.105833,151.496389,"Leptospermum trinervium"
-33.105674,151.450534,"Leptospermum trinervium"
-33.103771,151.482783,"Leptospermum trinervium"
-33.103771,151.482783,"Leptospermum trinervium"
-33.103596,151.48245,"Leptospermum trinervium"
-33.10327,151.154592,"Leptospermum trinervium"
-33.10327,151.154592,"Leptospermum trinervium"
-33.103269,151.154606,"Leptospermum trinervium"
-33.102163,151.492194,"Leptospermum trinervium"
-33.101965,151.490804,"Leptospermum trinervium"
-33.10001,151.54904,"Leptospermum trinervium"
-33.09965,151.145444,"Leptospermum trinervium"
-33.099638,151.55167,"Leptospermum trinervium"
-33.099374,151.453774,"Leptospermum trinervium"
-33.099245,151.484761,"Leptospermum trinervium"
-33.099245,151.484761,"Leptospermum trinervium"
-33.099239,150.032232,"Leptospermum trinervium"
-33.099215,151.498979,"Leptospermum trinervium"
-33.098262,150.028674,"Leptospermum trinervium"
-33.095838,150.070638,"Leptospermum trinervium"
-33.095506,151.482539,"Leptospermum trinervium"
-33.0943796,151.5894651,"Leptospermum trinervium"
-33.092072,151.081298,"Leptospermum trinervium"
-33.090994,150.072438,"Leptospermum trinervium"
-33.090872,150.072613,"Leptospermum trinervium"
-33.090537,150.071114,"Leptospermum trinervium"
-33.090122,150.073094,"Leptospermum trinervium"
-33.090122,150.073094,"Leptospermum trinervium"
-33.089547,150.072021,"Leptospermum trinervium"
-33.089547,150.072021,"Leptospermum trinervium"
-33.089144,151.139436,"Leptospermum trinervium"
-33.089022,150.69965,"Leptospermum trinervium"
-33.088729,151.111036,"Leptospermum trinervium"
-33.088724,151.111022,"Leptospermum trinervium"
-33.088425,150.071723,"Leptospermum trinervium"
-33.08805,151.132019,"Leptospermum trinervium"
-33.087385,150.793626,"Leptospermum trinervium"
-33.087132,150.072476,"Leptospermum trinervium"
-33.086717,151.133194,"Leptospermum trinervium"
-33.086439,151.44063,"Leptospermum trinervium"
-33.085422,150.749031,"Leptospermum trinervium"
-33.085415,150.749018,"Leptospermum trinervium"
-33.085151,151.438934,"Leptospermum trinervium"
-33.083333,151.116667,"Leptospermum trinervium"
-33.081957,150.747264,"Leptospermum trinervium"
-33.081894,150.753406,"Leptospermum trinervium"
-33.081887,150.753392,"Leptospermum trinervium"
-33.081031,150.75557,"Leptospermum trinervium"
-33.081025,150.755557,"Leptospermum trinervium"
-33.079247,150.756687,"Leptospermum trinervium"
-33.079241,150.756673,"Leptospermum trinervium"
-33.078578,151.217838,"Leptospermum trinervium"
-33.078573,151.217824,"Leptospermum trinervium"
-33.076503,150.705332,"Leptospermum trinervium"
-33.07476,150.757872,"Leptospermum trinervium"
-33.074754,150.757858,"Leptospermum trinervium"
-33.074375,151.093506,"Leptospermum trinervium"
-33.074375,151.093506,"Leptospermum trinervium"
-33.073137,151.509912,"Leptospermum trinervium"
-33.073029,150.693009,"Leptospermum trinervium"
-33.072932,150.807186,"Leptospermum trinervium"
-33.072926,150.807172,"Leptospermum trinervium"
-33.07275,151.095292,"Leptospermum trinervium"
-33.07275,151.095292,"Leptospermum trinervium"
-33.072342,151.514462,"Leptospermum trinervium"
-33.072134,150.370602,"Leptospermum trinervium"
-33.072134,150.370602,"Leptospermum trinervium"
-33.071607,151.514078,"Leptospermum trinervium"
-33.071233,151.457989,"Leptospermum trinervium"
-33.071032,151.511989,"Leptospermum trinervium"
-33.071032,151.511989,"Leptospermum trinervium"
-33.070712,151.512358,"Leptospermum trinervium"
-33.069891,151.532157,"Leptospermum trinervium"
-33.069834,151.418537,"Leptospermum trinervium"
-33.069681,151.515193,"Leptospermum trinervium"
-33.069681,151.515193,"Leptospermum trinervium"
-33.069681,151.515193,"Leptospermum trinervium"
-33.069552,151.469453,"Leptospermum trinervium"
-33.069449,151.507024,"Leptospermum trinervium"
-33.069086,150.372256,"Leptospermum trinervium"
-33.069086,150.372256,"Leptospermum trinervium"
-33.068432,151.537344,"Leptospermum trinervium"
-33.068393,151.533563,"Leptospermum trinervium"
-33.068284,151.421298,"Leptospermum trinervium"
-33.068092,151.477587,"Leptospermum trinervium"
-33.067973,151.0515,"Leptospermum trinervium"
-33.067967,151.051487,"Leptospermum trinervium"
-33.067768,151.520409,"Leptospermum trinervium"
-33.067768,151.520409,"Leptospermum trinervium"
-33.067655,151.514681,"Leptospermum trinervium"
-33.066321,151.484775,"Leptospermum trinervium"
-33.066321,151.484775,"Leptospermum trinervium"
-33.065778,151.529044,"Leptospermum trinervium"
-33.06517,150.711323,"Leptospermum trinervium"
-33.06517,150.711323,"Leptospermum trinervium"
-33.06497,150.815951,"Leptospermum trinervium"
-33.064964,150.815937,"Leptospermum trinervium"
-33.064808,151.491662,"Leptospermum trinervium"
-33.064377,151.463662,"Leptospermum trinervium"
-33.063721,150.419306,"Leptospermum trinervium"
-33.063721,150.419306,"Leptospermum trinervium"
-33.062806,151.535509,"Leptospermum trinervium"
-33.062614,151.525337,"Leptospermum trinervium"
-33.062614,151.525337,"Leptospermum trinervium"
-33.061894,151.442405,"Leptospermum trinervium"
-33.061894,151.442405,"Leptospermum trinervium"
-33.061894,151.442405,"Leptospermum trinervium"
-33.061468,151.43861,"Leptospermum trinervium"
-33.061468,151.43861,"Leptospermum trinervium"
-33.061468,151.43861,"Leptospermum trinervium"
-33.061108,150.960621,"Leptospermum trinervium"
-33.061103,150.960607,"Leptospermum trinervium"
-33.060228,151.559216,"Leptospermum trinervium"
-33.060207,150.960641,"Leptospermum trinervium"
-33.060201,150.960628,"Leptospermum trinervium"
-33.0601,151.5704,"Leptospermum trinervium"
-33.059784,151.55712,"Leptospermum trinervium"
-33.059691,151.570263,"Leptospermum trinervium"
-33.059614,151.569779,"Leptospermum trinervium"
-33.059553,151.513628,"Leptospermum trinervium"
-33.059114,151.531443,"Leptospermum trinervium"
-33.058568,151.561029,"Leptospermum trinervium"
-33.05834,151.458686,"Leptospermum trinervium"
-33.057863,151.492372,"Leptospermum trinervium"
-33.057616,151.529614,"Leptospermum trinervium"
-33.057554,151.564221,"Leptospermum trinervium"
-33.056976,151.533265,"Leptospermum trinervium"
-33.056842,151.527704,"Leptospermum trinervium"
-33.056613,151.495769,"Leptospermum trinervium"
-33.056472,151.453885,"Leptospermum trinervium"
-33.056128,151.230928,"Leptospermum trinervium"
-33.056123,151.230914,"Leptospermum trinervium"
-33.055655,151.655785,"Leptospermum trinervium"
-33.05545,150.379846,"Leptospermum trinervium"
-33.053723,151.517142,"Leptospermum trinervium"
-33.053723,151.517142,"Leptospermum trinervium"
-33.052985,151.659039,"Leptospermum trinervium"
-33.052922,151.508199,"Leptospermum trinervium"
-33.052571,151.503753,"Leptospermum trinervium"
-33.052571,151.503753,"Leptospermum trinervium"
-33.05223,151.502441,"Leptospermum trinervium"
-33.052052,151.458257,"Leptospermum trinervium"
-33.051677,151.524341,"Leptospermum trinervium"
-33.051674,150.829129,"Leptospermum trinervium"
-33.051668,150.829115,"Leptospermum trinervium"
-33.051102,151.550429,"Leptospermum trinervium"
-33.051102,151.550429,"Leptospermum trinervium"
-33.050646,151.52156,"Leptospermum trinervium"
-33.0506,151.52151,"Leptospermum trinervium"
-33.050119,151.521704,"Leptospermum trinervium"
-33.049876,151.552012,"Leptospermum trinervium"
-33.049876,151.552012,"Leptospermum trinervium"
-33.049866,151.476297,"Leptospermum trinervium"
-33.04974,151.522259,"Leptospermum trinervium"
-33.04972,151.528414,"Leptospermum trinervium"
-33.04815,151.572692,"Leptospermum trinervium"
-33.04774,150.635948,"Leptospermum trinervium"
-33.047598,151.521632,"Leptospermum trinervium"
-33.047364,151.577088,"Leptospermum trinervium"
-33.04705,151.571313,"Leptospermum trinervium"
-33.04705,151.571313,"Leptospermum trinervium"
-33.047029,151.538402,"Leptospermum trinervium"
-33.046845,151.475557,"Leptospermum trinervium"
-33.046845,151.475557,"Leptospermum trinervium"
-33.046714,151.542262,"Leptospermum trinervium"
-33.046629,151.570637,"Leptospermum trinervium"
-33.046584,151.548918,"Leptospermum trinervium"
-33.046584,151.548918,"Leptospermum trinervium"
-33.046584,151.548918,"Leptospermum trinervium"
-33.046546,151.535625,"Leptospermum trinervium"
-33.046458,151.570205,"Leptospermum trinervium"
-33.046373,151.540922,"Leptospermum trinervium"
-33.046373,151.540922,"Leptospermum trinervium"
-33.046302,151.537878,"Leptospermum trinervium"
-33.045819,151.53669,"Leptospermum trinervium"
-33.045819,151.53669,"Leptospermum trinervium"
-33.045812,151.535316,"Leptospermum trinervium"
-33.045281,151.521664,"Leptospermum trinervium"
-33.045281,151.521664,"Leptospermum trinervium"
-33.045143,151.539075,"Leptospermum trinervium"
-33.045068,151.521438,"Leptospermum trinervium"
-33.044782,151.546792,"Leptospermum trinervium"
-33.044755,151.544436,"Leptospermum trinervium"
-33.044732,151.542509,"Leptospermum trinervium"
-33.044561,151.539798,"Leptospermum trinervium"
-33.044561,151.539798,"Leptospermum trinervium"
-33.044542,151.533945,"Leptospermum trinervium"
-33.044203,151.544309,"Leptospermum trinervium"
-33.044203,151.544309,"Leptospermum trinervium"
-33.044196,151.536335,"Leptospermum trinervium"
-33.04401,151.012017,"Leptospermum trinervium"
-33.0438,151.478051,"Leptospermum trinervium"
-33.0438,151.478051,"Leptospermum trinervium"
-33.043713,151.539769,"Leptospermum trinervium"
-33.043709,151.539459,"Leptospermum trinervium"
-33.043534,151.539922,"Leptospermum trinervium"
-33.043212,151.512253,"Leptospermum trinervium"
-33.043212,151.512253,"Leptospermum trinervium"
-33.043093,151.543078,"Leptospermum trinervium"
-33.042963,151.547331,"Leptospermum trinervium"
-33.042469,150.717992,"Leptospermum trinervium"
-33.042287,151.535092,"Leptospermum trinervium"
-33.042283,151.483845,"Leptospermum trinervium"
-33.041188,150.716955,"Leptospermum trinervium"
-33.041078,151.561772,"Leptospermum trinervium"
-33.040954,151.4784,"Leptospermum trinervium"
-33.040954,151.4784,"Leptospermum trinervium"
-33.040954,151.4784,"Leptospermum trinervium"
-33.040787,151.479555,"Leptospermum trinervium"
-33.040787,151.479555,"Leptospermum trinervium"
-33.040787,151.479555,"Leptospermum trinervium"
-33.040787,151.479555,"Leptospermum trinervium"
-33.040224,151.541073,"Leptospermum trinervium"
-33.040051,151.525592,"Leptospermum trinervium"
-33.039953,151.504502,"Leptospermum trinervium"
-33.039953,151.504502,"Leptospermum trinervium"
-33.039903,151.53521,"Leptospermum trinervium"
-33.03984,151.504061,"Leptospermum trinervium"
-33.039681,151.512641,"Leptospermum trinervium"
-33.039488,151.563246,"Leptospermum trinervium"
-33.039043,151.535728,"Leptospermum trinervium"
-33.03886,151.506605,"Leptospermum trinervium"
-33.03832,151.510462,"Leptospermum trinervium"
-33.03823,151.041569,"Leptospermum trinervium"
-33.037465,151.561296,"Leptospermum trinervium"
-33.037465,151.561296,"Leptospermum trinervium"
-33.037368,151.59235,"Leptospermum trinervium"
-33.036943,151.60871,"Leptospermum trinervium"
-33.03622,151.53187,"Leptospermum trinervium"
-33.03622,151.53187,"Leptospermum trinervium"
-33.035937,151.470841,"Leptospermum trinervium"
-33.035839,151.54167,"Leptospermum trinervium"
-33.03547,151.428843,"Leptospermum trinervium"
-33.03547,151.428843,"Leptospermum trinervium"
-33.034092,151.674103,"Leptospermum trinervium"
-33.033503,151.500821,"Leptospermum trinervium"
-33.033333,151.066667,"Leptospermum trinervium"
-33.0330041,149.4211639,"Leptospermum trinervium"
-33.032981,151.53949,"Leptospermum trinervium"
-33.032442,151.555502,"Leptospermum trinervium"
-33.030668,151.54607,"Leptospermum trinervium"
-33.030668,151.54607,"Leptospermum trinervium"
-33.030668,151.54607,"Leptospermum trinervium"
-33.028964,151.536826,"Leptospermum trinervium"
-33.028943,151.522094,"Leptospermum trinervium"
-33.028824,151.555012,"Leptospermum trinervium"
-33.028824,151.555012,"Leptospermum trinervium"
-33.028824,151.555012,"Leptospermum trinervium"
-33.028672,151.511402,"Leptospermum trinervium"
-33.028071,151.536841,"Leptospermum trinervium"
-33.028055,151.553276,"Leptospermum trinervium"
-33.026169,151.523896,"Leptospermum trinervium"
-33.025799,151.554708,"Leptospermum trinervium"
-33.025799,151.554708,"Leptospermum trinervium"
-33.024914,150.64807,"Leptospermum trinervium"
-33.023766,150.647447,"Leptospermum trinervium"
-33.023548,151.566354,"Leptospermum trinervium"
-33.022817,151.565192,"Leptospermum trinervium"
-33.022762,151.547938,"Leptospermum trinervium"
-33.022187,150.332123,"Leptospermum trinervium"
-33.022187,150.332123,"Leptospermum trinervium"
-33.02166,151.554765,"Leptospermum trinervium"
-33.02166,151.554765,"Leptospermum trinervium"
-33.021525,151.455477,"Leptospermum trinervium"
-33.021074,151.59524,"Leptospermum trinervium"
-33.02098,151.552956,"Leptospermum trinervium"
-33.02098,151.552956,"Leptospermum trinervium"
-33.020655,151.65444,"Leptospermum trinervium"
-33.020451,151.550085,"Leptospermum trinervium"
-33.019439,151.585383,"Leptospermum trinervium"
-33.018849,151.651706,"Leptospermum trinervium"
-33.018725,151.586723,"Leptospermum trinervium"
-33.018203,151.652047,"Leptospermum trinervium"
-33.01794,151.55368,"Leptospermum trinervium"
-33.017816,151.584218,"Leptospermum trinervium"
-33.01779,151.499663,"Leptospermum trinervium"
-33.017642,151.556704,"Leptospermum trinervium"
-33.017642,151.556704,"Leptospermum trinervium"
-33.017505,151.650045,"Leptospermum trinervium"
-33.016814,151.56393,"Leptospermum trinervium"
-33.016667,151.483333,"Leptospermum trinervium"
-33.016307,151.582818,"Leptospermum trinervium"
-33.015607,151.581539,"Leptospermum trinervium"
-33.015369,151.544288,"Leptospermum trinervium"
-33.015011,151.539422,"Leptospermum trinervium"
-33.011128,151.70179,"Leptospermum trinervium"
-33.011071,151.70147,"Leptospermum trinervium"
-33.011036,151.693959,"Leptospermum trinervium"
-33.011036,151.693959,"Leptospermum trinervium"
-33.010414,151.701189,"Leptospermum trinervium"
-33.009949,151.726596,"Leptospermum trinervium"
-33.009929,151.700554,"Leptospermum trinervium"
-33.009705,150.29222,"Leptospermum trinervium"
-33.009705,150.29222,"Leptospermum trinervium"
-33.009477,151.699227,"Leptospermum trinervium"
-33.00867,151.567116,"Leptospermum trinervium"
-33.008595,151.700333,"Leptospermum trinervium"
-33.008537,150.287462,"Leptospermum trinervium"
-33.008537,150.287462,"Leptospermum trinervium"
-33.008328,151.564057,"Leptospermum trinervium"
-33.008189,151.566093,"Leptospermum trinervium"
-33.008118,151.723946,"Leptospermum trinervium"
-33.007934,151.496775,"Leptospermum trinervium"
-33.007703,151.229519,"Leptospermum trinervium"
-33.00756,151.696152,"Leptospermum trinervium"
-33.007539,151.695763,"Leptospermum trinervium"
-33.007457,151.561962,"Leptospermum trinervium"
-33.007344,151.566331,"Leptospermum trinervium"
-33.007285,151.6983,"Leptospermum trinervium"
-33.007285,151.6983,"Leptospermum trinervium"
-33.007285,151.6983,"Leptospermum trinervium"
-33.007112,151.696469,"Leptospermum trinervium"
-33.006708,151.567455,"Leptospermum trinervium"
-33.006136,151.727567,"Leptospermum trinervium"
-33.006032,151.387867,"Leptospermum trinervium"
-33.005856,151.713646,"Leptospermum trinervium"
-33.005641,151.55939,"Leptospermum trinervium"
-33.005454,151.72802,"Leptospermum trinervium"
-33.004857,151.728539,"Leptospermum trinervium"
-33.004498,151.663378,"Leptospermum trinervium"
-33.004363,151.025156,"Leptospermum trinervium"
-33.00415,151.7184,"Leptospermum trinervium"
-33.004005,151.718654,"Leptospermum trinervium"
-33.003346,151.468128,"Leptospermum trinervium"
-33.003346,151.468128,"Leptospermum trinervium"
-33.003346,151.468128,"Leptospermum trinervium"
-33.003147,151.663551,"Leptospermum trinervium"
-33.003147,151.663551,"Leptospermum trinervium"
-33.003081,151.716526,"Leptospermum trinervium"
-33.00228,151.700974,"Leptospermum trinervium"
-33.00228,151.700974,"Leptospermum trinervium"
-33.00228,151.700974,"Leptospermum trinervium"
-33.002134,151.517407,"Leptospermum trinervium"
-33.0019,151.646981,"Leptospermum trinervium"
-33.001811,151.724572,"Leptospermum trinervium"
-33.001745,151.718151,"Leptospermum trinervium"
-33.001745,151.718151,"Leptospermum trinervium"
-33.001745,151.718151,"Leptospermum trinervium"
-33.001356,151.577431,"Leptospermum trinervium"
-33.001151,151.70949,"Leptospermum trinervium"
-33.001139,151.703174,"Leptospermum trinervium"
-33.001139,151.703174,"Leptospermum trinervium"
-33.000655,151.693995,"Leptospermum trinervium"
-33.000237,151.703148,"Leptospermum trinervium"
-32.999595,151.728058,"Leptospermum trinervium"
-32.998654,151.724618,"Leptospermum trinervium"
-32.998654,151.724618,"Leptospermum trinervium"
-32.998575,151.716075,"Leptospermum trinervium"
-32.998378,151.72953,"Leptospermum trinervium"
-32.998376,151.685387,"Leptospermum trinervium"
-32.997813,151.730517,"Leptospermum trinervium"
-32.997692,151.718745,"Leptospermum trinervium"
-32.997692,151.718745,"Leptospermum trinervium"
-32.997684,151.728366,"Leptospermum trinervium"
-32.9969,151.72946,"Leptospermum trinervium"
-32.996802,151.727736,"Leptospermum trinervium"
-32.996781,151.684777,"Leptospermum trinervium"
-32.996776,151.476654,"Leptospermum trinervium"
-32.996776,151.476654,"Leptospermum trinervium"
-32.99573,151.476694,"Leptospermum trinervium"
-32.99573,151.476694,"Leptospermum trinervium"
-32.99573,151.476694,"Leptospermum trinervium"
-32.995561,151.487606,"Leptospermum trinervium"
-32.995556,151.487592,"Leptospermum trinervium"
-32.994718,151.577464,"Leptospermum trinervium"
-32.994603,151.68702,"Leptospermum trinervium"
-32.992879,151.545431,"Leptospermum trinervium"
-32.992768,151.51856,"Leptospermum trinervium"
-32.992768,151.51856,"Leptospermum trinervium"
-32.990896,151.715632,"Leptospermum trinervium"
-32.990864,150.291555,"Leptospermum trinervium"
-32.990864,150.291555,"Leptospermum trinervium"
-32.99056,151.480225,"Leptospermum trinervium"
-32.990447,151.556566,"Leptospermum trinervium"
-32.989768,151.558706,"Leptospermum trinervium"
-32.989749,151.575862,"Leptospermum trinervium"
-32.989465,151.582958,"Leptospermum trinervium"
-32.989289,151.710106,"Leptospermum trinervium"
-32.988103,151.0768,"Leptospermum trinervium"
-32.988098,151.076786,"Leptospermum trinervium"
-32.987807,151.600188,"Leptospermum trinervium"
-32.987417,151.525778,"Leptospermum trinervium"
-32.987387,151.556451,"Leptospermum trinervium"
-32.98721,150.291431,"Leptospermum trinervium"
-32.986615,151.527989,"Leptospermum trinervium"
-32.986614,151.52799,"Leptospermum trinervium"
-32.986614,151.52799,"Leptospermum trinervium"
-32.986614,151.52799,"Leptospermum trinervium"
-32.986235,151.556567,"Leptospermum trinervium"
-32.986139,151.599502,"Leptospermum trinervium"
-32.985715,151.685828,"Leptospermum trinervium"
-32.985715,151.685828,"Leptospermum trinervium"
-32.985526,151.472706,"Leptospermum trinervium"
-32.985496,151.69943,"Leptospermum trinervium"
-32.985443,151.518967,"Leptospermum trinervium"
-32.98528,151.698516,"Leptospermum trinervium"
-32.98528,151.698516,"Leptospermum trinervium"
-32.985089,151.563754,"Leptospermum trinervium"
-32.984453,151.520104,"Leptospermum trinervium"
-32.98431,151.597402,"Leptospermum trinervium"
-32.984136,151.599949,"Leptospermum trinervium"
-32.984033,151.563247,"Leptospermum trinervium"
-32.983557,151.563621,"Leptospermum trinervium"
-32.983473,151.564192,"Leptospermum trinervium"
-32.9833,151.6333,"Leptospermum trinervium"
-32.983293,151.493794,"Leptospermum trinervium"
-32.983045,151.212477,"Leptospermum trinervium"
-32.983045,151.212477,"Leptospermum trinervium"
-32.983045,151.212477,"Leptospermum trinervium"
-32.982932,151.514079,"Leptospermum trinervium"
-32.982932,151.514079,"Leptospermum trinervium"
-32.982759,151.528421,"Leptospermum trinervium"
-32.982536,151.564096,"Leptospermum trinervium"
-32.982535,151.564153,"Leptospermum trinervium"
-32.982492,151.564368,"Leptospermum trinervium"
-32.982492,151.564368,"Leptospermum trinervium"
-32.98233,151.527237,"Leptospermum trinervium"
-32.98233,151.527237,"Leptospermum trinervium"
-32.98233,151.527237,"Leptospermum trinervium"
-32.982329,151.527241,"Leptospermum trinervium"
-32.981623,151.565639,"Leptospermum trinervium"
-32.981397,151.678277,"Leptospermum trinervium"
-32.980884,151.036283,"Leptospermum trinervium"
-32.980884,151.036283,"Leptospermum trinervium"
-32.980884,151.036283,"Leptospermum trinervium"
-32.980863,151.502838,"Leptospermum trinervium"
-32.980858,151.502824,"Leptospermum trinervium"
-32.980854,151.595831,"Leptospermum trinervium"
-32.980594,151.597759,"Leptospermum trinervium"
-32.980075,151.597688,"Leptospermum trinervium"
-32.979438,151.597393,"Leptospermum trinervium"
-32.979007,151.601194,"Leptospermum trinervium"
-32.97839,151.599721,"Leptospermum trinervium"
-32.977725,151.021283,"Leptospermum trinervium"
-32.97766,151.532761,"Leptospermum trinervium"
-32.977565,151.536947,"Leptospermum trinervium"
-32.977525,151.522805,"Leptospermum trinervium"
-32.977302,151.594971,"Leptospermum trinervium"
-32.976999,151.56861,"Leptospermum trinervium"
-32.97656,151.596118,"Leptospermum trinervium"
-32.975833,151.707625,"Leptospermum trinervium"
-32.975044,151.584245,"Leptospermum trinervium"
-32.975044,151.584245,"Leptospermum trinervium"
-32.9748,151.5852,"Leptospermum trinervium"
-32.974433,151.540637,"Leptospermum trinervium"
-32.973805,151.511856,"Leptospermum trinervium"
-32.97369,150.599091,"Leptospermum trinervium"
-32.97369,150.599091,"Leptospermum trinervium"
-32.97367,151.5624,"Leptospermum trinervium"
-32.973436,151.216555,"Leptospermum trinervium"
-32.973436,151.216555,"Leptospermum trinervium"
-32.973436,151.216555,"Leptospermum trinervium"
-32.973413,151.670517,"Leptospermum trinervium"
-32.972258,151.590745,"Leptospermum trinervium"
-32.972112,151.730093,"Leptospermum trinervium"
-32.972112,151.730093,"Leptospermum trinervium"
-32.971129,151.662707,"Leptospermum trinervium"
-32.971129,151.662707,"Leptospermum trinervium"
-32.971129,151.662707,"Leptospermum trinervium"
-32.970977,151.587147,"Leptospermum trinervium"
-32.970813,151.672822,"Leptospermum trinervium"
-32.970571,151.587526,"Leptospermum trinervium"
-32.970185,151.53674,"Leptospermum trinervium"
-32.97014,151.671528,"Leptospermum trinervium"
-32.97014,151.671528,"Leptospermum trinervium"
-32.969605,151.209174,"Leptospermum trinervium"
-32.969605,151.209174,"Leptospermum trinervium"
-32.969069,151.209878,"Leptospermum trinervium"
-32.969064,151.209864,"Leptospermum trinervium"
-32.968945,151.562769,"Leptospermum trinervium"
-32.968798,151.590229,"Leptospermum trinervium"
-32.967791,150.278687,"Leptospermum trinervium"
-32.96755,151.704759,"Leptospermum trinervium"
-32.967124,150.272899,"Leptospermum trinervium"
-32.967064,151.668086,"Leptospermum trinervium"
-32.967064,151.668086,"Leptospermum trinervium"
-32.966944,150.688056,"Leptospermum trinervium"
-32.966721,151.662966,"Leptospermum trinervium"
-32.966721,151.662966,"Leptospermum trinervium"
-32.966188,151.528393,"Leptospermum trinervium"
-32.965797,151.214675,"Leptospermum trinervium"
-32.965797,151.214675,"Leptospermum trinervium"
-32.965593,151.586001,"Leptospermum trinervium"
-32.965593,151.586001,"Leptospermum trinervium"
-32.963826,150.269685,"Leptospermum trinervium"
-32.963826,150.269685,"Leptospermum trinervium"
-32.962239,151.709267,"Leptospermum trinervium"
-32.962037,151.572103,"Leptospermum trinervium"
-32.961832,151.695738,"Leptospermum trinervium"
-32.961569,151.541932,"Leptospermum trinervium"
-32.960933,151.612301,"Leptospermum trinervium"
-32.960555,151.304717,"Leptospermum trinervium"
-32.95924,151.215909,"Leptospermum trinervium"
-32.95924,151.215909,"Leptospermum trinervium"
-32.95924,151.215909,"Leptospermum trinervium"
-32.959068,151.21682,"Leptospermum trinervium"
-32.959063,151.216805,"Leptospermum trinervium"
-32.957317,151.671019,"Leptospermum trinervium"
-32.953682,151.00993,"Leptospermum trinervium"
-32.953682,151.00993,"Leptospermum trinervium"
-32.953682,151.00993,"Leptospermum trinervium"
-32.953661,151.678279,"Leptospermum trinervium"
-32.953661,151.678279,"Leptospermum trinervium"
-32.953554,150.761118,"Leptospermum trinervium"
-32.953554,150.761118,"Leptospermum trinervium"
-32.953299,151.214798,"Leptospermum trinervium"
-32.953299,151.214798,"Leptospermum trinervium"
-32.953269,151.583273,"Leptospermum trinervium"
-32.953269,151.583273,"Leptospermum trinervium"
-32.953237,151.554576,"Leptospermum trinervium"
-32.953039,151.359648,"Leptospermum trinervium"
-32.952542,150.617197,"Leptospermum trinervium"
-32.952088,151.747055,"Leptospermum trinervium"
-32.951859,151.679226,"Leptospermum trinervium"
-32.951859,151.679226,"Leptospermum trinervium"
-32.951859,151.679226,"Leptospermum trinervium"
-32.951344,151.567086,"Leptospermum trinervium"
-32.950861,151.57223,"Leptospermum trinervium"
-32.949745,150.280973,"Leptospermum trinervium"
-32.949745,150.280973,"Leptospermum trinervium"
-32.949712,151.352168,"Leptospermum trinervium"
-32.949491,151.580835,"Leptospermum trinervium"
-32.949284,151.355235,"Leptospermum trinervium"
-32.949284,151.355235,"Leptospermum trinervium"
-32.949229,151.677924,"Leptospermum trinervium"
-32.94872,151.70039,"Leptospermum trinervium"
-32.947858,151.35248,"Leptospermum trinervium"
-32.946398,151.355278,"Leptospermum trinervium"
-32.946078,151.57508,"Leptospermum trinervium"
-32.945722,151.57429,"Leptospermum trinervium"
-32.943109,151.631833,"Leptospermum trinervium"
-32.94304,151.5792,"Leptospermum trinervium"
-32.942526,151.537319,"Leptospermum trinervium"
-32.941834,150.404046,"Leptospermum trinervium"
-32.941834,150.404046,"Leptospermum trinervium"
-32.939789,150.401112,"Leptospermum trinervium"
-32.939789,150.401112,"Leptospermum trinervium"
-32.939626,151.586283,"Leptospermum trinervium"
-32.939461,151.564351,"Leptospermum trinervium"
-32.939461,151.564351,"Leptospermum trinervium"
-32.939157,150.917212,"Leptospermum trinervium"
-32.939157,150.917212,"Leptospermum trinervium"
-32.939157,150.917212,"Leptospermum trinervium"
-32.938317,151.640308,"Leptospermum trinervium"
-32.938039,151.633051,"Leptospermum trinervium"
-32.937414,151.559078,"Leptospermum trinervium"
-32.937188,151.256042,"Leptospermum trinervium"
-32.93487,151.534082,"Leptospermum trinervium"
-32.934768,150.365384,"Leptospermum trinervium"
-32.934442,151.591273,"Leptospermum trinervium"
-32.934174,151.613689,"Leptospermum trinervium"
-32.934124,151.371195,"Leptospermum trinervium"
-32.933974,151.621279,"Leptospermum trinervium"
-32.933734,151.609022,"Leptospermum trinervium"
-32.933644,151.592157,"Leptospermum trinervium"
-32.933644,151.592157,"Leptospermum trinervium"
-32.933619,151.612425,"Leptospermum trinervium"
-32.933599,151.299249,"Leptospermum trinervium"
-32.933272,151.611243,"Leptospermum trinervium"
-32.932944,151.606125,"Leptospermum trinervium"
-32.932633,151.504721,"Leptospermum trinervium"
-32.932628,151.504707,"Leptospermum trinervium"
-32.932483,151.300068,"Leptospermum trinervium"
-32.932483,151.300068,"Leptospermum trinervium"
-32.93244,151.592518,"Leptospermum trinervium"
-32.93244,151.592518,"Leptospermum trinervium"
-32.931718,151.287692,"Leptospermum trinervium"
-32.93163,151.61283,"Leptospermum trinervium"
-32.931075,151.538872,"Leptospermum trinervium"
-32.931075,151.538872,"Leptospermum trinervium"
-32.930838,151.371651,"Leptospermum trinervium"
-32.930838,151.371651,"Leptospermum trinervium"
-32.929313,150.290012,"Leptospermum trinervium"
-32.929173,150.283602,"Leptospermum trinervium"
-32.92843,151.424372,"Leptospermum trinervium"
-32.928271,151.78168,"Leptospermum trinervium"
-32.928254,151.692894,"Leptospermum trinervium"
-32.927242,151.297371,"Leptospermum trinervium"
-32.926909,151.300078,"Leptospermum trinervium"
-32.926909,151.300079,"Leptospermum trinervium"
-32.926557,151.410367,"Leptospermum trinervium"
-32.926557,151.410367,"Leptospermum trinervium"
-32.926354,151.537751,"Leptospermum trinervium"
-32.926119,151.439998,"Leptospermum trinervium"
-32.925832,151.696694,"Leptospermum trinervium"
-32.924295,151.601288,"Leptospermum trinervium"
-32.923668,151.299767,"Leptospermum trinervium"
-32.92364,151.666355,"Leptospermum trinervium"
-32.923266,151.298142,"Leptospermum trinervium"
-32.923266,151.298142,"Leptospermum trinervium"
-32.92276,151.531622,"Leptospermum trinervium"
-32.922756,151.531608,"Leptospermum trinervium"
-32.922294,151.596614,"Leptospermum trinervium"
-32.92225,151.687233,"Leptospermum trinervium"
-32.922071,151.425789,"Leptospermum trinervium"
-32.922071,151.425789,"Leptospermum trinervium"
-32.921982,150.787382,"Leptospermum trinervium"
-32.921962,151.294888,"Leptospermum trinervium"
-32.92154,151.426562,"Leptospermum trinervium"
-32.92154,151.426562,"Leptospermum trinervium"
-32.921311,151.687109,"Leptospermum trinervium"
-32.921284,151.602255,"Leptospermum trinervium"
-32.921284,151.602255,"Leptospermum trinervium"
-32.921271,151.687906,"Leptospermum trinervium"
-32.921208,151.689303,"Leptospermum trinervium"
-32.921131,151.590205,"Leptospermum trinervium"
-32.921131,151.590205,"Leptospermum trinervium"
-32.921116,151.559696,"Leptospermum trinervium"
-32.920932,151.687786,"Leptospermum trinervium"
-32.920918,151.687916,"Leptospermum trinervium"
-32.920791,151.688282,"Leptospermum trinervium"
-32.92077,151.595045,"Leptospermum trinervium"
-32.92077,151.595045,"Leptospermum trinervium"
-32.920269,151.605451,"Leptospermum trinervium"
-32.919688,151.300313,"Leptospermum trinervium"
-32.919688,151.300313,"Leptospermum trinervium"
-32.91935,150.213006,"Leptospermum trinervium"
-32.91935,150.213006,"Leptospermum trinervium"
-32.918283,151.569783,"Leptospermum trinervium"
-32.917496,151.687101,"Leptospermum trinervium"
-32.916848,151.552501,"Leptospermum trinervium"
-32.9167,151.6272,"Leptospermum trinervium"
-32.916682,151.552175,"Leptospermum trinervium"
-32.915849,150.351248,"Leptospermum trinervium"
-32.915728,151.550819,"Leptospermum trinervium"
-32.915702,151.316391,"Leptospermum trinervium"
-32.915359,151.593533,"Leptospermum trinervium"
-32.914949,151.545838,"Leptospermum trinervium"
-32.914217,151.629071,"Leptospermum trinervium"
-32.91421,151.312011,"Leptospermum trinervium"
-32.913514,150.792938,"Leptospermum trinervium"
-32.912909,151.545671,"Leptospermum trinervium"
-32.911765,151.344955,"Leptospermum trinervium"
-32.911765,151.344955,"Leptospermum trinervium"
-32.910873,151.545958,"Leptospermum trinervium"
-32.909994,151.312142,"Leptospermum trinervium"
-32.909914,151.555789,"Leptospermum trinervium"
-32.909712,151.547677,"Leptospermum trinervium"
-32.909669,151.574466,"Leptospermum trinervium"
-32.908419,151.646182,"Leptospermum trinervium"
-32.906925,151.555506,"Leptospermum trinervium"
-32.906683,151.600318,"Leptospermum trinervium"
-32.906213,151.521542,"Leptospermum trinervium"
-32.90598,151.540129,"Leptospermum trinervium"
-32.90598,151.540129,"Leptospermum trinervium"
-32.904209,151.192734,"Leptospermum trinervium"
-32.904209,151.192734,"Leptospermum trinervium"
-32.90401,151.556879,"Leptospermum trinervium"
-32.903989,151.609934,"Leptospermum trinervium"
-32.901788,151.505183,"Leptospermum trinervium"
-32.9,150.75,"Leptospermum trinervium"
-32.899759,150.751292,"Leptospermum trinervium"
-32.899759,150.751292,"Leptospermum trinervium"
-32.898186,151.523097,"Leptospermum trinervium"
-32.897331,151.673165,"Leptospermum trinervium"
-32.894452,150.393246,"Leptospermum trinervium"
-32.894452,150.393246,"Leptospermum trinervium"
-32.894314,151.373235,"Leptospermum trinervium"
-32.894314,151.373235,"Leptospermum trinervium"
-32.893444,151.589693,"Leptospermum trinervium"
-32.892994,150.449291,"Leptospermum trinervium"
-32.892994,150.449291,"Leptospermum trinervium"
-32.892679,151.34075,"Leptospermum trinervium"
-32.892179,151.55313,"Leptospermum trinervium"
-32.892179,151.55313,"Leptospermum trinervium"
-32.891731,151.602641,"Leptospermum trinervium"
-32.891575,151.556228,"Leptospermum trinervium"
-32.891178,151.341815,"Leptospermum trinervium"
-32.891178,151.341815,"Leptospermum trinervium"
-32.890915,150.392281,"Leptospermum trinervium"
-32.890471,151.332057,"Leptospermum trinervium"
-32.89035,151.546318,"Leptospermum trinervium"
-32.89035,151.546318,"Leptospermum trinervium"
-32.89029,150.449369,"Leptospermum trinervium"
-32.89029,150.449369,"Leptospermum trinervium"
-32.889935,151.792288,"Leptospermum trinervium"
-32.889832,151.508452,"Leptospermum trinervium"
-32.889421,151.299656,"Leptospermum trinervium"
-32.889421,151.299656,"Leptospermum trinervium"
-32.889172,151.409592,"Leptospermum trinervium"
-32.889161,151.368117,"Leptospermum trinervium"
-32.889161,151.368117,"Leptospermum trinervium"
-32.889129,151.563257,"Leptospermum trinervium"
-32.889063,151.299137,"Leptospermum trinervium"
-32.889027,151.47873,"Leptospermum trinervium"
-32.888781,151.344735,"Leptospermum trinervium"
-32.888781,151.344735,"Leptospermum trinervium"
-32.888329,151.404957,"Leptospermum trinervium"
-32.888329,151.404957,"Leptospermum trinervium"
-32.88807,151.394647,"Leptospermum trinervium"
-32.88807,151.394647,"Leptospermum trinervium"
-32.888058,151.596819,"Leptospermum trinervium"
-32.886953,151.559647,"Leptospermum trinervium"
-32.88695,151.559647,"Leptospermum trinervium"
-32.88695,151.559647,"Leptospermum trinervium"
-32.88695,151.559636,"Leptospermum trinervium"
-32.88695,151.559647,"Leptospermum trinervium"
-32.88695,151.559647,"Leptospermum trinervium"
-32.886844,151.32258,"Leptospermum trinervium"
-32.886726,151.354023,"Leptospermum trinervium"
-32.886721,151.354009,"Leptospermum trinervium"
-32.886671,151.555739,"Leptospermum trinervium"
-32.886662,151.55575,"Leptospermum trinervium"
-32.886662,151.55575,"Leptospermum trinervium"
-32.886662,151.55575,"Leptospermum trinervium"
-32.886662,151.55575,"Leptospermum trinervium"
-32.88666,151.555749,"Leptospermum trinervium"
-32.88585,151.559604,"Leptospermum trinervium"
-32.88585,151.559604,"Leptospermum trinervium"
-32.88585,151.559604,"Leptospermum trinervium"
-32.885805,151.558846,"Leptospermum trinervium"
-32.885805,151.558846,"Leptospermum trinervium"
-32.885677,151.461124,"Leptospermum trinervium"
-32.885677,151.461124,"Leptospermum trinervium"
-32.885193,151.448893,"Leptospermum trinervium"
-32.885193,151.448893,"Leptospermum trinervium"
-32.884944,151.592593,"Leptospermum trinervium"
-32.884501,151.335504,"Leptospermum trinervium"
-32.884343,151.559039,"Leptospermum trinervium"
-32.883,151.5587,"Leptospermum trinervium"
-32.882943,151.442049,"Leptospermum trinervium"
-32.881842,151.585426,"Leptospermum trinervium"
-32.881664,151.409994,"Leptospermum trinervium"
-32.881355,151.370904,"Leptospermum trinervium"
-32.881307,151.527404,"Leptospermum trinervium"
-32.881196,151.165049,"Leptospermum trinervium"
-32.881196,151.165049,"Leptospermum trinervium"
-32.881179,151.313751,"Leptospermum trinervium"
-32.880226,151.340234,"Leptospermum trinervium"
-32.880226,151.340234,"Leptospermum trinervium"
-32.880163,151.381578,"Leptospermum trinervium"
-32.878483,151.484283,"Leptospermum trinervium"
-32.878483,151.484283,"Leptospermum trinervium"
-32.87751,151.80292,"Leptospermum trinervium"
-32.87722,151.7991,"Leptospermum trinervium"
-32.876984,151.454616,"Leptospermum trinervium"
-32.876777,151.365643,"Leptospermum trinervium"
-32.876754,151.586929,"Leptospermum trinervium"
-32.875496,151.804648,"Leptospermum trinervium"
-32.875349,151.802253,"Leptospermum trinervium"
-32.874722,151.376111,"Leptospermum trinervium"
-32.8745,151.3766,"Leptospermum trinervium"
-32.872433,151.357971,"Leptospermum trinervium"
-32.872433,151.357971,"Leptospermum trinervium"
-32.871547,151.379633,"Leptospermum trinervium"
-32.871543,151.379619,"Leptospermum trinervium"
-32.870463,151.803444,"Leptospermum trinervium"
-32.869868,150.940954,"Leptospermum trinervium"
-32.869847,151.793037,"Leptospermum trinervium"
-32.869033,151.525961,"Leptospermum trinervium"
-32.868887,151.529579,"Leptospermum trinervium"
-32.868887,151.529579,"Leptospermum trinervium"
-32.86869,151.806739,"Leptospermum trinervium"
-32.86869,151.806739,"Leptospermum trinervium"
-32.86869,151.806739,"Leptospermum trinervium"
-32.86869,151.806739,"Leptospermum trinervium"
-32.868536,151.535136,"Leptospermum trinervium"
-32.868394,151.527489,"Leptospermum trinervium"
-32.868394,151.527489,"Leptospermum trinervium"
-32.868381,151.526484,"Leptospermum trinervium"
-32.868312,151.527554,"Leptospermum trinervium"
-32.868166,151.527407,"Leptospermum trinervium"
-32.86776,151.365809,"Leptospermum trinervium"
-32.86685,151.79801,"Leptospermum trinervium"
-32.865911,151.524364,"Leptospermum trinervium"
-32.865911,151.524364,"Leptospermum trinervium"
-32.86515,151.423508,"Leptospermum trinervium"
-32.86515,151.423508,"Leptospermum trinervium"
-32.865127,151.417417,"Leptospermum trinervium"
-32.865127,151.417417,"Leptospermum trinervium"
-32.863925,151.807661,"Leptospermum trinervium"
-32.863736,151.815002,"Leptospermum trinervium"
-32.863736,151.815002,"Leptospermum trinervium"
-32.863348,151.319737,"Leptospermum trinervium"
-32.863309,151.805164,"Leptospermum trinervium"
-32.863206,151.80741,"Leptospermum trinervium"
-32.863206,151.80741,"Leptospermum trinervium"
-32.862554,151.535762,"Leptospermum trinervium"
-32.862049,151.346097,"Leptospermum trinervium"
-32.862049,151.346097,"Leptospermum trinervium"
-32.861681,151.322515,"Leptospermum trinervium"
-32.861681,151.322515,"Leptospermum trinervium"
-32.860985,151.42791,"Leptospermum trinervium"
-32.86014,151.368274,"Leptospermum trinervium"
-32.860108,151.550167,"Leptospermum trinervium"
-32.859972,151.412015,"Leptospermum trinervium"
-32.859298,151.815852,"Leptospermum trinervium"
-32.859287,151.824262,"Leptospermum trinervium"
-32.859287,151.824262,"Leptospermum trinervium"
-32.859229,151.820085,"Leptospermum trinervium"
-32.859229,151.820085,"Leptospermum trinervium"
-32.859035,151.445833,"Leptospermum trinervium"
-32.859035,151.445833,"Leptospermum trinervium"
-32.85898,151.557235,"Leptospermum trinervium"
-32.857983,151.830008,"Leptospermum trinervium"
-32.857259,151.816777,"Leptospermum trinervium"
-32.857259,151.816777,"Leptospermum trinervium"
-32.85695,151.6151,"Leptospermum trinervium"
-32.856295,151.829378,"Leptospermum trinervium"
-32.855837,151.170732,"Leptospermum trinervium"
-32.855837,151.170732,"Leptospermum trinervium"
-32.85577,151.359688,"Leptospermum trinervium"
-32.855346,151.498974,"Leptospermum trinervium"
-32.855082,151.499562,"Leptospermum trinervium"
-32.854839,150.225381,"Leptospermum trinervium"
-32.854408,151.425611,"Leptospermum trinervium"
-32.854408,151.425611,"Leptospermum trinervium"
-32.853307,151.394344,"Leptospermum trinervium"
-32.853307,151.394344,"Leptospermum trinervium"
-32.853274,151.485695,"Leptospermum trinervium"
-32.853224,151.818358,"Leptospermum trinervium"
-32.853224,151.818358,"Leptospermum trinervium"
-32.850508,151.469692,"Leptospermum trinervium"
-32.850508,151.469692,"Leptospermum trinervium"
-32.850336,151.504131,"Leptospermum trinervium"
-32.849424,151.493321,"Leptospermum trinervium"
-32.849217,151.491063,"Leptospermum trinervium"
-32.848784,151.475449,"Leptospermum trinervium"
-32.848784,151.475449,"Leptospermum trinervium"
-32.84859,151.480293,"Leptospermum trinervium"
-32.84859,151.480293,"Leptospermum trinervium"
-32.84859,151.480293,"Leptospermum trinervium"
-32.847906,151.483328,"Leptospermum trinervium"
-32.84753,151.500794,"Leptospermum trinervium"
-32.84753,151.500794,"Leptospermum trinervium"
-32.847362,151.497281,"Leptospermum trinervium"
-32.846685,150.3344,"Leptospermum trinervium"
-32.84641,151.501454,"Leptospermum trinervium"
-32.84641,151.501454,"Leptospermum trinervium"
-32.84641,151.501454,"Leptospermum trinervium"
-32.844951,151.503081,"Leptospermum trinervium"
-32.844951,151.503081,"Leptospermum trinervium"
-32.843986,151.497099,"Leptospermum trinervium"
-32.842603,151.417871,"Leptospermum trinervium"
-32.842603,151.417871,"Leptospermum trinervium"
-32.842568,151.398074,"Leptospermum trinervium"
-32.84239,151.497087,"Leptospermum trinervium"
-32.84239,151.497087,"Leptospermum trinervium"
-32.84165,151.418378,"Leptospermum trinervium"
-32.84136,151.490213,"Leptospermum trinervium"
-32.840782,151.503674,"Leptospermum trinervium"
-32.838873,151.492677,"Leptospermum trinervium"
-32.837573,150.967873,"Leptospermum trinervium"
-32.837021,151.488684,"Leptospermum trinervium"
-32.837021,151.488684,"Leptospermum trinervium"
-32.83491,150.387406,"Leptospermum trinervium"
-32.834564,150.709884,"Leptospermum trinervium"
-32.834558,150.709871,"Leptospermum trinervium"
-32.834068,151.507163,"Leptospermum trinervium"
-32.834068,151.507163,"Leptospermum trinervium"
-32.834068,151.507163,"Leptospermum trinervium"
-32.834003,151.50475,"Leptospermum trinervium"
-32.833403,151.493072,"Leptospermum trinervium"
-32.833403,151.493072,"Leptospermum trinervium"
-32.833333,150.35,"Leptospermum trinervium"
-32.832922,150.385446,"Leptospermum trinervium"
-32.832452,151.446254,"Leptospermum trinervium"
-32.831646,151.507471,"Leptospermum trinervium"
-32.831273,150.913554,"Leptospermum trinervium"
-32.831267,150.91354,"Leptospermum trinervium"
-32.831159,151.428692,"Leptospermum trinervium"
-32.831159,151.428692,"Leptospermum trinervium"
-32.830407,151.434902,"Leptospermum trinervium"
-32.829194,151.715004,"Leptospermum trinervium"
-32.828263,151.534198,"Leptospermum trinervium"
-32.827566,151.506513,"Leptospermum trinervium"
-32.827375,151.436963,"Leptospermum trinervium"
-32.827375,151.436963,"Leptospermum trinervium"
-32.827261,151.50811,"Leptospermum trinervium"
-32.827261,151.50811,"Leptospermum trinervium"
-32.825377,151.452551,"Leptospermum trinervium"
-32.825301,150.39748,"Leptospermum trinervium"
-32.825265,151.851522,"Leptospermum trinervium"
-32.824896,151.871085,"Leptospermum trinervium"
-32.824733,151.515509,"Leptospermum trinervium"
-32.823858,151.508616,"Leptospermum trinervium"
-32.823858,151.508616,"Leptospermum trinervium"
-32.823663,151.434336,"Leptospermum trinervium"
-32.823663,151.434336,"Leptospermum trinervium"
-32.823423,150.959481,"Leptospermum trinervium"
-32.823179,150.422574,"Leptospermum trinervium"
-32.8228,151.54937,"Leptospermum trinervium"
-32.82249,151.551142,"Leptospermum trinervium"
-32.82249,151.551142,"Leptospermum trinervium"
-32.822238,151.738669,"Leptospermum trinervium"
-32.821118,150.421897,"Leptospermum trinervium"
-32.821053,151.739169,"Leptospermum trinervium"
-32.820834,151.738101,"Leptospermum trinervium"
-32.820732,151.549675,"Leptospermum trinervium"
-32.820732,151.549675,"Leptospermum trinervium"
-32.82069,151.552208,"Leptospermum trinervium"
-32.820607,151.506074,"Leptospermum trinervium"
-32.820302,151.509227,"Leptospermum trinervium"
-32.819583,151.604833,"Leptospermum trinervium"
-32.819201,151.592534,"Leptospermum trinervium"
-32.818876,151.889366,"Leptospermum trinervium"
-32.818134,151.722547,"Leptospermum trinervium"
-32.818134,151.722547,"Leptospermum trinervium"
-32.818134,151.722547,"Leptospermum trinervium"
-32.818134,151.722547,"Leptospermum trinervium"
-32.818,151.723,"Leptospermum trinervium"
-32.817566,151.499161,"Leptospermum trinervium"
-32.817461,151.511658,"Leptospermum trinervium"
-32.817369,151.709738,"Leptospermum trinervium"
-32.816741,151.623093,"Leptospermum trinervium"
-32.816667,150.95,"Leptospermum trinervium"
-32.816667,150.95,"Leptospermum trinervium"
-32.816203,151.445138,"Leptospermum trinervium"
-32.815942,151.760263,"Leptospermum trinervium"
-32.815748,151.500228,"Leptospermum trinervium"
-32.815748,151.500228,"Leptospermum trinervium"
-32.815574,151.589974,"Leptospermum trinervium"
-32.815574,151.589974,"Leptospermum trinervium"
-32.815574,151.589974,"Leptospermum trinervium"
-32.815332,151.50393,"Leptospermum trinervium"
-32.814744,151.452227,"Leptospermum trinervium"
-32.812787,151.76318,"Leptospermum trinervium"
-32.812743,151.628349,"Leptospermum trinervium"
-32.8125,150.932778,"Leptospermum trinervium"
-32.812436,151.798537,"Leptospermum trinervium"
-32.811061,151.796626,"Leptospermum trinervium"
-32.810863,151.446491,"Leptospermum trinervium"
-32.810863,151.446491,"Leptospermum trinervium"
-32.810863,151.446491,"Leptospermum trinervium"
-32.810789,151.835525,"Leptospermum trinervium"
-32.810696,151.801444,"Leptospermum trinervium"
-32.810564,151.721438,"Leptospermum trinervium"
-32.810344,151.418016,"Leptospermum trinervium"
-32.810344,151.418016,"Leptospermum trinervium"
-32.81024,151.500606,"Leptospermum trinervium"
-32.810234,151.733476,"Leptospermum trinervium"
-32.809976,151.449892,"Leptospermum trinervium"
-32.809933,151.80737,"Leptospermum trinervium"
-32.809444,151.7125,"Leptospermum trinervium"
-32.809306,151.445354,"Leptospermum trinervium"
-32.809127,151.446916,"Leptospermum trinervium"
-32.808545,151.804385,"Leptospermum trinervium"
-32.808353,151.809219,"Leptospermum trinervium"
-32.808137,151.804565,"Leptospermum trinervium"
-32.80802,151.037426,"Leptospermum trinervium"
-32.807658,151.792278,"Leptospermum trinervium"
-32.807536,150.504056,"Leptospermum trinervium"
-32.807536,150.504056,"Leptospermum trinervium"
-32.807285,150.504992,"Leptospermum trinervium"
-32.807285,150.504992,"Leptospermum trinervium"
-32.807285,150.504992,"Leptospermum trinervium"
-32.80716,150.431995,"Leptospermum trinervium"
-32.807157,151.796429,"Leptospermum trinervium"
-32.806927,151.819723,"Leptospermum trinervium"
-32.80686,151.479013,"Leptospermum trinervium"
-32.806792,151.810116,"Leptospermum trinervium"
-32.80617,151.787631,"Leptospermum trinervium"
-32.806087,151.833349,"Leptospermum trinervium"
-32.806086,151.800395,"Leptospermum trinervium"
-32.805915,151.808045,"Leptospermum trinervium"
-32.805867,151.803004,"Leptospermum trinervium"
-32.805845,151.720487,"Leptospermum trinervium"
-32.805845,151.720487,"Leptospermum trinervium"
-32.805491,151.799474,"Leptospermum trinervium"
-32.80523,151.774421,"Leptospermum trinervium"
-32.804932,151.393217,"Leptospermum trinervium"
-32.8049,151.612596,"Leptospermum trinervium"
-32.804819,151.81513,"Leptospermum trinervium"
-32.804759,151.806949,"Leptospermum trinervium"
-32.804757,151.801075,"Leptospermum trinervium"
-32.804736,151.482289,"Leptospermum trinervium"
-32.804718,151.805476,"Leptospermum trinervium"
-32.804644,151.811917,"Leptospermum trinervium"
-32.804444,151.813671,"Leptospermum trinervium"
-32.804437,151.739945,"Leptospermum trinervium"
-32.804154,151.801158,"Leptospermum trinervium"
-32.804148,151.774415,"Leptospermum trinervium"
-32.804036,151.803936,"Leptospermum trinervium"
-32.803801,151.563649,"Leptospermum trinervium"
-32.803791,151.809483,"Leptospermum trinervium"
-32.80368,151.744456,"Leptospermum trinervium"
-32.803627,151.733819,"Leptospermum trinervium"
-32.803341,150.365376,"Leptospermum trinervium"
-32.803341,150.365376,"Leptospermum trinervium"
-32.803117,151.817352,"Leptospermum trinervium"
-32.803052,151.727843,"Leptospermum trinervium"
-32.802692,151.801049,"Leptospermum trinervium"
-32.802511,151.739389,"Leptospermum trinervium"
-32.802298,151.722909,"Leptospermum trinervium"
-32.802298,151.722909,"Leptospermum trinervium"
-32.80215,151.858932,"Leptospermum trinervium"
-32.802092,151.813759,"Leptospermum trinervium"
-32.802092,151.813759,"Leptospermum trinervium"
-32.802092,151.813759,"Leptospermum trinervium"
-32.802092,151.813759,"Leptospermum trinervium"
-32.802092,151.813759,"Leptospermum trinervium"
-32.802092,151.813759,"Leptospermum trinervium"
-32.801864,151.79006,"Leptospermum trinervium"
-32.801864,151.79006,"Leptospermum trinervium"
-32.801864,151.79006,"Leptospermum trinervium"
-32.801694,151.745239,"Leptospermum trinervium"
-32.80168,151.800746,"Leptospermum trinervium"
-32.80168,151.800746,"Leptospermum trinervium"
-32.801413,151.790045,"Leptospermum trinervium"
-32.801413,151.790045,"Leptospermum trinervium"
-32.800595,151.808087,"Leptospermum trinervium"
-32.800595,151.808087,"Leptospermum trinervium"
-32.800512,151.723388,"Leptospermum trinervium"
-32.800512,151.723388,"Leptospermum trinervium"
-32.800198,151.470348,"Leptospermum trinervium"
-32.800036,151.787554,"Leptospermum trinervium"
-32.800036,151.787554,"Leptospermum trinervium"
-32.800032,151.787159,"Leptospermum trinervium"
-32.8,150.4,"Leptospermum trinervium"
-32.799844,151.797449,"Leptospermum trinervium"
-32.799842,151.814363,"Leptospermum trinervium"
-32.799842,151.814363,"Leptospermum trinervium"
-32.799763,151.82515,"Leptospermum trinervium"
-32.799445,151.933683,"Leptospermum trinervium"
-32.799377,151.730014,"Leptospermum trinervium"
-32.799367,151.73892,"Leptospermum trinervium"
-32.799354,151.428419,"Leptospermum trinervium"
-32.799019,151.935496,"Leptospermum trinervium"
-32.798654,151.73897,"Leptospermum trinervium"
-32.798593,151.481842,"Leptospermum trinervium"
-32.798516,151.507363,"Leptospermum trinervium"
-32.798119,151.487403,"Leptospermum trinervium"
-32.797562,151.809708,"Leptospermum trinervium"
-32.797484,151.824383,"Leptospermum trinervium"
-32.797484,151.824383,"Leptospermum trinervium"
-32.797435,151.512329,"Leptospermum trinervium"
-32.797253,151.727926,"Leptospermum trinervium"
-32.797,151.858005,"Leptospermum trinervium"
-32.796852,151.72492,"Leptospermum trinervium"
-32.796555,151.858587,"Leptospermum trinervium"
-32.796467,151.4795,"Leptospermum trinervium"
-32.79628,151.473371,"Leptospermum trinervium"
-32.795675,151.793657,"Leptospermum trinervium"
-32.795675,151.793657,"Leptospermum trinervium"
-32.795526,151.73282,"Leptospermum trinervium"
-32.795499,151.794098,"Leptospermum trinervium"
-32.795499,151.794098,"Leptospermum trinervium"
-32.795442,151.469765,"Leptospermum trinervium"
-32.795442,151.469765,"Leptospermum trinervium"
-32.794484,151.474397,"Leptospermum trinervium"
-32.794281,151.474408,"Leptospermum trinervium"
-32.794281,151.474408,"Leptospermum trinervium"
-32.794218,151.474345,"Leptospermum trinervium"
-32.794213,151.474331,"Leptospermum trinervium"
-32.793488,151.50546,"Leptospermum trinervium"
-32.793473,151.482826,"Leptospermum trinervium"
-32.793268,151.796438,"Leptospermum trinervium"
-32.793268,151.796438,"Leptospermum trinervium"
-32.793199,151.729276,"Leptospermum trinervium"
-32.793199,151.729276,"Leptospermum trinervium"
-32.792666,151.506132,"Leptospermum trinervium"
-32.792546,151.506238,"Leptospermum trinervium"
-32.792476,151.482427,"Leptospermum trinervium"
-32.792319,151.507609,"Leptospermum trinervium"
-32.792291,151.47314,"Leptospermum trinervium"
-32.792176,151.73238,"Leptospermum trinervium"
-32.792176,151.73238,"Leptospermum trinervium"
-32.791937,151.866613,"Leptospermum trinervium"
-32.791676,151.505583,"Leptospermum trinervium"
-32.79084,151.766624,"Leptospermum trinervium"
-32.790592,151.867327,"Leptospermum trinervium"
-32.790592,151.867327,"Leptospermum trinervium"
-32.790039,151.834583,"Leptospermum trinervium"
-32.790039,151.834583,"Leptospermum trinervium"
-32.790039,151.834583,"Leptospermum trinervium"
-32.790039,151.834583,"Leptospermum trinervium"
-32.790032,151.469836,"Leptospermum trinervium"
-32.789952,151.469934,"Leptospermum trinervium"
-32.789947,151.469919,"Leptospermum trinervium"
-32.789665,151.818794,"Leptospermum trinervium"
-32.789665,151.818794,"Leptospermum trinervium"
-32.789665,151.818794,"Leptospermum trinervium"
-32.789665,151.818794,"Leptospermum trinervium"
-32.789544,151.881337,"Leptospermum trinervium"
-32.78926,151.50908,"Leptospermum trinervium"
-32.787681,150.870081,"Leptospermum trinervium"
-32.787681,150.870081,"Leptospermum trinervium"
-32.787499,151.864533,"Leptospermum trinervium"
-32.787291,151.831198,"Leptospermum trinervium"
-32.787072,151.467538,"Leptospermum trinervium"
-32.786769,151.777305,"Leptospermum trinervium"
-32.786594,151.854336,"Leptospermum trinervium"
-32.786464,151.804645,"Leptospermum trinervium"
-32.786435,151.488936,"Leptospermum trinervium"
-32.786245,151.86551,"Leptospermum trinervium"
-32.78611,151.851634,"Leptospermum trinervium"
-32.78611,151.851634,"Leptospermum trinervium"
-32.785947,151.852604,"Leptospermum trinervium"
-32.785692,151.815576,"Leptospermum trinervium"
-32.785692,151.815576,"Leptospermum trinervium"
-32.785692,151.815576,"Leptospermum trinervium"
-32.785692,151.815576,"Leptospermum trinervium"
-32.785537,151.467054,"Leptospermum trinervium"
-32.785513,151.815738,"Leptospermum trinervium"
-32.785513,151.815738,"Leptospermum trinervium"
-32.785513,151.815738,"Leptospermum trinervium"
-32.785487,151.482723,"Leptospermum trinervium"
-32.784601,151.826108,"Leptospermum trinervium"
-32.784465,151.868099,"Leptospermum trinervium"
-32.784196,151.100726,"Leptospermum trinervium"
-32.784138,151.909637,"Leptospermum trinervium"
-32.783574,151.482164,"Leptospermum trinervium"
-32.783495,151.880676,"Leptospermum trinervium"
-32.783463,151.842449,"Leptospermum trinervium"
-32.783442,151.480138,"Leptospermum trinervium"
-32.783303,151.486896,"Leptospermum trinervium"
-32.783234,151.461229,"Leptospermum trinervium"
-32.783175,151.478231,"Leptospermum trinervium"
-32.782828,151.466496,"Leptospermum trinervium"
-32.78278,151.479474,"Leptospermum trinervium"
-32.78261,151.823507,"Leptospermum trinervium"
-32.782483,151.478027,"Leptospermum trinervium"
-32.782343,151.604176,"Leptospermum trinervium"
-32.782256,151.833923,"Leptospermum trinervium"
-32.78169,151.469548,"Leptospermum trinervium"
-32.78169,151.469548,"Leptospermum trinervium"
-32.781661,151.602884,"Leptospermum trinervium"
-32.781661,151.602884,"Leptospermum trinervium"
-32.781552,151.480786,"Leptospermum trinervium"
-32.781386,151.469058,"Leptospermum trinervium"
-32.781288,151.480641,"Leptospermum trinervium"
-32.781283,151.480627,"Leptospermum trinervium"
-32.781112,151.478744,"Leptospermum trinervium"
-32.780993,151.843549,"Leptospermum trinervium"
-32.780072,151.456774,"Leptospermum trinervium"
-32.779853,151.475317,"Leptospermum trinervium"
-32.779666,151.456433,"Leptospermum trinervium"
-32.779637,151.468018,"Leptospermum trinervium"
-32.779269,151.475508,"Leptospermum trinervium"
-32.778879,151.46903,"Leptospermum trinervium"
-32.778777,151.823558,"Leptospermum trinervium"
-32.77864,151.781708,"Leptospermum trinervium"
-32.778043,151.48895,"Leptospermum trinervium"
-32.777732,151.550839,"Leptospermum trinervium"
-32.777706,151.550947,"Leptospermum trinervium"
-32.777627,151.477369,"Leptospermum trinervium"
-32.77755,151.250877,"Leptospermum trinervium"
-32.777545,151.250863,"Leptospermum trinervium"
-32.777484,151.476064,"Leptospermum trinervium"
-32.777465,151.892211,"Leptospermum trinervium"
-32.777298,151.476652,"Leptospermum trinervium"
-32.777293,151.476638,"Leptospermum trinervium"
-32.777234,152.094857,"Leptospermum trinervium"
-32.77709,151.471015,"Leptospermum trinervium"
-32.776858,151.429701,"Leptospermum trinervium"
-32.776372,151.791583,"Leptospermum trinervium"
-32.775938,151.82193,"Leptospermum trinervium"
-32.775936,151.872478,"Leptospermum trinervium"
-32.775923,151.242828,"Leptospermum trinervium"
-32.775822,150.471192,"Leptospermum trinervium"
-32.775807,151.868184,"Leptospermum trinervium"
-32.775758,151.476839,"Leptospermum trinervium"
-32.775711,150.849348,"Leptospermum trinervium"
-32.775711,150.849348,"Leptospermum trinervium"
-32.774905,151.781631,"Leptospermum trinervium"
-32.774892,151.80843,"Leptospermum trinervium"
-32.774892,151.80843,"Leptospermum trinervium"
-32.774448,150.50291,"Leptospermum trinervium"
-32.774292,151.775244,"Leptospermum trinervium"
-32.774027,150.472492,"Leptospermum trinervium"
-32.773908,151.116392,"Leptospermum trinervium"
-32.77355,150.472986,"Leptospermum trinervium"
-32.77355,150.472986,"Leptospermum trinervium"
-32.773336,151.475652,"Leptospermum trinervium"
-32.773331,151.475638,"Leptospermum trinervium"
-32.773264,151.876248,"Leptospermum trinervium"
-32.773264,151.876248,"Leptospermum trinervium"
-32.772854,151.901383,"Leptospermum trinervium"
-32.772771,151.126589,"Leptospermum trinervium"
-32.772771,151.126589,"Leptospermum trinervium"
-32.772771,151.126589,"Leptospermum trinervium"
-32.772541,152.033889,"Leptospermum trinervium"
-32.772541,152.033889,"Leptospermum trinervium"
-32.772063,151.7863,"Leptospermum trinervium"
-32.770551,152.051129,"Leptospermum trinervium"
-32.769199,151.927012,"Leptospermum trinervium"
-32.769199,151.927012,"Leptospermum trinervium"
-32.767891,151.918647,"Leptospermum trinervium"
-32.766212,151.886554,"Leptospermum trinervium"
-32.766212,151.886554,"Leptospermum trinervium"
-32.766198,151.917909,"Leptospermum trinervium"
-32.766198,151.917909,"Leptospermum trinervium"
-32.766198,151.917909,"Leptospermum trinervium"
-32.766198,151.917909,"Leptospermum trinervium"
-32.766198,151.917909,"Leptospermum trinervium"
-32.766198,151.917909,"Leptospermum trinervium"
-32.765888,150.363813,"Leptospermum trinervium"
-32.765888,150.363813,"Leptospermum trinervium"
-32.765435,151.899705,"Leptospermum trinervium"
-32.765435,151.899705,"Leptospermum trinervium"
-32.765435,151.899705,"Leptospermum trinervium"
-32.765435,151.899705,"Leptospermum trinervium"
-32.764542,152.115056,"Leptospermum trinervium"
-32.764,151.03733,"Leptospermum trinervium"
-32.761416,151.862788,"Leptospermum trinervium"
-32.760158,151.956752,"Leptospermum trinervium"
-32.760124,151.952727,"Leptospermum trinervium"
-32.760033,152.011368,"Leptospermum trinervium"
-32.758096,151.958302,"Leptospermum trinervium"
-32.75722,151.901941,"Leptospermum trinervium"
-32.75722,151.901941,"Leptospermum trinervium"
-32.755489,151.919661,"Leptospermum trinervium"
-32.754741,151.906306,"Leptospermum trinervium"
-32.754603,152.139613,"Leptospermum trinervium"
-32.754603,152.139613,"Leptospermum trinervium"
-32.752563,150.505591,"Leptospermum trinervium"
-32.752563,150.505591,"Leptospermum trinervium"
-32.752452,151.973878,"Leptospermum trinervium"
-32.75232,151.957636,"Leptospermum trinervium"
-32.75232,151.957636,"Leptospermum trinervium"
-32.752319,151.946959,"Leptospermum trinervium"
-32.752319,151.946959,"Leptospermum trinervium"
-32.752143,151.947462,"Leptospermum trinervium"
-32.752143,151.947462,"Leptospermum trinervium"
-32.752119,151.977233,"Leptospermum trinervium"
-32.75196,152.148712,"Leptospermum trinervium"
-32.75196,152.148712,"Leptospermum trinervium"
-32.751601,151.915524,"Leptospermum trinervium"
-32.75142,150.876505,"Leptospermum trinervium"
-32.751265,152.158474,"Leptospermum trinervium"
-32.75091,151.984765,"Leptospermum trinervium"
-32.75091,151.984765,"Leptospermum trinervium"
-32.750473,152.118014,"Leptospermum trinervium"
-32.750372,151.94058,"Leptospermum trinervium"
-32.750372,151.94058,"Leptospermum trinervium"
-32.750275,151.921742,"Leptospermum trinervium"
-32.750275,151.921742,"Leptospermum trinervium"
-32.750229,152.146559,"Leptospermum trinervium"
-32.750229,152.146559,"Leptospermum trinervium"
-32.75012,151.659986,"Leptospermum trinervium"
-32.749861,151.923142,"Leptospermum trinervium"
-32.749861,151.923142,"Leptospermum trinervium"
-32.749722,152.146911,"Leptospermum trinervium"
-32.749689,152.146682,"Leptospermum trinervium"
-32.749689,152.146682,"Leptospermum trinervium"
-32.749685,151.923592,"Leptospermum trinervium"
-32.749685,151.923592,"Leptospermum trinervium"
-32.748852,151.985927,"Leptospermum trinervium"
-32.748406,152.120361,"Leptospermum trinervium"
-32.747167,152.116039,"Leptospermum trinervium"
-32.747148,151.925416,"Leptospermum trinervium"
-32.746855,151.925942,"Leptospermum trinervium"
-32.746811,151.93239,"Leptospermum trinervium"
-32.746783,151.932337,"Leptospermum trinervium"
-32.746772,151.932454,"Leptospermum trinervium"
-32.746711,151.988655,"Leptospermum trinervium"
-32.746711,151.988655,"Leptospermum trinervium"
-32.746711,151.988655,"Leptospermum trinervium"
-32.746668,151.926275,"Leptospermum trinervium"
-32.74623,151.931617,"Leptospermum trinervium"
-32.74621,151.931767,"Leptospermum trinervium"
-32.746195,151.93372,"Leptospermum trinervium"
-32.746127,151.933711,"Leptospermum trinervium"
-32.746104,152.12143,"Leptospermum trinervium"
-32.746076,151.932943,"Leptospermum trinervium"
-32.746023,151.932991,"Leptospermum trinervium"
-32.745304,151.973205,"Leptospermum trinervium"
-32.742154,151.982954,"Leptospermum trinervium"
-32.742154,151.982954,"Leptospermum trinervium"
-32.7417,152,"Leptospermum trinervium"
-32.741526,152.153377,"Leptospermum trinervium"
-32.741526,152.153377,"Leptospermum trinervium"
-32.741437,152.153666,"Leptospermum trinervium"
-32.741437,152.153666,"Leptospermum trinervium"
-32.740805,151.970097,"Leptospermum trinervium"
-32.740805,151.970097,"Leptospermum trinervium"
-32.740581,151.956172,"Leptospermum trinervium"
-32.740581,151.956172,"Leptospermum trinervium"
-32.739276,151.979475,"Leptospermum trinervium"
-32.739276,151.979475,"Leptospermum trinervium"
-32.73909,151.959591,"Leptospermum trinervium"
-32.738986,152.070022,"Leptospermum trinervium"
-32.738738,151.961177,"Leptospermum trinervium"
-32.738647,151.961282,"Leptospermum trinervium"
-32.738541,151.958157,"Leptospermum trinervium"
-32.738341,151.960558,"Leptospermum trinervium"
-32.738211,151.960988,"Leptospermum trinervium"
-32.738184,151.960999,"Leptospermum trinervium"
-32.738135,151.962729,"Leptospermum trinervium"
-32.738133,151.962729,"Leptospermum trinervium"
-32.738105,151.959311,"Leptospermum trinervium"
-32.73808,151.959336,"Leptospermum trinervium"
-32.738054,151.962762,"Leptospermum trinervium"
-32.737372,151.960934,"Leptospermum trinervium"
-32.737192,152.165929,"Leptospermum trinervium"
-32.737166,151.974063,"Leptospermum trinervium"
-32.737146,151.972975,"Leptospermum trinervium"
-32.737028,151.973948,"Leptospermum trinervium"
-32.736627,151.97122,"Leptospermum trinervium"
-32.73633,151.974671,"Leptospermum trinervium"
-32.736316,151.974613,"Leptospermum trinervium"
-32.73612,152.140858,"Leptospermum trinervium"
-32.73612,152.140858,"Leptospermum trinervium"
-32.73604,151.9689,"Leptospermum trinervium"
-32.735636,151.975843,"Leptospermum trinervium"
-32.734867,151.978264,"Leptospermum trinervium"
-32.734601,152.09072,"Leptospermum trinervium"
-32.734107,152.017994,"Leptospermum trinervium"
-32.733978,151.98601,"Leptospermum trinervium"
-32.733915,151.986,"Leptospermum trinervium"
-32.732607,152.019995,"Leptospermum trinervium"
-32.732023,152.024953,"Leptospermum trinervium"
-32.731943,152.136595,"Leptospermum trinervium"
-32.731846,151.98008,"Leptospermum trinervium"
-32.73093,152.17859,"Leptospermum trinervium"
-32.730833,152.178611,"Leptospermum trinervium"
-32.730587,152.090686,"Leptospermum trinervium"
-32.730409,152.163324,"Leptospermum trinervium"
-32.730317,152.17821,"Leptospermum trinervium"
-32.73024,152.129659,"Leptospermum trinervium"
-32.730186,152.024173,"Leptospermum trinervium"
-32.730061,152.178802,"Leptospermum trinervium"
-32.729904,152.016994,"Leptospermum trinervium"
-32.729699,152.024189,"Leptospermum trinervium"
-32.729444,151.548056,"Leptospermum trinervium"
-32.729439,152.006531,"Leptospermum trinervium"
-32.729201,152.015914,"Leptospermum trinervium"
-32.728661,152.00851,"Leptospermum trinervium"
-32.728287,152.008688,"Leptospermum trinervium"
-32.728144,152.161745,"Leptospermum trinervium"
-32.727659,152.010253,"Leptospermum trinervium"
-32.726182,151.510593,"Leptospermum trinervium"
-32.725015,152.166042,"Leptospermum trinervium"
-32.724979,152.026907,"Leptospermum trinervium"
-32.720499,152.070579,"Leptospermum trinervium"
-32.716625,150.961554,"Leptospermum trinervium"
-32.716599,150.959954,"Leptospermum trinervium"
-32.716554,152.070171,"Leptospermum trinervium"
-32.715106,152.068244,"Leptospermum trinervium"
-32.714057,151.919393,"Leptospermum trinervium"
-32.714057,151.919393,"Leptospermum trinervium"
-32.712616,151.913361,"Leptospermum trinervium"
-32.712616,151.913361,"Leptospermum trinervium"
-32.712616,151.913361,"Leptospermum trinervium"
-32.711188,151.904946,"Leptospermum trinervium"
-32.709996,151.764117,"Leptospermum trinervium"
-32.709836,151.894649,"Leptospermum trinervium"
-32.70948,151.915956,"Leptospermum trinervium"
-32.707365,150.982913,"Leptospermum trinervium"
-32.706348,150.40556,"Leptospermum trinervium"
-32.705872,151.916,"Leptospermum trinervium"
-32.705446,150.405586,"Leptospermum trinervium"
-32.7,152.1,"Leptospermum trinervium"
-32.69948,150.604119,"Leptospermum trinervium"
-32.69909,151.085542,"Leptospermum trinervium"
-32.699038,151.919318,"Leptospermum trinervium"
-32.699038,151.919318,"Leptospermum trinervium"
-32.696252,150.64793,"Leptospermum trinervium"
-32.696252,150.64793,"Leptospermum trinervium"
-32.695832,150.464516,"Leptospermum trinervium"
-32.695832,150.464516,"Leptospermum trinervium"
-32.694668,151.915701,"Leptospermum trinervium"
-32.694668,151.915701,"Leptospermum trinervium"
-32.69454,151.383034,"Leptospermum trinervium"
-32.693999,151.355553,"Leptospermum trinervium"
-32.688689,151.879923,"Leptospermum trinervium"
-32.687567,151.907346,"Leptospermum trinervium"
-32.687567,151.907346,"Leptospermum trinervium"
-32.681328,151.786743,"Leptospermum trinervium"
-32.681328,151.786743,"Leptospermum trinervium"
-32.681263,151.849143,"Leptospermum trinervium"
-32.678373,152.060691,"Leptospermum trinervium"
-32.676669,152.06181,"Leptospermum trinervium"
-32.675112,150.267998,"Leptospermum trinervium"
-32.673104,152.062975,"Leptospermum trinervium"
-32.673058,152.06289,"Leptospermum trinervium"
-32.672756,152.177301,"Leptospermum trinervium"
-32.671241,152.070897,"Leptospermum trinervium"
-32.671178,152.070834,"Leptospermum trinervium"
-32.670194,152.073201,"Leptospermum trinervium"
-32.669283,151.806311,"Leptospermum trinervium"
-32.669274,151.806322,"Leptospermum trinervium"
-32.668313,152.067696,"Leptospermum trinervium"
-32.668234,152.068027,"Leptospermum trinervium"
-32.667086,152.068924,"Leptospermum trinervium"
-32.66661,152.068815,"Leptospermum trinervium"
-32.666189,150.214844,"Leptospermum trinervium"
-32.665278,150.993107,"Leptospermum trinervium"
-32.665143,151.815857,"Leptospermum trinervium"
-32.665143,151.815857,"Leptospermum trinervium"
-32.664541,150.262863,"Leptospermum trinervium"
-32.661733,150.998176,"Leptospermum trinervium"
-32.659705,151.886736,"Leptospermum trinervium"
-32.659705,151.886736,"Leptospermum trinervium"
-32.658665,151.059983,"Leptospermum trinervium"
-32.658355,151.05926,"Leptospermum trinervium"
-32.657823,152.07513,"Leptospermum trinervium"
-32.656273,151.818595,"Leptospermum trinervium"
-32.655571,151.816791,"Leptospermum trinervium"
-32.654742,151.816024,"Leptospermum trinervium"
-32.654493,151.817264,"Leptospermum trinervium"
-32.653676,152.072977,"Leptospermum trinervium"
-32.65,152.183333,"Leptospermum trinervium"
-32.647533,150.575662,"Leptospermum trinervium"
-32.64722,152.0375,"Leptospermum trinervium"
-32.64473,151.934564,"Leptospermum trinervium"
-32.642936,152.183904,"Leptospermum trinervium"
-32.641128,151.808608,"Leptospermum trinervium"
-32.634448,151.932387,"Leptospermum trinervium"
-32.633923,151.923747,"Leptospermum trinervium"
-32.629839,151.77999,"Leptospermum trinervium"
-32.629623,151.996011,"Leptospermum trinervium"
-32.627681,151.918503,"Leptospermum trinervium"
-32.626737,152.172818,"Leptospermum trinervium"
-32.626737,152.172818,"Leptospermum trinervium"
-32.625928,151.999159,"Leptospermum trinervium"
-32.625495,151.995015,"Leptospermum trinervium"
-32.625419,151.778971,"Leptospermum trinervium"
-32.625371,151.900698,"Leptospermum trinervium"
-32.619417,150.080992,"Leptospermum trinervium"
-32.615602,152.211917,"Leptospermum trinervium"
-32.615602,152.211917,"Leptospermum trinervium"
-32.607357,152.233694,"Leptospermum trinervium"
-32.605558,152.157799,"Leptospermum trinervium"
-32.6,151.6167,"Leptospermum trinervium"
-32.598194,151.724293,"Leptospermum trinervium"
-32.594283,152.246324,"Leptospermum trinervium"
-32.594256,152.260205,"Leptospermum trinervium"
-32.594167,150.519444,"Leptospermum trinervium"
-32.589202,151.921704,"Leptospermum trinervium"
-32.589202,151.921704,"Leptospermum trinervium"
-32.58825,151.752669,"Leptospermum trinervium"
-32.586432,151.910509,"Leptospermum trinervium"
-32.585894,151.628751,"Leptospermum trinervium"
-32.58552,151.95798,"Leptospermum trinervium"
-32.583737,151.947393,"Leptospermum trinervium"
-32.583737,151.947393,"Leptospermum trinervium"
-32.581224,151.904604,"Leptospermum trinervium"
-32.577056,151.922453,"Leptospermum trinervium"
-32.576911,151.740777,"Leptospermum trinervium"
-32.576911,151.740777,"Leptospermum trinervium"
-32.576375,151.740599,"Leptospermum trinervium"
-32.574876,151.94169,"Leptospermum trinervium"
-32.57434,151.73717,"Leptospermum trinervium"
-32.572979,150.528129,"Leptospermum trinervium"
-32.564664,151.941576,"Leptospermum trinervium"
-32.564664,151.941576,"Leptospermum trinervium"
-32.564372,152.255392,"Leptospermum trinervium"
-32.563502,151.954975,"Leptospermum trinervium"
-32.562172,151.953952,"Leptospermum trinervium"
-32.562168,151.953947,"Leptospermum trinervium"
-32.559853,151.952184,"Leptospermum trinervium"
-32.55985,151.952185,"Leptospermum trinervium"
-32.553844,151.913837,"Leptospermum trinervium"
-32.553463,151.918762,"Leptospermum trinervium"
-32.552424,152.302289,"Leptospermum trinervium"
-32.551613,151.911393,"Leptospermum trinervium"
-32.550423,151.918777,"Leptospermum trinervium"
-32.546818,151.91177,"Leptospermum trinervium"
-32.546287,151.942105,"Leptospermum trinervium"
-32.54102,151.922575,"Leptospermum trinervium"
-32.525431,150.377781,"Leptospermum trinervium"
-32.525431,150.377781,"Leptospermum trinervium"
-32.517579,151.917354,"Leptospermum trinervium"
-32.51109,152.271408,"Leptospermum trinervium"
-32.509086,152.280526,"Leptospermum trinervium"
-32.508309,152.278818,"Leptospermum trinervium"
-32.5,150.8333,"Leptospermum trinervium"
-32.491828,150.148465,"Leptospermum trinervium"
-32.491224,150.146091,"Leptospermum trinervium"
-32.491224,150.146091,"Leptospermum trinervium"
-32.490162,152.220253,"Leptospermum trinervium"
-32.489644,152.219725,"Leptospermum trinervium"
-32.483763,152.360571,"Leptospermum trinervium"
-32.483763,152.360571,"Leptospermum trinervium"
-32.483763,152.360571,"Leptospermum trinervium"
-32.483543,150.148876,"Leptospermum trinervium"
-32.483543,150.148876,"Leptospermum trinervium"
-32.480111,150.142293,"Leptospermum trinervium"
-32.480111,150.142293,"Leptospermum trinervium"
-32.479509,152.397775,"Leptospermum trinervium"
-32.479509,152.397775,"Leptospermum trinervium"
-32.477065,152.186766,"Leptospermum trinervium"
-32.474704,150.385296,"Leptospermum trinervium"
-32.47445,150.53254,"Leptospermum trinervium"
-32.473585,152.23987,"Leptospermum trinervium"
-32.47349,152.210391,"Leptospermum trinervium"
-32.47218,150.532176,"Leptospermum trinervium"
-32.472077,152.385431,"Leptospermum trinervium"
-32.47207,152.385417,"Leptospermum trinervium"
-32.47207,152.385417,"Leptospermum trinervium"
-32.47207,152.385417,"Leptospermum trinervium"
-32.470681,152.224313,"Leptospermum trinervium"
-32.466532,152.221528,"Leptospermum trinervium"
-32.465965,150.379571,"Leptospermum trinervium"
-32.464836,152.220064,"Leptospermum trinervium"
-32.464036,152.217507,"Leptospermum trinervium"
-32.463794,152.222105,"Leptospermum trinervium"
-32.452369,152.214192,"Leptospermum trinervium"
-32.452234,152.224343,"Leptospermum trinervium"
-32.452232,152.224003,"Leptospermum trinervium"
-32.447267,150.399874,"Leptospermum trinervium"
-32.447253,150.201932,"Leptospermum trinervium"
-32.447253,150.201932,"Leptospermum trinervium"
-32.446261,150.399201,"Leptospermum trinervium"
-32.441889,150.261278,"Leptospermum trinervium"
-32.441889,150.261278,"Leptospermum trinervium"
-32.441198,150.26458,"Leptospermum trinervium"
-32.438278,150.203805,"Leptospermum trinervium"
-32.438278,150.203805,"Leptospermum trinervium"
-32.437713,150.54408,"Leptospermum trinervium"
-32.437713,150.54408,"Leptospermum trinervium"
-32.427332,150.430596,"Leptospermum trinervium"
-32.427332,150.430596,"Leptospermum trinervium"
-32.42573,149.8384,"Leptospermum trinervium"
-32.424624,150.280238,"Leptospermum trinervium"
-32.424306,150.349883,"Leptospermum trinervium"
-32.423587,150.337146,"Leptospermum trinervium"
-32.423587,150.337146,"Leptospermum trinervium"
-32.4232752,150.3728106,"Leptospermum trinervium"
-32.421468,150.343587,"Leptospermum trinervium"
-32.421468,150.343587,"Leptospermum trinervium"
-32.420615,150.282485,"Leptospermum trinervium"
-32.420615,150.282485,"Leptospermum trinervium"
-32.420403,150.512123,"Leptospermum trinervium"
-32.419732,150.500978,"Leptospermum trinervium"
-32.4185,152.208721,"Leptospermum trinervium"
-32.418328,150.280959,"Leptospermum trinervium"
-32.418328,150.280959,"Leptospermum trinervium"
-32.4168,152.20985,"Leptospermum trinervium"
-32.4167,152.2,"Leptospermum trinervium"
-32.416667,150.316667,"Leptospermum trinervium"
-32.416589,150.292311,"Leptospermum trinervium"
-32.416589,150.292311,"Leptospermum trinervium"
-32.4153001,150.1842707,"Leptospermum trinervium"
-32.415096,150.251154,"Leptospermum trinervium"
-32.414889,150.352284,"Leptospermum trinervium"
-32.414889,150.352284,"Leptospermum trinervium"
-32.414889,150.352284,"Leptospermum trinervium"
-32.414715,150.430954,"Leptospermum trinervium"
-32.414618,150.516003,"Leptospermum trinervium"
-32.414618,150.516003,"Leptospermum trinervium"
-32.413814,150.43098,"Leptospermum trinervium"
-32.413814,150.43098,"Leptospermum trinervium"
-32.413176,150.356586,"Leptospermum trinervium"
-32.4083,150.1833,"Leptospermum trinervium"
-32.402627,150.099815,"Leptospermum trinervium"
-32.402627,150.099815,"Leptospermum trinervium"
-32.400679,150.097826,"Leptospermum trinervium"
-32.400679,150.097826,"Leptospermum trinervium"
-32.4,150.416667,"Leptospermum trinervium"
-32.399708,150.095997,"Leptospermum trinervium"
-32.399177,150.168877,"Leptospermum trinervium"
-32.397921,150.173167,"Leptospermum trinervium"
-32.392572,150.473031,"Leptospermum trinervium"
-32.392572,150.473031,"Leptospermum trinervium"
-32.389039,150.323814,"Leptospermum trinervium"
-32.388921,152.219004,"Leptospermum trinervium"
-32.388126,150.102829,"Leptospermum trinervium"
-32.388126,150.102829,"Leptospermum trinervium"
-32.387618,150.109742,"Leptospermum trinervium"
-32.387618,150.109742,"Leptospermum trinervium"
-32.386702,150.160628,"Leptospermum trinervium"
-32.384712,150.161551,"Leptospermum trinervium"
-32.384472,150.09605,"Leptospermum trinervium"
-32.381595,150.651341,"Leptospermum trinervium"
-32.381183,150.653477,"Leptospermum trinervium"
-32.380244,150.116511,"Leptospermum trinervium"
-32.365692,150.644846,"Leptospermum trinervium"
-32.365676,150.668223,"Leptospermum trinervium"
-32.364989,150.65549,"Leptospermum trinervium"
-32.364183,150.655492,"Leptospermum trinervium"
-32.363503,150.206642,"Leptospermum trinervium"
-32.363123,150.209841,"Leptospermum trinervium"
-32.361619,150.668327,"Leptospermum trinervium"
-32.361619,150.668327,"Leptospermum trinervium"
-32.343541,150.34693,"Leptospermum trinervium"
-32.339241,150.501168,"Leptospermum trinervium"
-32.336628,150.24326,"Leptospermum trinervium"
-32.333333,150.483333,"Leptospermum trinervium"
-32.33333,150.48333,"Leptospermum trinervium"
-32.326199,150.053282,"Leptospermum trinervium"
-32.325704,150.568983,"Leptospermum trinervium"
-32.323927,150.530965,"Leptospermum trinervium"
-32.323609,150.565752,"Leptospermum trinervium"
-32.322646,150.562592,"Leptospermum trinervium"
-32.322646,150.562592,"Leptospermum trinervium"
-32.320854,150.563171,"Leptospermum trinervium"
-32.320854,150.563171,"Leptospermum trinervium"
-32.319901,150.560542,"Leptospermum trinervium"
-32.319901,150.560542,"Leptospermum trinervium"
-32.319836,150.399338,"Leptospermum trinervium"
-32.319197,150.671646,"Leptospermum trinervium"
-32.319197,150.671646,"Leptospermum trinervium"
-32.319197,150.671646,"Leptospermum trinervium"
-32.317904,150.045588,"Leptospermum trinervium"
-32.317019,150.588391,"Leptospermum trinervium"
-32.316919,150.546285,"Leptospermum trinervium"
-32.315884,150.67344,"Leptospermum trinervium"
-32.315884,150.67344,"Leptospermum trinervium"
-32.314129,150.077032,"Leptospermum trinervium"
-32.313985,150.658059,"Leptospermum trinervium"
-32.310556,150.038611,"Leptospermum trinervium"
-32.308989,150.591236,"Leptospermum trinervium"
-32.305938,150.538087,"Leptospermum trinervium"
-32.305294,150.389455,"Leptospermum trinervium"
-32.303224,150.53763,"Leptospermum trinervium"
-32.302873,150.043529,"Leptospermum trinervium"
-32.302212,150.578535,"Leptospermum trinervium"
-32.30053,150.05052,"Leptospermum trinervium"
-32.299127,150.014628,"Leptospermum trinervium"
-32.299127,150.014628,"Leptospermum trinervium"
-32.298478,150.013142,"Leptospermum trinervium"
-32.298478,150.013142,"Leptospermum trinervium"
-32.291717,150.146865,"Leptospermum trinervium"
-32.291717,150.146865,"Leptospermum trinervium"
-32.288114,150.143019,"Leptospermum trinervium"
-32.288114,150.143019,"Leptospermum trinervium"
-32.285801,150.592773,"Leptospermum trinervium"
-32.284565,150.551935,"Leptospermum trinervium"
-32.284555,150.551404,"Leptospermum trinervium"
-32.270833,150.634722,"Leptospermum trinervium"
-32.2667,150.5,"Leptospermum trinervium"
-32.266667,150.5,"Leptospermum trinervium"
-32.264465,150.749299,"Leptospermum trinervium"
-32.259623,152.528654,"Leptospermum trinervium"
-32.254813,152.534451,"Leptospermum trinervium"
-32.251167,152.532374,"Leptospermum trinervium"
-32.251167,152.532374,"Leptospermum trinervium"
-32.251167,152.532374,"Leptospermum trinervium"
-32.245575,150.36916,"Leptospermum trinervium"
-32.237655,152.544495,"Leptospermum trinervium"
-32.236833,152.53916,"Leptospermum trinervium"
-32.236539,152.53758,"Leptospermum trinervium"
-32.236084,150.036042,"Leptospermum trinervium"
-32.235774,152.539269,"Leptospermum trinervium"
-32.234553,152.541111,"Leptospermum trinervium"
-32.233333,150.65,"Leptospermum trinervium"
-32.229126,152.544363,"Leptospermum trinervium"
-32.224726,150.573645,"Leptospermum trinervium"
-32.224726,150.573645,"Leptospermum trinervium"
-32.221032,152.543949,"Leptospermum trinervium"
-32.2167,152.5167,"Leptospermum trinervium"
-32.210462,150.567182,"Leptospermum trinervium"
-32.210459,149.699733,"Leptospermum trinervium"
-32.208197,150.613913,"Leptospermum trinervium"
-32.208167,150.612323,"Leptospermum trinervium"
-32.205389,152.527833,"Leptospermum trinervium"
-32.205389,152.527833,"Leptospermum trinervium"
-32.193865,150.61906,"Leptospermum trinervium"
-32.193865,150.61906,"Leptospermum trinervium"
-32.190629,150.576936,"Leptospermum trinervium"
-32.180906,152.452215,"Leptospermum trinervium"
-32.180829,152.452154,"Leptospermum trinervium"
-32.179514,152.453878,"Leptospermum trinervium"
-32.179484,152.454019,"Leptospermum trinervium"
-32.163252,152.493272,"Leptospermum trinervium"
-32.162577,152.455975,"Leptospermum trinervium"
-32.162572,152.455825,"Leptospermum trinervium"
-32.159605,152.483031,"Leptospermum trinervium"
-32.159301,152.481447,"Leptospermum trinervium"
-32.158579,152.483652,"Leptospermum trinervium"
-32.154602,152.498863,"Leptospermum trinervium"
-32.147001,149.746553,"Leptospermum trinervium"
-32.144722,152.488333,"Leptospermum trinervium"
-32.134542,152.494828,"Leptospermum trinervium"
-32.134542,152.494828,"Leptospermum trinervium"
-32.125909,152.433324,"Leptospermum trinervium"
-32.125716,152.433401,"Leptospermum trinervium"
-32.123171,152.393084,"Leptospermum trinervium"
-32.1225,152.440556,"Leptospermum trinervium"
-32.1225,152.440556,"Leptospermum trinervium"
-32.1225,152.440556,"Leptospermum trinervium"
-32.121676,152.496796,"Leptospermum trinervium"
-32.121676,152.496796,"Leptospermum trinervium"
-32.121676,152.496796,"Leptospermum trinervium"
-32.1182,151.974,"Leptospermum trinervium"
-32.118,151.9741,"Leptospermum trinervium"
-32.117495,151.973996,"Leptospermum trinervium"
-32.09965,151.601395,"Leptospermum trinervium"
-32.098033,151.593675,"Leptospermum trinervium"
-32.094107,152.448914,"Leptospermum trinervium"
-32.094107,152.448914,"Leptospermum trinervium"
-32.0851,152.452149,"Leptospermum trinervium"
-32.078901,152.491899,"Leptospermum trinervium"
-32.075759,152.494057,"Leptospermum trinervium"
-32.07404,149.1419,"Leptospermum trinervium"
-32.071549,150.775222,"Leptospermum trinervium"
-32.014853,149.599,"Leptospermum trinervium"
-32.006069,149.629675,"Leptospermum trinervium"
-32.000924,152.535072,"Leptospermum trinervium"
-31.963184,152.578697,"Leptospermum trinervium"
-31.955105,152.525918,"Leptospermum trinervium"
-31.955105,152.525918,"Leptospermum trinervium"
-31.930185,150.789378,"Leptospermum trinervium"
-31.923546,150.786259,"Leptospermum trinervium"
-31.915634,150.792835,"Leptospermum trinervium"
-31.899338,150.810097,"Leptospermum trinervium"
-31.89483,150.810204,"Leptospermum trinervium"
-31.89483,150.810204,"Leptospermum trinervium"
-31.870578,150.789852,"Leptospermum trinervium"
-31.833,152.714966,"Leptospermum trinervium"
-31.833,152.714966,"Leptospermum trinervium"
-31.824648,152.638031,"Leptospermum trinervium"
-31.7909,151.56941,"Leptospermum trinervium"
-31.790111,151.569519,"Leptospermum trinervium"
-31.783333,152.75,"Leptospermum trinervium"
-31.75,150.116667,"Leptospermum trinervium"
-31.733333,152.533333,"Leptospermum trinervium"
-31.6993728,152.5236063,"Leptospermum trinervium"
-31.695991,152.778468,"Leptospermum trinervium"
-31.694459,152.510597,"Leptospermum trinervium"
-31.694459,152.510597,"Leptospermum trinervium"
-31.694305,152.509492,"Leptospermum trinervium"
-31.693735,152.521797,"Leptospermum trinervium"
-31.693735,152.521797,"Leptospermum trinervium"
-31.678882,152.798523,"Leptospermum trinervium"
-31.675,152.802222,"Leptospermum trinervium"
-31.67499,152.80212,"Leptospermum trinervium"
-31.664025,152.810429,"Leptospermum trinervium"
-31.644836,152.838989,"Leptospermum trinervium"
-31.644836,152.838989,"Leptospermum trinervium"
-31.643139,152.746794,"Leptospermum trinervium"
-31.641745,152.838792,"Leptospermum trinervium"
-31.60826,152.837773,"Leptospermum trinervium"
-31.581993,152.834979,"Leptospermum trinervium"
-31.573197,152.843778,"Leptospermum trinervium"
-31.545843,152.860796,"Leptospermum trinervium"
-31.532357,152.865465,"Leptospermum trinervium"
-31.532357,152.865465,"Leptospermum trinervium"
-31.503964,152.894728,"Leptospermum trinervium"
-31.5,152.9,"Leptospermum trinervium"
-31.463248,152.822415,"Leptospermum trinervium"
-31.460635,151.579831,"Leptospermum trinervium"
-31.457491,152.880053,"Leptospermum trinervium"
-31.455474,152.893945,"Leptospermum trinervium"
-31.443282,152.858895,"Leptospermum trinervium"
-31.341991,152.874935,"Leptospermum trinervium"
-31.316764,152.921212,"Leptospermum trinervium"
-31.308211,152.961941,"Leptospermum trinervium"
-31.308211,152.961941,"Leptospermum trinervium"
-31.292595,152.566094,"Leptospermum trinervium"
-31.292595,152.566094,"Leptospermum trinervium"
-31.288811,152.958797,"Leptospermum trinervium"
-31.288811,152.958797,"Leptospermum trinervium"
-31.281098,152.158532,"Leptospermum trinervium"
-31.203159,152.896823,"Leptospermum trinervium"
-31.186851,152.979347,"Leptospermum trinervium"
-31.178657,152.849972,"Leptospermum trinervium"
-31.178651,152.849964,"Leptospermum trinervium"
-31.173408,152.976094,"Leptospermum trinervium"
-31.166667,152.966667,"Leptospermum trinervium"
-31.160458,152.881785,"Leptospermum trinervium"
-31.155163,152.82273,"Leptospermum trinervium"
-31.145583,152.907707,"Leptospermum trinervium"
-31.140758,152.853171,"Leptospermum trinervium"
-31.139684,152.844765,"Leptospermum trinervium"
-31.132864,152.838682,"Leptospermum trinervium"
-31.129017,152.2753,"Leptospermum trinervium"
-31.12826,152.877582,"Leptospermum trinervium"
-31.096981,152.832806,"Leptospermum trinervium"
-31.096559,152.859538,"Leptospermum trinervium"
-31.09483,153.007384,"Leptospermum trinervium"
-31.09099,153.00847,"Leptospermum trinervium"
-31.090033,153.008905,"Leptospermum trinervium"
-31.090033,153.008905,"Leptospermum trinervium"
-31.090033,153.008905,"Leptospermum trinervium"
-31.090033,153.008905,"Leptospermum trinervium"
-31.090033,153.008905,"Leptospermum trinervium"
-31.090033,153.008905,"Leptospermum trinervium"
-31.06049,153.025145,"Leptospermum trinervium"
-31.06049,153.025145,"Leptospermum trinervium"
-31.059326,153.02482,"Leptospermum trinervium"
-31.059326,153.02482,"Leptospermum trinervium"
-31.053889,153.021389,"Leptospermum trinervium"
-31.031245,153.028271,"Leptospermum trinervium"
-31.02259,153.02016,"Leptospermum trinervium"
-30.998499,153.026018,"Leptospermum trinervium"
-30.956389,152.216389,"Leptospermum trinervium"
-30.929499,152.975863,"Leptospermum trinervium"
-30.927666,152.967154,"Leptospermum trinervium"
-30.923983,152.962823,"Leptospermum trinervium"
-30.916667,152.866667,"Leptospermum trinervium"
-30.900587,152.969832,"Leptospermum trinervium"
-30.879895,153.031363,"Leptospermum trinervium"
-30.876851,152.954398,"Leptospermum trinervium"
-30.876851,152.954398,"Leptospermum trinervium"
-30.869698,152.277194,"Leptospermum trinervium"
-30.866667,153.016667,"Leptospermum trinervium"
-30.866199,152.280766,"Leptospermum trinervium"
-30.866199,152.280766,"Leptospermum trinervium"
-30.86286,152.272632,"Leptospermum trinervium"
-30.847698,152.267379,"Leptospermum trinervium"
-30.844018,152.280419,"Leptospermum trinervium"
-30.844018,152.280419,"Leptospermum trinervium"
-30.843939,152.266404,"Leptospermum trinervium"
-30.843939,152.266404,"Leptospermum trinervium"
-30.842308,152.985662,"Leptospermum trinervium"
-30.839601,152.983791,"Leptospermum trinervium"
-30.836127,152.982871,"Leptospermum trinervium"
-30.834459,152.988663,"Leptospermum trinervium"
-30.833989,152.995639,"Leptospermum trinervium"
-30.82621,152.989272,"Leptospermum trinervium"
-30.826174,152.986083,"Leptospermum trinervium"
-30.818718,152.983315,"Leptospermum trinervium"
-30.817864,152.988677,"Leptospermum trinervium"
-30.814354,152.990538,"Leptospermum trinervium"
-30.814317,152.98575,"Leptospermum trinervium"
-30.803895,152.92867,"Leptospermum trinervium"
-30.803895,152.92867,"Leptospermum trinervium"
-30.788669,151.294488,"Leptospermum trinervium"
-30.775397,152.971611,"Leptospermum trinervium"
-30.766375,152.975794,"Leptospermum trinervium"
-30.7407643,152.0305505,"Leptospermum trinervium"
-30.734805,152.033795,"Leptospermum trinervium"
-30.734805,152.033795,"Leptospermum trinervium"
-30.734805,152.033795,"Leptospermum trinervium"
-30.7225,152.265833,"Leptospermum trinervium"
-30.698611,152.981389,"Leptospermum trinervium"
-30.688709,152.984203,"Leptospermum trinervium"
-30.65793,152.984654,"Leptospermum trinervium"
-30.645736,152.987034,"Leptospermum trinervium"
-30.586594,152.361717,"Leptospermum trinervium"
-30.445045,152.492202,"Leptospermum trinervium"
-30.402582,152.304725,"Leptospermum trinervium"
-30.40116,152.308795,"Leptospermum trinervium"
-30.399554,153.068101,"Leptospermum trinervium"
-30.397629,153.069889,"Leptospermum trinervium"
-30.397629,153.069889,"Leptospermum trinervium"
-30.387356,152.962794,"Leptospermum trinervium"
-30.370483,153.072922,"Leptospermum trinervium"
-30.361719,153.073149,"Leptospermum trinervium"
-30.349004,153.089004,"Leptospermum trinervium"
-30.34596,153.10067,"Leptospermum trinervium"
-30.344055,153.093032,"Leptospermum trinervium"
-30.343057,153.088948,"Leptospermum trinervium"
-30.318446,153.115201,"Leptospermum trinervium"
-30.318,153.114914,"Leptospermum trinervium"
-30.316214,153.126024,"Leptospermum trinervium"
-30.301463,153.131267,"Leptospermum trinervium"
-30.281932,150.17493,"Leptospermum trinervium"
-30.266667,150.166667,"Leptospermum trinervium"
-30.248409,153.084413,"Leptospermum trinervium"
-30.207024,153.159003,"Leptospermum trinervium"
-30.207024,153.159003,"Leptospermum trinervium"
-30.122401,153.091135,"Leptospermum trinervium"
-30.117148,153.10306,"Leptospermum trinervium"
-30.114835,153.055053,"Leptospermum trinervium"
-30.114835,153.055053,"Leptospermum trinervium"
-30.114666,153.10228,"Leptospermum trinervium"
-30.113931,153.059205,"Leptospermum trinervium"
-30.113676,153.055001,"Leptospermum trinervium"
-30.113664,153.054888,"Leptospermum trinervium"
-30.11315,153.089162,"Leptospermum trinervium"
-30.11312,153.089135,"Leptospermum trinervium"
-30.112403,153.093196,"Leptospermum trinervium"
-30.112129,153.052976,"Leptospermum trinervium"
-30.112129,153.052976,"Leptospermum trinervium"
-30.112129,153.052976,"Leptospermum trinervium"
-30.105399,152.624374,"Leptospermum trinervium"
-30.094931,153.036233,"Leptospermum trinervium"
-30.088625,153.116956,"Leptospermum trinervium"
-30.083951,153.031079,"Leptospermum trinervium"
-30.083947,153.031053,"Leptospermum trinervium"
-30.083572,153.031206,"Leptospermum trinervium"
-30.077168,153.1049,"Leptospermum trinervium"
-30.076037,153.033242,"Leptospermum trinervium"
-30.065085,153.080272,"Leptospermum trinervium"
-30.064271,153.100675,"Leptospermum trinervium"
-30.064271,153.100675,"Leptospermum trinervium"
-30.063937,153.082958,"Leptospermum trinervium"
-30.062504,153.012488,"Leptospermum trinervium"
-30.062349,153.081764,"Leptospermum trinervium"
-30.062349,153.081764,"Leptospermum trinervium"
-30.059896,153.084832,"Leptospermum trinervium"
-30.059799,152.998025,"Leptospermum trinervium"
-30.059703,152.998236,"Leptospermum trinervium"
-30.059522,152.996914,"Leptospermum trinervium"
-30.059522,152.996914,"Leptospermum trinervium"
-30.058896,153.084573,"Leptospermum trinervium"
-30.058476,152.997655,"Leptospermum trinervium"
-30.058476,152.997655,"Leptospermum trinervium"
-30.058476,152.997655,"Leptospermum trinervium"
-30.057577,152.996914,"Leptospermum trinervium"
-30.057577,152.996914,"Leptospermum trinervium"
-30.057577,152.996914,"Leptospermum trinervium"
-30.055613,152.357803,"Leptospermum trinervium"
-30.05,152.366667,"Leptospermum trinervium"
-30.049799,153.004969,"Leptospermum trinervium"
-30.049237,153.063274,"Leptospermum trinervium"
-30.04922,153.063193,"Leptospermum trinervium"
-30.049219,153.063333,"Leptospermum trinervium"
-30.04914,152.344966,"Leptospermum trinervium"
-30.049089,153.063532,"Leptospermum trinervium"
-30.048436,153.062687,"Leptospermum trinervium"
-30.046998,153.006482,"Leptospermum trinervium"
-30.04534,153.069537,"Leptospermum trinervium"
-30.04534,153.069537,"Leptospermum trinervium"
-30.044444,153.056052,"Leptospermum trinervium"
-30.040093,153.073066,"Leptospermum trinervium"
-30.039113,153.091713,"Leptospermum trinervium"
-30.039052,153.07443,"Leptospermum trinervium"
-30.039036,153.035304,"Leptospermum trinervium"
-30.038499,153.006365,"Leptospermum trinervium"
-30.038499,153.006365,"Leptospermum trinervium"
-30.035556,153.071667,"Leptospermum trinervium"
-30.032299,153.010247,"Leptospermum trinervium"
-30.032299,153.010247,"Leptospermum trinervium"
-30.032299,153.010247,"Leptospermum trinervium"
-30.025491,153.060189,"Leptospermum trinervium"
-30.025491,153.060189,"Leptospermum trinervium"
-30.025264,153.009258,"Leptospermum trinervium"
-30.018491,153.12577,"Leptospermum trinervium"
-30.0167,151.65,"Leptospermum trinervium"
-30.016467,153.05811,"Leptospermum trinervium"
-30.016467,153.05811,"Leptospermum trinervium"
-30.011976,153.12571,"Leptospermum trinervium"
-30.009196,152.959249,"Leptospermum trinervium"
-30.008264,153.212003,"Leptospermum trinervium"
-30.008211,152.957352,"Leptospermum trinervium"
-30.007977,152.958731,"Leptospermum trinervium"
-30.007765,153.212983,"Leptospermum trinervium"
-30.007155,153.213037,"Leptospermum trinervium"
-30.005151,153.212561,"Leptospermum trinervium"
-30.000138,153.166972,"Leptospermum trinervium"
-29.998619,153.116269,"Leptospermum trinervium"
-29.99503,153.156792,"Leptospermum trinervium"
-29.99503,153.156792,"Leptospermum trinervium"
-29.994791,152.946084,"Leptospermum trinervium"
-29.994791,152.946084,"Leptospermum trinervium"
-29.99398,153.21818,"Leptospermum trinervium"
-29.993038,152.858169,"Leptospermum trinervium"
-29.992112,153.02181,"Leptospermum trinervium"
-29.992112,153.02181,"Leptospermum trinervium"
-29.992036,152.857652,"Leptospermum trinervium"
-29.99121,153.011442,"Leptospermum trinervium"
-29.991015,153.156226,"Leptospermum trinervium"
-29.989244,153.157633,"Leptospermum trinervium"
-29.989244,153.157633,"Leptospermum trinervium"
-29.989244,153.157633,"Leptospermum trinervium"
-29.988485,153.222952,"Leptospermum trinervium"
-29.988386,153.142163,"Leptospermum trinervium"
-29.98763,152.73616,"Leptospermum trinervium"
-29.987595,153.160888,"Leptospermum trinervium"
-29.987496,152.980303,"Leptospermum trinervium"
-29.986807,153.223196,"Leptospermum trinervium"
-29.986639,153.155618,"Leptospermum trinervium"
-29.986357,153.15738,"Leptospermum trinervium"
-29.986357,153.15738,"Leptospermum trinervium"
-29.986357,153.15738,"Leptospermum trinervium"
-29.986357,153.15738,"Leptospermum trinervium"
-29.985647,153.218346,"Leptospermum trinervium"
-29.985647,153.218346,"Leptospermum trinervium"
-29.985411,152.979217,"Leptospermum trinervium"
-29.985411,152.979217,"Leptospermum trinervium"
-29.985267,151.081623,"Leptospermum trinervium"
-29.985149,153.139682,"Leptospermum trinervium"
-29.981808,152.945953,"Leptospermum trinervium"
-29.977599,153.148276,"Leptospermum trinervium"
-29.977561,152.949207,"Leptospermum trinervium"
-29.977437,152.94525,"Leptospermum trinervium"
-29.973672,152.930551,"Leptospermum trinervium"
-29.971667,153.201247,"Leptospermum trinervium"
-29.970311,152.897384,"Leptospermum trinervium"
-29.965816,152.932013,"Leptospermum trinervium"
-29.95776,153.134774,"Leptospermum trinervium"
-29.957277,152.995783,"Leptospermum trinervium"
-29.955196,152.944585,"Leptospermum trinervium"
-29.954577,152.955996,"Leptospermum trinervium"
-29.954566,152.948369,"Leptospermum trinervium"
-29.95424,152.945529,"Leptospermum trinervium"
-29.952557,152.957976,"Leptospermum trinervium"
-29.952478,152.941001,"Leptospermum trinervium"
-29.952057,152.949168,"Leptospermum trinervium"
-29.950434,152.953107,"Leptospermum trinervium"
-29.950376,152.942505,"Leptospermum trinervium"
-29.949513,153.246095,"Leptospermum trinervium"
-29.948234,152.957802,"Leptospermum trinervium"
-29.947005,152.954497,"Leptospermum trinervium"
-29.946559,153.225017,"Leptospermum trinervium"
-29.946559,153.225017,"Leptospermum trinervium"
-29.9464,153.239159,"Leptospermum trinervium"
-29.9462,152.94942,"Leptospermum trinervium"
-29.945551,153.157555,"Leptospermum trinervium"
-29.945218,153.073348,"Leptospermum trinervium"
-29.945034,153.073885,"Leptospermum trinervium"
-29.945034,153.073885,"Leptospermum trinervium"
-29.944855,153.168691,"Leptospermum trinervium"
-29.942538,153.20019,"Leptospermum trinervium"
-29.939769,152.978278,"Leptospermum trinervium"
-29.938866,152.978278,"Leptospermum trinervium"
-29.935563,152.732097,"Leptospermum trinervium"
-29.934207,152.981525,"Leptospermum trinervium"
-29.933213,152.94916,"Leptospermum trinervium"
-29.932445,153.022795,"Leptospermum trinervium"
-29.932383,152.991547,"Leptospermum trinervium"
-29.931648,152.989677,"Leptospermum trinervium"
-29.931648,152.989677,"Leptospermum trinervium"
-29.930001,152.992053,"Leptospermum trinervium"
-29.927118,153.083965,"Leptospermum trinervium"
-29.926149,153.157266,"Leptospermum trinervium"
-29.925114,153.239366,"Leptospermum trinervium"
-29.923333,153.196667,"Leptospermum trinervium"
-29.923274,153.25801,"Leptospermum trinervium"
-29.920772,153.120479,"Leptospermum trinervium"
-29.916145,153.206194,"Leptospermum trinervium"
-29.915778,153.150257,"Leptospermum trinervium"
-29.91277,152.942806,"Leptospermum trinervium"
-29.912087,153.16579,"Leptospermum trinervium"
-29.911267,152.830783,"Leptospermum trinervium"
-29.905249,153.245533,"Leptospermum trinervium"
-29.905249,153.245533,"Leptospermum trinervium"
-29.902184,152.943424,"Leptospermum trinervium"
-29.900615,152.946832,"Leptospermum trinervium"
-29.897409,153.218331,"Leptospermum trinervium"
-29.896445,153.063225,"Leptospermum trinervium"
-29.895443,152.944536,"Leptospermum trinervium"
-29.894954,153.189226,"Leptospermum trinervium"
-29.893225,153.070377,"Leptospermum trinervium"
-29.889436,153.065225,"Leptospermum trinervium"
-29.886958,153.083673,"Leptospermum trinervium"
-29.88642,153.16626,"Leptospermum trinervium"
-29.885366,153.260242,"Leptospermum trinervium"
-29.885366,153.260242,"Leptospermum trinervium"
-29.882152,153.157974,"Leptospermum trinervium"
-29.880165,153.105668,"Leptospermum trinervium"
-29.878803,153.186679,"Leptospermum trinervium"
-29.87579,153.00176,"Leptospermum trinervium"
-29.87579,153.00176,"Leptospermum trinervium"
-29.87579,153.00176,"Leptospermum trinervium"
-29.874841,153.049809,"Leptospermum trinervium"
-29.864324,153.154834,"Leptospermum trinervium"
-29.863041,152.830631,"Leptospermum trinervium"
-29.862777,153.047681,"Leptospermum trinervium"
-29.862777,153.047681,"Leptospermum trinervium"
-29.857201,152.901014,"Leptospermum trinervium"
-29.852962,153.262388,"Leptospermum trinervium"
-29.851997,153.032053,"Leptospermum trinervium"
-29.851997,153.032053,"Leptospermum trinervium"
-29.851077,153.257824,"Leptospermum trinervium"
-29.848361,153.261958,"Leptospermum trinervium"
-29.848361,153.261958,"Leptospermum trinervium"
-29.84662,153.022931,"Leptospermum trinervium"
-29.8446,152.909183,"Leptospermum trinervium"
-29.839594,153.024365,"Leptospermum trinervium"
-29.839435,152.789169,"Leptospermum trinervium"
-29.839432,152.789188,"Leptospermum trinervium"
-29.838674,152.789376,"Leptospermum trinervium"
-29.838136,152.789276,"Leptospermum trinervium"
-29.838133,152.789294,"Leptospermum trinervium"
-29.836768,152.81579,"Leptospermum trinervium"
-29.834076,153.166691,"Leptospermum trinervium"
-29.834076,153.166691,"Leptospermum trinervium"
-29.833333,152.683333,"Leptospermum trinervium"
-29.832618,152.798217,"Leptospermum trinervium"
-29.832615,152.798218,"Leptospermum trinervium"
-29.831036,152.797851,"Leptospermum trinervium"
-29.831035,152.797859,"Leptospermum trinervium"
-29.830291,153.272262,"Leptospermum trinervium"
-29.82965,152.799743,"Leptospermum trinervium"
-29.829648,152.799746,"Leptospermum trinervium"
-29.828889,152.173333,"Leptospermum trinervium"
-29.827724,153.192556,"Leptospermum trinervium"
-29.827571,152.791244,"Leptospermum trinervium"
-29.827571,152.791244,"Leptospermum trinervium"
-29.827568,152.791252,"Leptospermum trinervium"
-29.827568,152.791252,"Leptospermum trinervium"
-29.827048,152.79158,"Leptospermum trinervium"
-29.827048,152.79158,"Leptospermum trinervium"
-29.827045,152.791574,"Leptospermum trinervium"
-29.827045,152.791574,"Leptospermum trinervium"
-29.826257,153.27768,"Leptospermum trinervium"
-29.826129,152.792205,"Leptospermum trinervium"
-29.826125,152.792207,"Leptospermum trinervium"
-29.824411,153.026234,"Leptospermum trinervium"
-29.823113,153.251283,"Leptospermum trinervium"
-29.823113,153.251283,"Leptospermum trinervium"
-29.822301,153.139727,"Leptospermum trinervium"
-29.822257,152.789747,"Leptospermum trinervium"
-29.821801,153.283882,"Leptospermum trinervium"
-29.821801,153.283882,"Leptospermum trinervium"
-29.82124,153.284657,"Leptospermum trinervium"
-29.820537,153.168221,"Leptospermum trinervium"
-29.818375,152.797744,"Leptospermum trinervium"
-29.818167,153.253376,"Leptospermum trinervium"
-29.818145,153.253341,"Leptospermum trinervium"
-29.818145,153.253341,"Leptospermum trinervium"
-29.817633,153.283612,"Leptospermum trinervium"
-29.81763,153.284646,"Leptospermum trinervium"
-29.816609,153.255365,"Leptospermum trinervium"
-29.816609,153.255365,"Leptospermum trinervium"
-29.816609,153.255365,"Leptospermum trinervium"
-29.816202,151.117524,"Leptospermum trinervium"
-29.816022,153.281543,"Leptospermum trinervium"
-29.815272,152.799041,"Leptospermum trinervium"
-29.815102,153.183736,"Leptospermum trinervium"
-29.81476,153.25323,"Leptospermum trinervium"
-29.813225,153.229785,"Leptospermum trinervium"
-29.813185,153.251517,"Leptospermum trinervium"
-29.812523,152.808535,"Leptospermum trinervium"
-29.811448,152.807844,"Leptospermum trinervium"
-29.808745,153.210113,"Leptospermum trinervium"
-29.803304,152.774454,"Leptospermum trinervium"
-29.798681,153.283558,"Leptospermum trinervium"
-29.798681,153.283558,"Leptospermum trinervium"
-29.797838,152.804707,"Leptospermum trinervium"
-29.797837,153.254583,"Leptospermum trinervium"
-29.79524,152.802163,"Leptospermum trinervium"
-29.79524,152.802163,"Leptospermum trinervium"
-29.795191,153.220431,"Leptospermum trinervium"
-29.795082,153.278374,"Leptospermum trinervium"
-29.794987,152.811873,"Leptospermum trinervium"
-29.794761,153.253688,"Leptospermum trinervium"
-29.794469,153.145242,"Leptospermum trinervium"
-29.793671,153.13121,"Leptospermum trinervium"
-29.793327,153.253537,"Leptospermum trinervium"
-29.793325,153.254572,"Leptospermum trinervium"
-29.792359,152.798417,"Leptospermum trinervium"
-29.792308,153.140055,"Leptospermum trinervium"
-29.79014,153.18945,"Leptospermum trinervium"
-29.789743,153.189127,"Leptospermum trinervium"
-29.789647,153.287671,"Leptospermum trinervium"
-29.788916,152.813798,"Leptospermum trinervium"
-29.788354,153.258439,"Leptospermum trinervium"
-29.788354,153.258439,"Leptospermum trinervium"
-29.785841,153.273952,"Leptospermum trinervium"
-29.785841,153.273952,"Leptospermum trinervium"
-29.78521,153.27084,"Leptospermum trinervium"
-29.78521,153.27084,"Leptospermum trinervium"
-29.78517,153.270846,"Leptospermum trinervium"
-29.78517,153.270846,"Leptospermum trinervium"
-29.784476,153.279121,"Leptospermum trinervium"
-29.784476,153.279121,"Leptospermum trinervium"
-29.780957,152.77478,"Leptospermum trinervium"
-29.780955,152.774785,"Leptospermum trinervium"
-29.780471,152.77191,"Leptospermum trinervium"
-29.780179,152.772979,"Leptospermum trinervium"
-29.780175,152.772987,"Leptospermum trinervium"
-29.780124,153.1404,"Leptospermum trinervium"
-29.778944,152.778647,"Leptospermum trinervium"
-29.778055,153.134428,"Leptospermum trinervium"
-29.777555,153.251226,"Leptospermum trinervium"
-29.777329,153.137572,"Leptospermum trinervium"
-29.776399,153.256598,"Leptospermum trinervium"
-29.776399,153.256598,"Leptospermum trinervium"
-29.776367,153.256633,"Leptospermum trinervium"
-29.775769,153.2911,"Leptospermum trinervium"
-29.775055,152.773965,"Leptospermum trinervium"
-29.774298,152.785522,"Leptospermum trinervium"
-29.770503,153.155147,"Leptospermum trinervium"
-29.766655,153.154748,"Leptospermum trinervium"
-29.766655,153.154748,"Leptospermum trinervium"
-29.765996,153.294696,"Leptospermum trinervium"
-29.764162,153.29295,"Leptospermum trinervium"
-29.762584,153.282422,"Leptospermum trinervium"
-29.762052,153.291981,"Leptospermum trinervium"
-29.761686,153.280351,"Leptospermum trinervium"
-29.7615,152.76614,"Leptospermum trinervium"
-29.761041,153.29058,"Leptospermum trinervium"
-29.760763,153.289657,"Leptospermum trinervium"
-29.760642,153.291186,"Leptospermum trinervium"
-29.760563,152.775456,"Leptospermum trinervium"
-29.760425,153.291756,"Leptospermum trinervium"
-29.759684,152.783712,"Leptospermum trinervium"
-29.754194,152.776566,"Leptospermum trinervium"
-29.749564,153.291124,"Leptospermum trinervium"
-29.747397,153.19654,"Leptospermum trinervium"
-29.747397,153.19654,"Leptospermum trinervium"
-29.747397,153.19654,"Leptospermum trinervium"
-29.747397,153.19654,"Leptospermum trinervium"
-29.744379,153.146183,"Leptospermum trinervium"
-29.743749,152.779758,"Leptospermum trinervium"
-29.742881,153.198599,"Leptospermum trinervium"
-29.742881,153.198599,"Leptospermum trinervium"
-29.740523,152.780243,"Leptospermum trinervium"
-29.740523,152.780243,"Leptospermum trinervium"
-29.738065,153.142802,"Leptospermum trinervium"
-29.734762,153.196515,"Leptospermum trinervium"
-29.732866,153.250283,"Leptospermum trinervium"
-29.732864,153.251317,"Leptospermum trinervium"
-29.723016,153.120716,"Leptospermum trinervium"
-29.7167,153.2167,"Leptospermum trinervium"
-29.715797,153.204749,"Leptospermum trinervium"
-29.71401,152.807738,"Leptospermum trinervium"
-29.71401,152.807738,"Leptospermum trinervium"
-29.710403,152.809813,"Leptospermum trinervium"
-29.709493,152.804645,"Leptospermum trinervium"
-29.701167,153.303959,"Leptospermum trinervium"
-29.69845,153.308085,"Leptospermum trinervium"
-29.694335,152.201854,"Leptospermum trinervium"
-29.694326,152.201849,"Leptospermum trinervium"
-29.694043,152.679653,"Leptospermum trinervium"
-29.685915,153.261536,"Leptospermum trinervium"
-29.685915,153.261536,"Leptospermum trinervium"
-29.685915,153.261536,"Leptospermum trinervium"
-29.685782,152.678594,"Leptospermum trinervium"
-29.679583,153.268754,"Leptospermum trinervium"
-29.679583,153.268754,"Leptospermum trinervium"
-29.665687,152.491061,"Leptospermum trinervium"
-29.662983,153.13753,"Leptospermum trinervium"
-29.659376,152.492643,"Leptospermum trinervium"
-29.658657,152.514076,"Leptospermum trinervium"
-29.658657,152.514076,"Leptospermum trinervium"
-29.657378,153.146253,"Leptospermum trinervium"
-29.651331,152.513348,"Leptospermum trinervium"
-29.650754,152.480288,"Leptospermum trinervium"
-29.649893,153.140859,"Leptospermum trinervium"
-29.648111,152.796498,"Leptospermum trinervium"
-29.648053,152.481851,"Leptospermum trinervium"
-29.647728,153.139782,"Leptospermum trinervium"
-29.641768,153.143483,"Leptospermum trinervium"
-29.638161,152.782055,"Leptospermum trinervium"
-29.637264,153.214921,"Leptospermum trinervium"
-29.631132,152.175303,"Leptospermum trinervium"
-29.627247,152.710551,"Leptospermum trinervium"
-29.622269,153.183822,"Leptospermum trinervium"
-29.616868,152.199526,"Leptospermum trinervium"
-29.609941,152.24967,"Leptospermum trinervium"
-29.607406,153.257202,"Leptospermum trinervium"
-29.6,152.183333,"Leptospermum trinervium"
-29.58436,152.813675,"Leptospermum trinervium"
-29.58436,152.813675,"Leptospermum trinervium"
-29.583333,152.416667,"Leptospermum trinervium"
-29.583333,152.416667,"Leptospermum trinervium"
-29.583333,152.25,"Leptospermum trinervium"
-29.583198,152.310785,"Leptospermum trinervium"
-29.583185,152.308204,"Leptospermum trinervium"
-29.582304,152.31234,"Leptospermum trinervium"
-29.580112,152.84438,"Leptospermum trinervium"
-29.5799274,152.7819199,"Leptospermum trinervium"
-29.579444,152.79,"Leptospermum trinervium"
-29.577491,153.140415,"Leptospermum trinervium"
-29.576944,152.811667,"Leptospermum trinervium"
-29.576847,152.795275,"Leptospermum trinervium"
-29.576846,153.146829,"Leptospermum trinervium"
-29.5749274,152.7874758,"Leptospermum trinervium"
-29.5738164,152.7891418,"Leptospermum trinervium"
-29.573324,152.321177,"Leptospermum trinervium"
-29.573319,152.320144,"Leptospermum trinervium"
-29.573301,152.316531,"Leptospermum trinervium"
-29.571527,152.322737,"Leptospermum trinervium"
-29.57062,152.321711,"Leptospermum trinervium"
-29.568353,152.319661,"Leptospermum trinervium"
-29.5679809,153.0766374,"Leptospermum trinervium"
-29.566667,152.25,"Leptospermum trinervium"
-29.566442,153.253303,"Leptospermum trinervium"
-29.566442,153.253303,"Leptospermum trinervium"
-29.566142,152.957719,"Leptospermum trinervium"
-29.56513,152.307295,"Leptospermum trinervium"
-29.564388,152.775875,"Leptospermum trinervium"
-29.564225,152.306785,"Leptospermum trinervium"
-29.561464,152.952253,"Leptospermum trinervium"
-29.561464,152.952253,"Leptospermum trinervium"
-29.560426,152.768556,"Leptospermum trinervium"
-29.560426,152.768556,"Leptospermum trinervium"
-29.558479,152.918464,"Leptospermum trinervium"
-29.557681,152.922352,"Leptospermum trinervium"
-29.557619,153.325206,"Leptospermum trinervium"
-29.556855,152.929196,"Leptospermum trinervium"
-29.554943,152.317151,"Leptospermum trinervium"
-29.554943,152.317151,"Leptospermum trinervium"
-29.554943,152.317151,"Leptospermum trinervium"
-29.554919,152.938116,"Leptospermum trinervium"
-29.554678,152.316657,"Leptospermum trinervium"
-29.554678,152.316657,"Leptospermum trinervium"
-29.554678,152.316657,"Leptospermum trinervium"
-29.552783,152.314832,"Leptospermum trinervium"
-29.552783,152.314832,"Leptospermum trinervium"
-29.552783,152.314832,"Leptospermum trinervium"
-29.552783,152.314832,"Leptospermum trinervium"
-29.552782,153.251452,"Leptospermum trinervium"
-29.552317,152.932564,"Leptospermum trinervium"
-29.552176,152.343892,"Leptospermum trinervium"
-29.550483,152.919276,"Leptospermum trinervium"
-29.55,152.416667,"Leptospermum trinervium"
-29.549796,152.297605,"Leptospermum trinervium"
-29.549796,152.297605,"Leptospermum trinervium"
-29.549521,152.257074,"Leptospermum trinervium"
-29.549521,152.257074,"Leptospermum trinervium"
-29.549293,152.921764,"Leptospermum trinervium"
-29.549091,152.297393,"Leptospermum trinervium"
-29.549091,152.297393,"Leptospermum trinervium"
-29.549091,152.297393,"Leptospermum trinervium"
-29.548027,152.297679,"Leptospermum trinervium"
-29.548027,152.297679,"Leptospermum trinervium"
-29.547706,152.303523,"Leptospermum trinervium"
-29.547706,152.303523,"Leptospermum trinervium"
-29.547031,152.301308,"Leptospermum trinervium"
-29.54599,152.30244,"Leptospermum trinervium"
-29.54599,152.30244,"Leptospermum trinervium"
-29.545624,152.35598,"Leptospermum trinervium"
-29.545624,152.35598,"Leptospermum trinervium"
-29.543287,152.314653,"Leptospermum trinervium"
-29.543262,152.947031,"Leptospermum trinervium"
-29.543261,152.314835,"Leptospermum trinervium"
-29.543261,152.314835,"Leptospermum trinervium"
-29.542476,152.316574,"Leptospermum trinervium"
-29.542476,152.316574,"Leptospermum trinervium"
-29.542476,152.316574,"Leptospermum trinervium"
-29.542475,152.316378,"Leptospermum trinervium"
-29.542222,152.266111,"Leptospermum trinervium"
-29.54182,152.308435,"Leptospermum trinervium"
-29.54182,152.308435,"Leptospermum trinervium"
-29.541808,152.314721,"Leptospermum trinervium"
-29.541808,152.314721,"Leptospermum trinervium"
-29.541669,152.268041,"Leptospermum trinervium"
-29.541478,152.314163,"Leptospermum trinervium"
-29.541418,152.314132,"Leptospermum trinervium"
-29.540652,152.267253,"Leptospermum trinervium"
-29.540652,152.267253,"Leptospermum trinervium"
-29.540074,152.924109,"Leptospermum trinervium"
-29.540019,152.317829,"Leptospermum trinervium"
-29.539087,152.93568,"Leptospermum trinervium"
-29.538617,152.271406,"Leptospermum trinervium"
-29.538617,152.271406,"Leptospermum trinervium"
-29.538617,152.271406,"Leptospermum trinervium"
-29.538617,152.271406,"Leptospermum trinervium"
-29.538346,150.710563,"Leptospermum trinervium"
-29.536999,152.269337,"Leptospermum trinervium"
-29.536749,152.934907,"Leptospermum trinervium"
-29.536677,152.95687,"Leptospermum trinervium"
-29.534999,152.339789,"Leptospermum trinervium"
-29.533467,152.249695,"Leptospermum trinervium"
-29.53344,152.249805,"Leptospermum trinervium"
-29.533425,152.309741,"Leptospermum trinervium"
-29.533425,152.309741,"Leptospermum trinervium"
-29.533333,152.333333,"Leptospermum trinervium"
-29.533333,152.25,"Leptospermum trinervium"
-29.533026,152.323345,"Leptospermum trinervium"
-29.533026,152.323345,"Leptospermum trinervium"
-29.531611,152.251364,"Leptospermum trinervium"
-29.531611,152.251364,"Leptospermum trinervium"
-29.530968,152.31273,"Leptospermum trinervium"
-29.530948,152.314123,"Leptospermum trinervium"
-29.530833,152.309722,"Leptospermum trinervium"
-29.530401,152.332568,"Leptospermum trinervium"
-29.530258,153.152899,"Leptospermum trinervium"
-29.529806,152.264236,"Leptospermum trinervium"
-29.529806,152.264236,"Leptospermum trinervium"
-29.529152,152.310678,"Leptospermum trinervium"
-29.529152,152.310678,"Leptospermum trinervium"
-29.529142,152.302745,"Leptospermum trinervium"
-29.526389,152.316944,"Leptospermum trinervium"
-29.525172,152.261131,"Leptospermum trinervium"
-29.524677,152.317932,"Leptospermum trinervium"
-29.524677,152.317932,"Leptospermum trinervium"
-29.524677,152.317932,"Leptospermum trinervium"
-29.521962,152.359855,"Leptospermum trinervium"
-29.521962,152.359855,"Leptospermum trinervium"
-29.521962,152.359855,"Leptospermum trinervium"
-29.521889,152.302472,"Leptospermum trinervium"
-29.52181,152.825653,"Leptospermum trinervium"
-29.521348,152.302476,"Leptospermum trinervium"
-29.521348,152.302476,"Leptospermum trinervium"
-29.521259,152.362088,"Leptospermum trinervium"
-29.521188,152.362181,"Leptospermum trinervium"
-29.521188,152.362181,"Leptospermum trinervium"
-29.521188,152.362181,"Leptospermum trinervium"
-29.521188,152.362181,"Leptospermum trinervium"
-29.520833,152.304444,"Leptospermum trinervium"
-29.520795,153.156393,"Leptospermum trinervium"
-29.520741,152.288406,"Leptospermum trinervium"
-29.520741,152.288406,"Leptospermum trinervium"
-29.520141,152.313319,"Leptospermum trinervium"
-29.520065,152.879314,"Leptospermum trinervium"
-29.519198,152.305586,"Leptospermum trinervium"
-29.519198,152.305586,"Leptospermum trinervium"
-29.519198,152.305586,"Leptospermum trinervium"
-29.519115,152.291574,"Leptospermum trinervium"
-29.519115,152.291574,"Leptospermum trinervium"
-29.519115,152.291574,"Leptospermum trinervium"
-29.518598,152.880415,"Leptospermum trinervium"
-29.518104,152.362727,"Leptospermum trinervium"
-29.518104,152.362727,"Leptospermum trinervium"
-29.517054,152.360278,"Leptospermum trinervium"
-29.516544,152.315923,"Leptospermum trinervium"
-29.516276,152.31644,"Leptospermum trinervium"
-29.516009,152.360573,"Leptospermum trinervium"
-29.516009,152.360573,"Leptospermum trinervium"
-29.515957,152.35931,"Leptospermum trinervium"
-29.515923,152.361554,"Leptospermum trinervium"
-29.515923,152.361554,"Leptospermum trinervium"
-29.515907,152.313812,"Leptospermum trinervium"
-29.515891,152.315267,"Leptospermum trinervium"
-29.515828,153.15134,"Leptospermum trinervium"
-29.5158,152.3544,"Leptospermum trinervium"
-29.515614,152.36298,"Leptospermum trinervium"
-29.515614,152.36298,"Leptospermum trinervium"
-29.515262,152.245768,"Leptospermum trinervium"
-29.514968,152.361849,"Leptospermum trinervium"
-29.514956,152.359097,"Leptospermum trinervium"
-29.514789,152.362232,"Leptospermum trinervium"
-29.511249,152.359809,"Leptospermum trinervium"
-29.511249,152.359809,"Leptospermum trinervium"
-29.509739,153.343625,"Leptospermum trinervium"
-29.509186,152.318923,"Leptospermum trinervium"
-29.509186,152.318923,"Leptospermum trinervium"
-29.508834,153.344654,"Leptospermum trinervium"
-29.508834,153.344654,"Leptospermum trinervium"
-29.506667,152.617222,"Leptospermum trinervium"
-29.506374,153.230121,"Leptospermum trinervium"
-29.506374,153.230121,"Leptospermum trinervium"
-29.506365,153.23528,"Leptospermum trinervium"
-29.505292,152.823503,"Leptospermum trinervium"
-29.505108,152.823452,"Leptospermum trinervium"
-29.503873,152.308786,"Leptospermum trinervium"
-29.503692,152.308787,"Leptospermum trinervium"
-29.502877,152.931419,"Leptospermum trinervium"
-29.501417,152.321963,"Leptospermum trinervium"
-29.501234,152.322216,"Leptospermum trinervium"
-29.501234,152.322216,"Leptospermum trinervium"
-29.500832,152.314171,"Leptospermum trinervium"
-29.500208,152.315723,"Leptospermum trinervium"
-29.5,152.6667,"Leptospermum trinervium"
-29.5,152.6667,"Leptospermum trinervium"
-29.498333,152.316944,"Leptospermum trinervium"
-29.498106,152.322866,"Leptospermum trinervium"
-29.496701,152.318119,"Leptospermum trinervium"
-29.496701,152.318119,"Leptospermum trinervium"
-29.496701,152.318119,"Leptospermum trinervium"
-29.496636,152.326713,"Leptospermum trinervium"
-29.496398,152.315315,"Leptospermum trinervium"
-29.496398,152.315315,"Leptospermum trinervium"
-29.49574,152.306778,"Leptospermum trinervium"
-29.49574,152.306778,"Leptospermum trinervium"
-29.49574,152.306778,"Leptospermum trinervium"
-29.49574,152.306778,"Leptospermum trinervium"
-29.495736,152.306056,"Leptospermum trinervium"
-29.495469,152.30678,"Leptospermum trinervium"
-29.494838,152.306887,"Leptospermum trinervium"
-29.493178,153.171786,"Leptospermum trinervium"
-29.492927,153.236191,"Leptospermum trinervium"
-29.491684,152.250945,"Leptospermum trinervium"
-29.49167,152.250992,"Leptospermum trinervium"
-29.491397,152.307436,"Leptospermum trinervium"
-29.491397,152.307436,"Leptospermum trinervium"
-29.489481,152.318168,"Leptospermum trinervium"
-29.489481,152.318168,"Leptospermum trinervium"
-29.489402,152.308069,"Leptospermum trinervium"
-29.489402,152.308069,"Leptospermum trinervium"
-29.488422,152.271653,"Leptospermum trinervium"
-29.487934,152.320024,"Leptospermum trinervium"
-29.487676,152.31818,"Leptospermum trinervium"
-29.487676,152.31818,"Leptospermum trinervium"
-29.487666,152.316117,"Leptospermum trinervium"
-29.487666,152.316117,"Leptospermum trinervium"
-29.487655,152.314054,"Leptospermum trinervium"
-29.487655,152.314054,"Leptospermum trinervium"
-29.487655,152.314054,"Leptospermum trinervium"
-29.48765,152.313022,"Leptospermum trinervium"
-29.487169,153.346644,"Leptospermum trinervium"
-29.487169,153.346644,"Leptospermum trinervium"
-29.486338,152.323608,"Leptospermum trinervium"
-29.485716,152.321277,"Leptospermum trinervium"
-29.485716,152.321277,"Leptospermum trinervium"
-29.485474,152.323074,"Leptospermum trinervium"
-29.485274,152.322904,"Leptospermum trinervium"
-29.485247,152.323028,"Leptospermum trinervium"
-29.485086,152.305953,"Leptospermum trinervium"
-29.485086,152.322944,"Leptospermum trinervium"
-29.485086,152.305953,"Leptospermum trinervium"
-29.484934,152.322769,"Leptospermum trinervium"
-29.484794,152.322862,"Leptospermum trinervium"
-29.484794,152.322862,"Leptospermum trinervium"
-29.484767,152.323349,"Leptospermum trinervium"
-29.484706,152.323167,"Leptospermum trinervium"
-29.484244,152.314159,"Leptospermum trinervium"
-29.484244,152.314159,"Leptospermum trinervium"
-29.484185,152.322427,"Leptospermum trinervium"
-29.48379,153.344311,"Leptospermum trinervium"
-29.48379,153.344311,"Leptospermum trinervium"
-29.483047,152.262408,"Leptospermum trinervium"
-29.483022,153.227015,"Leptospermum trinervium"
-29.482024,152.781359,"Leptospermum trinervium"
-29.482024,152.781359,"Leptospermum trinervium"
-29.482004,152.768981,"Leptospermum trinervium"
-29.482004,152.768981,"Leptospermum trinervium"
-29.480928,152.245939,"Leptospermum trinervium"
-29.48043,152.313071,"Leptospermum trinervium"
-29.48043,152.313071,"Leptospermum trinervium"
-29.47994,153.343995,"Leptospermum trinervium"
-29.47932,152.783428,"Leptospermum trinervium"
-29.47932,152.783428,"Leptospermum trinervium"
-29.478224,152.869205,"Leptospermum trinervium"
-29.4777,152.978385,"Leptospermum trinervium"
-29.472606,152.862501,"Leptospermum trinervium"
-29.466828,152.906186,"Leptospermum trinervium"
-29.466526,152.911865,"Leptospermum trinervium"
-29.465937,152.923719,"Leptospermum trinervium"
-29.464132,152.302868,"Leptospermum trinervium"
-29.464132,152.302868,"Leptospermum trinervium"
-29.462278,152.862875,"Leptospermum trinervium"
-29.460935,152.28704,"Leptospermum trinervium"
-29.460833,151.614167,"Leptospermum trinervium"
-29.458666,152.860817,"Leptospermum trinervium"
-29.457626,152.76388,"Leptospermum trinervium"
-29.457626,152.76388,"Leptospermum trinervium"
-29.454586,152.289703,"Leptospermum trinervium"
-29.454586,152.289703,"Leptospermum trinervium"
-29.449791,152.75802,"Leptospermum trinervium"
-29.449708,152.906982,"Leptospermum trinervium"
-29.4475,152.825278,"Leptospermum trinervium"
-29.445884,152.758751,"Leptospermum trinervium"
-29.445884,152.758751,"Leptospermum trinervium"
-29.424441,152.713736,"Leptospermum trinervium"
-29.422185,152.713743,"Leptospermum trinervium"
-29.4167,153.1667,"Leptospermum trinervium"
-29.409992,152.9485,"Leptospermum trinervium"
-29.409992,152.9485,"Leptospermum trinervium"
-29.409992,152.9485,"Leptospermum trinervium"
-29.409091,152.953654,"Leptospermum trinervium"
-29.408822,152.135723,"Leptospermum trinervium"
-29.405403,153.175411,"Leptospermum trinervium"
-29.403809,153.012267,"Leptospermum trinervium"
-29.403133,153.01315,"Leptospermum trinervium"
-29.403133,153.01315,"Leptospermum trinervium"
-29.40168,153.014562,"Leptospermum trinervium"
-29.400083,153.016537,"Leptospermum trinervium"
-29.392846,152.953662,"Leptospermum trinervium"
-29.391943,152.953662,"Leptospermum trinervium"
-29.391034,152.937173,"Leptospermum trinervium"
-29.391031,152.93202,"Leptospermum trinervium"
-29.391031,152.93202,"Leptospermum trinervium"
-29.386513,152.922748,"Leptospermum trinervium"
-29.384709,152.924811,"Leptospermum trinervium"
-29.384709,152.924811,"Leptospermum trinervium"
-29.383808,152.926872,"Leptospermum trinervium"
-29.383808,152.925842,"Leptospermum trinervium"
-29.383808,152.926872,"Leptospermum trinervium"
-29.383808,152.925842,"Leptospermum trinervium"
-29.382913,152.942331,"Leptospermum trinervium"
-29.382913,152.942331,"Leptospermum trinervium"
-29.381109,152.943362,"Leptospermum trinervium"
-29.375695,152.946457,"Leptospermum trinervium"
-29.37405,153.040722,"Leptospermum trinervium"
-29.373648,153.054221,"Leptospermum trinervium"
-29.372299,153.042422,"Leptospermum trinervium"
-29.372265,153.031417,"Leptospermum trinervium"
-29.368924,153.077634,"Leptospermum trinervium"
-29.368914,153.077626,"Leptospermum trinervium"
-29.366597,152.851669,"Leptospermum trinervium"
-29.365892,153.036299,"Leptospermum trinervium"
-29.363661,153.288528,"Leptospermum trinervium"
-29.363659,153.289558,"Leptospermum trinervium"
-29.362797,153.033186,"Leptospermum trinervium"
-29.360224,151.387877,"Leptospermum trinervium"
-29.359008,152.948842,"Leptospermum trinervium"
-29.358998,152.948835,"Leptospermum trinervium"
-29.356744,153.226074,"Leptospermum trinervium"
-29.356552,153.032896,"Leptospermum trinervium"
-29.355707,153.310171,"Leptospermum trinervium"
-29.355641,153.235963,"Leptospermum trinervium"
-29.355357,153.310311,"Leptospermum trinervium"
-29.354922,153.082458,"Leptospermum trinervium"
-29.352794,151.694104,"Leptospermum trinervium"
-29.351784,151.683198,"Leptospermum trinervium"
-29.35126,153.309419,"Leptospermum trinervium"
-29.350217,153.241102,"Leptospermum trinervium"
-29.350001,151.905199,"Leptospermum trinervium"
-29.347997,151.683453,"Leptospermum trinervium"
-29.341451,153.035477,"Leptospermum trinervium"
-29.339331,151.697403,"Leptospermum trinervium"
-29.33932,151.928702,"Leptospermum trinervium"
-29.338889,153.308333,"Leptospermum trinervium"
-29.337713,151.702226,"Leptospermum trinervium"
-29.33732,151.647622,"Leptospermum trinervium"
-29.337295,151.63331,"Leptospermum trinervium"
-29.337083,151.69911,"Leptospermum trinervium"
-29.336748,151.628312,"Leptospermum trinervium"
-29.335989,151.682886,"Leptospermum trinervium"
-29.335818,151.648084,"Leptospermum trinervium"
-29.334845,151.638488,"Leptospermum trinervium"
-29.334705,151.950195,"Leptospermum trinervium"
-29.332923,151.636732,"Leptospermum trinervium"
-29.33111,153.314958,"Leptospermum trinervium"
-29.329957,153.325254,"Leptospermum trinervium"
-29.329957,153.325254,"Leptospermum trinervium"
-29.328142,153.329368,"Leptospermum trinervium"
-29.328142,153.329368,"Leptospermum trinervium"
-29.327953,151.69164,"Leptospermum trinervium"
-29.327681,151.687284,"Leptospermum trinervium"
-29.327592,151.691645,"Leptospermum trinervium"
-29.32662,153.304902,"Leptospermum trinervium"
-29.326344,151.645553,"Leptospermum trinervium"
-29.325711,153.307989,"Leptospermum trinervium"
-29.323024,153.298712,"Leptospermum trinervium"
-29.322865,151.683041,"Leptospermum trinervium"
-29.322863,151.687895,"Leptospermum trinervium"
-29.320893,151.68251,"Leptospermum trinervium"
-29.320357,151.709428,"Leptospermum trinervium"
-29.32002,151.686403,"Leptospermum trinervium"
-29.318754,153.025654,"Leptospermum trinervium"
-29.318754,153.025654,"Leptospermum trinervium"
-29.318733,153.300502,"Leptospermum trinervium"
-29.318733,153.300502,"Leptospermum trinervium"
-29.318726,153.300464,"Leptospermum trinervium"
-29.318725,153.303849,"Leptospermum trinervium"
-29.3176,151.68715,"Leptospermum trinervium"
-29.316824,153.191264,"Leptospermum trinervium"
-29.316667,151.633333,"Leptospermum trinervium"
-29.316667,151.7,"Leptospermum trinervium"
-29.316667,151.7,"Leptospermum trinervium"
-29.316667,151.7,"Leptospermum trinervium"
-29.316667,151.7,"Leptospermum trinervium"
-29.316667,151.7,"Leptospermum trinervium"
-29.316159,153.195341,"Leptospermum trinervium"
-29.316071,152.86719,"Leptospermum trinervium"
-29.315921,151.652356,"Leptospermum trinervium"
-29.314872,153.199056,"Leptospermum trinervium"
-29.31485,153.195482,"Leptospermum trinervium"
-29.314279,153.191053,"Leptospermum trinervium"
-29.313791,151.641147,"Leptospermum trinervium"
-29.31304,151.677813,"Leptospermum trinervium"
-29.310881,153.200315,"Leptospermum trinervium"
-29.309715,151.683745,"Leptospermum trinervium"
-29.309149,153.23314,"Leptospermum trinervium"
-29.302519,151.656754,"Leptospermum trinervium"
-29.302166,153.191422,"Leptospermum trinervium"
-29.299753,151.641965,"Leptospermum trinervium"
-29.299651,151.658644,"Leptospermum trinervium"
-29.297462,151.638598,"Leptospermum trinervium"
-29.297442,151.636642,"Leptospermum trinervium"
-29.297295,151.639835,"Leptospermum trinervium"
-29.297118,151.676179,"Leptospermum trinervium"
-29.296943,151.640767,"Leptospermum trinervium"
-29.296189,151.681647,"Leptospermum trinervium"
-29.296188,151.645533,"Leptospermum trinervium"
-29.295948,151.676503,"Leptospermum trinervium"
-29.293967,151.609428,"Leptospermum trinervium"
-29.293966,151.61193,"Leptospermum trinervium"
-29.29359,153.341098,"Leptospermum trinervium"
-29.29359,153.341098,"Leptospermum trinervium"
-29.290471,153.168522,"Leptospermum trinervium"
-29.290077,151.526104,"Leptospermum trinervium"
-29.287581,151.547762,"Leptospermum trinervium"
-29.287304,151.546366,"Leptospermum trinervium"
-29.285293,153.18403,"Leptospermum trinervium"
-29.283676,151.567576,"Leptospermum trinervium"
-29.282857,151.534149,"Leptospermum trinervium"
-29.282183,153.172117,"Leptospermum trinervium"
-29.281361,151.567155,"Leptospermum trinervium"
-29.281188,151.568315,"Leptospermum trinervium"
-29.280489,151.563256,"Leptospermum trinervium"
-29.277019,151.539986,"Leptospermum trinervium"
-29.2764,151.519394,"Leptospermum trinervium"
-29.275869,151.457276,"Leptospermum trinervium"
-29.27586,151.521069,"Leptospermum trinervium"
-29.275356,151.503039,"Leptospermum trinervium"
-29.273909,151.521756,"Leptospermum trinervium"
-29.273693,151.528866,"Leptospermum trinervium"
-29.273409,151.539985,"Leptospermum trinervium"
-29.272691,151.563108,"Leptospermum trinervium"
-29.272575,151.514587,"Leptospermum trinervium"
-29.272206,151.56753,"Leptospermum trinervium"
-29.271795,151.510939,"Leptospermum trinervium"
-29.271755,151.564201,"Leptospermum trinervium"
-29.27036,151.513867,"Leptospermum trinervium"
-29.267022,151.475537,"Leptospermum trinervium"
-29.266667,152.366667,"Leptospermum trinervium"
-29.266667,152.366667,"Leptospermum trinervium"
-29.266345,151.469481,"Leptospermum trinervium"
-29.265632,151.474704,"Leptospermum trinervium"
-29.264815,153.296484,"Leptospermum trinervium"
-29.264815,153.296484,"Leptospermum trinervium"
-29.264809,153.299058,"Leptospermum trinervium"
-29.264809,153.299058,"Leptospermum trinervium"
-29.264626,151.603843,"Leptospermum trinervium"
-29.264617,151.603836,"Leptospermum trinervium"
-29.263134,151.462206,"Leptospermum trinervium"
-29.262937,151.50162,"Leptospermum trinervium"
-29.262757,151.468258,"Leptospermum trinervium"
-29.262043,151.465007,"Leptospermum trinervium"
-29.25952,151.704419,"Leptospermum trinervium"
-29.257303,151.576922,"Leptospermum trinervium"
-29.256746,151.490817,"Leptospermum trinervium"
-29.254779,151.715682,"Leptospermum trinervium"
-29.253726,153.190444,"Leptospermum trinervium"
-29.253647,151.7116,"Leptospermum trinervium"
-29.252806,151.502642,"Leptospermum trinervium"
-29.251744,153.289242,"Leptospermum trinervium"
-29.251566,153.362314,"Leptospermum trinervium"
-29.250611,153.291298,"Leptospermum trinervium"
-29.250611,153.291298,"Leptospermum trinervium"
-29.25,151.683333,"Leptospermum trinervium"
-29.25,153.333333,"Leptospermum trinervium"
-29.249809,153.343783,"Leptospermum trinervium"
-29.247612,151.71183,"Leptospermum trinervium"
-29.247222,151.704605,"Leptospermum trinervium"
-29.246593,151.704922,"Leptospermum trinervium"
-29.244247,151.755259,"Leptospermum trinervium"
-29.243686,151.695533,"Leptospermum trinervium"
-29.243131,151.694141,"Leptospermum trinervium"
-29.242302,151.657757,"Leptospermum trinervium"
-29.240635,151.710255,"Leptospermum trinervium"
-29.240633,151.508041,"Leptospermum trinervium"
-29.240278,151.698611,"Leptospermum trinervium"
-29.24008,151.533874,"Leptospermum trinervium"
-29.240076,151.506649,"Leptospermum trinervium"
-29.240053,153.047179,"Leptospermum trinervium"
-29.240044,153.047171,"Leptospermum trinervium"
-29.239521,151.509425,"Leptospermum trinervium"
-29.238965,151.717756,"Leptospermum trinervium"
-29.238691,151.549708,"Leptospermum trinervium"
-29.238319,151.544519,"Leptospermum trinervium"
-29.238319,151.544519,"Leptospermum trinervium"
-29.236748,151.602753,"Leptospermum trinervium"
-29.235907,151.703863,"Leptospermum trinervium"
-29.234802,151.684976,"Leptospermum trinervium"
-29.233688,151.689147,"Leptospermum trinervium"
-29.233532,151.570784,"Leptospermum trinervium"
-29.231742,151.603871,"Leptospermum trinervium"
-29.231466,151.577691,"Leptospermum trinervium"
-29.230986,151.587248,"Leptospermum trinervium"
-29.23036,151.577202,"Leptospermum trinervium"
-29.230359,151.601924,"Leptospermum trinervium"
-29.230355,151.569146,"Leptospermum trinervium"
-29.230066,151.694327,"Leptospermum trinervium"
-29.229673,153.049438,"Leptospermum trinervium"
-29.229663,153.04943,"Leptospermum trinervium"
-29.229002,153.08356,"Leptospermum trinervium"
-29.228687,151.599982,"Leptospermum trinervium"
-29.227574,151.598866,"Leptospermum trinervium"
-29.2275,151.692778,"Leptospermum trinervium"
-29.22702,151.601095,"Leptospermum trinervium"
-29.226646,153.192452,"Leptospermum trinervium"
-29.226218,153.087183,"Leptospermum trinervium"
-29.226186,151.670539,"Leptospermum trinervium"
-29.226186,151.673317,"Leptospermum trinervium"
-29.226184,151.754695,"Leptospermum trinervium"
-29.226183,151.694068,"Leptospermum trinervium"
-29.226093,153.316962,"Leptospermum trinervium"
-29.226063,151.591098,"Leptospermum trinervium"
-29.22591,151.675532,"Leptospermum trinervium"
-29.225848,151.567517,"Leptospermum trinervium"
-29.225715,152.789109,"Leptospermum trinervium"
-29.225715,152.789109,"Leptospermum trinervium"
-29.225,153.366667,"Leptospermum trinervium"
-29.224812,151.701595,"Leptospermum trinervium"
-29.224522,151.736362,"Leptospermum trinervium"
-29.22369,151.593312,"Leptospermum trinervium"
-29.223411,151.60026,"Leptospermum trinervium"
-29.22341,151.669145,"Leptospermum trinervium"
-29.223409,151.499423,"Leptospermum trinervium"
-29.222585,153.073063,"Leptospermum trinervium"
-29.222029,153.083743,"Leptospermum trinervium"
-29.221188,151.709418,"Leptospermum trinervium"
-29.221088,153.204281,"Leptospermum trinervium"
-29.220871,153.365293,"Leptospermum trinervium"
-29.220634,151.592757,"Leptospermum trinervium"
-29.220308,152.794264,"Leptospermum trinervium"
-29.220308,152.794264,"Leptospermum trinervium"
-29.219027,153.274443,"Leptospermum trinervium"
-29.218691,151.495542,"Leptospermum trinervium"
-29.218414,151.709978,"Leptospermum trinervium"
-29.21786,151.583866,"Leptospermum trinervium"
-29.217859,151.708586,"Leptospermum trinervium"
-29.217854,151.59442,"Leptospermum trinervium"
-29.217581,151.756363,"Leptospermum trinervium"
-29.217303,151.708037,"Leptospermum trinervium"
-29.217024,151.709975,"Leptospermum trinervium"
-29.215634,151.568868,"Leptospermum trinervium"
-29.215425,153.376333,"Leptospermum trinervium"
-29.215425,153.376333,"Leptospermum trinervium"
-29.215,151.6975,"Leptospermum trinervium"
-29.214288,153.379415,"Leptospermum trinervium"
-29.214288,153.379415,"Leptospermum trinervium"
-29.213691,151.567763,"Leptospermum trinervium"
-29.21369,151.473036,"Leptospermum trinervium"
-29.2135,151.43173,"Leptospermum trinervium"
-29.212912,152.822578,"Leptospermum trinervium"
-29.211908,151.748055,"Leptospermum trinervium"
-29.211899,151.748048,"Leptospermum trinervium"
-29.211307,152.804577,"Leptospermum trinervium"
-29.211307,152.804577,"Leptospermum trinervium"
-29.211298,152.80457,"Leptospermum trinervium"
-29.210034,151.86791,"Leptospermum trinervium"
-29.208414,151.51831,"Leptospermum trinervium"
-29.208133,151.664704,"Leptospermum trinervium"
-29.20789,151.564928,"Leptospermum trinervium"
-29.207296,151.557206,"Leptospermum trinervium"
-29.206853,153.37553,"Leptospermum trinervium"
-29.206853,153.37553,"Leptospermum trinervium"
-29.206746,151.678587,"Leptospermum trinervium"
-29.206746,151.667756,"Leptospermum trinervium"
-29.206743,151.692771,"Leptospermum trinervium"
-29.20647,151.495257,"Leptospermum trinervium"
-29.20622,153.372939,"Leptospermum trinervium"
-29.205621,151.751218,"Leptospermum trinervium"
-29.205611,151.75121,"Leptospermum trinervium"
-29.20549,151.564992,"Leptospermum trinervium"
-29.205076,151.518317,"Leptospermum trinervium"
-29.204816,153.377837,"Leptospermum trinervium"
-29.204816,153.377837,"Leptospermum trinervium"
-29.204799,151.518588,"Leptospermum trinervium"
-29.204585,153.379637,"Leptospermum trinervium"
-29.203135,151.566367,"Leptospermum trinervium"
-29.202796,153.299786,"Leptospermum trinervium"
-29.202301,151.477761,"Leptospermum trinervium"
-29.201743,151.565255,"Leptospermum trinervium"
-29.20125,151.983301,"Leptospermum trinervium"
-29.2,151.683333,"Leptospermum trinervium"
-29.2,151.683333,"Leptospermum trinervium"
-29.198131,151.475262,"Leptospermum trinervium"
-29.195203,151.659472,"Leptospermum trinervium"
-29.19463,153.388858,"Leptospermum trinervium"
-29.193766,153.375483,"Leptospermum trinervium"
-29.192367,152.81387,"Leptospermum trinervium"
-29.192367,152.81387,"Leptospermum trinervium"
-29.192357,152.813863,"Leptospermum trinervium"
-29.190411,151.672204,"Leptospermum trinervium"
-29.190411,151.672204,"Leptospermum trinervium"
-29.188688,151.541373,"Leptospermum trinervium"
-29.188686,151.543594,"Leptospermum trinervium"
-29.183333,151.683333,"Leptospermum trinervium"
-29.181263,152.756501,"Leptospermum trinervium"
-29.180596,151.9768,"Leptospermum trinervium"
-29.179818,152.755579,"Leptospermum trinervium"
-29.179067,151.983325,"Leptospermum trinervium"
-29.178388,153.387768,"Leptospermum trinervium"
-29.171465,151.599145,"Leptospermum trinervium"
-29.170635,151.445533,"Leptospermum trinervium"
-29.170325,153.036024,"Leptospermum trinervium"
-29.169246,151.496921,"Leptospermum trinervium"
-29.167963,152.790262,"Leptospermum trinervium"
-29.167963,152.790262,"Leptospermum trinervium"
-29.167953,152.790255,"Leptospermum trinervium"
-29.166667,153.4,"Leptospermum trinervium"
-29.160768,153.186159,"Leptospermum trinervium"
-29.160768,153.186159,"Leptospermum trinervium"
-29.159855,150.89509,"Leptospermum trinervium"
-29.159855,150.89509,"Leptospermum trinervium"
-29.148673,153.222954,"Leptospermum trinervium"
-29.142193,153.193181,"Leptospermum trinervium"
-29.142193,153.193181,"Leptospermum trinervium"
-29.141798,153.197434,"Leptospermum trinervium"
-29.141798,153.197434,"Leptospermum trinervium"
-29.1167,152.2167,"Leptospermum trinervium"
-29.108943,153.237899,"Leptospermum trinervium"
-29.107765,153.254936,"Leptospermum trinervium"
-29.106401,153.427029,"Leptospermum trinervium"
-29.105501,153.251789,"Leptospermum trinervium"
-29.105467,153.238476,"Leptospermum trinervium"
-29.104208,153.250446,"Leptospermum trinervium"
-29.1,153.43333,"Leptospermum trinervium"
-29.1,153.433333,"Leptospermum trinervium"
-29.1,153.433333,"Leptospermum trinervium"
-29.0975,153.426944,"Leptospermum trinervium"
-29.097371,152.421475,"Leptospermum trinervium"
-29.097371,152.421475,"Leptospermum trinervium"
-29.095452,153.428819,"Leptospermum trinervium"
-29.095452,153.428819,"Leptospermum trinervium"
-29.093125,152.256059,"Leptospermum trinervium"
-29.09268,152.25709,"Leptospermum trinervium"
-29.092059,152.25915,"Leptospermum trinervium"
-29.087972,152.254555,"Leptospermum trinervium"
-29.087972,152.254555,"Leptospermum trinervium"
-29.087963,151.691193,"Leptospermum trinervium"
-29.087677,153.427162,"Leptospermum trinervium"
-29.086207,152.651704,"Leptospermum trinervium"
-29.086207,152.651704,"Leptospermum trinervium"
-29.084686,152.315201,"Leptospermum trinervium"
-29.083285,153.390692,"Leptospermum trinervium"
-29.0832,152.733202,"Leptospermum trinervium"
-29.08319,152.733195,"Leptospermum trinervium"
-29.082001,152.413143,"Leptospermum trinervium"
-29.081991,152.413136,"Leptospermum trinervium"
-29.078569,153.416163,"Leptospermum trinervium"
-29.078569,153.416163,"Leptospermum trinervium"
-29.078111,153.418216,"Leptospermum trinervium"
-29.075946,151.693471,"Leptospermum trinervium"
-29.075757,153.384643,"Leptospermum trinervium"
-29.072721,153.409975,"Leptospermum trinervium"
-29.071484,152.422852,"Leptospermum trinervium"
-29.070371,152.254168,"Leptospermum trinervium"
-29.070371,152.254168,"Leptospermum trinervium"
-29.068407,152.258594,"Leptospermum trinervium"
-29.06549,153.413542,"Leptospermum trinervium"
-29.06549,153.413542,"Leptospermum trinervium"
-29.065391,153.413627,"Leptospermum trinervium"
-29.065391,153.413627,"Leptospermum trinervium"
-29.065391,153.413627,"Leptospermum trinervium"
-29.055153,153.169072,"Leptospermum trinervium"
-29.052001,151.922021,"Leptospermum trinervium"
-29.046499,153.425278,"Leptospermum trinervium"
-29.042108,152.284978,"Leptospermum trinervium"
-29.041393,152.285833,"Leptospermum trinervium"
-29.040373,153.398233,"Leptospermum trinervium"
-29.040373,153.398233,"Leptospermum trinervium"
-29.039872,153.399618,"Leptospermum trinervium"
-29.039872,153.399618,"Leptospermum trinervium"
-29.039292,152.305136,"Leptospermum trinervium"
-29.039268,152.288426,"Leptospermum trinervium"
-29.038837,152.306125,"Leptospermum trinervium"
-29.037533,152.306986,"Leptospermum trinervium"
-29.037299,152.30368,"Leptospermum trinervium"
-29.037172,153.448605,"Leptospermum trinervium"
-29.037172,153.448605,"Leptospermum trinervium"
-29.03689,152.304813,"Leptospermum trinervium"
-29.036526,152.304735,"Leptospermum trinervium"
-29.035994,152.285542,"Leptospermum trinervium"
-29.03486,153.39442,"Leptospermum trinervium"
-29.034857,153.395447,"Leptospermum trinervium"
-29.03474,153.433446,"Leptospermum trinervium"
-29.034736,153.434473,"Leptospermum trinervium"
-29.034297,153.430877,"Leptospermum trinervium"
-29.034297,153.430877,"Leptospermum trinervium"
-29.034279,153.43091,"Leptospermum trinervium"
-29.034279,153.43091,"Leptospermum trinervium"
-29.034122,152.286448,"Leptospermum trinervium"
-29.033115,153.447304,"Leptospermum trinervium"
-29.033115,153.447304,"Leptospermum trinervium"
-29.032894,153.445762,"Leptospermum trinervium"
-29.032887,153.447816,"Leptospermum trinervium"
-29.032887,153.447816,"Leptospermum trinervium"
-29.029721,152.304409,"Leptospermum trinervium"
-29.028613,153.443947,"Leptospermum trinervium"
-29.026688,153.410563,"Leptospermum trinervium"
-29.026688,153.410563,"Leptospermum trinervium"
-29.026688,153.41082,"Leptospermum trinervium"
-29.026235,153.411332,"Leptospermum trinervium"
-29.019938,153.404375,"Leptospermum trinervium"
-29.017757,152.843759,"Leptospermum trinervium"
-29.017747,152.843751,"Leptospermum trinervium"
-29.010173,153.460207,"Leptospermum trinervium"
-29.008498,153.453872,"Leptospermum trinervium"
-29.006977,152.782973,"Leptospermum trinervium"
-29,152.1667,"Leptospermum trinervium"
-29,152.1667,"Leptospermum trinervium"
-28.990131,153.434567,"Leptospermum trinervium"
-28.989056,153.431996,"Leptospermum trinervium"
-28.988513,153.432373,"Leptospermum trinervium"
-28.983333,152.05,"Leptospermum trinervium"
-28.97607,152.030292,"Leptospermum trinervium"
-28.966667,152.083333,"Leptospermum trinervium"
-28.962515,152.034246,"Leptospermum trinervium"
-28.958173,152.036606,"Leptospermum trinervium"
-28.957044,153.453178,"Leptospermum trinervium"
-28.957044,153.453178,"Leptospermum trinervium"
-28.95688,152.020024,"Leptospermum trinervium"
-28.955802,153.453825,"Leptospermum trinervium"
-28.954281,152.141537,"Leptospermum trinervium"
-28.953241,152.136999,"Leptospermum trinervium"
-28.950535,152.873817,"Leptospermum trinervium"
-28.95,152.2167,"Leptospermum trinervium"
-28.94964,152.138497,"Leptospermum trinervium"
-28.949371,152.134435,"Leptospermum trinervium"
-28.949314,153.459648,"Leptospermum trinervium"
-28.948942,152.133803,"Leptospermum trinervium"
-28.948177,153.435171,"Leptospermum trinervium"
-28.948177,153.435171,"Leptospermum trinervium"
-28.948104,152.022087,"Leptospermum trinervium"
-28.946017,152.858746,"Leptospermum trinervium"
-28.946007,152.858738,"Leptospermum trinervium"
-28.943321,151.975171,"Leptospermum trinervium"
-28.942775,153.471319,"Leptospermum trinervium"
-28.942775,153.471319,"Leptospermum trinervium"
-28.941218,152.096395,"Leptospermum trinervium"
-28.939004,152.157802,"Leptospermum trinervium"
-28.936226,152.168177,"Leptospermum trinervium"
-28.936083,153.467161,"Leptospermum trinervium"
-28.936083,153.467161,"Leptospermum trinervium"
-28.934722,153.455833,"Leptospermum trinervium"
-28.93265,153.460244,"Leptospermum trinervium"
-28.93265,153.460244,"Leptospermum trinervium"
-28.929782,152.155209,"Leptospermum trinervium"
-28.92657,153.47577,"Leptospermum trinervium"
-28.919439,152.177102,"Leptospermum trinervium"
-28.916667,152.166667,"Leptospermum trinervium"
-28.915189,152.183137,"Leptospermum trinervium"
-28.914264,152.182457,"Leptospermum trinervium"
-28.913447,152.178811,"Leptospermum trinervium"
-28.912874,152.176529,"Leptospermum trinervium"
-28.910748,152.02492,"Leptospermum trinervium"
-28.905211,152.342333,"Leptospermum trinervium"
-28.89421,152.47739,"Leptospermum trinervium"
-28.893682,153.469046,"Leptospermum trinervium"
-28.892854,152.017509,"Leptospermum trinervium"
-28.891049,152.017526,"Leptospermum trinervium"
-28.871667,152.143611,"Leptospermum trinervium"
-28.870797,152.166299,"Leptospermum trinervium"
-28.870755,151.963028,"Leptospermum trinervium"
-28.864864,151.878253,"Leptospermum trinervium"
-28.86125,151.98445,"Leptospermum trinervium"
-28.860112,151.942122,"Leptospermum trinervium"
-28.8556,152.0417,"Leptospermum trinervium"
-28.8556,152.0417,"Leptospermum trinervium"
-28.855556,152.041667,"Leptospermum trinervium"
-28.855556,152.041667,"Leptospermum trinervium"
-28.855556,152.041667,"Leptospermum trinervium"
-28.8541758,152.0425514,"Leptospermum trinervium"
-28.852553,152.045058,"Leptospermum trinervium"
-28.85,151.95,"Leptospermum trinervium"
-28.85,151.966667,"Leptospermum trinervium"
-28.84076,152.05285,"Leptospermum trinervium"
-28.84076,152.05285,"Leptospermum trinervium"
-28.84076,152.05285,"Leptospermum trinervium"
-28.840077,151.976101,"Leptospermum trinervium"
-28.840077,151.909434,"Leptospermum trinervium"
-28.836389,151.936389,"Leptospermum trinervium"
-28.836389,151.936389,"Leptospermum trinervium"
-28.835529,151.932938,"Leptospermum trinervium"
-28.834775,151.938203,"Leptospermum trinervium"
-28.833959,151.97295,"Leptospermum trinervium"
-28.8333,151.9,"Leptospermum trinervium"
-28.833027,151.973949,"Leptospermum trinervium"
-28.832857,151.921818,"Leptospermum trinervium"
-28.832682,151.937102,"Leptospermum trinervium"
-28.832449,151.936331,"Leptospermum trinervium"
-28.832419,151.944183,"Leptospermum trinervium"
-28.832408,151.973695,"Leptospermum trinervium"
-28.832247,151.936956,"Leptospermum trinervium"
-28.83205,151.973734,"Leptospermum trinervium"
-28.831195,151.936888,"Leptospermum trinervium"
-28.830075,151.928584,"Leptospermum trinervium"
-28.829657,151.934371,"Leptospermum trinervium"
-28.828608,151.936147,"Leptospermum trinervium"
-28.8278,151.940659,"Leptospermum trinervium"
-28.827714,151.962547,"Leptospermum trinervium"
-28.827562,151.93747,"Leptospermum trinervium"
-28.827517,151.9625,"Leptospermum trinervium"
-28.82745,151.962407,"Leptospermum trinervium"
-28.82711,151.937241,"Leptospermum trinervium"
-28.82692,151.93774,"Leptospermum trinervium"
-28.823895,151.94345,"Leptospermum trinervium"
-28.823894,151.94345,"Leptospermum trinervium"
-28.823546,151.944011,"Leptospermum trinervium"
-28.823411,151.959434,"Leptospermum trinervium"
-28.821527,152.141962,"Leptospermum trinervium"
-28.817382,152.15165,"Leptospermum trinervium"
-28.812653,152.140221,"Leptospermum trinervium"
-28.806555,151.866355,"Leptospermum trinervium"
-28.8046,151.89489,"Leptospermum trinervium"
-28.8,152.166667,"Leptospermum trinervium"
-28.798611,152.164722,"Leptospermum trinervium"
-28.797803,152.166061,"Leptospermum trinervium"
-28.79603,152.147776,"Leptospermum trinervium"
-28.795361,152.1419,"Leptospermum trinervium"
-28.795337,152.153847,"Leptospermum trinervium"
-28.79475,152.145132,"Leptospermum trinervium"
-28.794258,151.877423,"Leptospermum trinervium"
-28.791667,151.625,"Leptospermum trinervium"
-28.789988,151.882772,"Leptospermum trinervium"
-28.78278,153.588898,"Leptospermum trinervium"
-28.78278,153.588898,"Leptospermum trinervium"
-28.782707,153.588839,"Leptospermum trinervium"
-28.782707,153.588839,"Leptospermum trinervium"
-28.77367,151.89163,"Leptospermum trinervium"
-28.771736,151.912248,"Leptospermum trinervium"
-28.770766,153.574305,"Leptospermum trinervium"
-28.765591,153.591137,"Leptospermum trinervium"
-28.749606,151.815353,"Leptospermum trinervium"
-28.748407,152.084425,"Leptospermum trinervium"
-28.746406,151.817292,"Leptospermum trinervium"
-28.74006,151.81187,"Leptospermum trinervium"
-28.73439,151.95767,"Leptospermum trinervium"
-28.73439,151.95767,"Leptospermum trinervium"
-28.733128,151.956872,"Leptospermum trinervium"
-28.725528,151.956972,"Leptospermum trinervium"
-28.723668,151.948701,"Leptospermum trinervium"
-28.700616,153.600992,"Leptospermum trinervium"
-28.698879,153.608267,"Leptospermum trinervium"
-28.698879,153.608267,"Leptospermum trinervium"
-28.698585,153.609443,"Leptospermum trinervium"
-28.698585,153.609443,"Leptospermum trinervium"
-28.69858,153.608177,"Leptospermum trinervium"
-28.696418,153.605134,"Leptospermum trinervium"
-28.695919,153.605704,"Leptospermum trinervium"
-28.693904,153.606256,"Leptospermum trinervium"
-28.693057,153.609854,"Leptospermum trinervium"
-28.692229,153.607382,"Leptospermum trinervium"
-28.670487,153.613425,"Leptospermum trinervium"
-28.663463,151.939783,"Leptospermum trinervium"
-28.640846,153.589945,"Leptospermum trinervium"
-28.639721,153.590408,"Leptospermum trinervium"
-28.632709,151.912644,"Leptospermum trinervium"
-28.631546,151.915648,"Leptospermum trinervium"
-28.626555,151.909537,"Leptospermum trinervium"
-28.623315,151.911425,"Leptospermum trinervium"
-28.61787,153.389783,"Leptospermum trinervium"
-28.61553,153.396718,"Leptospermum trinervium"
-28.615162,153.389773,"Leptospermum trinervium"
-28.61426,153.38977,"Leptospermum trinervium"
-28.612457,153.38874,"Leptospermum trinervium"
-28.609722,151.789722,"Leptospermum trinervium"
-28.60833,151.792801,"Leptospermum trinervium"
-28.608307,151.794705,"Leptospermum trinervium"
-28.608062,151.812958,"Leptospermum trinervium"
-28.60701,151.89065,"Leptospermum trinervium"
-28.606955,151.814103,"Leptospermum trinervium"
-28.605607,153.388876,"Leptospermum trinervium"
-28.603363,153.566573,"Leptospermum trinervium"
-28.593365,153.562361,"Leptospermum trinervium"
-28.592768,153.568152,"Leptospermum trinervium"
-28.592511,153.560614,"Leptospermum trinervium"
-28.590916,151.771032,"Leptospermum trinervium"
-28.586167,151.805444,"Leptospermum trinervium"
-28.5833,151.7667,"Leptospermum trinervium"
-28.581744,151.751101,"Leptospermum trinervium"
-28.581744,151.917767,"Leptospermum trinervium"
-28.581744,151.917767,"Leptospermum trinervium"
-28.581744,151.917767,"Leptospermum trinervium"
-28.58173,153.417745,"Leptospermum trinervium"
-28.58173,153.417745,"Leptospermum trinervium"
-28.580072,153.412491,"Leptospermum trinervium"
-28.580072,153.412491,"Leptospermum trinervium"
-28.579731,153.55436,"Leptospermum trinervium"
-28.57548,151.779707,"Leptospermum trinervium"
-28.571104,151.814423,"Leptospermum trinervium"
-28.566738,151.95184,"Leptospermum trinervium"
-28.562318,153.52021,"Leptospermum trinervium"
-28.562318,153.52021,"Leptospermum trinervium"
-28.561005,153.551025,"Leptospermum trinervium"
-28.559456,153.55264,"Leptospermum trinervium"
-28.558212,153.41819,"Leptospermum trinervium"
-28.557309,153.418186,"Leptospermum trinervium"
-28.557306,153.419208,"Leptospermum trinervium"
-28.556744,151.876101,"Leptospermum trinervium"
-28.55673,153.426078,"Leptospermum trinervium"
-28.55673,153.409411,"Leptospermum trinervium"
-28.555872,153.415856,"Leptospermum trinervium"
-28.555615,153.420466,"Leptospermum trinervium"
-28.55551,153.416134,"Leptospermum trinervium"
-28.555507,153.417157,"Leptospermum trinervium"
-28.554623,153.411019,"Leptospermum trinervium"
-28.553723,153.409993,"Leptospermum trinervium"
-28.552811,153.413057,"Leptospermum trinervium"
-28.552811,153.413057,"Leptospermum trinervium"
-28.552811,153.413057,"Leptospermum trinervium"
-28.551912,153.412031,"Leptospermum trinervium"
-28.551906,153.414075,"Leptospermum trinervium"
-28.55,153.4,"Leptospermum trinervium"
-28.55,153.4167,"Leptospermum trinervium"
-28.55,153.416667,"Leptospermum trinervium"
-28.55,151.983333,"Leptospermum trinervium"
-28.548791,153.537402,"Leptospermum trinervium"
-28.548791,153.537402,"Leptospermum trinervium"
-28.548329,153.402817,"Leptospermum trinervium"
-28.54832,153.405883,"Leptospermum trinervium"
-28.547875,153.403837,"Leptospermum trinervium"
-28.546071,153.540342,"Leptospermum trinervium"
-28.546071,153.540342,"Leptospermum trinervium"
-28.543058,153.539938,"Leptospermum trinervium"
-28.543058,153.539938,"Leptospermum trinervium"
-28.541998,151.949342,"Leptospermum trinervium"
-28.541046,153.423233,"Leptospermum trinervium"
-28.540899,153.423856,"Leptospermum trinervium"
-28.540077,151.976101,"Leptospermum trinervium"
-28.540077,153.359398,"Leptospermum trinervium"
-28.540063,153.342745,"Leptospermum trinervium"
-28.540063,153.342745,"Leptospermum trinervium"
-28.540048,153.538758,"Leptospermum trinervium"
-28.540048,153.538758,"Leptospermum trinervium"
-28.539917,153.423472,"Leptospermum trinervium"
-28.538297,152.511237,"Leptospermum trinervium"
-28.536765,152.51196,"Leptospermum trinervium"
-28.536297,152.507363,"Leptospermum trinervium"
-28.533952,153.380275,"Leptospermum trinervium"
-28.533333,153.35,"Leptospermum trinervium"
-28.533333,153.35,"Leptospermum trinervium"
-28.5333,153.35,"Leptospermum trinervium"
-28.532546,153.398157,"Leptospermum trinervium"
-28.532146,153.380269,"Leptospermum trinervium"
-28.532095,153.398155,"Leptospermum trinervium"
-28.531244,153.380265,"Leptospermum trinervium"
-28.530111,153.38216,"Leptospermum trinervium"
-28.528333,151.905556,"Leptospermum trinervium"
-28.524574,153.342426,"Leptospermum trinervium"
-28.523223,153.3414,"Leptospermum trinervium"
-28.498411,151.501101,"Leptospermum trinervium"
-28.477699,152.528066,"Leptospermum trinervium"
-28.474984,152.526035,"Leptospermum trinervium"
-28.473413,153.541627,"Leptospermum trinervium"
-28.473413,153.541627,"Leptospermum trinervium"
-28.466667,152.516667,"Leptospermum trinervium"
-28.464836,153.543699,"Leptospermum trinervium"
-28.456745,151.942762,"Leptospermum trinervium"
-28.45,151.93333,"Leptospermum trinervium"
-28.45,151.933333,"Leptospermum trinervium"
-28.350803,153.568665,"Leptospermum trinervium"
-28.349639,153.5667,"Leptospermum trinervium"
-28.312222,152.711389,"Leptospermum trinervium"
-28.312222,152.711389,"Leptospermum trinervium"
-28.30786,152.71883,"Leptospermum trinervium"
-28.3,152.7,"Leptospermum trinervium"
-28.294124,153.560948,"Leptospermum trinervium"
-28.288944,152.709028,"Leptospermum trinervium"
-28.283337,153.277644,"Leptospermum trinervium"
-28.283337,153.277644,"Leptospermum trinervium"
-28.283333,152.7,"Leptospermum trinervium"
-28.2833,152.6833,"Leptospermum trinervium"
-28.25,153.25,"Leptospermum trinervium"
-28.25,153.25,"Leptospermum trinervium"
-28.248401,153.25107,"Leptospermum trinervium"
-28.248401,153.084403,"Leptospermum trinervium"
-28.248401,153.084403,"Leptospermum trinervium"
-28.2469433,153.2518322,"Leptospermum trinervium"
-28.225,153.208333,"Leptospermum trinervium"
-28.225,153.208333,"Leptospermum trinervium"
-28.22392,153.277173,"Leptospermum trinervium"
-28.2239,153.2761,"Leptospermum trinervium"
-28.2239,153.2761,"Leptospermum trinervium"
-28.223889,153.276111,"Leptospermum trinervium"
-28.223889,153.276111,"Leptospermum trinervium"
-28.223401,153.209403,"Leptospermum trinervium"
-28.222892,153.20903,"Leptospermum trinervium"
-28.222762,153.277484,"Leptospermum trinervium"
-28.2225027,153.2769741,"Leptospermum trinervium"
-28.222495,153.208447,"Leptospermum trinervium"
-28.222317,153.2064,"Leptospermum trinervium"
-28.222289,153.277181,"Leptospermum trinervium"
-28.221455,153.207706,"Leptospermum trinervium"
-28.2167,153.2,"Leptospermum trinervium"
-28.2167,153.2,"Leptospermum trinervium"
-28.216667,153.2,"Leptospermum trinervium"
-28.216667,152.716667,"Leptospermum trinervium"
-28.21137,152.671234,"Leptospermum trinervium"
-28.206944,153.270833,"Leptospermum trinervium"
-28.206928,152.731046,"Leptospermum trinervium"
-28.206389,152.727222,"Leptospermum trinervium"
-28.20477,153.29381,"Leptospermum trinervium"
-28.20474,152.733262,"Leptospermum trinervium"
-28.203403,153.296342,"Leptospermum trinervium"
-28.202965,153.181696,"Leptospermum trinervium"
-28.20073,153.210402,"Leptospermum trinervium"
-28.200573,153.21023,"Leptospermum trinervium"
-28.200556,153.210278,"Leptospermum trinervium"
-28.2,153.2,"Leptospermum trinervium"
-28.19858,153.187645,"Leptospermum trinervium"
-28.191667,153.208333,"Leptospermum trinervium"
-28.176944,153.202222,"Leptospermum trinervium"
-28.176389,153.201944,"Leptospermum trinervium"
-28.176111,153.203333,"Leptospermum trinervium"
-28.17483,153.205842,"Leptospermum trinervium"
-28.169857,153.481864,"Leptospermum trinervium"
-28.158718,153.494393,"Leptospermum trinervium"
-28.158718,153.494393,"Leptospermum trinervium"
-28.136508,153.23679,"Leptospermum trinervium"
-28.0667,152,"Leptospermum trinervium"
-28.066667,152,"Leptospermum trinervium"
-28,151.316667,"Leptospermum trinervium"
-27.99838,153.00108,"Leptospermum trinervium"
-27.901719,153.394736,"Leptospermum trinervium"
-27.901353,153.392373,"Leptospermum trinervium"
-27.901318,153.392448,"Leptospermum trinervium"
-27.89705,153.395294,"Leptospermum trinervium"
-27.896179,153.178565,"Leptospermum trinervium"
-27.894772,153.389931,"Leptospermum trinervium"
-27.830031,153.149923,"Leptospermum trinervium"
-27.82416,153.148667,"Leptospermum trinervium"
-27.820553,153.15182,"Leptospermum trinervium"
-27.810978,153.141797,"Leptospermum trinervium"
-27.809797,153.13887,"Leptospermum trinervium"
-27.809672,153.135864,"Leptospermum trinervium"
-27.806445,153.141242,"Leptospermum trinervium"
-27.803333,153.131944,"Leptospermum trinervium"
-27.80139,153.13531,"Leptospermum trinervium"
-27.777765,152.989649,"Leptospermum trinervium"
-27.768402,153.044265,"Leptospermum trinervium"
-27.762917,153.121333,"Leptospermum trinervium"
-27.755704,152.834157,"Leptospermum trinervium"
-27.755667,152.892058,"Leptospermum trinervium"
-27.755421,152.891061,"Leptospermum trinervium"
-27.748597,152.911598,"Leptospermum trinervium"
-27.744898,153.046752,"Leptospermum trinervium"
-27.737164,152.905181,"Leptospermum trinervium"
-27.733419,152.899972,"Leptospermum trinervium"
-27.733056,152.899222,"Leptospermum trinervium"
-27.733056,152.899222,"Leptospermum trinervium"
-27.733056,152.899222,"Leptospermum trinervium"
-27.729873,152.891653,"Leptospermum trinervium"
-27.725567,153.061952,"Leptospermum trinervium"
-27.715814,153.077559,"Leptospermum trinervium"
-27.707757,152.87383,"Leptospermum trinervium"
-27.696047,153.027894,"Leptospermum trinervium"
-27.694938,152.858479,"Leptospermum trinervium"
-27.692614,152.860764,"Leptospermum trinervium"
-27.69213,152.859414,"Leptospermum trinervium"
-27.681658,153.297375,"Leptospermum trinervium"
-27.680033,152.887322,"Leptospermum trinervium"
-27.677474,152.817159,"Leptospermum trinervium"
-27.67593,153.286423,"Leptospermum trinervium"
-27.675278,153.286667,"Leptospermum trinervium"
-27.669583,153.301389,"Leptospermum trinervium"
-27.66901,153.287797,"Leptospermum trinervium"
-27.658186,153.103175,"Leptospermum trinervium"
-27.65757,153.275055,"Leptospermum trinervium"
-27.657485,153.275732,"Leptospermum trinervium"
-27.657046,153.080502,"Leptospermum trinervium"
-27.656439,153.018722,"Leptospermum trinervium"
-27.654097,153.29183,"Leptospermum trinervium"
-27.65372,153.000729,"Leptospermum trinervium"
-27.651249,153.295313,"Leptospermum trinervium"
-27.651092,152.99966,"Leptospermum trinervium"
-27.650429,153.079018,"Leptospermum trinervium"
-27.64812,153.29046,"Leptospermum trinervium"
-27.647994,153.046527,"Leptospermum trinervium"
-27.647741,153.101105,"Leptospermum trinervium"
-27.647618,153.101026,"Leptospermum trinervium"
-27.647606,153.101275,"Leptospermum trinervium"
-27.646291,153.287597,"Leptospermum trinervium"
-27.646205,152.904596,"Leptospermum trinervium"
-27.64594,153.262407,"Leptospermum trinervium"
-27.642251,153.004729,"Leptospermum trinervium"
-27.642112,153.125141,"Leptospermum trinervium"
-27.64156,152.907616,"Leptospermum trinervium"
-27.640684,153.058728,"Leptospermum trinervium"
-27.640072,152.89274,"Leptospermum trinervium"
-27.640068,153.192732,"Leptospermum trinervium"
-27.637755,153.093395,"Leptospermum trinervium"
-27.637565,153.199462,"Leptospermum trinervium"
-27.63732,153.42859,"Leptospermum trinervium"
-27.637133,153.269267,"Leptospermum trinervium"
-27.63543,153.4305,"Leptospermum trinervium"
-27.63392,153.43291,"Leptospermum trinervium"
-27.63382,153.42883,"Leptospermum trinervium"
-27.6337,153.4267,"Leptospermum trinervium"
-27.633333,153.183333,"Leptospermum trinervium"
-27.633333,152.883333,"Leptospermum trinervium"
-27.6333,153.1833,"Leptospermum trinervium"
-27.63325,153.43701,"Leptospermum trinervium"
-27.633127,152.934684,"Leptospermum trinervium"
-27.63311,153.43109,"Leptospermum trinervium"
-27.633015,153.200115,"Leptospermum trinervium"
-27.632289,153.08775,"Leptospermum trinervium"
-27.632111,153.199906,"Leptospermum trinervium"
-27.63135,153.4333,"Leptospermum trinervium"
-27.62974,153.4415,"Leptospermum trinervium"
-27.6284,153.17191,"Leptospermum trinervium"
-27.626402,153.085969,"Leptospermum trinervium"
-27.6258,153.090072,"Leptospermum trinervium"
-27.62531,153.44747,"Leptospermum trinervium"
-27.625062,153.143978,"Leptospermum trinervium"
-27.625013,153.144003,"Leptospermum trinervium"
-27.624856,153.142819,"Leptospermum trinervium"
-27.62455,153.42615,"Leptospermum trinervium"
-27.624369,153.171692,"Leptospermum trinervium"
-27.624335,153.142976,"Leptospermum trinervium"
-27.62427,153.44561,"Leptospermum trinervium"
-27.62424,153.092498,"Leptospermum trinervium"
-27.624206,153.1429,"Leptospermum trinervium"
-27.624065,153.089355,"Leptospermum trinervium"
-27.623967,153.085598,"Leptospermum trinervium"
-27.623488,153.14125,"Leptospermum trinervium"
-27.623401,153.142732,"Leptospermum trinervium"
-27.623125,153.143142,"Leptospermum trinervium"
-27.620328,153.431757,"Leptospermum trinervium"
-27.62017,153.44616,"Leptospermum trinervium"
-27.61949,153.42696,"Leptospermum trinervium"
-27.61784,153.42316,"Leptospermum trinervium"
-27.61699,152.848512,"Leptospermum trinervium"
-27.61669,153.42247,"Leptospermum trinervium"
-27.61243,153.44099,"Leptospermum trinervium"
-27.610901,153.180788,"Leptospermum trinervium"
-27.61089,153.17913,"Leptospermum trinervium"
-27.61034,153.44005,"Leptospermum trinervium"
-27.609953,153.084797,"Leptospermum trinervium"
-27.609092,153.082841,"Leptospermum trinervium"
-27.60745,153.44048,"Leptospermum trinervium"
-27.605295,153.183075,"Leptospermum trinervium"
-27.605,153.182657,"Leptospermum trinervium"
-27.60345,153.03456,"Leptospermum trinervium"
-27.60329,153.03499,"Leptospermum trinervium"
-27.60232,153.43462,"Leptospermum trinervium"
-27.6005,152.9343,"Leptospermum trinervium"
-27.59888,153.44083,"Leptospermum trinervium"
-27.593355,152.290389,"Leptospermum trinervium"
-27.591313,153.154398,"Leptospermum trinervium"
-27.581735,153.084399,"Leptospermum trinervium"
-27.581735,153.084399,"Leptospermum trinervium"
-27.581735,153.084399,"Leptospermum trinervium"
-27.581735,153.084399,"Leptospermum trinervium"
-27.58103,152.87437,"Leptospermum trinervium"
-27.579004,153.17363,"Leptospermum trinervium"
-27.578827,153.17366,"Leptospermum trinervium"
-27.573752,152.938059,"Leptospermum trinervium"
-27.573401,153.092732,"Leptospermum trinervium"
-27.570802,153.167259,"Leptospermum trinervium"
-27.570587,153.162933,"Leptospermum trinervium"
-27.565619,152.095003,"Leptospermum trinervium"
-27.561814,152.859628,"Leptospermum trinervium"
-27.561739,152.859308,"Leptospermum trinervium"
-27.561571,153.17467,"Leptospermum trinervium"
-27.556735,153.059399,"Leptospermum trinervium"
-27.556321,152.864325,"Leptospermum trinervium"
-27.555775,153.049237,"Leptospermum trinervium"
-27.553978,153.055345,"Leptospermum trinervium"
-27.553767,153.058983,"Leptospermum trinervium"
-27.553575,153.0495,"Leptospermum trinervium"
-27.553147,153.051711,"Leptospermum trinervium"
-27.55301,153.057634,"Leptospermum trinervium"
-27.553,153.1734,"Leptospermum trinervium"
-27.55291,153.058394,"Leptospermum trinervium"
-27.552865,153.170493,"Leptospermum trinervium"
-27.552651,153.170351,"Leptospermum trinervium"
-27.552588,153.057175,"Leptospermum trinervium"
-27.55239,153.17254,"Leptospermum trinervium"
-27.552228,153.05835,"Leptospermum trinervium"
-27.551953,153.046706,"Leptospermum trinervium"
-27.55192,153.17548,"Leptospermum trinervium"
-27.5514,153.17603,"Leptospermum trinervium"
-27.551297,153.171304,"Leptospermum trinervium"
-27.551181,153.047089,"Leptospermum trinervium"
-27.550578,153.220051,"Leptospermum trinervium"
-27.55053,153.056595,"Leptospermum trinervium"
-27.550425,153.057933,"Leptospermum trinervium"
-27.550167,153.057481,"Leptospermum trinervium"
-27.550097,153.057806,"Leptospermum trinervium"
-27.55,152.125556,"Leptospermum trinervium"
-27.55,152.133333,"Leptospermum trinervium"
-27.55,153.066667,"Leptospermum trinervium"
-27.55,152.133333,"Leptospermum trinervium"
-27.549851,153.057829,"Leptospermum trinervium"
-27.549744,153.05798,"Leptospermum trinervium"
-27.549638,153.058478,"Leptospermum trinervium"
-27.549411,153.057615,"Leptospermum trinervium"
-27.549157,153.057723,"Leptospermum trinervium"
-27.548864,153.0577,"Leptospermum trinervium"
-27.548503,153.055363,"Leptospermum trinervium"
-27.548162,153.052323,"Leptospermum trinervium"
-27.54806,153.053737,"Leptospermum trinervium"
-27.547989,153.239917,"Leptospermum trinervium"
-27.547183,153.216553,"Leptospermum trinervium"
-27.546648,153.04776,"Leptospermum trinervium"
-27.54645,153.2173,"Leptospermum trinervium"
-27.545411,153.052251,"Leptospermum trinervium"
-27.542872,153.049372,"Leptospermum trinervium"
-27.541333,153.051956,"Leptospermum trinervium"
-27.541051,153.048821,"Leptospermum trinervium"
-27.540773,153.048079,"Leptospermum trinervium"
-27.540585,153.052561,"Leptospermum trinervium"
-27.540574,153.052616,"Leptospermum trinervium"
-27.5404,153.047533,"Leptospermum trinervium"
-27.540213,153.049239,"Leptospermum trinervium"
-27.540117,153.051742,"Leptospermum trinervium"
-27.540111,153.048288,"Leptospermum trinervium"
-27.539969,153.047469,"Leptospermum trinervium"
-27.53863,153.21587,"Leptospermum trinervium"
-27.53716,153.21491,"Leptospermum trinervium"
-27.53692,153.2141,"Leptospermum trinervium"
-27.53563,153.23843,"Leptospermum trinervium"
-27.53381,153.23816,"Leptospermum trinervium"
-27.532685,153.237397,"Leptospermum trinervium"
-27.53187,153.23705,"Leptospermum trinervium"
-27.530783,153.158562,"Leptospermum trinervium"
-27.528135,153.137727,"Leptospermum trinervium"
-27.520867,153.239072,"Leptospermum trinervium"
-27.516052,153.042207,"Leptospermum trinervium"
-27.515493,153.241195,"Leptospermum trinervium"
-27.51287,153.460726,"Leptospermum trinervium"
-27.51287,153.460726,"Leptospermum trinervium"
-27.51287,153.460726,"Leptospermum trinervium"
-27.51287,153.460726,"Leptospermum trinervium"
-27.50701,152.09914,"Leptospermum trinervium"
-27.506069,152.118911,"Leptospermum trinervium"
-27.50341,152.129833,"Leptospermum trinervium"
-27.50314,153.18066,"Leptospermum trinervium"
-27.50213,153.18097,"Leptospermum trinervium"
-27.500942,152.121933,"Leptospermum trinervium"
-27.5,153,"Leptospermum trinervium"
-27.499628,152.124986,"Leptospermum trinervium"
-27.499572,152.150056,"Leptospermum trinervium"
-27.499295,152.863017,"Leptospermum trinervium"
-27.499033,152.145217,"Leptospermum trinervium"
-27.498395,153.50106,"Leptospermum trinervium"
-27.498395,153.50106,"Leptospermum trinervium"
-27.494111,152.155495,"Leptospermum trinervium"
-27.492914,152.244247,"Leptospermum trinervium"
-27.492506,152.205231,"Leptospermum trinervium"
-27.492083,153.185007,"Leptospermum trinervium"
-27.491705,153.453885,"Leptospermum trinervium"
-27.49162,152.28938,"Leptospermum trinervium"
-27.491335,152.396821,"Leptospermum trinervium"
-27.491292,152.247514,"Leptospermum trinervium"
-27.491125,152.217117,"Leptospermum trinervium"
-27.491075,152.152206,"Leptospermum trinervium"
-27.490403,152.149156,"Leptospermum trinervium"
-27.490131,152.147964,"Leptospermum trinervium"
-27.490069,153.209394,"Leptospermum trinervium"
-27.488664,152.242217,"Leptospermum trinervium"
-27.48806,153.505913,"Leptospermum trinervium"
-27.486596,152.210598,"Leptospermum trinervium"
-27.486519,152.210647,"Leptospermum trinervium"
-27.486505,152.210672,"Leptospermum trinervium"
-27.48623,152.16267,"Leptospermum trinervium"
-27.485192,152.159364,"Leptospermum trinervium"
-27.4847,152.16654,"Leptospermum trinervium"
-27.483452,152.133582,"Leptospermum trinervium"
-27.483419,152.212433,"Leptospermum trinervium"
-27.483339,152.212814,"Leptospermum trinervium"
-27.483215,152.212777,"Leptospermum trinervium"
-27.483083,152.212539,"Leptospermum trinervium"
-27.482333,152.160247,"Leptospermum trinervium"
-27.48139,152.14186,"Leptospermum trinervium"
-27.480197,152.170822,"Leptospermum trinervium"
-27.479288,153.186707,"Leptospermum trinervium"
-27.478881,152.224214,"Leptospermum trinervium"
-27.478469,152.223311,"Leptospermum trinervium"
-27.478376,153.462531,"Leptospermum trinervium"
-27.478278,152.222886,"Leptospermum trinervium"
-27.478219,152.222808,"Leptospermum trinervium"
-27.478156,152.144517,"Leptospermum trinervium"
-27.4781,152.168838,"Leptospermum trinervium"
-27.478072,152.146439,"Leptospermum trinervium"
-27.477992,152.167206,"Leptospermum trinervium"
-27.477875,152.148497,"Leptospermum trinervium"
-27.477853,152.291489,"Leptospermum trinervium"
-27.47783,152.16545,"Leptospermum trinervium"
-27.477814,152.167131,"Leptospermum trinervium"
-27.477789,152.291825,"Leptospermum trinervium"
-27.477739,152.167283,"Leptospermum trinervium"
-27.477234,152.160877,"Leptospermum trinervium"
-27.477222,152.160872,"Leptospermum trinervium"
-27.477142,152.160994,"Leptospermum trinervium"
-27.477054,152.158635,"Leptospermum trinervium"
-27.477036,152.158722,"Leptospermum trinervium"
-27.476998,152.160797,"Leptospermum trinervium"
-27.476775,152.160797,"Leptospermum trinervium"
-27.47562,152.171417,"Leptospermum trinervium"
-27.475519,152.167511,"Leptospermum trinervium"
-27.469637,152.16846,"Leptospermum trinervium"
-27.469297,152.143311,"Leptospermum trinervium"
-27.46895,152.204803,"Leptospermum trinervium"
-27.467647,152.178225,"Leptospermum trinervium"
-27.466208,152.166261,"Leptospermum trinervium"
-27.4659,152.144836,"Leptospermum trinervium"
-27.462515,153.452262,"Leptospermum trinervium"
-27.461664,153.469474,"Leptospermum trinervium"
-27.461658,152.136414,"Leptospermum trinervium"
-27.457563,152.199501,"Leptospermum trinervium"
-27.45406,152.15443,"Leptospermum trinervium"
-27.453192,152.136064,"Leptospermum trinervium"
-27.451767,153.445517,"Leptospermum trinervium"
-27.450114,152.155883,"Leptospermum trinervium"
-27.450078,152.155869,"Leptospermum trinervium"
-27.446306,152.145736,"Leptospermum trinervium"
-27.446261,152.145631,"Leptospermum trinervium"
-27.445828,152.147522,"Leptospermum trinervium"
-27.445822,152.147278,"Leptospermum trinervium"
-27.445797,152.147278,"Leptospermum trinervium"
-27.445519,152.159575,"Leptospermum trinervium"
-27.445328,152.15625,"Leptospermum trinervium"
-27.4453,152.156525,"Leptospermum trinervium"
-27.445122,152.156631,"Leptospermum trinervium"
-27.445106,152.156586,"Leptospermum trinervium"
-27.442403,152.152267,"Leptospermum trinervium"
-27.439928,152.158997,"Leptospermum trinervium"
-27.438695,153.466366,"Leptospermum trinervium"
-27.433142,153.459943,"Leptospermum trinervium"
-27.431706,152.0878,"Leptospermum trinervium"
-27.430025,152.086005,"Leptospermum trinervium"
-27.429069,152.080139,"Leptospermum trinervium"
-27.428928,152.079881,"Leptospermum trinervium"
-27.428172,152.078842,"Leptospermum trinervium"
-27.425872,152.094864,"Leptospermum trinervium"
-27.4167,152.9667,"Leptospermum trinervium"
-27.416667,152.966667,"Leptospermum trinervium"
-27.415069,153.084394,"Leptospermum trinervium"
-27.415069,153.084394,"Leptospermum trinervium"
-27.408928,152.185797,"Leptospermum trinervium"
-27.390069,153.042728,"Leptospermum trinervium"
-27.390069,153.042728,"Leptospermum trinervium"
-27.390069,153.042728,"Leptospermum trinervium"
-27.38795,152.30275,"Leptospermum trinervium"
-27.38712,153.004155,"Leptospermum trinervium"
-27.383333,153,"Leptospermum trinervium"
-27.3833,153,"Leptospermum trinervium"
-27.3833,153,"Leptospermum trinervium"
-27.3833,153,"Leptospermum trinervium"
-27.380075,152.99722,"Leptospermum trinervium"
-27.37938,152.89666,"Leptospermum trinervium"
-27.3777,153.000778,"Leptospermum trinervium"
-27.377437,152.994406,"Leptospermum trinervium"
-27.377033,152.993602,"Leptospermum trinervium"
-27.37628,152.99907,"Leptospermum trinervium"
-27.3757,152.99931,"Leptospermum trinervium"
-27.375132,152.991396,"Leptospermum trinervium"
-27.372675,152.999083,"Leptospermum trinervium"
-27.372617,152.998794,"Leptospermum trinervium"
-27.3667,152.1167,"Leptospermum trinervium"
-27.366628,152.188583,"Leptospermum trinervium"
-27.366458,152.188658,"Leptospermum trinervium"
-27.323403,153.426061,"Leptospermum trinervium"
-27.3167,153.4167,"Leptospermum trinervium"
-27.316667,153.416667,"Leptospermum trinervium"
-27.308047,152.310636,"Leptospermum trinervium"
-27.306743,152.10941,"Leptospermum trinervium"
-27.292892,152.332489,"Leptospermum trinervium"
-27.292167,152.332418,"Leptospermum trinervium"
-27.28947,152.33132,"Leptospermum trinervium"
-27.28415,152.329392,"Leptospermum trinervium"
-27.283603,152.329208,"Leptospermum trinervium"
-27.283394,152.329011,"Leptospermum trinervium"
-27.2611,152.064292,"Leptospermum trinervium"
-27.256481,152.059692,"Leptospermum trinervium"
-27.256414,152.059539,"Leptospermum trinervium"
-27.253383,152.0757,"Leptospermum trinervium"
-27.25034,153.38996,"Leptospermum trinervium"
-27.24841,152.08441,"Leptospermum trinervium"
-27.234935,152.964867,"Leptospermum trinervium"
-27.181556,153.376639,"Leptospermum trinervium"
-27.1667,153.4167,"Leptospermum trinervium"
-27.141828,153.408706,"Leptospermum trinervium"
-27.134023,153.401561,"Leptospermum trinervium"
-27.134023,153.401561,"Leptospermum trinervium"
-27.134023,153.401561,"Leptospermum trinervium"
-27.134023,153.401561,"Leptospermum trinervium"
-27.12677,152.68378,"Leptospermum trinervium"
-27.123406,152.676069,"Leptospermum trinervium"
-27.11511,152.67377,"Leptospermum trinervium"
-27.115017,152.726486,"Leptospermum trinervium"
-27.113104,152.693832,"Leptospermum trinervium"
-27.111336,152.706467,"Leptospermum trinervium"
-27.10888,152.6823,"Leptospermum trinervium"
-27.10834,152.67549,"Leptospermum trinervium"
-27.10751,152.6796,"Leptospermum trinervium"
-27.10727,152.70628,"Leptospermum trinervium"
-27.107139,152.705306,"Leptospermum trinervium"
-27.105692,152.702012,"Leptospermum trinervium"
-27.101905,152.688593,"Leptospermum trinervium"
-27.10171,152.67411,"Leptospermum trinervium"
-27.10096,152.67747,"Leptospermum trinervium"
-27.099125,152.674688,"Leptospermum trinervium"
-27.084708,153.415253,"Leptospermum trinervium"
-27.084194,152.666587,"Leptospermum trinervium"
-27.083691,152.665989,"Leptospermum trinervium"
-27.081736,153.084394,"Leptospermum trinervium"
-27.05,153,"Leptospermum trinervium"
-27.03498,153.00359,"Leptospermum trinervium"
-27.033333,153.05,"Leptospermum trinervium"
-27.032223,153.151148,"Leptospermum trinervium"
-27.024101,153.119431,"Leptospermum trinervium"
-27.023072,153.118543,"Leptospermum trinervium"
-27.018232,153.112952,"Leptospermum trinervium"
-27.01552,152.93036,"Leptospermum trinervium"
-27.01388,152.89612,"Leptospermum trinervium"
-27.01368,152.89545,"Leptospermum trinervium"
-27.01366,153.13097,"Leptospermum trinervium"
-27.010906,152.858187,"Leptospermum trinervium"
-27.00996,152.8967,"Leptospermum trinervium"
-27.00996,152.8967,"Leptospermum trinervium"
-27.00249,152.91806,"Leptospermum trinervium"
-27,153.0667,"Leptospermum trinervium"
-26.97979,152.8369,"Leptospermum trinervium"
-26.979578,152.839122,"Leptospermum trinervium"
-26.979536,152.839077,"Leptospermum trinervium"
-26.97098,152.91511,"Leptospermum trinervium"
-26.96788,152.90642,"Leptospermum trinervium"
-26.96756,152.91568,"Leptospermum trinervium"
-26.95716,152.91257,"Leptospermum trinervium"
-26.950817,152.828931,"Leptospermum trinervium"
-26.94546,152.79061,"Leptospermum trinervium"
-26.94538,152.93246,"Leptospermum trinervium"
-26.943023,152.815047,"Leptospermum trinervium"
-26.94229,152.80921,"Leptospermum trinervium"
-26.94204,152.81259,"Leptospermum trinervium"
-26.94047,152.79506,"Leptospermum trinervium"
-26.940206,152.825783,"Leptospermum trinervium"
-26.938228,152.823987,"Leptospermum trinervium"
-26.93803,152.942,"Leptospermum trinervium"
-26.937778,152.845996,"Leptospermum trinervium"
-26.93619,152.9422,"Leptospermum trinervium"
-26.935609,152.841904,"Leptospermum trinervium"
-26.93356,152.9298,"Leptospermum trinervium"
-26.93153,152.892975,"Leptospermum trinervium"
-26.92788,152.937789,"Leptospermum trinervium"
-26.927435,152.994305,"Leptospermum trinervium"
-26.926934,152.945867,"Leptospermum trinervium"
-26.92569,152.94167,"Leptospermum trinervium"
-26.924848,152.944023,"Leptospermum trinervium"
-26.92294,152.81537,"Leptospermum trinervium"
-26.92179,152.8279,"Leptospermum trinervium"
-26.918695,152.816728,"Leptospermum trinervium"
-26.91705,152.94965,"Leptospermum trinervium"
-26.915074,152.917731,"Leptospermum trinervium"
-26.915074,152.917731,"Leptospermum trinervium"
-26.915074,152.917731,"Leptospermum trinervium"
-26.90924,153.04881,"Leptospermum trinervium"
-26.906741,152.909398,"Leptospermum trinervium"
-26.9038,152.9344,"Leptospermum trinervium"
-26.895212,152.889993,"Leptospermum trinervium"
-26.89474,152.91364,"Leptospermum trinervium"
-26.89391,152.87848,"Leptospermum trinervium"
-26.8914,152.8795,"Leptospermum trinervium"
-26.879817,153.046829,"Leptospermum trinervium"
-26.87017,152.93604,"Leptospermum trinervium"
-26.86978,152.93551,"Leptospermum trinervium"
-26.867778,152.935,"Leptospermum trinervium"
-26.86673,152.93635,"Leptospermum trinervium"
-26.864874,152.931564,"Leptospermum trinervium"
-26.864562,152.985183,"Leptospermum trinervium"
-26.8645,152.93183,"Leptospermum trinervium"
-26.86428,152.92864,"Leptospermum trinervium"
-26.86423,153.01329,"Leptospermum trinervium"
-26.86278,152.98981,"Leptospermum trinervium"
-26.86278,152.98981,"Leptospermum trinervium"
-26.86278,152.98981,"Leptospermum trinervium"
-26.86278,152.98981,"Leptospermum trinervium"
-26.86278,152.98981,"Leptospermum trinervium"
-26.86278,152.98981,"Leptospermum trinervium"
-26.86278,152.98981,"Leptospermum trinervium"
-26.86278,152.98981,"Leptospermum trinervium"
-26.862438,152.99585,"Leptospermum trinervium"
-26.86234,152.99761,"Leptospermum trinervium"
-26.860414,153.012412,"Leptospermum trinervium"
-26.859812,152.99267,"Leptospermum trinervium"
-26.859812,152.99267,"Leptospermum trinervium"
-26.859783,153.002756,"Leptospermum trinervium"
-26.858925,153.003593,"Leptospermum trinervium"
-26.85752,153.005925,"Leptospermum trinervium"
-26.857009,152.957757,"Leptospermum trinervium"
-26.856594,152.989839,"Leptospermum trinervium"
-26.855827,153.006273,"Leptospermum trinervium"
-26.851717,152.965637,"Leptospermum trinervium"
-26.850823,152.959794,"Leptospermum trinervium"
-26.84945,152.9595,"Leptospermum trinervium"
-26.84729,152.95681,"Leptospermum trinervium"
-26.84498,152.96193,"Leptospermum trinervium"
-26.840074,152.959398,"Leptospermum trinervium"
-26.833333,152.95,"Leptospermum trinervium"
-26.825634,152.941589,"Leptospermum trinervium"
-26.82085,152.976393,"Leptospermum trinervium"
-26.808767,152.984663,"Leptospermum trinervium"
-26.807609,152.984363,"Leptospermum trinervium"
-26.805558,152.993971,"Leptospermum trinervium"
-26.79648,153.00565,"Leptospermum trinervium"
-26.79013,153.100302,"Leptospermum trinervium"
-26.789237,153.009797,"Leptospermum trinervium"
-26.782852,153.084641,"Leptospermum trinervium"
-26.77973,153.0511,"Leptospermum trinervium"
-26.763692,153.12928,"Leptospermum trinervium"
-26.763155,153.132071,"Leptospermum trinervium"
-26.763078,153.129089,"Leptospermum trinervium"
-26.761303,153.131052,"Leptospermum trinervium"
-26.7611,153.13195,"Leptospermum trinervium"
-26.751139,153.053694,"Leptospermum trinervium"
-26.75,153,"Leptospermum trinervium"
-26.748403,153.08439,"Leptospermum trinervium"
-26.748403,153.08439,"Leptospermum trinervium"
-26.733333,153.05,"Leptospermum trinervium"
-26.729562,153.087611,"Leptospermum trinervium"
-26.728503,153.088387,"Leptospermum trinervium"
-26.727471,153.091547,"Leptospermum trinervium"
-26.7236,153.09028,"Leptospermum trinervium"
-26.710658,153.086718,"Leptospermum trinervium"
-26.710544,153.09911,"Leptospermum trinervium"
-26.70994,153.07646,"Leptospermum trinervium"
-26.606758,152.831663,"Leptospermum trinervium"
-26.590074,152.876064,"Leptospermum trinervium"
-26.585597,152.793045,"Leptospermum trinervium"
-26.585584,152.793028,"Leptospermum trinervium"
-26.58385,153.08813,"Leptospermum trinervium"
-26.58385,153.08813,"Leptospermum trinervium"
-26.583333,152.866667,"Leptospermum trinervium"
-26.5833,152.8667,"Leptospermum trinervium"
-26.5787,153.08816,"Leptospermum trinervium"
-26.575575,153.085831,"Leptospermum trinervium"
-26.575461,153.0858,"Leptospermum trinervium"
-26.573408,152.826064,"Leptospermum trinervium"
-26.52035,152.90773,"Leptospermum trinervium"
-26.51643,153.0691,"Leptospermum trinervium"
-26.511595,153.071016,"Leptospermum trinervium"
-26.511558,153.070861,"Leptospermum trinervium"
-26.511298,153.072066,"Leptospermum trinervium"
-26.4831,153.08521,"Leptospermum trinervium"
-26.46532,153.08493,"Leptospermum trinervium"
-26.441168,153.038752,"Leptospermum trinervium"
-26.42166,153.02539,"Leptospermum trinervium"
-26.42159,153.02486,"Leptospermum trinervium"
-26.42069,153.02246,"Leptospermum trinervium"
-26.41866,153.0244,"Leptospermum trinervium"
-26.41584,153.09682,"Leptospermum trinervium"
-26.415069,153.084387,"Leptospermum trinervium"
-26.41466,153.03456,"Leptospermum trinervium"
-26.4141,153.01678,"Leptospermum trinervium"
-26.4141,153.01678,"Leptospermum trinervium"
-26.3939,153.023514,"Leptospermum trinervium"
-26.3885,153.01256,"Leptospermum trinervium"
-26.38584,153.00193,"Leptospermum trinervium"
-26.38381,153.082978,"Leptospermum trinervium"
-26.38311,153.08661,"Leptospermum trinervium"
-26.38151,153.01815,"Leptospermum trinervium"
-26.3667,153.0667,"Leptospermum trinervium"
-26.36506,153.00106,"Leptospermum trinervium"
-26.233333,153.06533,"Leptospermum trinervium"
-26.1831,152.5708,"Leptospermum trinervium"
-26.15601,153.05926,"Leptospermum trinervium"
-26.141667,153.091667,"Leptospermum trinervium"
-26.0999,153,"Leptospermum trinervium"
-26.0984,151.35109,"Leptospermum trinervium"
-26.083333,152.916667,"Leptospermum trinervium"
-26.066667,153,"Leptospermum trinervium"
-26.05,150.05,"Leptospermum trinervium"
-26.015493,153.011036,"Leptospermum trinervium"
-26.004847,153.056153,"Leptospermum trinervium"
-26.00446,153.0565,"Leptospermum trinervium"
-26.003428,153.095445,"Leptospermum trinervium"
-26.003185,153.096712,"Leptospermum trinervium"
-26.00085,152.97486,"Leptospermum trinervium"
-26,151.033333,"Leptospermum trinervium"
-26,153,"Leptospermum trinervium"
-26,153,"Leptospermum trinervium"
-26,153,"Leptospermum trinervium"
-26,153,"Leptospermum trinervium"
-25.998898,152.972742,"Leptospermum trinervium"
-25.998825,152.972563,"Leptospermum trinervium"
-25.998467,152.972353,"Leptospermum trinervium"
-25.99526,153.072,"Leptospermum trinervium"
-25.995112,153.072722,"Leptospermum trinervium"
-25.98556,153.00526,"Leptospermum trinervium"
-25.984706,152.999275,"Leptospermum trinervium"
-25.975705,153.066478,"Leptospermum trinervium"
-25.96951,153.0544,"Leptospermum trinervium"
-25.96562,152.95106,"Leptospermum trinervium"
-25.956688,153.099635,"Leptospermum trinervium"
-25.956142,153.099289,"Leptospermum trinervium"
-25.95423,153.09856,"Leptospermum trinervium"
-25.951727,152.937607,"Leptospermum trinervium"
-25.94562,153.08744,"Leptospermum trinervium"
-25.94367,153.08189,"Leptospermum trinervium"
-25.943314,153.07282,"Leptospermum trinervium"
-25.936874,152.986694,"Leptospermum trinervium"
-25.935977,153.080927,"Leptospermum trinervium"
-25.935626,153.078827,"Leptospermum trinervium"
-25.9354,153.07886,"Leptospermum trinervium"
-25.929466,152.908453,"Leptospermum trinervium"
-25.92217,152.973588,"Leptospermum trinervium"
-25.9183,153.09165,"Leptospermum trinervium"
-25.91475,152.798199,"Leptospermum trinervium"
-25.91285,153.08531,"Leptospermum trinervium"
-25.907097,153.076675,"Leptospermum trinervium"
-25.89841,151.30109,"Leptospermum trinervium"
-25.884481,152.981446,"Leptospermum trinervium"
-25.884423,152.981485,"Leptospermum trinervium"
-25.88006,152.71523,"Leptospermum trinervium"
-25.87562,152.70828,"Leptospermum trinervium"
-25.868638,152.904905,"Leptospermum trinervium"
-25.847485,152.885374,"Leptospermum trinervium"
-25.846391,152.885095,"Leptospermum trinervium"
-25.845733,152.875731,"Leptospermum trinervium"
-25.841106,152.881192,"Leptospermum trinervium"
-25.83947,152.95792,"Leptospermum trinervium"
-25.839469,152.957919,"Leptospermum trinervium"
-25.82479,152.70162,"Leptospermum trinervium"
-25.821227,152.79924,"Leptospermum trinervium"
-25.81534,152.87939,"Leptospermum trinervium"
-25.81479,152.71634,"Leptospermum trinervium"
-25.808665,152.786292,"Leptospermum trinervium"
-25.79146,152.89023,"Leptospermum trinervium"
-25.77757,152.93412,"Leptospermum trinervium"
-25.775659,152.857949,"Leptospermum trinervium"
-25.770802,152.95678,"Leptospermum trinervium"
-25.76979,152.93022,"Leptospermum trinervium"
-25.76676,152.958973,"Leptospermum trinervium"
-25.765721,152.959113,"Leptospermum trinervium"
-25.760967,152.956833,"Leptospermum trinervium"
-25.75479,152.69717,"Leptospermum trinervium"
-25.7534,152.70328,"Leptospermum trinervium"
-25.74841,152.917722,"Leptospermum trinervium"
-25.74784,152.68301,"Leptospermum trinervium"
-25.73923,152.47052,"Leptospermum trinervium"
-25.738122,152.471318,"Leptospermum trinervium"
-25.73812,152.47132,"Leptospermum trinervium"
-25.736283,152.479322,"Leptospermum trinervium"
-25.733385,152.460092,"Leptospermum trinervium"
-25.7303,152.871383,"Leptospermum trinervium"
-25.729833,152.456663,"Leptospermum trinervium"
-25.729142,152.470447,"Leptospermum trinervium"
-25.72284,152.46774,"Leptospermum trinervium"
-25.713955,152.45637,"Leptospermum trinervium"
-25.711389,152.915,"Leptospermum trinervium"
-25.70757,152.4569,"Leptospermum trinervium"
-25.69659,152.46504,"Leptospermum trinervium"
-25.69424,152.46801,"Leptospermum trinervium"
-25.694047,152.685855,"Leptospermum trinervium"
-25.69369,152.39803,"Leptospermum trinervium"
-25.69285,152.46162,"Leptospermum trinervium"
-25.677812,152.469549,"Leptospermum trinervium"
-25.67781,152.46955,"Leptospermum trinervium"
-25.673413,152.092729,"Leptospermum trinervium"
-25.66868,152.49523,"Leptospermum trinervium"
-25.66818,152.40954,"Leptospermum trinervium"
-25.666233,152.87393,"Leptospermum trinervium"
-25.665945,152.87378,"Leptospermum trinervium"
-25.662585,153.006465,"Leptospermum trinervium"
-25.66215,153.006168,"Leptospermum trinervium"
-25.661383,153.00556,"Leptospermum trinervium"
-25.660723,153.005425,"Leptospermum trinervium"
-25.657298,152.795055,"Leptospermum trinervium"
-25.65033,152.638623,"Leptospermum trinervium"
-25.6484,152.66773,"Leptospermum trinervium"
-25.64507,152.07829,"Leptospermum trinervium"
-25.64423,152.43717,"Leptospermum trinervium"
-25.63118,152.44496,"Leptospermum trinervium"
-25.61895,152.73607,"Leptospermum trinervium"
-25.61671,152.84436,"Leptospermum trinervium"
-25.61201,152.0808,"Leptospermum trinervium"
-25.58306,152.04507,"Leptospermum trinervium"
-25.58173,152.0569,"Leptospermum trinervium"
-25.5799,152.054572,"Leptospermum trinervium"
-25.5734,152.04607,"Leptospermum trinervium"
-25.57242,153.06178,"Leptospermum trinervium"
-25.57229,152.0308,"Leptospermum trinervium"
-25.57201,153.06133,"Leptospermum trinervium"
-25.57146,152.03051,"Leptospermum trinervium"
-25.54256,153.08578,"Leptospermum trinervium"
-25.535894,152.796078,"Leptospermum trinervium"
-25.53201,152.79661,"Leptospermum trinervium"
-25.506326,152.685006,"Leptospermum trinervium"
-25.49852,152.67737,"Leptospermum trinervium"
-25.49841,152.501055,"Leptospermum trinervium"
-25.497923,152.64019,"Leptospermum trinervium"
-25.494144,152.691642,"Leptospermum trinervium"
-25.4884,152.59996,"Leptospermum trinervium"
-25.48312,152.58579,"Leptospermum trinervium"
-25.481673,152.613116,"Leptospermum trinervium"
-25.47784,153.03411,"Leptospermum trinervium"
-25.47729,152.46468,"Leptospermum trinervium"
-25.46868,152.75634,"Leptospermum trinervium"
-25.4309,152.65662,"Leptospermum trinervium"
-25.423406,153.092712,"Leptospermum trinervium"
-25.41595,152.45556,"Leptospermum trinervium"
-25.412894,153.078797,"Leptospermum trinervium"
-25.412883,153.079208,"Leptospermum trinervium"
-25.403344,153.033158,"Leptospermum trinervium"
-25.38062,152.6644,"Leptospermum trinervium"
-25.37589,153.14272,"Leptospermum trinervium"
-25.37589,153.14272,"Leptospermum trinervium"
-25.363003,152.612095,"Leptospermum trinervium"
-25.360406,152.806061,"Leptospermum trinervium"
-25.360393,152.806025,"Leptospermum trinervium"
-25.351715,152.749054,"Leptospermum trinervium"
-25.337397,153.115342,"Leptospermum trinervium"
-25.33201,152.53273,"Leptospermum trinervium"
-25.321838,152.77126,"Leptospermum trinervium"
-25.3159,152.47912,"Leptospermum trinervium"
-25.3159,152.47912,"Leptospermum trinervium"
-25.30784,152.3344,"Leptospermum trinervium"
-25.30211,152.549738,"Leptospermum trinervium"
-25.2922,148.6614,"Leptospermum trinervium"
-25.28924,152.4869,"Leptospermum trinervium"
-25.28602,153.06748,"Leptospermum trinervium"
-25.28602,153.06748,"Leptospermum trinervium"
-25.285928,152.56218,"Leptospermum trinervium"
-25.28478,153.06744,"Leptospermum trinervium"
-25.27625,152.6921,"Leptospermum trinervium"
-25.276232,152.692124,"Leptospermum trinervium"
-25.268927,152.701248,"Leptospermum trinervium"
-25.267467,152.698288,"Leptospermum trinervium"
-25.267452,152.699524,"Leptospermum trinervium"
-25.256739,153.176045,"Leptospermum trinervium"
-25.256739,153.176045,"Leptospermum trinervium"
-25.256739,153.176045,"Leptospermum trinervium"
-25.25312,152.42107,"Leptospermum trinervium"
-25.25,153.133333,"Leptospermum trinervium"
-25.248411,152.584384,"Leptospermum trinervium"
-25.248411,152.584384,"Leptospermum trinervium"
-25.23201,152.42606,"Leptospermum trinervium"
-25.229525,152.444669,"Leptospermum trinervium"
-25.228844,153.136214,"Leptospermum trinervium"
-25.223411,152.626051,"Leptospermum trinervium"
-25.22145,153.06272,"Leptospermum trinervium"
-25.216667,152.616667,"Leptospermum trinervium"
-25.205278,152.521944,"Leptospermum trinervium"
-25.205278,152.521944,"Leptospermum trinervium"
-25.200759,152.597571,"Leptospermum trinervium"
-25.2,152.566667,"Leptospermum trinervium"
-25.19812,152.56412,"Leptospermum trinervium"
-25.196189,152.61244,"Leptospermum trinervium"
-25.190078,152.592718,"Leptospermum trinervium"
-25.16423,152.60106,"Leptospermum trinervium"
-25.1634,152.58328,"Leptospermum trinervium"
-25.16257,152.6019,"Leptospermum trinervium"
-25.1597,152.5447,"Leptospermum trinervium"
-25.158133,152.545773,"Leptospermum trinervium"
-25.14507,152.51662,"Leptospermum trinervium"
-25.1398,152.1694,"Leptospermum trinervium"
-25.13618,152.58634,"Leptospermum trinervium"
-25.1334,153.16466,"Leptospermum trinervium"
-25.13332,153.16385,"Leptospermum trinervium"
-25.13332,153.16385,"Leptospermum trinervium"
-25.13332,153.16385,"Leptospermum trinervium"
-25.13332,153.16385,"Leptospermum trinervium"
-25.13332,153.16385,"Leptospermum trinervium"
-25.13332,153.16385,"Leptospermum trinervium"
-25.13332,153.16385,"Leptospermum trinervium"
-25.13332,153.16385,"Leptospermum trinervium"
-25.13332,153.16385,"Leptospermum trinervium"
-25.13332,153.16385,"Leptospermum trinervium"
-25.13332,153.16385,"Leptospermum trinervium"
-25.13332,153.16385,"Leptospermum trinervium"
-25.13332,153.16385,"Leptospermum trinervium"
-25.13332,153.16385,"Leptospermum trinervium"
-25.13332,153.16385,"Leptospermum trinervium"
-25.13332,153.16385,"Leptospermum trinervium"
-25.13332,153.16385,"Leptospermum trinervium"
-25.13332,153.16385,"Leptospermum trinervium"
-25.13332,153.16385,"Leptospermum trinervium"
-25.13332,153.16385,"Leptospermum trinervium"
-25.13332,153.16385,"Leptospermum trinervium"
-25.13332,153.16385,"Leptospermum trinervium"
-25.13332,153.16385,"Leptospermum trinervium"
-25.13332,153.16385,"Leptospermum trinervium"
-25.13332,153.16385,"Leptospermum trinervium"
-25.13332,153.16385,"Leptospermum trinervium"
-25.13332,153.16385,"Leptospermum trinervium"
-25.13332,153.16385,"Leptospermum trinervium"
-25.13332,153.16385,"Leptospermum trinervium"
-25.13332,153.16385,"Leptospermum trinervium"
-25.13332,153.16385,"Leptospermum trinervium"
-25.13332,153.16385,"Leptospermum trinervium"
-25.13332,153.16385,"Leptospermum trinervium"
-25.13332,153.16385,"Leptospermum trinervium"
-25.13332,153.16385,"Leptospermum trinervium"
-25.13332,153.16385,"Leptospermum trinervium"
-25.13332,153.16385,"Leptospermum trinervium"
-25.13332,153.16385,"Leptospermum trinervium"
-25.13332,153.16385,"Leptospermum trinervium"
-25.13332,153.16385,"Leptospermum trinervium"
-25.13332,153.16385,"Leptospermum trinervium"
-25.13332,153.16385,"Leptospermum trinervium"
-25.13332,153.16385,"Leptospermum trinervium"
-25.13332,153.16385,"Leptospermum trinervium"
-25.13332,153.16385,"Leptospermum trinervium"
-25.13332,153.16385,"Leptospermum trinervium"
-25.13332,153.16385,"Leptospermum trinervium"
-25.13332,153.16385,"Leptospermum trinervium"
-25.13332,153.16385,"Leptospermum trinervium"
-25.12451,152.5705,"Leptospermum trinervium"
-25.11896,152.52273,"Leptospermum trinervium"
-25.114745,152.555143,"Leptospermum trinervium"
-25.09396,152.40689,"Leptospermum trinervium"
-25.09201,152.48689,"Leptospermum trinervium"
-25.087581,152.499947,"Leptospermum trinervium"
-25.08396,152.52523,"Leptospermum trinervium"
-25.08173,152.50412,"Leptospermum trinervium"
-25.08173,152.41773,"Leptospermum trinervium"
-25.08173,152.51106,"Leptospermum trinervium"
-25.08173,152.50412,"Leptospermum trinervium"
-25.08173,152.41773,"Leptospermum trinervium"
-25.06757,152.31828,"Leptospermum trinervium"
-25.05646,152.22468,"Leptospermum trinervium"
-25.05396,152.29717,"Leptospermum trinervium"
-25.05175,152.21167,"Leptospermum trinervium"
-25.05035,152.32745,"Leptospermum trinervium"
-25.04791,152.3167,"Leptospermum trinervium"
-25.04729,152.33662,"Leptospermum trinervium"
-25.043669,152.352463,"Leptospermum trinervium"
-25.043005,152.34671,"Leptospermum trinervium"
-25.03955,152.4879,"Leptospermum trinervium"
-25.02479,152.29328,"Leptospermum trinervium"
-25.01923,152.40967,"Leptospermum trinervium"
-25.016667,148.166667,"Leptospermum trinervium"
-25.01396,152.43578,"Leptospermum trinervium"
-25.00868,152.44717,"Leptospermum trinervium"
-25,146.25,"Leptospermum trinervium"
-24.999882,152.210551,"Leptospermum trinervium"
-24.99701,152.31356,"Leptospermum trinervium"
-24.99284,152.47412,"Leptospermum trinervium"
-24.99201,152.45995,"Leptospermum trinervium"
-24.990082,152.242722,"Leptospermum trinervium"
-24.98646,152.44023,"Leptospermum trinervium"
-24.98618,152.45717,"Leptospermum trinervium"
-24.9692,153.3289,"Leptospermum trinervium"
-24.969167,153.328889,"Leptospermum trinervium"
-24.967572,153.329931,"Leptospermum trinervium"
-24.95451,152.47578,"Leptospermum trinervium"
-24.9417,153.2817,"Leptospermum trinervium"
-24.940072,153.282709,"Leptospermum trinervium"
-24.82648,152.27046,"Leptospermum trinervium"
-24.773415,152.209388,"Leptospermum trinervium"
-24.7667,152.2,"Leptospermum trinervium"
-24.76535,152.20773,"Leptospermum trinervium"
-24.7134,152.13468,"Leptospermum trinervium"
-24.652475,150.364425,"Leptospermum trinervium"
-24.640082,152.059388,"Leptospermum trinervium"
-24.59363,152.04949,"Leptospermum trinervium"
-24.591693,152.042805,"Leptospermum trinervium"
-24.57701,152.04412,"Leptospermum trinervium"
-24.57701,152.04412,"Leptospermum trinervium"
-24.49091,152.01579,"Leptospermum trinervium"
-24.444544,151.948502,"Leptospermum trinervium"
-24.41758,151.96329,"Leptospermum trinervium"
-24.40758,150.99802,"Leptospermum trinervium"
-24.2484,151.90106,"Leptospermum trinervium"
-24.21507,151.89828,"Leptospermum trinervium"
-24.20118,151.81162,"Leptospermum trinervium"
-24.193228,151.89322,"Leptospermum trinervium"
-24.185366,151.876403,"Leptospermum trinervium"
-24.18452,151.87773,"Leptospermum trinervium"
-24.173419,151.842727,"Leptospermum trinervium"
-24.133333,151.3,"Leptospermum trinervium"
-23.241667,150.691667,"Leptospermum trinervium"
-23.241667,150.691667,"Leptospermum trinervium"
-23.2333,150.6833,"Leptospermum trinervium"
-23.2333,150.6833,"Leptospermum trinervium"
-23.2167,150.6667,"Leptospermum trinervium"
-23.166667,150.756667,"Leptospermum trinervium"
-23.166667,150.756667,"Leptospermum trinervium"
