"decimalLatitude","decimalLongitude","species"
-38.347772,144.296215,"Melaleuca quinquenervia"
-38.129708,145.268172,"Melaleuca quinquenervia"
-38.129544,145.26774,"Melaleuca quinquenervia"
-37.983897,145.217637,"Melaleuca quinquenervia"
-37.983617,145.217667,"Melaleuca quinquenervia"
-37.971649,145.178421,"Melaleuca quinquenervia"
-37.917358,145.159164,"Melaleuca quinquenervia"
-37.892325,145.074936,"Melaleuca quinquenervia"
-37.8256,145.063064,"Melaleuca quinquenervia"
-37.824228,145.204766,"Melaleuca quinquenervia"
-37.640782,145.188526,"Melaleuca quinquenervia"
-37.383378,145.741096,"Melaleuca quinquenervia"
-37.063057,144.227995,"Melaleuca quinquenervia"
-37.06118,146.084244,"Melaleuca quinquenervia"
-36.909444,149.902194,"Melaleuca quinquenervia"
-36.735274,149.93716,"Melaleuca quinquenervia"
-35.902092,150.141181,"Melaleuca quinquenervia"
-35.90099,150.140947,"Melaleuca quinquenervia"
-35.712105,150.177947,"Melaleuca quinquenervia"
-35.697882,150.187317,"Melaleuca quinquenervia"
-35.697877,150.187304,"Melaleuca quinquenervia"
-35.366325,150.466317,"Melaleuca quinquenervia"
-35.356105,150.467774,"Melaleuca quinquenervia"
-35.302631,150.5166,"Melaleuca quinquenervia"
-35.280952,147.727584,"Melaleuca quinquenervia"
-35.146045,147.343377,"Melaleuca quinquenervia"
-35.0968,150.6324,"Melaleuca quinquenervia"
-35.058274,149.554638,"Melaleuca quinquenervia"
-35.012877,150.65372,"Melaleuca quinquenervia"
-35.0069,150.7235,"Melaleuca quinquenervia"
-35.005172,150.722786,"Melaleuca quinquenervia"
-34.997479,138.715373,"Melaleuca quinquenervia"
-34.992152,149.03956,"Melaleuca quinquenervia"
-34.935397,150.763642,"Melaleuca quinquenervia"
-34.892867,150.607062,"Melaleuca quinquenervia"
-34.884227,138.648116,"Melaleuca quinquenervia"
-34.88316,150.6083,"Melaleuca quinquenervia"
-34.879763,150.589133,"Melaleuca quinquenervia"
-34.872238,150.590955,"Melaleuca quinquenervia"
-34.869217,150.691376,"Melaleuca quinquenervia"
-34.854757,150.57797,"Melaleuca quinquenervia"
-34.852328,150.622251,"Melaleuca quinquenervia"
-34.837704,150.738205,"Melaleuca quinquenervia"
-34.826631,150.589461,"Melaleuca quinquenervia"
-34.825122,150.582906,"Melaleuca quinquenervia"
-34.81347,150.591943,"Melaleuca quinquenervia"
-34.762562,150.664093,"Melaleuca quinquenervia"
-34.736668,150.594376,"Melaleuca quinquenervia"
-34.685874,150.509258,"Melaleuca quinquenervia"
-34.648293,150.777152,"Melaleuca quinquenervia"
-34.616815,150.816617,"Melaleuca quinquenervia"
-34.585316,150.850526,"Melaleuca quinquenervia"
-34.579292,150.814132,"Melaleuca quinquenervia"
-34.571797,150.730032,"Melaleuca quinquenervia"
-34.56415,150.83275,"Melaleuca quinquenervia"
-34.558423,150.834397,"Melaleuca quinquenervia"
-34.54728,150.78489,"Melaleuca quinquenervia"
-34.538839,150.861114,"Melaleuca quinquenervia"
-34.538788,150.861102,"Melaleuca quinquenervia"
-34.521609,150.811611,"Melaleuca quinquenervia"
-34.508996,150.733439,"Melaleuca quinquenervia"
-34.497385,150.755032,"Melaleuca quinquenervia"
-34.493191,150.754344,"Melaleuca quinquenervia"
-34.493173,150.754323,"Melaleuca quinquenervia"
-34.464987,150.853626,"Melaleuca quinquenervia"
-34.448612,150.845001,"Melaleuca quinquenervia"
-34.448612,150.845001,"Melaleuca quinquenervia"
-34.442659,150.887108,"Melaleuca quinquenervia"
-34.429425,150.818986,"Melaleuca quinquenervia"
-34.42782,150.839643,"Melaleuca quinquenervia"
-34.425561,150.839375,"Melaleuca quinquenervia"
-34.425245,150.861462,"Melaleuca quinquenervia"
-34.417727,150.886311,"Melaleuca quinquenervia"
-34.416033,150.887488,"Melaleuca quinquenervia"
-34.409527,150.855881,"Melaleuca quinquenervia"
-34.408088,150.888633,"Melaleuca quinquenervia"
-34.400001,150.868906,"Melaleuca quinquenervia"
-34.367144,150.920908,"Melaleuca quinquenervia"
-34.335601,150.907938,"Melaleuca quinquenervia"
-34.319465,150.920122,"Melaleuca quinquenervia"
-34.308647,150.925925,"Melaleuca quinquenervia"
-34.295269,150.734326,"Melaleuca quinquenervia"
-34.277611,150.952416,"Melaleuca quinquenervia"
-34.27742,150.952292,"Melaleuca quinquenervia"
-34.275304,150.56076,"Melaleuca quinquenervia"
-34.258191,150.562349,"Melaleuca quinquenervia"
-34.25173,150.940869,"Melaleuca quinquenervia"
-34.235755,116.136742,"Melaleuca quinquenervia"
-34.216921,150.605329,"Melaleuca quinquenervia"
-34.211729,150.592449,"Melaleuca quinquenervia"
-34.207204,150.579775,"Melaleuca quinquenervia"
-34.206549,150.794323,"Melaleuca quinquenervia"
-34.206086,150.581161,"Melaleuca quinquenervia"
-34.2019,150.7897,"Melaleuca quinquenervia"
-34.182518,142.161865,"Melaleuca quinquenervia"
-34.18104,150.970005,"Melaleuca quinquenervia"
-34.178725,150.9926,"Melaleuca quinquenervia"
-34.154709,150.980766,"Melaleuca quinquenervia"
-34.119677,150.387004,"Melaleuca quinquenervia"
-34.10253,151.097755,"Melaleuca quinquenervia"
-34.101042,150.750714,"Melaleuca quinquenervia"
-34.089313,150.822596,"Melaleuca quinquenervia"
-34.089313,150.822596,"Melaleuca quinquenervia"
-34.089313,150.822596,"Melaleuca quinquenervia"
-34.089313,150.822596,"Melaleuca quinquenervia"
-34.089313,150.822596,"Melaleuca quinquenervia"
-34.089313,150.822596,"Melaleuca quinquenervia"
-34.089313,150.822596,"Melaleuca quinquenervia"
-34.084687,151.009848,"Melaleuca quinquenervia"
-34.084459,151.153141,"Melaleuca quinquenervia"
-34.084459,151.153141,"Melaleuca quinquenervia"
-34.07282,151.1485,"Melaleuca quinquenervia"
-34.072671,151.13618,"Melaleuca quinquenervia"
-34.071972,151.113297,"Melaleuca quinquenervia"
-34.071936,151.114085,"Melaleuca quinquenervia"
-34.071141,151.115755,"Melaleuca quinquenervia"
-34.065249,150.771967,"Melaleuca quinquenervia"
-34.062348,150.822025,"Melaleuca quinquenervia"
-34.057551,151.153228,"Melaleuca quinquenervia"
-34.057551,151.153228,"Melaleuca quinquenervia"
-34.055458,151.008622,"Melaleuca quinquenervia"
-34.053997,150.971224,"Melaleuca quinquenervia"
-34.05395,151.147339,"Melaleuca quinquenervia"
-34.046586,150.66742,"Melaleuca quinquenervia"
-34.039647,151.157541,"Melaleuca quinquenervia"
-34.03963,151.157552,"Melaleuca quinquenervia"
-34.03957,150.745834,"Melaleuca quinquenervia"
-34.038843,151.16133,"Melaleuca quinquenervia"
-34.038646,150.692519,"Melaleuca quinquenervia"
-34.037017,151.118014,"Melaleuca quinquenervia"
-34.035259,151.121428,"Melaleuca quinquenervia"
-34.035259,151.121428,"Melaleuca quinquenervia"
-34.035259,151.121428,"Melaleuca quinquenervia"
-34.035259,151.121428,"Melaleuca quinquenervia"
-34.03472,151.11922,"Melaleuca quinquenervia"
-34.033388,151.059308,"Melaleuca quinquenervia"
-34.032841,151.058804,"Melaleuca quinquenervia"
-34.032373,151.173503,"Melaleuca quinquenervia"
-34.030482,151.131568,"Melaleuca quinquenervia"
-34.028879,150.82478,"Melaleuca quinquenervia"
-34.028283,150.809903,"Melaleuca quinquenervia"
-34.025006,151.200419,"Melaleuca quinquenervia"
-34.025,151.107222,"Melaleuca quinquenervia"
-34.024796,151.118259,"Melaleuca quinquenervia"
-34.024505,151.200901,"Melaleuca quinquenervia"
-34.0243,151.201413,"Melaleuca quinquenervia"
-34.024157,151.201003,"Melaleuca quinquenervia"
-34.023966,151.201424,"Melaleuca quinquenervia"
-34.023672,151.20089,"Melaleuca quinquenervia"
-34.023642,151.200658,"Melaleuca quinquenervia"
-34.023642,151.200794,"Melaleuca quinquenervia"
-34.023639,151.200838,"Melaleuca quinquenervia"
-34.023612,151.200768,"Melaleuca quinquenervia"
-34.022757,151.199267,"Melaleuca quinquenervia"
-34.022745,151.199292,"Melaleuca quinquenervia"
-34.022725,151.199214,"Melaleuca quinquenervia"
-34.022718,151.199262,"Melaleuca quinquenervia"
-34.022688,151.199232,"Melaleuca quinquenervia"
-34.022686,151.19922,"Melaleuca quinquenervia"
-34.02268,151.199102,"Melaleuca quinquenervia"
-34.022666,151.199264,"Melaleuca quinquenervia"
-34.022654,151.199103,"Melaleuca quinquenervia"
-34.022649,151.199272,"Melaleuca quinquenervia"
-34.022643,151.199194,"Melaleuca quinquenervia"
-34.022635,151.199006,"Melaleuca quinquenervia"
-34.022611,151.199448,"Melaleuca quinquenervia"
-34.022589,151.199082,"Melaleuca quinquenervia"
-34.022585,151.199231,"Melaleuca quinquenervia"
-34.022569,151.199194,"Melaleuca quinquenervia"
-34.022567,151.199317,"Melaleuca quinquenervia"
-34.02255,151.199429,"Melaleuca quinquenervia"
-34.022533,151.199563,"Melaleuca quinquenervia"
-34.02251,151.199598,"Melaleuca quinquenervia"
-34.022466,151.199713,"Melaleuca quinquenervia"
-34.022448,151.199034,"Melaleuca quinquenervia"
-34.022373,151.199655,"Melaleuca quinquenervia"
-34.022369,151.198358,"Melaleuca quinquenervia"
-34.022328,151.198286,"Melaleuca quinquenervia"
-34.022325,151.198297,"Melaleuca quinquenervia"
-34.022275,151.198778,"Melaleuca quinquenervia"
-34.022271,151.199638,"Melaleuca quinquenervia"
-34.022231,151.197884,"Melaleuca quinquenervia"
-34.022216,151.197902,"Melaleuca quinquenervia"
-34.022202,151.198982,"Melaleuca quinquenervia"
-34.022196,151.198177,"Melaleuca quinquenervia"
-34.022131,151.198927,"Melaleuca quinquenervia"
-34.021989,151.199539,"Melaleuca quinquenervia"
-34.021985,151.199505,"Melaleuca quinquenervia"
-34.021884,151.19885,"Melaleuca quinquenervia"
-34.021745,151.19938,"Melaleuca quinquenervia"
-34.015214,150.766275,"Melaleuca quinquenervia"
-34.0125,151.049322,"Melaleuca quinquenervia"
-34.01089,151.06691,"Melaleuca quinquenervia"
-34.010242,151.053467,"Melaleuca quinquenervia"
-34.009722,151.057778,"Melaleuca quinquenervia"
-34.008691,150.794872,"Melaleuca quinquenervia"
-34.007819,151.047032,"Melaleuca quinquenervia"
-34.007527,151.071495,"Melaleuca quinquenervia"
-34.007179,151.063084,"Melaleuca quinquenervia"
-34.001083,151.076732,"Melaleuca quinquenervia"
-34.000912,151.076733,"Melaleuca quinquenervia"
-33.989385,150.845131,"Melaleuca quinquenervia"
-33.988897,150.995452,"Melaleuca quinquenervia"
-33.982738,151.2426,"Melaleuca quinquenervia"
-33.982656,151.243608,"Melaleuca quinquenervia"
-33.9798,151.09612,"Melaleuca quinquenervia"
-33.979609,151.029954,"Melaleuca quinquenervia"
-33.979311,151.030181,"Melaleuca quinquenervia"
-33.979112,151.029294,"Melaleuca quinquenervia"
-33.979024,151.237077,"Melaleuca quinquenervia"
-33.97755,151.011397,"Melaleuca quinquenervia"
-33.976946,151.143643,"Melaleuca quinquenervia"
-33.97617,151.24947,"Melaleuca quinquenervia"
-33.975999,151.141048,"Melaleuca quinquenervia"
-33.975772,151.142792,"Melaleuca quinquenervia"
-33.973697,151.005009,"Melaleuca quinquenervia"
-33.973212,150.998172,"Melaleuca quinquenervia"
-33.969865,151.237009,"Melaleuca quinquenervia"
-33.96836,150.88612,"Melaleuca quinquenervia"
-33.966667,150.766667,"Melaleuca quinquenervia"
-33.963292,151.250655,"Melaleuca quinquenervia"
-33.962379,151.14618,"Melaleuca quinquenervia"
-33.961944,151.145833,"Melaleuca quinquenervia"
-33.961793,151.253578,"Melaleuca quinquenervia"
-33.961573,151.251822,"Melaleuca quinquenervia"
-33.958401,151.060524,"Melaleuca quinquenervia"
-33.957774,150.822605,"Melaleuca quinquenervia"
-33.957621,151.216675,"Melaleuca quinquenervia"
-33.95734,151.204274,"Melaleuca quinquenervia"
-33.957078,151.202697,"Melaleuca quinquenervia"
-33.956782,151.2025,"Melaleuca quinquenervia"
-33.956773,151.202399,"Melaleuca quinquenervia"
-33.956505,151.062439,"Melaleuca quinquenervia"
-33.953218,151.217469,"Melaleuca quinquenervia"
-33.951799,150.977953,"Melaleuca quinquenervia"
-33.950854,151.05205,"Melaleuca quinquenervia"
-33.95,151.2,"Melaleuca quinquenervia"
-33.94965,151.15556,"Melaleuca quinquenervia"
-33.949131,151.162167,"Melaleuca quinquenervia"
-33.946399,151.171765,"Melaleuca quinquenervia"
-33.944586,151.152109,"Melaleuca quinquenervia"
-33.943648,151.221493,"Melaleuca quinquenervia"
-33.943644,151.221489,"Melaleuca quinquenervia"
-33.943531,151.222416,"Melaleuca quinquenervia"
-33.943432,151.222413,"Melaleuca quinquenervia"
-33.943429,151.154935,"Melaleuca quinquenervia"
-33.942941,151.221526,"Melaleuca quinquenervia"
-33.942939,151.221521,"Melaleuca quinquenervia"
-33.941837,150.980026,"Melaleuca quinquenervia"
-33.94173,151.190776,"Melaleuca quinquenervia"
-33.940414,151.153878,"Melaleuca quinquenervia"
-33.940409,151.154693,"Melaleuca quinquenervia"
-33.940403,151.153873,"Melaleuca quinquenervia"
-33.940354,150.879387,"Melaleuca quinquenervia"
-33.940208,151.154083,"Melaleuca quinquenervia"
-33.940193,151.154332,"Melaleuca quinquenervia"
-33.940188,151.154068,"Melaleuca quinquenervia"
-33.939861,151.084806,"Melaleuca quinquenervia"
-33.939618,151.154652,"Melaleuca quinquenervia"
-33.939594,151.154648,"Melaleuca quinquenervia"
-33.939468,151.222606,"Melaleuca quinquenervia"
-33.939467,151.222604,"Melaleuca quinquenervia"
-33.93858,151.20621,"Melaleuca quinquenervia"
-33.938437,151.221857,"Melaleuca quinquenervia"
-33.938314,151.197068,"Melaleuca quinquenervia"
-33.937936,150.926962,"Melaleuca quinquenervia"
-33.93791,151.041047,"Melaleuca quinquenervia"
-33.937904,151.21118,"Melaleuca quinquenervia"
-33.937901,151.211181,"Melaleuca quinquenervia"
-33.93776,151.196415,"Melaleuca quinquenervia"
-33.93729,151.201519,"Melaleuca quinquenervia"
-33.937286,151.210889,"Melaleuca quinquenervia"
-33.937286,151.21089,"Melaleuca quinquenervia"
-33.937286,151.21089,"Melaleuca quinquenervia"
-33.937271,151.201196,"Melaleuca quinquenervia"
-33.93727,151.201203,"Melaleuca quinquenervia"
-33.937231,151.199433,"Melaleuca quinquenervia"
-33.937227,151.199434,"Melaleuca quinquenervia"
-33.937122,151.200694,"Melaleuca quinquenervia"
-33.937045,151.199892,"Melaleuca quinquenervia"
-33.937045,151.199888,"Melaleuca quinquenervia"
-33.937031,151.207497,"Melaleuca quinquenervia"
-33.937029,151.207498,"Melaleuca quinquenervia"
-33.937012,151.193767,"Melaleuca quinquenervia"
-33.93686,151.205424,"Melaleuca quinquenervia"
-33.936756,151.205179,"Melaleuca quinquenervia"
-33.936752,151.205178,"Melaleuca quinquenervia"
-33.936708,151.224501,"Melaleuca quinquenervia"
-33.936703,151.224489,"Melaleuca quinquenervia"
-33.936484,151.207801,"Melaleuca quinquenervia"
-33.936481,151.207805,"Melaleuca quinquenervia"
-33.936432,151.200842,"Melaleuca quinquenervia"
-33.936426,151.208765,"Melaleuca quinquenervia"
-33.936418,151.200836,"Melaleuca quinquenervia"
-33.936416,151.208779,"Melaleuca quinquenervia"
-33.936391,151.223144,"Melaleuca quinquenervia"
-33.936389,151.223148,"Melaleuca quinquenervia"
-33.936373,151.031151,"Melaleuca quinquenervia"
-33.936323,151.198859,"Melaleuca quinquenervia"
-33.936323,151.198859,"Melaleuca quinquenervia"
-33.935716,151.208289,"Melaleuca quinquenervia"
-33.935572,151.222625,"Melaleuca quinquenervia"
-33.934166,151.218939,"Melaleuca quinquenervia"
-33.934166,151.218942,"Melaleuca quinquenervia"
-33.93361,151.133294,"Melaleuca quinquenervia"
-33.933291,150.97841,"Melaleuca quinquenervia"
-33.932598,151.251084,"Melaleuca quinquenervia"
-33.932598,151.251084,"Melaleuca quinquenervia"
-33.931833,150.860034,"Melaleuca quinquenervia"
-33.931801,151.218772,"Melaleuca quinquenervia"
-33.931797,151.218767,"Melaleuca quinquenervia"
-33.931156,151.219726,"Melaleuca quinquenervia"
-33.931155,151.219732,"Melaleuca quinquenervia"
-33.930751,151.217257,"Melaleuca quinquenervia"
-33.930749,151.217256,"Melaleuca quinquenervia"
-33.930082,151.218396,"Melaleuca quinquenervia"
-33.930078,151.218395,"Melaleuca quinquenervia"
-33.929833,151.154322,"Melaleuca quinquenervia"
-33.929517,151.215466,"Melaleuca quinquenervia"
-33.929514,151.215467,"Melaleuca quinquenervia"
-33.929369,151.21959,"Melaleuca quinquenervia"
-33.929364,151.219589,"Melaleuca quinquenervia"
-33.928918,151.218827,"Melaleuca quinquenervia"
-33.928916,151.218832,"Melaleuca quinquenervia"
-33.928765,151.2196,"Melaleuca quinquenervia"
-33.928178,151.192947,"Melaleuca quinquenervia"
-33.927908,151.218982,"Melaleuca quinquenervia"
-33.927895,151.218989,"Melaleuca quinquenervia"
-33.927382,151.21815,"Melaleuca quinquenervia"
-33.927361,151.218161,"Melaleuca quinquenervia"
-33.927073,151.218388,"Melaleuca quinquenervia"
-33.926829,151.219773,"Melaleuca quinquenervia"
-33.926822,151.219788,"Melaleuca quinquenervia"
-33.926647,151.21933,"Melaleuca quinquenervia"
-33.92593,151.2212,"Melaleuca quinquenervia"
-33.925389,151.15558,"Melaleuca quinquenervia"
-33.924683,151.23458,"Melaleuca quinquenervia"
-33.923309,151.002932,"Melaleuca quinquenervia"
-33.922451,150.940293,"Melaleuca quinquenervia"
-33.922348,151.155039,"Melaleuca quinquenervia"
-33.921935,150.937371,"Melaleuca quinquenervia"
-33.9215,150.937222,"Melaleuca quinquenervia"
-33.920972,150.90393,"Melaleuca quinquenervia"
-33.919614,150.938378,"Melaleuca quinquenervia"
-33.919333,151.175663,"Melaleuca quinquenervia"
-33.91858,151.182016,"Melaleuca quinquenervia"
-33.918112,150.944135,"Melaleuca quinquenervia"
-33.917575,151.035568,"Melaleuca quinquenervia"
-33.916709,151.078032,"Melaleuca quinquenervia"
-33.916608,150.942133,"Melaleuca quinquenervia"
-33.916378,151.129681,"Melaleuca quinquenervia"
-33.916248,151.131458,"Melaleuca quinquenervia"
-33.915088,151.251155,"Melaleuca quinquenervia"
-33.914995,151.124998,"Melaleuca quinquenervia"
-33.914614,150.948666,"Melaleuca quinquenervia"
-33.914187,151.184302,"Melaleuca quinquenervia"
-33.913889,151.140278,"Melaleuca quinquenervia"
-33.913767,151.140018,"Melaleuca quinquenervia"
-33.913745,151.183197,"Melaleuca quinquenervia"
-33.913259,151.18333,"Melaleuca quinquenervia"
-33.913246,151.133575,"Melaleuca quinquenervia"
-33.913111,151.024419,"Melaleuca quinquenervia"
-33.912606,151.034377,"Melaleuca quinquenervia"
-33.912078,151.183767,"Melaleuca quinquenervia"
-33.911003,151.199837,"Melaleuca quinquenervia"
-33.909807,150.929175,"Melaleuca quinquenervia"
-33.909305,151.18297,"Melaleuca quinquenervia"
-33.909001,151.182855,"Melaleuca quinquenervia"
-33.908996,150.930449,"Melaleuca quinquenervia"
-33.907797,151.181572,"Melaleuca quinquenervia"
-33.907237,150.924462,"Melaleuca quinquenervia"
-33.907179,151.184685,"Melaleuca quinquenervia"
-33.906745,151.240256,"Melaleuca quinquenervia"
-33.906572,151.227098,"Melaleuca quinquenervia"
-33.906059,151.14026,"Melaleuca quinquenervia"
-33.905337,150.940245,"Melaleuca quinquenervia"
-33.905337,150.940245,"Melaleuca quinquenervia"
-33.905179,151.038241,"Melaleuca quinquenervia"
-33.904785,151.228277,"Melaleuca quinquenervia"
-33.904543,151.038029,"Melaleuca quinquenervia"
-33.904364,151.127046,"Melaleuca quinquenervia"
-33.903908,150.942602,"Melaleuca quinquenervia"
-33.903847,151.229412,"Melaleuca quinquenervia"
-33.903691,151.228966,"Melaleuca quinquenervia"
-33.90354,151.230012,"Melaleuca quinquenervia"
-33.903503,151.229142,"Melaleuca quinquenervia"
-33.902903,151.256109,"Melaleuca quinquenervia"
-33.902767,150.942845,"Melaleuca quinquenervia"
-33.902238,151.093005,"Melaleuca quinquenervia"
-33.901797,151.2379,"Melaleuca quinquenervia"
-33.901712,151.077878,"Melaleuca quinquenervia"
-33.901111,151.233611,"Melaleuca quinquenervia"
-33.900757,151.234695,"Melaleuca quinquenervia"
-33.900528,151.234633,"Melaleuca quinquenervia"
-33.900437,151.233995,"Melaleuca quinquenervia"
-33.900312,151.237284,"Melaleuca quinquenervia"
-33.900283,151.225729,"Melaleuca quinquenervia"
-33.900141,151.235374,"Melaleuca quinquenervia"
-33.900057,151.236409,"Melaleuca quinquenervia"
-33.900002,151.229996,"Melaleuca quinquenervia"
-33.9,151.27,"Melaleuca quinquenervia"
-33.89985,151.237023,"Melaleuca quinquenervia"
-33.899812,151.236254,"Melaleuca quinquenervia"
-33.899812,151.236254,"Melaleuca quinquenervia"
-33.899767,151.23626,"Melaleuca quinquenervia"
-33.899767,151.23626,"Melaleuca quinquenervia"
-33.899747,151.239508,"Melaleuca quinquenervia"
-33.899382,151.229915,"Melaleuca quinquenervia"
-33.899267,151.238571,"Melaleuca quinquenervia"
-33.899237,151.237411,"Melaleuca quinquenervia"
-33.89915,151.236497,"Melaleuca quinquenervia"
-33.899067,151.236953,"Melaleuca quinquenervia"
-33.899006,151.237411,"Melaleuca quinquenervia"
-33.898976,151.079252,"Melaleuca quinquenervia"
-33.898816,151.238252,"Melaleuca quinquenervia"
-33.898816,151.238252,"Melaleuca quinquenervia"
-33.898717,151.236474,"Melaleuca quinquenervia"
-33.898225,151.088038,"Melaleuca quinquenervia"
-33.898148,151.236681,"Melaleuca quinquenervia"
-33.897777,151.232587,"Melaleuca quinquenervia"
-33.897654,151.23034,"Melaleuca quinquenervia"
-33.89763,151.235678,"Melaleuca quinquenervia"
-33.897626,151.227632,"Melaleuca quinquenervia"
-33.897577,151.189982,"Melaleuca quinquenervia"
-33.897577,151.189982,"Melaleuca quinquenervia"
-33.897341,151.21309,"Melaleuca quinquenervia"
-33.896561,151.241394,"Melaleuca quinquenervia"
-33.895341,151.198425,"Melaleuca quinquenervia"
-33.895215,151.207441,"Melaleuca quinquenervia"
-33.895158,151.165038,"Melaleuca quinquenervia"
-33.895104,151.165188,"Melaleuca quinquenervia"
-33.894944,151.142916,"Melaleuca quinquenervia"
-33.894911,151.143613,"Melaleuca quinquenervia"
-33.894722,151.238889,"Melaleuca quinquenervia"
-33.894595,151.256016,"Melaleuca quinquenervia"
-33.893964,151.273366,"Melaleuca quinquenervia"
-33.893893,151.125351,"Melaleuca quinquenervia"
-33.893671,151.14276,"Melaleuca quinquenervia"
-33.893671,151.14276,"Melaleuca quinquenervia"
-33.893616,151.072325,"Melaleuca quinquenervia"
-33.892912,151.233351,"Melaleuca quinquenervia"
-33.892162,151.23218,"Melaleuca quinquenervia"
-33.892162,151.232181,"Melaleuca quinquenervia"
-33.892162,151.23218,"Melaleuca quinquenervia"
-33.891847,151.144399,"Melaleuca quinquenervia"
-33.891215,150.950044,"Melaleuca quinquenervia"
-33.890332,151.055229,"Melaleuca quinquenervia"
-33.890204,151.265894,"Melaleuca quinquenervia"
-33.890153,151.271103,"Melaleuca quinquenervia"
-33.890031,150.966714,"Melaleuca quinquenervia"
-33.887956,151.255902,"Melaleuca quinquenervia"
-33.886847,151.253046,"Melaleuca quinquenervia"
-33.886804,151.252555,"Melaleuca quinquenervia"
-33.886491,151.145309,"Melaleuca quinquenervia"
-33.884989,151.189396,"Melaleuca quinquenervia"
-33.883411,151.190552,"Melaleuca quinquenervia"
-33.883411,151.190552,"Melaleuca quinquenervia"
-33.883333,151.183333,"Melaleuca quinquenervia"
-33.882911,150.938952,"Melaleuca quinquenervia"
-33.882473,151.145389,"Melaleuca quinquenervia"
-33.882234,151.235804,"Melaleuca quinquenervia"
-33.880593,151.212519,"Melaleuca quinquenervia"
-33.880393,151.061232,"Melaleuca quinquenervia"
-33.879911,151.234859,"Melaleuca quinquenervia"
-33.879821,151.234491,"Melaleuca quinquenervia"
-33.879653,151.061659,"Melaleuca quinquenervia"
-33.879337,151.146052,"Melaleuca quinquenervia"
-33.879142,151.02777,"Melaleuca quinquenervia"
-33.879142,151.02777,"Melaleuca quinquenervia"
-33.879142,151.02777,"Melaleuca quinquenervia"
-33.879142,151.02777,"Melaleuca quinquenervia"
-33.879142,151.02777,"Melaleuca quinquenervia"
-33.878963,151.168238,"Melaleuca quinquenervia"
-33.87811,151.168251,"Melaleuca quinquenervia"
-33.877975,151.194263,"Melaleuca quinquenervia"
-33.877828,150.988911,"Melaleuca quinquenervia"
-33.877636,151.044095,"Melaleuca quinquenervia"
-33.877268,150.989959,"Melaleuca quinquenervia"
-33.877268,150.989959,"Melaleuca quinquenervia"
-33.877268,150.989959,"Melaleuca quinquenervia"
-33.877268,150.989959,"Melaleuca quinquenervia"
-33.877268,150.989959,"Melaleuca quinquenervia"
-33.877268,150.989959,"Melaleuca quinquenervia"
-33.876314,151.264562,"Melaleuca quinquenervia"
-33.875635,151.176797,"Melaleuca quinquenervia"
-33.875465,151.148529,"Melaleuca quinquenervia"
-33.875021,151.176724,"Melaleuca quinquenervia"
-33.874944,151.176626,"Melaleuca quinquenervia"
-33.874937,151.198206,"Melaleuca quinquenervia"
-33.874,151.150324,"Melaleuca quinquenervia"
-33.873996,151.177462,"Melaleuca quinquenervia"
-33.873806,151.197531,"Melaleuca quinquenervia"
-33.873502,150.592749,"Melaleuca quinquenervia"
-33.873483,150.927982,"Melaleuca quinquenervia"
-33.87331,151.177557,"Melaleuca quinquenervia"
-33.871021,151.269525,"Melaleuca quinquenervia"
-33.869973,151.173509,"Melaleuca quinquenervia"
-33.869844,151.173328,"Melaleuca quinquenervia"
-33.868693,151.1765,"Melaleuca quinquenervia"
-33.866667,151.266667,"Melaleuca quinquenervia"
-33.866667,151.266667,"Melaleuca quinquenervia"
-33.866667,151.216667,"Melaleuca quinquenervia"
-33.866667,151.266667,"Melaleuca quinquenervia"
-33.866667,151.266667,"Melaleuca quinquenervia"
-33.866667,151.266667,"Melaleuca quinquenervia"
-33.866635,150.94392,"Melaleuca quinquenervia"
-33.865673,150.648721,"Melaleuca quinquenervia"
-33.865588,151.093569,"Melaleuca quinquenervia"
-33.865241,151.146098,"Melaleuca quinquenervia"
-33.865202,150.647653,"Melaleuca quinquenervia"
-33.864652,151.067391,"Melaleuca quinquenervia"
-33.864652,151.067391,"Melaleuca quinquenervia"
-33.863911,150.718533,"Melaleuca quinquenervia"
-33.86366,151.161904,"Melaleuca quinquenervia"
-33.863152,151.215674,"Melaleuca quinquenervia"
-33.860203,151.18608,"Melaleuca quinquenervia"
-33.858352,150.930143,"Melaleuca quinquenervia"
-33.85667,151.17126,"Melaleuca quinquenervia"
-33.8564,151.200369,"Melaleuca quinquenervia"
-33.855941,151.200654,"Melaleuca quinquenervia"
-33.853655,150.951163,"Melaleuca quinquenervia"
-33.85351,151.27375,"Melaleuca quinquenervia"
-33.85325,151.27338,"Melaleuca quinquenervia"
-33.852353,151.278433,"Melaleuca quinquenervia"
-33.852243,151.189418,"Melaleuca quinquenervia"
-33.851972,150.877958,"Melaleuca quinquenervia"
-33.850649,151.075678,"Melaleuca quinquenervia"
-33.850545,151.075683,"Melaleuca quinquenervia"
-33.850463,151.075808,"Melaleuca quinquenervia"
-33.85028,151.04099,"Melaleuca quinquenervia"
-33.85017,151.074264,"Melaleuca quinquenervia"
-33.85,151.2667,"Melaleuca quinquenervia"
-33.85,151.266667,"Melaleuca quinquenervia"
-33.85,151.2667,"Melaleuca quinquenervia"
-33.85,151.266667,"Melaleuca quinquenervia"
-33.85,151.2667,"Melaleuca quinquenervia"
-33.85,151.2667,"Melaleuca quinquenervia"
-33.85,151.2667,"Melaleuca quinquenervia"
-33.849417,151.054169,"Melaleuca quinquenervia"
-33.847576,151.052362,"Melaleuca quinquenervia"
-33.8467,151.080237,"Melaleuca quinquenervia"
-33.846665,151.080104,"Melaleuca quinquenervia"
-33.84621,151.194228,"Melaleuca quinquenervia"
-33.846156,151.197191,"Melaleuca quinquenervia"
-33.84615,151.083346,"Melaleuca quinquenervia"
-33.845804,151.285531,"Melaleuca quinquenervia"
-33.844967,150.930105,"Melaleuca quinquenervia"
-33.844914,151.097167,"Melaleuca quinquenervia"
-33.84425,151.24114,"Melaleuca quinquenervia"
-33.84408,151.14478,"Melaleuca quinquenervia"
-33.843078,151.098805,"Melaleuca quinquenervia"
-33.842148,151.11786,"Melaleuca quinquenervia"
-33.841443,151.079621,"Melaleuca quinquenervia"
-33.841404,151.056598,"Melaleuca quinquenervia"
-33.841187,151.217661,"Melaleuca quinquenervia"
-33.840952,151.181403,"Melaleuca quinquenervia"
-33.840556,151.281217,"Melaleuca quinquenervia"
-33.840556,151.281217,"Melaleuca quinquenervia"
-33.837988,151.074185,"Melaleuca quinquenervia"
-33.837713,151.058744,"Melaleuca quinquenervia"
-33.837151,151.072678,"Melaleuca quinquenervia"
-33.836525,151.277145,"Melaleuca quinquenervia"
-33.83636,151.135788,"Melaleuca quinquenervia"
-33.83625,150.651089,"Melaleuca quinquenervia"
-33.835992,150.649888,"Melaleuca quinquenervia"
-33.835847,151.076187,"Melaleuca quinquenervia"
-33.835817,151.281161,"Melaleuca quinquenervia"
-33.835696,151.096329,"Melaleuca quinquenervia"
-33.835338,151.191935,"Melaleuca quinquenervia"
-33.83533,151.079972,"Melaleuca quinquenervia"
-33.834912,151.076184,"Melaleuca quinquenervia"
-33.834912,151.076184,"Melaleuca quinquenervia"
-33.834506,151.236862,"Melaleuca quinquenervia"
-33.833333,151,"Melaleuca quinquenervia"
-33.8333,151.2667,"Melaleuca quinquenervia"
-33.832616,151.212382,"Melaleuca quinquenervia"
-33.832616,151.212382,"Melaleuca quinquenervia"
-33.832616,151.212382,"Melaleuca quinquenervia"
-33.829648,151.243368,"Melaleuca quinquenervia"
-33.829608,151.026756,"Melaleuca quinquenervia"
-33.829117,151.072349,"Melaleuca quinquenervia"
-33.828434,151.146454,"Melaleuca quinquenervia"
-33.826544,151.114352,"Melaleuca quinquenervia"
-33.825049,151.216106,"Melaleuca quinquenervia"
-33.824952,151.141135,"Melaleuca quinquenervia"
-33.824589,150.991825,"Melaleuca quinquenervia"
-33.823381,151.034528,"Melaleuca quinquenervia"
-33.823319,151.080746,"Melaleuca quinquenervia"
-33.822979,151.184712,"Melaleuca quinquenervia"
-33.822837,151.035989,"Melaleuca quinquenervia"
-33.822686,151.07863,"Melaleuca quinquenervia"
-33.822304,151.083035,"Melaleuca quinquenervia"
-33.819379,151.110408,"Melaleuca quinquenervia"
-33.818697,151.139428,"Melaleuca quinquenervia"
-33.817639,151.086503,"Melaleuca quinquenervia"
-33.817569,151.083667,"Melaleuca quinquenervia"
-33.817386,150.825247,"Melaleuca quinquenervia"
-33.817177,151.025201,"Melaleuca quinquenervia"
-33.816815,151.022419,"Melaleuca quinquenervia"
-33.816667,151.216667,"Melaleuca quinquenervia"
-33.816667,151.266667,"Melaleuca quinquenervia"
-33.816565,151.015593,"Melaleuca quinquenervia"
-33.816505,151.086994,"Melaleuca quinquenervia"
-33.816111,151.016944,"Melaleuca quinquenervia"
-33.815384,151.018014,"Melaleuca quinquenervia"
-33.814282,151.288723,"Melaleuca quinquenervia"
-33.814233,151.119749,"Melaleuca quinquenervia"
-33.814101,151.289146,"Melaleuca quinquenervia"
-33.813907,150.961735,"Melaleuca quinquenervia"
-33.813215,151.290248,"Melaleuca quinquenervia"
-33.812962,151.040302,"Melaleuca quinquenervia"
-33.812896,151.122124,"Melaleuca quinquenervia"
-33.812453,151.167108,"Melaleuca quinquenervia"
-33.811857,151.164422,"Melaleuca quinquenervia"
-33.811699,151.289727,"Melaleuca quinquenervia"
-33.811218,150.989471,"Melaleuca quinquenervia"
-33.811107,150.991467,"Melaleuca quinquenervia"
-33.810287,151.036259,"Melaleuca quinquenervia"
-33.810095,151.291498,"Melaleuca quinquenervia"
-33.80981,151.292264,"Melaleuca quinquenervia"
-33.80981,151.292264,"Melaleuca quinquenervia"
-33.809669,151.29464,"Melaleuca quinquenervia"
-33.809654,151.29356,"Melaleuca quinquenervia"
-33.809639,151.29248,"Melaleuca quinquenervia"
-33.808768,151.294658,"Melaleuca quinquenervia"
-33.808723,151.291418,"Melaleuca quinquenervia"
-33.808184,151.239182,"Melaleuca quinquenervia"
-33.808071,150.901606,"Melaleuca quinquenervia"
-33.808071,150.901606,"Melaleuca quinquenervia"
-33.807963,151.287108,"Melaleuca quinquenervia"
-33.807932,151.26702,"Melaleuca quinquenervia"
-33.807821,151.291436,"Melaleuca quinquenervia"
-33.807821,151.291436,"Melaleuca quinquenervia"
-33.807769,151.287656,"Melaleuca quinquenervia"
-33.807587,151.287551,"Melaleuca quinquenervia"
-33.807356,151.290365,"Melaleuca quinquenervia"
-33.806084,151.294081,"Melaleuca quinquenervia"
-33.80543,151.29487,"Melaleuca quinquenervia"
-33.805324,151.017999,"Melaleuca quinquenervia"
-33.805114,151.026878,"Melaleuca quinquenervia"
-33.805062,151.268158,"Melaleuca quinquenervia"
-33.805008,151.28366,"Melaleuca quinquenervia"
-33.804938,151.097978,"Melaleuca quinquenervia"
-33.804765,151.098077,"Melaleuca quinquenervia"
-33.804765,151.098253,"Melaleuca quinquenervia"
-33.804736,151.098064,"Melaleuca quinquenervia"
-33.804736,151.098242,"Melaleuca quinquenervia"
-33.804715,151.270527,"Melaleuca quinquenervia"
-33.804706,151.098224,"Melaleuca quinquenervia"
-33.804706,151.09806,"Melaleuca quinquenervia"
-33.804628,151.098138,"Melaleuca quinquenervia"
-33.804628,151.09831,"Melaleuca quinquenervia"
-33.804554,151.270545,"Melaleuca quinquenervia"
-33.804373,151.27044,"Melaleuca quinquenervia"
-33.804327,151.267201,"Melaleuca quinquenervia"
-33.804223,151.0983,"Melaleuca quinquenervia"
-33.804223,151.098138,"Melaleuca quinquenervia"
-33.804168,151.098185,"Melaleuca quinquenervia"
-33.804168,151.098077,"Melaleuca quinquenervia"
-33.804151,151.098466,"Melaleuca quinquenervia"
-33.804147,151.098215,"Melaleuca quinquenervia"
-33.804147,151.098185,"Melaleuca quinquenervia"
-33.804147,151.098454,"Melaleuca quinquenervia"
-33.804147,151.098138,"Melaleuca quinquenervia"
-33.803845,151.147611,"Melaleuca quinquenervia"
-33.803654,151.100164,"Melaleuca quinquenervia"
-33.803459,151.098785,"Melaleuca quinquenervia"
-33.80271,150.796219,"Melaleuca quinquenervia"
-33.802663,151.264318,"Melaleuca quinquenervia"
-33.80263,151.157234,"Melaleuca quinquenervia"
-33.801474,151.163624,"Melaleuca quinquenervia"
-33.801382,151.163518,"Melaleuca quinquenervia"
-33.800989,150.984377,"Melaleuca quinquenervia"
-33.800683,150.996485,"Melaleuca quinquenervia"
-33.8,151.266667,"Melaleuca quinquenervia"
-33.8,151.266667,"Melaleuca quinquenervia"
-33.8,151.266667,"Melaleuca quinquenervia"
-33.8,151.1,"Melaleuca quinquenervia"
-33.8,151.266667,"Melaleuca quinquenervia"
-33.8,151.0167,"Melaleuca quinquenervia"
-33.8,151.1,"Melaleuca quinquenervia"
-33.8,151.266667,"Melaleuca quinquenervia"
-33.8,151.266667,"Melaleuca quinquenervia"
-33.799786,151.290644,"Melaleuca quinquenervia"
-33.799562,151.239245,"Melaleuca quinquenervia"
-33.799412,151.291017,"Melaleuca quinquenervia"
-33.79938,151.290205,"Melaleuca quinquenervia"
-33.799131,151.030503,"Melaleuca quinquenervia"
-33.799,151.239,"Melaleuca quinquenervia"
-33.798549,150.895769,"Melaleuca quinquenervia"
-33.796786,151.140857,"Melaleuca quinquenervia"
-33.796512,151.159413,"Melaleuca quinquenervia"
-33.795383,150.906891,"Melaleuca quinquenervia"
-33.79534,150.980612,"Melaleuca quinquenervia"
-33.795292,151.065466,"Melaleuca quinquenervia"
-33.795291,151.065466,"Melaleuca quinquenervia"
-33.795283,151.065417,"Melaleuca quinquenervia"
-33.795229,151.065327,"Melaleuca quinquenervia"
-33.794095,151.123781,"Melaleuca quinquenervia"
-33.793724,151.127872,"Melaleuca quinquenervia"
-33.79348,151.2847,"Melaleuca quinquenervia"
-33.793242,151.070762,"Melaleuca quinquenervia"
-33.79234,151.253689,"Melaleuca quinquenervia"
-33.792106,151.176603,"Melaleuca quinquenervia"
-33.791678,151.252659,"Melaleuca quinquenervia"
-33.790078,150.859844,"Melaleuca quinquenervia"
-33.789442,151.245788,"Melaleuca quinquenervia"
-33.789392,151.263182,"Melaleuca quinquenervia"
-33.789241,150.952619,"Melaleuca quinquenervia"
-33.788487,151.283753,"Melaleuca quinquenervia"
-33.78816,150.99896,"Melaleuca quinquenervia"
-33.787514,151.091949,"Melaleuca quinquenervia"
-33.787317,151.064714,"Melaleuca quinquenervia"
-33.78678,150.81264,"Melaleuca quinquenervia"
-33.785253,151.28502,"Melaleuca quinquenervia"
-33.785217,151.2856,"Melaleuca quinquenervia"
-33.784579,150.724457,"Melaleuca quinquenervia"
-33.784232,151.281105,"Melaleuca quinquenervia"
-33.78357,151.12669,"Melaleuca quinquenervia"
-33.783353,151.280949,"Melaleuca quinquenervia"
-33.782603,151.235997,"Melaleuca quinquenervia"
-33.782592,151.263503,"Melaleuca quinquenervia"
-33.781518,151.06788,"Melaleuca quinquenervia"
-33.781123,150.683941,"Melaleuca quinquenervia"
-33.780305,151.116012,"Melaleuca quinquenervia"
-33.779924,151.121487,"Melaleuca quinquenervia"
-33.779794,151.119927,"Melaleuca quinquenervia"
-33.779794,151.119927,"Melaleuca quinquenervia"
-33.779147,151.116558,"Melaleuca quinquenervia"
-33.778899,151.117521,"Melaleuca quinquenervia"
-33.778892,151.117508,"Melaleuca quinquenervia"
-33.778884,151.117495,"Melaleuca quinquenervia"
-33.778853,151.117454,"Melaleuca quinquenervia"
-33.77881,151.117401,"Melaleuca quinquenervia"
-33.778213,151.110129,"Melaleuca quinquenervia"
-33.778056,151.158889,"Melaleuca quinquenervia"
-33.778,151.158,"Melaleuca quinquenervia"
-33.778,151.158,"Melaleuca quinquenervia"
-33.776695,151.186586,"Melaleuca quinquenervia"
-33.776257,150.91541,"Melaleuca quinquenervia"
-33.775956,151.167311,"Melaleuca quinquenervia"
-33.77592,151.26711,"Melaleuca quinquenervia"
-33.775647,151.118503,"Melaleuca quinquenervia"
-33.775551,151.269265,"Melaleuca quinquenervia"
-33.775514,151.161906,"Melaleuca quinquenervia"
-33.77536,151.269988,"Melaleuca quinquenervia"
-33.775359,151.161731,"Melaleuca quinquenervia"
-33.77525,150.709126,"Melaleuca quinquenervia"
-33.775127,151.26908,"Melaleuca quinquenervia"
-33.774939,151.092544,"Melaleuca quinquenervia"
-33.774849,150.697752,"Melaleuca quinquenervia"
-33.774,151.076748,"Melaleuca quinquenervia"
-33.771595,151.165169,"Melaleuca quinquenervia"
-33.770658,151.268353,"Melaleuca quinquenervia"
-33.770197,151.037471,"Melaleuca quinquenervia"
-33.769769,150.63106,"Melaleuca quinquenervia"
-33.769599,151.204551,"Melaleuca quinquenervia"
-33.769556,150.872327,"Melaleuca quinquenervia"
-33.769556,151.118697,"Melaleuca quinquenervia"
-33.769551,151.263042,"Melaleuca quinquenervia"
-33.768815,151.234839,"Melaleuca quinquenervia"
-33.767773,151.111378,"Melaleuca quinquenervia"
-33.76697,151.09546,"Melaleuca quinquenervia"
-33.766771,151.096867,"Melaleuca quinquenervia"
-33.766262,151.095896,"Melaleuca quinquenervia"
-33.766085,151.174807,"Melaleuca quinquenervia"
-33.76582,150.89339,"Melaleuca quinquenervia"
-33.765797,151.097625,"Melaleuca quinquenervia"
-33.765779,151.062008,"Melaleuca quinquenervia"
-33.765682,150.784307,"Melaleuca quinquenervia"
-33.765015,151.295269,"Melaleuca quinquenervia"
-33.763153,151.134139,"Melaleuca quinquenervia"
-33.7625,150.862778,"Melaleuca quinquenervia"
-33.762128,151.245934,"Melaleuca quinquenervia"
-33.762077,151.047928,"Melaleuca quinquenervia"
-33.761555,151.300945,"Melaleuca quinquenervia"
-33.759888,151.069308,"Melaleuca quinquenervia"
-33.759684,151.111124,"Melaleuca quinquenervia"
-33.75888,150.713528,"Melaleuca quinquenervia"
-33.758877,150.964905,"Melaleuca quinquenervia"
-33.75876,151.10648,"Melaleuca quinquenervia"
-33.756663,151.072948,"Melaleuca quinquenervia"
-33.756575,151.122628,"Melaleuca quinquenervia"
-33.756258,151.247656,"Melaleuca quinquenervia"
-33.754003,150.684669,"Melaleuca quinquenervia"
-33.753721,151.105218,"Melaleuca quinquenervia"
-33.752972,151.244977,"Melaleuca quinquenervia"
-33.752855,151.090736,"Melaleuca quinquenervia"
-33.7523,151.226076,"Melaleuca quinquenervia"
-33.751865,151.073944,"Melaleuca quinquenervia"
-33.751506,151.23392,"Melaleuca quinquenervia"
-33.750992,151.232603,"Melaleuca quinquenervia"
-33.750706,151.107516,"Melaleuca quinquenervia"
-33.749312,151.105983,"Melaleuca quinquenervia"
-33.74928,151.145174,"Melaleuca quinquenervia"
-33.749214,151.277044,"Melaleuca quinquenervia"
-33.749024,151.291713,"Melaleuca quinquenervia"
-33.748378,151.10647,"Melaleuca quinquenervia"
-33.748333,151.2907,"Melaleuca quinquenervia"
-33.748292,151.112524,"Melaleuca quinquenervia"
-33.747971,151.093873,"Melaleuca quinquenervia"
-33.747478,151.232722,"Melaleuca quinquenervia"
-33.747277,151.290896,"Melaleuca quinquenervia"
-33.747245,151.029858,"Melaleuca quinquenervia"
-33.746641,151.293904,"Melaleuca quinquenervia"
-33.74623,151.117787,"Melaleuca quinquenervia"
-33.74587,151.141448,"Melaleuca quinquenervia"
-33.745702,151.248018,"Melaleuca quinquenervia"
-33.745563,151.13877,"Melaleuca quinquenervia"
-33.745563,151.13877,"Melaleuca quinquenervia"
-33.744939,151.112579,"Melaleuca quinquenervia"
-33.744744,150.829156,"Melaleuca quinquenervia"
-33.744744,150.829156,"Melaleuca quinquenervia"
-33.744744,150.829156,"Melaleuca quinquenervia"
-33.744744,150.829156,"Melaleuca quinquenervia"
-33.744744,150.829156,"Melaleuca quinquenervia"
-33.744744,150.829156,"Melaleuca quinquenervia"
-33.744744,150.829156,"Melaleuca quinquenervia"
-33.744744,150.829156,"Melaleuca quinquenervia"
-33.744744,150.829156,"Melaleuca quinquenervia"
-33.744744,150.829156,"Melaleuca quinquenervia"
-33.744744,150.829156,"Melaleuca quinquenervia"
-33.744744,150.829156,"Melaleuca quinquenervia"
-33.744042,151.29013,"Melaleuca quinquenervia"
-33.741381,151.066623,"Melaleuca quinquenervia"
-33.740897,151.282973,"Melaleuca quinquenervia"
-33.740424,151.068971,"Melaleuca quinquenervia"
-33.740131,151.118033,"Melaleuca quinquenervia"
-33.740071,151.244289,"Melaleuca quinquenervia"
-33.739739,150.999299,"Melaleuca quinquenervia"
-33.738946,151.290359,"Melaleuca quinquenervia"
-33.738946,151.290359,"Melaleuca quinquenervia"
-33.738264,151.098966,"Melaleuca quinquenervia"
-33.738104,151.287423,"Melaleuca quinquenervia"
-33.737428,151.287436,"Melaleuca quinquenervia"
-33.737262,151.034228,"Melaleuca quinquenervia"
-33.736978,150.463439,"Melaleuca quinquenervia"
-33.736813,151.034347,"Melaleuca quinquenervia"
-33.73679,150.911993,"Melaleuca quinquenervia"
-33.73651,151.167697,"Melaleuca quinquenervia"
-33.735311,151.301394,"Melaleuca quinquenervia"
-33.733896,151.168706,"Melaleuca quinquenervia"
-33.733732,150.481795,"Melaleuca quinquenervia"
-33.733581,151.101589,"Melaleuca quinquenervia"
-33.733496,150.969481,"Melaleuca quinquenervia"
-33.733215,151.114105,"Melaleuca quinquenervia"
-33.732884,151.22115,"Melaleuca quinquenervia"
-33.732355,151.215764,"Melaleuca quinquenervia"
-33.731467,151.095985,"Melaleuca quinquenervia"
-33.731142,151.268383,"Melaleuca quinquenervia"
-33.730339,150.627944,"Melaleuca quinquenervia"
-33.730119,151.086579,"Melaleuca quinquenervia"
-33.729855,151.022428,"Melaleuca quinquenervia"
-33.7293,151.12253,"Melaleuca quinquenervia"
-33.729038,151.018181,"Melaleuca quinquenervia"
-33.728508,151.178466,"Melaleuca quinquenervia"
-33.728127,150.993941,"Melaleuca quinquenervia"
-33.727662,151.178537,"Melaleuca quinquenervia"
-33.727406,150.303311,"Melaleuca quinquenervia"
-33.726716,150.954215,"Melaleuca quinquenervia"
-33.726716,150.954215,"Melaleuca quinquenervia"
-33.725736,150.877583,"Melaleuca quinquenervia"
-33.725455,150.984233,"Melaleuca quinquenervia"
-33.724167,150.951389,"Melaleuca quinquenervia"
-33.723426,150.844674,"Melaleuca quinquenervia"
-33.721952,151.132012,"Melaleuca quinquenervia"
-33.721725,150.943998,"Melaleuca quinquenervia"
-33.721697,151.171158,"Melaleuca quinquenervia"
-33.720407,151.131781,"Melaleuca quinquenervia"
-33.720207,151.03812,"Melaleuca quinquenervia"
-33.720141,151.131474,"Melaleuca quinquenervia"
-33.719769,151.017422,"Melaleuca quinquenervia"
-33.7178,151.2747,"Melaleuca quinquenervia"
-33.717529,150.949289,"Melaleuca quinquenervia"
-33.716151,150.506496,"Melaleuca quinquenervia"
-33.715782,151.145351,"Melaleuca quinquenervia"
-33.713997,151.296919,"Melaleuca quinquenervia"
-33.713832,151.238096,"Melaleuca quinquenervia"
-33.71383,151.238095,"Melaleuca quinquenervia"
-33.713511,151.107112,"Melaleuca quinquenervia"
-33.712581,150.982343,"Melaleuca quinquenervia"
-33.710609,151.153584,"Melaleuca quinquenervia"
-33.7105,150.914428,"Melaleuca quinquenervia"
-33.71047,151.153421,"Melaleuca quinquenervia"
-33.709766,151.01225,"Melaleuca quinquenervia"
-33.708489,150.320006,"Melaleuca quinquenervia"
-33.707548,151.277387,"Melaleuca quinquenervia"
-33.707276,151.177522,"Melaleuca quinquenervia"
-33.70612,151.176553,"Melaleuca quinquenervia"
-33.70555,151.036904,"Melaleuca quinquenervia"
-33.704921,151.028347,"Melaleuca quinquenervia"
-33.7048,151.29194,"Melaleuca quinquenervia"
-33.702543,151.283237,"Melaleuca quinquenervia"
-33.702513,150.936869,"Melaleuca quinquenervia"
-33.702283,150.715171,"Melaleuca quinquenervia"
-33.70198,150.574569,"Melaleuca quinquenervia"
-33.700834,151.147007,"Melaleuca quinquenervia"
-33.700734,150.71908,"Melaleuca quinquenervia"
-33.699997,151.098945,"Melaleuca quinquenervia"
-33.69839,150.95306,"Melaleuca quinquenervia"
-33.698077,151.210855,"Melaleuca quinquenervia"
-33.696561,151.148286,"Melaleuca quinquenervia"
-33.696001,150.834508,"Melaleuca quinquenervia"
-33.695442,150.935987,"Melaleuca quinquenervia"
-33.695321,150.95534,"Melaleuca quinquenervia"
-33.695321,150.95534,"Melaleuca quinquenervia"
-33.695095,151.018779,"Melaleuca quinquenervia"
-33.694151,151.224106,"Melaleuca quinquenervia"
-33.693915,151.221867,"Melaleuca quinquenervia"
-33.693902,151.297563,"Melaleuca quinquenervia"
-33.693859,151.293087,"Melaleuca quinquenervia"
-33.693749,150.937162,"Melaleuca quinquenervia"
-33.693733,151.293174,"Melaleuca quinquenervia"
-33.693357,151.292591,"Melaleuca quinquenervia"
-33.692623,151.091449,"Melaleuca quinquenervia"
-33.692528,151.289078,"Melaleuca quinquenervia"
-33.692088,151.102319,"Melaleuca quinquenervia"
-33.690606,151.091769,"Melaleuca quinquenervia"
-33.689933,151.292739,"Melaleuca quinquenervia"
-33.689848,151.292386,"Melaleuca quinquenervia"
-33.689628,151.152865,"Melaleuca quinquenervia"
-33.68909,151.298873,"Melaleuca quinquenervia"
-33.68748,150.534438,"Melaleuca quinquenervia"
-33.6874,151.30553,"Melaleuca quinquenervia"
-33.686799,150.887266,"Melaleuca quinquenervia"
-33.686467,151.3053,"Melaleuca quinquenervia"
-33.686364,151.285697,"Melaleuca quinquenervia"
-33.686123,151.27453,"Melaleuca quinquenervia"
-33.68554,151.236943,"Melaleuca quinquenervia"
-33.685175,151.287254,"Melaleuca quinquenervia"
-33.683717,151.3088,"Melaleuca quinquenervia"
-33.677936,151.304373,"Melaleuca quinquenervia"
-33.677589,151.229485,"Melaleuca quinquenervia"
-33.676826,151.304506,"Melaleuca quinquenervia"
-33.676505,150.942742,"Melaleuca quinquenervia"
-33.675666,151.309633,"Melaleuca quinquenervia"
-33.674439,151.287559,"Melaleuca quinquenervia"
-33.670002,151.301257,"Melaleuca quinquenervia"
-33.669191,151.188439,"Melaleuca quinquenervia"
-33.668407,151.29222,"Melaleuca quinquenervia"
-33.667532,151.292799,"Melaleuca quinquenervia"
-33.666657,151.294973,"Melaleuca quinquenervia"
-33.666535,151.015409,"Melaleuca quinquenervia"
-33.665231,151.149012,"Melaleuca quinquenervia"
-33.664892,151.295896,"Melaleuca quinquenervia"
-33.660001,151.260825,"Melaleuca quinquenervia"
-33.659809,151.298951,"Melaleuca quinquenervia"
-33.659809,151.298951,"Melaleuca quinquenervia"
-33.658432,151.287353,"Melaleuca quinquenervia"
-33.656664,150.874047,"Melaleuca quinquenervia"
-33.655094,150.874465,"Melaleuca quinquenervia"
-33.655064,151.190013,"Melaleuca quinquenervia"
-33.654443,150.847352,"Melaleuca quinquenervia"
-33.654316,151.276684,"Melaleuca quinquenervia"
-33.653833,150.893601,"Melaleuca quinquenervia"
-33.653833,150.893601,"Melaleuca quinquenervia"
-33.653833,150.893601,"Melaleuca quinquenervia"
-33.653548,151.121878,"Melaleuca quinquenervia"
-33.652808,150.893777,"Melaleuca quinquenervia"
-33.652797,151.155513,"Melaleuca quinquenervia"
-33.652411,151.125711,"Melaleuca quinquenervia"
-33.650745,151.223357,"Melaleuca quinquenervia"
-33.647055,150.818472,"Melaleuca quinquenervia"
-33.639933,151.124955,"Melaleuca quinquenervia"
-33.635579,150.896072,"Melaleuca quinquenervia"
-33.634369,150.864716,"Melaleuca quinquenervia"
-33.633264,150.791229,"Melaleuca quinquenervia"
-33.616384,151.204795,"Melaleuca quinquenervia"
-33.61424,150.811511,"Melaleuca quinquenervia"
-33.614055,150.747697,"Melaleuca quinquenervia"
-33.611756,150.791201,"Melaleuca quinquenervia"
-33.609883,150.751583,"Melaleuca quinquenervia"
-33.60831,150.76607,"Melaleuca quinquenervia"
-33.607946,150.765482,"Melaleuca quinquenervia"
-33.601696,150.828426,"Melaleuca quinquenervia"
-33.6,151.1667,"Melaleuca quinquenervia"
-33.592907,151.128169,"Melaleuca quinquenervia"
-33.592455,151.005203,"Melaleuca quinquenervia"
-33.582288,115.515832,"Melaleuca quinquenervia"
-33.575153,150.674875,"Melaleuca quinquenervia"
-33.553289,150.807778,"Melaleuca quinquenervia"
-33.550482,151.211707,"Melaleuca quinquenervia"
-33.549738,150.950073,"Melaleuca quinquenervia"
-33.549552,151.299024,"Melaleuca quinquenervia"
-33.549542,151.299123,"Melaleuca quinquenervia"
-33.549464,151.299142,"Melaleuca quinquenervia"
-33.549298,151.210346,"Melaleuca quinquenervia"
-33.549171,151.210435,"Melaleuca quinquenervia"
-33.548775,151.210497,"Melaleuca quinquenervia"
-33.548417,151.228916,"Melaleuca quinquenervia"
-33.548268,151.228206,"Melaleuca quinquenervia"
-33.547229,151.214567,"Melaleuca quinquenervia"
-33.547021,151.214683,"Melaleuca quinquenervia"
-33.547009,151.219967,"Melaleuca quinquenervia"
-33.546851,151.215965,"Melaleuca quinquenervia"
-33.546735,151.216559,"Melaleuca quinquenervia"
-33.546614,151.216985,"Melaleuca quinquenervia"
-33.533333,151.3,"Melaleuca quinquenervia"
-33.530005,150.910865,"Melaleuca quinquenervia"
-33.527478,151.31339,"Melaleuca quinquenervia"
-33.525895,151.309165,"Melaleuca quinquenervia"
-33.525818,151.350254,"Melaleuca quinquenervia"
-33.525636,151.303399,"Melaleuca quinquenervia"
-33.521843,151.322881,"Melaleuca quinquenervia"
-33.5195,151.3062,"Melaleuca quinquenervia"
-33.5195,151.3062,"Melaleuca quinquenervia"
-33.516766,150.75843,"Melaleuca quinquenervia"
-33.516,151.305,"Melaleuca quinquenervia"
-33.516,151.305,"Melaleuca quinquenervia"
-33.513185,150.803004,"Melaleuca quinquenervia"
-33.512687,151.37316,"Melaleuca quinquenervia"
-33.510197,151.335362,"Melaleuca quinquenervia"
-33.507378,151.309732,"Melaleuca quinquenervia"
-33.507378,151.309732,"Melaleuca quinquenervia"
-33.506833,151.306694,"Melaleuca quinquenervia"
-33.505037,151.369189,"Melaleuca quinquenervia"
-33.505037,151.369189,"Melaleuca quinquenervia"
-33.504937,151.330095,"Melaleuca quinquenervia"
-33.504761,151.30743,"Melaleuca quinquenervia"
-33.50447,151.369339,"Melaleuca quinquenervia"
-33.50433,151.305809,"Melaleuca quinquenervia"
-33.50433,151.305809,"Melaleuca quinquenervia"
-33.504243,151.306551,"Melaleuca quinquenervia"
-33.503661,151.307017,"Melaleuca quinquenervia"
-33.503661,151.307017,"Melaleuca quinquenervia"
-33.503661,151.307017,"Melaleuca quinquenervia"
-33.503643,151.306328,"Melaleuca quinquenervia"
-33.502272,151.364041,"Melaleuca quinquenervia"
-33.502272,151.364041,"Melaleuca quinquenervia"
-33.501514,151.313549,"Melaleuca quinquenervia"
-33.501175,151.313814,"Melaleuca quinquenervia"
-33.50092,151.314293,"Melaleuca quinquenervia"
-33.50092,151.314293,"Melaleuca quinquenervia"
-33.500501,151.423735,"Melaleuca quinquenervia"
-33.500385,151.31527,"Melaleuca quinquenervia"
-33.500383,151.363689,"Melaleuca quinquenervia"
-33.499417,151.306462,"Melaleuca quinquenervia"
-33.49924,151.30552,"Melaleuca quinquenervia"
-33.499128,151.305329,"Melaleuca quinquenervia"
-33.498909,151.38872,"Melaleuca quinquenervia"
-33.498513,151.307784,"Melaleuca quinquenervia"
-33.498242,151.309038,"Melaleuca quinquenervia"
-33.495173,151.424988,"Melaleuca quinquenervia"
-33.495173,151.424988,"Melaleuca quinquenervia"
-33.493,151.417,"Melaleuca quinquenervia"
-33.492651,151.42245,"Melaleuca quinquenervia"
-33.492651,151.42245,"Melaleuca quinquenervia"
-33.492485,151.417321,"Melaleuca quinquenervia"
-33.492485,151.417321,"Melaleuca quinquenervia"
-33.492394,151.423488,"Melaleuca quinquenervia"
-33.492254,151.416239,"Melaleuca quinquenervia"
-33.491552,151.426303,"Melaleuca quinquenervia"
-33.491157,151.439165,"Melaleuca quinquenervia"
-33.491126,151.425879,"Melaleuca quinquenervia"
-33.48996,151.36609,"Melaleuca quinquenervia"
-33.489805,151.309011,"Melaleuca quinquenervia"
-33.489097,151.418201,"Melaleuca quinquenervia"
-33.488881,151.346427,"Melaleuca quinquenervia"
-33.488881,151.346427,"Melaleuca quinquenervia"
-33.488612,151.419124,"Melaleuca quinquenervia"
-33.488612,151.419124,"Melaleuca quinquenervia"
-33.487314,151.43373,"Melaleuca quinquenervia"
-33.487072,151.345657,"Melaleuca quinquenervia"
-33.486891,151.32653,"Melaleuca quinquenervia"
-33.486622,151.346761,"Melaleuca quinquenervia"
-33.486622,151.346761,"Melaleuca quinquenervia"
-33.486622,151.346761,"Melaleuca quinquenervia"
-33.484078,151.290313,"Melaleuca quinquenervia"
-33.483372,151.31305,"Melaleuca quinquenervia"
-33.482693,151.361781,"Melaleuca quinquenervia"
-33.482498,151.395099,"Melaleuca quinquenervia"
-33.48136,151.394786,"Melaleuca quinquenervia"
-33.474277,151.408801,"Melaleuca quinquenervia"
-33.472706,151.435541,"Melaleuca quinquenervia"
-33.47041,151.437415,"Melaleuca quinquenervia"
-33.466667,151.316667,"Melaleuca quinquenervia"
-33.466667,151.3,"Melaleuca quinquenervia"
-33.464587,151.419776,"Melaleuca quinquenervia"
-33.464587,151.419776,"Melaleuca quinquenervia"
-33.464402,151.420035,"Melaleuca quinquenervia"
-33.464105,151.417953,"Melaleuca quinquenervia"
-33.464105,151.417953,"Melaleuca quinquenervia"
-33.463478,151.431869,"Melaleuca quinquenervia"
-33.462938,151.423416,"Melaleuca quinquenervia"
-33.462407,151.434081,"Melaleuca quinquenervia"
-33.461779,151.313387,"Melaleuca quinquenervia"
-33.460817,151.433768,"Melaleuca quinquenervia"
-33.459839,151.43351,"Melaleuca quinquenervia"
-33.459095,151.420382,"Melaleuca quinquenervia"
-33.45887,151.431177,"Melaleuca quinquenervia"
-33.45887,151.431177,"Melaleuca quinquenervia"
-33.458364,151.429602,"Melaleuca quinquenervia"
-33.452127,151.432442,"Melaleuca quinquenervia"
-33.451883,151.440543,"Melaleuca quinquenervia"
-33.451482,151.356232,"Melaleuca quinquenervia"
-33.45,151.45,"Melaleuca quinquenervia"
-33.45,151.45,"Melaleuca quinquenervia"
-33.45,151.316667,"Melaleuca quinquenervia"
-33.446717,151.295864,"Melaleuca quinquenervia"
-33.446177,151.325301,"Melaleuca quinquenervia"
-33.441777,151.439993,"Melaleuca quinquenervia"
-33.440391,151.350467,"Melaleuca quinquenervia"
-33.440391,151.350467,"Melaleuca quinquenervia"
-33.439972,151.436462,"Melaleuca quinquenervia"
-33.439476,151.430464,"Melaleuca quinquenervia"
-33.433427,151.346676,"Melaleuca quinquenervia"
-33.433293,151.310063,"Melaleuca quinquenervia"
-33.427878,150.171333,"Melaleuca quinquenervia"
-33.426944,151.341389,"Melaleuca quinquenervia"
-33.426693,151.419894,"Melaleuca quinquenervia"
-33.425384,151.292468,"Melaleuca quinquenervia"
-33.425298,151.450818,"Melaleuca quinquenervia"
-33.425298,151.450818,"Melaleuca quinquenervia"
-33.424416,151.452447,"Melaleuca quinquenervia"
-33.424416,151.452447,"Melaleuca quinquenervia"
-33.42396,151.443268,"Melaleuca quinquenervia"
-33.422135,151.453885,"Melaleuca quinquenervia"
-33.422135,151.453885,"Melaleuca quinquenervia"
-33.421736,151.45443,"Melaleuca quinquenervia"
-33.421736,151.45443,"Melaleuca quinquenervia"
-33.420156,151.410674,"Melaleuca quinquenervia"
-33.417227,151.45451,"Melaleuca quinquenervia"
-33.416667,151.35,"Melaleuca quinquenervia"
-33.416667,151.45,"Melaleuca quinquenervia"
-33.416667,151.45,"Melaleuca quinquenervia"
-33.414753,151.456802,"Melaleuca quinquenervia"
-33.41006,151.457877,"Melaleuca quinquenervia"
-33.409193,151.459607,"Melaleuca quinquenervia"
-33.409193,151.459607,"Melaleuca quinquenervia"
-33.407663,151.458426,"Melaleuca quinquenervia"
-33.399884,151.456503,"Melaleuca quinquenervia"
-33.39664,151.438173,"Melaleuca quinquenervia"
-33.390875,151.459615,"Melaleuca quinquenervia"
-33.386352,151.374393,"Melaleuca quinquenervia"
-33.383757,151.375567,"Melaleuca quinquenervia"
-33.383465,151.454665,"Melaleuca quinquenervia"
-33.383397,150.985689,"Melaleuca quinquenervia"
-33.380085,151.377734,"Melaleuca quinquenervia"
-33.374825,151.382183,"Melaleuca quinquenervia"
-33.364635,151.475297,"Melaleuca quinquenervia"
-33.363836,151.46447,"Melaleuca quinquenervia"
-33.363075,151.444611,"Melaleuca quinquenervia"
-33.363004,151.462765,"Melaleuca quinquenervia"
-33.36113,115.643379,"Melaleuca quinquenervia"
-33.36108,115.643394,"Melaleuca quinquenervia"
-33.358802,151.454988,"Melaleuca quinquenervia"
-33.358457,151.449605,"Melaleuca quinquenervia"
-33.356883,151.452302,"Melaleuca quinquenervia"
-33.352251,151.439512,"Melaleuca quinquenervia"
-33.343644,151.419942,"Melaleuca quinquenervia"
-33.343618,151.420007,"Melaleuca quinquenervia"
-33.343607,151.419825,"Melaleuca quinquenervia"
-33.3436,151.420018,"Melaleuca quinquenervia"
-33.343579,151.419804,"Melaleuca quinquenervia"
-33.343564,151.419997,"Melaleuca quinquenervia"
-33.343562,151.419879,"Melaleuca quinquenervia"
-33.343553,151.419847,"Melaleuca quinquenervia"
-33.343545,151.419213,"Melaleuca quinquenervia"
-33.343545,151.419923,"Melaleuca quinquenervia"
-33.343544,151.419837,"Melaleuca quinquenervia"
-33.343542,151.419718,"Melaleuca quinquenervia"
-33.343537,151.419976,"Melaleuca quinquenervia"
-33.343536,151.419912,"Melaleuca quinquenervia"
-33.343534,151.41974,"Melaleuca quinquenervia"
-33.343533,151.419665,"Melaleuca quinquenervia"
-33.343527,151.419912,"Melaleuca quinquenervia"
-33.343527,151.419192,"Melaleuca quinquenervia"
-33.343526,151.419891,"Melaleuca quinquenervia"
-33.343519,151.42003,"Melaleuca quinquenervia"
-33.343519,151.419998,"Melaleuca quinquenervia"
-33.343518,151.419923,"Melaleuca quinquenervia"
-33.343517,151.419837,"Melaleuca quinquenervia"
-33.343509,151.419923,"Melaleuca quinquenervia"
-33.343503,151.419451,"Melaleuca quinquenervia"
-33.343501,151.419988,"Melaleuca quinquenervia"
-33.3435,151.419934,"Melaleuca quinquenervia"
-33.343491,151.419924,"Melaleuca quinquenervia"
-33.343491,151.419913,"Melaleuca quinquenervia"
-33.343484,151.419419,"Melaleuca quinquenervia"
-33.343484,151.419419,"Melaleuca quinquenervia"
-33.343482,151.419977,"Melaleuca quinquenervia"
-33.343482,151.419956,"Melaleuca quinquenervia"
-33.343482,151.419913,"Melaleuca quinquenervia"
-33.343482,151.419967,"Melaleuca quinquenervia"
-33.343482,151.419924,"Melaleuca quinquenervia"
-33.343481,151.419891,"Melaleuca quinquenervia"
-33.343481,151.419848,"Melaleuca quinquenervia"
-33.343473,151.419945,"Melaleuca quinquenervia"
-33.343472,151.419892,"Melaleuca quinquenervia"
-33.343468,151.419516,"Melaleuca quinquenervia"
-33.343447,151.420021,"Melaleuca quinquenervia"
-33.343447,151.420032,"Melaleuca quinquenervia"
-33.343446,151.419269,"Melaleuca quinquenervia"
-33.343438,151.420064,"Melaleuca quinquenervia"
-33.343438,151.419989,"Melaleuca quinquenervia"
-33.343429,151.420064,"Melaleuca quinquenervia"
-33.343428,151.419968,"Melaleuca quinquenervia"
-33.343403,151.420119,"Melaleuca quinquenervia"
-33.343393,151.420011,"Melaleuca quinquenervia"
-33.343392,151.419947,"Melaleuca quinquenervia"
-33.343385,151.420087,"Melaleuca quinquenervia"
-33.343375,151.420033,"Melaleuca quinquenervia"
-33.343357,151.420055,"Melaleuca quinquenervia"
-33.343339,151.420012,"Melaleuca quinquenervia"
-33.343339,151.420044,"Melaleuca quinquenervia"
-33.343339,151.420044,"Melaleuca quinquenervia"
-33.343338,151.420001,"Melaleuca quinquenervia"
-33.343329,151.419991,"Melaleuca quinquenervia"
-33.343312,151.420066,"Melaleuca quinquenervia"
-33.343303,151.420056,"Melaleuca quinquenervia"
-33.343294,151.420056,"Melaleuca quinquenervia"
-33.343294,151.420045,"Melaleuca quinquenervia"
-33.343294,151.420024,"Melaleuca quinquenervia"
-33.343285,151.420056,"Melaleuca quinquenervia"
-33.343285,151.420088,"Melaleuca quinquenervia"
-33.343267,151.420078,"Melaleuca quinquenervia"
-33.343219,151.419864,"Melaleuca quinquenervia"
-33.343212,151.419972,"Melaleuca quinquenervia"
-33.34321,151.41981,"Melaleuca quinquenervia"
-33.34321,151.419853,"Melaleuca quinquenervia"
-33.343203,151.41995,"Melaleuca quinquenervia"
-33.343201,151.419811,"Melaleuca quinquenervia"
-33.3432,151.419768,"Melaleuca quinquenervia"
-33.343192,151.419864,"Melaleuca quinquenervia"
-33.343149,151.420026,"Melaleuca quinquenervia"
-33.343148,151.419897,"Melaleuca quinquenervia"
-33.343139,151.419941,"Melaleuca quinquenervia"
-33.34313,151.419898,"Melaleuca quinquenervia"
-33.343103,151.419909,"Melaleuca quinquenervia"
-33.343094,151.419963,"Melaleuca quinquenervia"
-33.343077,151.420017,"Melaleuca quinquenervia"
-33.343075,151.419813,"Melaleuca quinquenervia"
-33.343057,151.419888,"Melaleuca quinquenervia"
-33.34302,151.419062,"Melaleuca quinquenervia"
-33.337465,151.391001,"Melaleuca quinquenervia"
-33.336694,151.244919,"Melaleuca quinquenervia"
-33.335241,151.403587,"Melaleuca quinquenervia"
-33.33407,151.41019,"Melaleuca quinquenervia"
-33.333546,151.439421,"Melaleuca quinquenervia"
-33.333546,151.439421,"Melaleuca quinquenervia"
-33.332727,151.404449,"Melaleuca quinquenervia"
-33.32858,151.428948,"Melaleuca quinquenervia"
-33.324214,151.435258,"Melaleuca quinquenervia"
-33.323806,151.419603,"Melaleuca quinquenervia"
-33.323806,151.419603,"Melaleuca quinquenervia"
-33.3225,115.65,"Melaleuca quinquenervia"
-33.322235,151.413981,"Melaleuca quinquenervia"
-33.3199,151.431524,"Melaleuca quinquenervia"
-33.316994,151.247868,"Melaleuca quinquenervia"
-33.316792,151.425193,"Melaleuca quinquenervia"
-33.310366,151.425354,"Melaleuca quinquenervia"
-33.310175,151.411363,"Melaleuca quinquenervia"
-33.310013,151.412075,"Melaleuca quinquenervia"
-33.309917,151.433743,"Melaleuca quinquenervia"
-33.308686,151.410181,"Melaleuca quinquenervia"
-33.308439,151.416657,"Melaleuca quinquenervia"
-33.308162,151.418273,"Melaleuca quinquenervia"
-33.304085,151.441073,"Melaleuca quinquenervia"
-33.303987,151.431916,"Melaleuca quinquenervia"
-33.303779,151.433316,"Melaleuca quinquenervia"
-33.303779,151.433316,"Melaleuca quinquenervia"
-33.303768,151.430919,"Melaleuca quinquenervia"
-33.302931,151.419745,"Melaleuca quinquenervia"
-33.302931,151.419745,"Melaleuca quinquenervia"
-33.302931,151.419745,"Melaleuca quinquenervia"
-33.302931,151.419745,"Melaleuca quinquenervia"
-33.301517,151.399139,"Melaleuca quinquenervia"
-33.301467,151.399268,"Melaleuca quinquenervia"
-33.3,151.5,"Melaleuca quinquenervia"
-33.3,151.5,"Melaleuca quinquenervia"
-33.299834,151.444742,"Melaleuca quinquenervia"
-33.299248,151.425149,"Melaleuca quinquenervia"
-33.298457,151.465699,"Melaleuca quinquenervia"
-33.296385,151.460468,"Melaleuca quinquenervia"
-33.29551,151.455673,"Melaleuca quinquenervia"
-33.295072,151.451621,"Melaleuca quinquenervia"
-33.295072,151.451621,"Melaleuca quinquenervia"
-33.294695,151.464192,"Melaleuca quinquenervia"
-33.294695,151.464192,"Melaleuca quinquenervia"
-33.29312,151.465111,"Melaleuca quinquenervia"
-33.29312,151.465111,"Melaleuca quinquenervia"
-33.293041,151.450798,"Melaleuca quinquenervia"
-33.293041,151.450798,"Melaleuca quinquenervia"
-33.293041,151.450798,"Melaleuca quinquenervia"
-33.293015,151.471919,"Melaleuca quinquenervia"
-33.292887,151.465209,"Melaleuca quinquenervia"
-33.292887,151.465209,"Melaleuca quinquenervia"
-33.292026,151.439583,"Melaleuca quinquenervia"
-33.292026,151.439583,"Melaleuca quinquenervia"
-33.291917,151.441711,"Melaleuca quinquenervia"
-33.291917,151.441711,"Melaleuca quinquenervia"
-33.290034,151.451925,"Melaleuca quinquenervia"
-33.290034,151.451925,"Melaleuca quinquenervia"
-33.289507,151.468321,"Melaleuca quinquenervia"
-33.289507,151.468321,"Melaleuca quinquenervia"
-33.288304,151.536883,"Melaleuca quinquenervia"
-33.288304,151.536883,"Melaleuca quinquenervia"
-33.286546,151.388898,"Melaleuca quinquenervia"
-33.283918,151.542768,"Melaleuca quinquenervia"
-33.283918,151.542768,"Melaleuca quinquenervia"
-33.283918,151.542768,"Melaleuca quinquenervia"
-33.283406,151.54214,"Melaleuca quinquenervia"
-33.283406,151.54214,"Melaleuca quinquenervia"
-33.283029,151.543856,"Melaleuca quinquenervia"
-33.283029,151.543856,"Melaleuca quinquenervia"
-33.283029,151.543856,"Melaleuca quinquenervia"
-33.282132,151.543885,"Melaleuca quinquenervia"
-33.281584,151.464825,"Melaleuca quinquenervia"
-33.280985,151.447976,"Melaleuca quinquenervia"
-33.280618,151.470087,"Melaleuca quinquenervia"
-33.280618,151.470087,"Melaleuca quinquenervia"
-33.279493,151.47165,"Melaleuca quinquenervia"
-33.279335,151.465681,"Melaleuca quinquenervia"
-33.278946,151.467929,"Melaleuca quinquenervia"
-33.278922,151.446728,"Melaleuca quinquenervia"
-33.278316,151.468326,"Melaleuca quinquenervia"
-33.277926,151.449663,"Melaleuca quinquenervia"
-33.277052,151.488982,"Melaleuca quinquenervia"
-33.276798,151.472522,"Melaleuca quinquenervia"
-33.27454,151.455555,"Melaleuca quinquenervia"
-33.274271,151.417324,"Melaleuca quinquenervia"
-33.273711,151.446941,"Melaleuca quinquenervia"
-33.273146,151.447928,"Melaleuca quinquenervia"
-33.272021,151.543471,"Melaleuca quinquenervia"
-33.271867,151.442261,"Melaleuca quinquenervia"
-33.271867,151.442261,"Melaleuca quinquenervia"
-33.267545,151.420652,"Melaleuca quinquenervia"
-33.266875,151.480133,"Melaleuca quinquenervia"
-33.2667,151.5167,"Melaleuca quinquenervia"
-33.266667,151.416667,"Melaleuca quinquenervia"
-33.266667,151.416667,"Melaleuca quinquenervia"
-33.266667,151.516667,"Melaleuca quinquenervia"
-33.266071,151.482959,"Melaleuca quinquenervia"
-33.265257,151.466083,"Melaleuca quinquenervia"
-33.264178,151.47237,"Melaleuca quinquenervia"
-33.263874,151.533189,"Melaleuca quinquenervia"
-33.26229,151.536544,"Melaleuca quinquenervia"
-33.259759,151.559272,"Melaleuca quinquenervia"
-33.259759,151.559272,"Melaleuca quinquenervia"
-33.259653,151.550149,"Melaleuca quinquenervia"
-33.259653,151.550149,"Melaleuca quinquenervia"
-33.259653,151.550149,"Melaleuca quinquenervia"
-33.258923,151.550158,"Melaleuca quinquenervia"
-33.258528,151.561975,"Melaleuca quinquenervia"
-33.258528,151.561975,"Melaleuca quinquenervia"
-33.25779,151.561309,"Melaleuca quinquenervia"
-33.257778,151.556667,"Melaleuca quinquenervia"
-33.257353,151.56201,"Melaleuca quinquenervia"
-33.257227,151.548132,"Melaleuca quinquenervia"
-33.25691,151.55207,"Melaleuca quinquenervia"
-33.256554,151.330249,"Melaleuca quinquenervia"
-33.255643,150.496193,"Melaleuca quinquenervia"
-33.255338,151.45226,"Melaleuca quinquenervia"
-33.25528,151.463828,"Melaleuca quinquenervia"
-33.255238,151.482072,"Melaleuca quinquenervia"
-33.253401,151.560957,"Melaleuca quinquenervia"
-33.253325,151.450133,"Melaleuca quinquenervia"
-33.252752,151.560855,"Melaleuca quinquenervia"
-33.252667,151.450936,"Melaleuca quinquenervia"
-33.25233,151.56175,"Melaleuca quinquenervia"
-33.249536,151.452283,"Melaleuca quinquenervia"
-33.249012,151.460174,"Melaleuca quinquenervia"
-33.249001,151.452666,"Melaleuca quinquenervia"
-33.248857,151.551951,"Melaleuca quinquenervia"
-33.24809,151.487563,"Melaleuca quinquenervia"
-33.24809,151.487563,"Melaleuca quinquenervia"
-33.24794,151.56359,"Melaleuca quinquenervia"
-33.24224,151.490448,"Melaleuca quinquenervia"
-33.24206,151.463888,"Melaleuca quinquenervia"
-33.241695,151.566274,"Melaleuca quinquenervia"
-33.240766,151.437154,"Melaleuca quinquenervia"
-33.239997,151.489807,"Melaleuca quinquenervia"
-33.238861,151.492159,"Melaleuca quinquenervia"
-33.235447,151.570038,"Melaleuca quinquenervia"
-33.234998,151.570049,"Melaleuca quinquenervia"
-33.234745,151.569345,"Melaleuca quinquenervia"
-33.233394,151.56162,"Melaleuca quinquenervia"
-33.233069,151.560605,"Melaleuca quinquenervia"
-33.232864,151.536214,"Melaleuca quinquenervia"
-33.231616,151.557567,"Melaleuca quinquenervia"
-33.231256,151.54189,"Melaleuca quinquenervia"
-33.231065,151.573693,"Melaleuca quinquenervia"
-33.228128,151.503041,"Melaleuca quinquenervia"
-33.227992,151.541564,"Melaleuca quinquenervia"
-33.226852,151.540901,"Melaleuca quinquenervia"
-33.223571,151.507049,"Melaleuca quinquenervia"
-33.223437,151.554503,"Melaleuca quinquenervia"
-33.223437,151.554503,"Melaleuca quinquenervia"
-33.222772,151.529766,"Melaleuca quinquenervia"
-33.22071,151.505883,"Melaleuca quinquenervia"
-33.220439,151.506011,"Melaleuca quinquenervia"
-33.220286,151.506118,"Melaleuca quinquenervia"
-33.220041,151.526206,"Melaleuca quinquenervia"
-33.219365,151.528802,"Melaleuca quinquenervia"
-33.217976,151.511083,"Melaleuca quinquenervia"
-33.217976,151.511083,"Melaleuca quinquenervia"
-33.217976,151.511083,"Melaleuca quinquenervia"
-33.217406,151.579679,"Melaleuca quinquenervia"
-33.2167,151.5667,"Melaleuca quinquenervia"
-33.216667,151.55,"Melaleuca quinquenervia"
-33.216667,151.55,"Melaleuca quinquenervia"
-33.214763,151.498109,"Melaleuca quinquenervia"
-33.214407,151.552687,"Melaleuca quinquenervia"
-33.214317,151.557182,"Melaleuca quinquenervia"
-33.213818,151.542255,"Melaleuca quinquenervia"
-33.213748,151.531687,"Melaleuca quinquenervia"
-33.213748,151.531687,"Melaleuca quinquenervia"
-33.213712,151.505251,"Melaleuca quinquenervia"
-33.212195,151.474563,"Melaleuca quinquenervia"
-33.212001,151.551855,"Melaleuca quinquenervia"
-33.21194,151.55583,"Melaleuca quinquenervia"
-33.211436,151.529219,"Melaleuca quinquenervia"
-33.211336,151.513896,"Melaleuca quinquenervia"
-33.211333,151.5139,"Melaleuca quinquenervia"
-33.210967,151.551489,"Melaleuca quinquenervia"
-33.210967,151.551489,"Melaleuca quinquenervia"
-33.210967,151.551489,"Melaleuca quinquenervia"
-33.210017,151.535819,"Melaleuca quinquenervia"
-33.210017,151.535819,"Melaleuca quinquenervia"
-33.209699,151.535663,"Melaleuca quinquenervia"
-33.209449,151.556717,"Melaleuca quinquenervia"
-33.209449,151.556717,"Melaleuca quinquenervia"
-33.209331,151.558167,"Melaleuca quinquenervia"
-33.209331,151.558167,"Melaleuca quinquenervia"
-33.209331,151.558167,"Melaleuca quinquenervia"
-33.208904,151.538899,"Melaleuca quinquenervia"
-33.208414,151.556895,"Melaleuca quinquenervia"
-33.208414,151.556895,"Melaleuca quinquenervia"
-33.20758,151.537012,"Melaleuca quinquenervia"
-33.207523,151.532054,"Melaleuca quinquenervia"
-33.207081,151.55858,"Melaleuca quinquenervia"
-33.20646,151.538307,"Melaleuca quinquenervia"
-33.206333,151.586255,"Melaleuca quinquenervia"
-33.206051,151.545132,"Melaleuca quinquenervia"
-33.205464,151.535916,"Melaleuca quinquenervia"
-33.205464,151.535916,"Melaleuca quinquenervia"
-33.205464,151.535916,"Melaleuca quinquenervia"
-33.20516,151.560167,"Melaleuca quinquenervia"
-33.20516,151.560167,"Melaleuca quinquenervia"
-33.205,151.548,"Melaleuca quinquenervia"
-33.204992,151.548003,"Melaleuca quinquenervia"
-33.204984,151.556662,"Melaleuca quinquenervia"
-33.204788,151.532172,"Melaleuca quinquenervia"
-33.204755,151.552406,"Melaleuca quinquenervia"
-33.204755,151.552406,"Melaleuca quinquenervia"
-33.204557,151.558718,"Melaleuca quinquenervia"
-33.204557,151.558718,"Melaleuca quinquenervia"
-33.204261,151.460296,"Melaleuca quinquenervia"
-33.204182,151.557437,"Melaleuca quinquenervia"
-33.203854,151.552528,"Melaleuca quinquenervia"
-33.203854,151.552528,"Melaleuca quinquenervia"
-33.203854,151.552528,"Melaleuca quinquenervia"
-33.203848,151.559158,"Melaleuca quinquenervia"
-33.203474,151.557834,"Melaleuca quinquenervia"
-33.203474,151.557834,"Melaleuca quinquenervia"
-33.203326,151.555155,"Melaleuca quinquenervia"
-33.202784,151.537342,"Melaleuca quinquenervia"
-33.202735,151.557149,"Melaleuca quinquenervia"
-33.202735,151.557149,"Melaleuca quinquenervia"
-33.202661,151.546111,"Melaleuca quinquenervia"
-33.202661,151.546111,"Melaleuca quinquenervia"
-33.202661,151.546111,"Melaleuca quinquenervia"
-33.202605,151.553665,"Melaleuca quinquenervia"
-33.202393,151.590251,"Melaleuca quinquenervia"
-33.20223,151.560215,"Melaleuca quinquenervia"
-33.20223,151.560215,"Melaleuca quinquenervia"
-33.201944,151.545556,"Melaleuca quinquenervia"
-33.201782,151.527397,"Melaleuca quinquenervia"
-33.201721,151.527035,"Melaleuca quinquenervia"
-33.201086,151.55487,"Melaleuca quinquenervia"
-33.201086,151.55487,"Melaleuca quinquenervia"
-33.201037,151.531472,"Melaleuca quinquenervia"
-33.200227,151.531985,"Melaleuca quinquenervia"
-33.199646,151.553638,"Melaleuca quinquenervia"
-33.199646,151.553638,"Melaleuca quinquenervia"
-33.197254,151.532784,"Melaleuca quinquenervia"
-33.196997,151.53401,"Melaleuca quinquenervia"
-33.196074,151.575391,"Melaleuca quinquenervia"
-33.195739,151.530358,"Melaleuca quinquenervia"
-33.195105,151.532406,"Melaleuca quinquenervia"
-33.194857,151.560607,"Melaleuca quinquenervia"
-33.194394,151.583865,"Melaleuca quinquenervia"
-33.194394,151.583865,"Melaleuca quinquenervia"
-33.194394,151.583865,"Melaleuca quinquenervia"
-33.193873,151.560116,"Melaleuca quinquenervia"
-33.19274,151.536518,"Melaleuca quinquenervia"
-33.192703,151.529067,"Melaleuca quinquenervia"
-33.192297,151.530565,"Melaleuca quinquenervia"
-33.192165,151.574279,"Melaleuca quinquenervia"
-33.191866,151.530025,"Melaleuca quinquenervia"
-33.191847,151.557157,"Melaleuca quinquenervia"
-33.191699,151.564636,"Melaleuca quinquenervia"
-33.190629,151.578628,"Melaleuca quinquenervia"
-33.190005,151.489129,"Melaleuca quinquenervia"
-33.189857,151.484251,"Melaleuca quinquenervia"
-33.189757,151.573575,"Melaleuca quinquenervia"
-33.189607,151.486476,"Melaleuca quinquenervia"
-33.188994,151.566811,"Melaleuca quinquenervia"
-33.188493,151.572959,"Melaleuca quinquenervia"
-33.18846,151.56579,"Melaleuca quinquenervia"
-33.187858,151.562882,"Melaleuca quinquenervia"
-33.187245,151.56558,"Melaleuca quinquenervia"
-33.18724,151.554676,"Melaleuca quinquenervia"
-33.187156,151.564631,"Melaleuca quinquenervia"
-33.187034,151.556818,"Melaleuca quinquenervia"
-33.186801,151.572961,"Melaleuca quinquenervia"
-33.18674,151.566869,"Melaleuca quinquenervia"
-33.186503,151.488895,"Melaleuca quinquenervia"
-33.186469,151.535215,"Melaleuca quinquenervia"
-33.186433,151.577783,"Melaleuca quinquenervia"
-33.186359,151.557243,"Melaleuca quinquenervia"
-33.186292,151.557564,"Melaleuca quinquenervia"
-33.186221,151.567178,"Melaleuca quinquenervia"
-33.185979,151.574425,"Melaleuca quinquenervia"
-33.185979,151.574425,"Melaleuca quinquenervia"
-33.181975,151.472564,"Melaleuca quinquenervia"
-33.180838,151.447149,"Melaleuca quinquenervia"
-33.179646,151.566978,"Melaleuca quinquenervia"
-33.179191,151.57239,"Melaleuca quinquenervia"
-33.17688,151.56924,"Melaleuca quinquenervia"
-33.176847,151.572393,"Melaleuca quinquenervia"
-33.176847,151.572393,"Melaleuca quinquenervia"
-33.176847,151.572393,"Melaleuca quinquenervia"
-33.176436,151.576154,"Melaleuca quinquenervia"
-33.176436,151.576154,"Melaleuca quinquenervia"
-33.176402,151.572936,"Melaleuca quinquenervia"
-33.175891,151.510065,"Melaleuca quinquenervia"
-33.175757,151.508695,"Melaleuca quinquenervia"
-33.175579,151.591699,"Melaleuca quinquenervia"
-33.175497,151.597285,"Melaleuca quinquenervia"
-33.175251,151.568064,"Melaleuca quinquenervia"
-33.173246,151.572987,"Melaleuca quinquenervia"
-33.168715,151.542402,"Melaleuca quinquenervia"
-33.168318,151.533262,"Melaleuca quinquenervia"
-33.168024,151.581686,"Melaleuca quinquenervia"
-33.166369,151.579672,"Melaleuca quinquenervia"
-33.165982,151.491005,"Melaleuca quinquenervia"
-33.16577,151.56846,"Melaleuca quinquenervia"
-33.164992,151.583901,"Melaleuca quinquenervia"
-33.16176,151.54932,"Melaleuca quinquenervia"
-33.16176,151.54932,"Melaleuca quinquenervia"
-33.160941,151.538725,"Melaleuca quinquenervia"
-33.159861,151.496269,"Melaleuca quinquenervia"
-33.158888,151.571432,"Melaleuca quinquenervia"
-33.158888,151.571432,"Melaleuca quinquenervia"
-33.158888,151.571432,"Melaleuca quinquenervia"
-33.157556,151.573277,"Melaleuca quinquenervia"
-33.157556,151.573277,"Melaleuca quinquenervia"
-33.156191,151.572226,"Melaleuca quinquenervia"
-33.156191,151.572226,"Melaleuca quinquenervia"
-33.156191,151.572226,"Melaleuca quinquenervia"
-33.155889,151.593194,"Melaleuca quinquenervia"
-33.155889,151.593194,"Melaleuca quinquenervia"
-33.155889,151.593194,"Melaleuca quinquenervia"
-33.152931,151.602837,"Melaleuca quinquenervia"
-33.149568,151.545008,"Melaleuca quinquenervia"
-33.148446,151.605052,"Melaleuca quinquenervia"
-33.148446,151.605052,"Melaleuca quinquenervia"
-33.146225,151.537414,"Melaleuca quinquenervia"
-33.1454,151.554733,"Melaleuca quinquenervia"
-33.14511,151.554272,"Melaleuca quinquenervia"
-33.14446,151.55719,"Melaleuca quinquenervia"
-33.141967,151.632644,"Melaleuca quinquenervia"
-33.140646,151.565475,"Melaleuca quinquenervia"
-33.139569,151.556384,"Melaleuca quinquenervia"
-33.139459,151.565741,"Melaleuca quinquenervia"
-33.139108,151.557224,"Melaleuca quinquenervia"
-33.139108,151.557224,"Melaleuca quinquenervia"
-33.138528,151.557937,"Melaleuca quinquenervia"
-33.138052,151.571408,"Melaleuca quinquenervia"
-33.138043,151.572667,"Melaleuca quinquenervia"
-33.13551,151.47915,"Melaleuca quinquenervia"
-33.133835,151.574786,"Melaleuca quinquenervia"
-33.128854,151.518412,"Melaleuca quinquenervia"
-33.127269,151.528212,"Melaleuca quinquenervia"
-33.127269,151.528212,"Melaleuca quinquenervia"
-33.125015,151.528249,"Melaleuca quinquenervia"
-33.125015,151.528249,"Melaleuca quinquenervia"
-33.117731,151.624892,"Melaleuca quinquenervia"
-33.117214,151.479093,"Melaleuca quinquenervia"
-33.116258,151.638744,"Melaleuca quinquenervia"
-33.114447,151.629182,"Melaleuca quinquenervia"
-33.108245,151.646469,"Melaleuca quinquenervia"
-33.107295,151.507438,"Melaleuca quinquenervia"
-33.106224,151.476886,"Melaleuca quinquenervia"
-33.104962,151.536657,"Melaleuca quinquenervia"
-33.10333,151.564268,"Melaleuca quinquenervia"
-33.103217,151.627116,"Melaleuca quinquenervia"
-33.1,151.666667,"Melaleuca quinquenervia"
-33.099245,151.484761,"Melaleuca quinquenervia"
-33.099245,151.484761,"Melaleuca quinquenervia"
-33.097243,151.50308,"Melaleuca quinquenervia"
-33.094983,151.637044,"Melaleuca quinquenervia"
-33.094905,151.498764,"Melaleuca quinquenervia"
-33.094408,151.629038,"Melaleuca quinquenervia"
-33.09411,151.655664,"Melaleuca quinquenervia"
-33.091033,151.499623,"Melaleuca quinquenervia"
-33.088324,151.500102,"Melaleuca quinquenervia"
-33.08768,151.640652,"Melaleuca quinquenervia"
-33.085563,151.50351,"Melaleuca quinquenervia"
-33.083333,151.633333,"Melaleuca quinquenervia"
-33.083333,151.65,"Melaleuca quinquenervia"
-33.0833,151.6333,"Melaleuca quinquenervia"
-33.0833,151.6333,"Melaleuca quinquenervia"
-33.083021,151.501769,"Melaleuca quinquenervia"
-33.082405,151.639191,"Melaleuca quinquenervia"
-33.080328,151.503078,"Melaleuca quinquenervia"
-33.079253,151.443801,"Melaleuca quinquenervia"
-33.078005,151.444417,"Melaleuca quinquenervia"
-33.07756,151.44496,"Melaleuca quinquenervia"
-33.074854,151.489408,"Melaleuca quinquenervia"
-33.073387,151.610103,"Melaleuca quinquenervia"
-33.07316,151.490564,"Melaleuca quinquenervia"
-33.072121,151.505674,"Melaleuca quinquenervia"
-33.071281,151.505594,"Melaleuca quinquenervia"
-33.070868,151.526977,"Melaleuca quinquenervia"
-33.070868,151.526977,"Melaleuca quinquenervia"
-33.07045,151.506094,"Melaleuca quinquenervia"
-33.070359,151.496422,"Melaleuca quinquenervia"
-33.070314,151.649314,"Melaleuca quinquenervia"
-33.069823,151.650632,"Melaleuca quinquenervia"
-33.069823,151.650632,"Melaleuca quinquenervia"
-33.069823,151.650632,"Melaleuca quinquenervia"
-33.068173,151.647336,"Melaleuca quinquenervia"
-33.068173,151.647336,"Melaleuca quinquenervia"
-33.067569,151.644014,"Melaleuca quinquenervia"
-33.067569,151.644014,"Melaleuca quinquenervia"
-33.066434,151.518407,"Melaleuca quinquenervia"
-33.06612,151.655163,"Melaleuca quinquenervia"
-33.06612,151.655163,"Melaleuca quinquenervia"
-33.063897,151.64727,"Melaleuca quinquenervia"
-33.063264,151.652319,"Melaleuca quinquenervia"
-33.062849,151.647107,"Melaleuca quinquenervia"
-33.062849,151.647107,"Melaleuca quinquenervia"
-33.062608,151.6357,"Melaleuca quinquenervia"
-33.061589,151.548317,"Melaleuca quinquenervia"
-33.061167,151.550164,"Melaleuca quinquenervia"
-33.060906,151.63683,"Melaleuca quinquenervia"
-33.060021,151.634252,"Melaleuca quinquenervia"
-33.058801,151.651469,"Melaleuca quinquenervia"
-33.05832,151.635381,"Melaleuca quinquenervia"
-33.056809,151.654908,"Melaleuca quinquenervia"
-33.056402,151.656436,"Melaleuca quinquenervia"
-33.055375,151.656569,"Melaleuca quinquenervia"
-33.055071,151.656787,"Melaleuca quinquenervia"
-33.055,151.656,"Melaleuca quinquenervia"
-33.054194,151.657594,"Melaleuca quinquenervia"
-33.053555,151.658385,"Melaleuca quinquenervia"
-33.05343,151.658497,"Melaleuca quinquenervia"
-33.052906,151.660933,"Melaleuca quinquenervia"
-33.052896,151.526335,"Melaleuca quinquenervia"
-33.049699,151.665557,"Melaleuca quinquenervia"
-33.049699,151.665557,"Melaleuca quinquenervia"
-33.049676,151.664219,"Melaleuca quinquenervia"
-33.049676,151.664219,"Melaleuca quinquenervia"
-33.048748,151.666317,"Melaleuca quinquenervia"
-33.04818,151.666698,"Melaleuca quinquenervia"
-33.04611,151.657552,"Melaleuca quinquenervia"
-33.042063,151.592888,"Melaleuca quinquenervia"
-33.039451,151.664542,"Melaleuca quinquenervia"
-33.038966,151.661252,"Melaleuca quinquenervia"
-33.038581,151.592582,"Melaleuca quinquenervia"
-33.03836,151.674667,"Melaleuca quinquenervia"
-33.037694,151.670481,"Melaleuca quinquenervia"
-33.036108,151.660554,"Melaleuca quinquenervia"
-33.035994,151.674413,"Melaleuca quinquenervia"
-33.035994,151.674413,"Melaleuca quinquenervia"
-33.035445,151.67347,"Melaleuca quinquenervia"
-33.035326,151.664961,"Melaleuca quinquenervia"
-33.03445,151.66376,"Melaleuca quinquenervia"
-33.033503,151.500821,"Melaleuca quinquenervia"
-33.032172,151.676833,"Melaleuca quinquenervia"
-33.023615,151.682521,"Melaleuca quinquenervia"
-33.023554,151.680178,"Melaleuca quinquenervia"
-33.022522,151.68477,"Melaleuca quinquenervia"
-33.020519,151.690213,"Melaleuca quinquenervia"
-33.020227,151.687969,"Melaleuca quinquenervia"
-33.020052,151.583281,"Melaleuca quinquenervia"
-33.018124,151.077266,"Melaleuca quinquenervia"
-33.018056,151.700833,"Melaleuca quinquenervia"
-33.01792,151.702755,"Melaleuca quinquenervia"
-33.01779,151.499663,"Melaleuca quinquenervia"
-33.017353,151.701737,"Melaleuca quinquenervia"
-33.016667,151.616667,"Melaleuca quinquenervia"
-33.016511,151.69472,"Melaleuca quinquenervia"
-33.016017,151.711028,"Melaleuca quinquenervia"
-33.015999,151.705217,"Melaleuca quinquenervia"
-33.015981,151.703661,"Melaleuca quinquenervia"
-33.015972,151.711442,"Melaleuca quinquenervia"
-33.015961,151.711455,"Melaleuca quinquenervia"
-33.015935,151.703453,"Melaleuca quinquenervia"
-33.015736,151.706833,"Melaleuca quinquenervia"
-33.015465,151.697785,"Melaleuca quinquenervia"
-33.015,151.690946,"Melaleuca quinquenervia"
-33.015,151.690946,"Melaleuca quinquenervia"
-33.014754,151.704436,"Melaleuca quinquenervia"
-33.014592,151.708436,"Melaleuca quinquenervia"
-33.014226,151.703531,"Melaleuca quinquenervia"
-33.013764,151.699521,"Melaleuca quinquenervia"
-33.013764,151.699521,"Melaleuca quinquenervia"
-33.013089,151.681067,"Melaleuca quinquenervia"
-33.011846,151.690372,"Melaleuca quinquenervia"
-33.011846,151.690372,"Melaleuca quinquenervia"
-33.011846,151.690372,"Melaleuca quinquenervia"
-33.011407,151.691449,"Melaleuca quinquenervia"
-33.011407,151.691449,"Melaleuca quinquenervia"
-33.011193,151.702104,"Melaleuca quinquenervia"
-33.011193,151.702104,"Melaleuca quinquenervia"
-33.011141,151.689692,"Melaleuca quinquenervia"
-33.011128,151.70179,"Melaleuca quinquenervia"
-33.010919,151.68965,"Melaleuca quinquenervia"
-33.010919,151.68965,"Melaleuca quinquenervia"
-33.010324,151.691454,"Melaleuca quinquenervia"
-33.010324,151.691454,"Melaleuca quinquenervia"
-33.010025,151.59455,"Melaleuca quinquenervia"
-33.009477,151.699227,"Melaleuca quinquenervia"
-33.009418,151.587928,"Melaleuca quinquenervia"
-33.009418,151.587928,"Melaleuca quinquenervia"
-33.009418,151.587928,"Melaleuca quinquenervia"
-33.009418,151.587928,"Melaleuca quinquenervia"
-33.009014,151.588076,"Melaleuca quinquenervia"
-33.008781,151.702926,"Melaleuca quinquenervia"
-33.008595,151.700333,"Melaleuca quinquenervia"
-33.007445,151.702785,"Melaleuca quinquenervia"
-33.00742,151.691454,"Melaleuca quinquenervia"
-33.006922,151.695583,"Melaleuca quinquenervia"
-33.006616,151.69213,"Melaleuca quinquenervia"
-33.00608,151.69262,"Melaleuca quinquenervia"
-33.005572,151.704316,"Melaleuca quinquenervia"
-33.005076,151.69151,"Melaleuca quinquenervia"
-33.004472,151.690053,"Melaleuca quinquenervia"
-33.002134,151.517407,"Melaleuca quinquenervia"
-33.001483,151.728593,"Melaleuca quinquenervia"
-33.001458,151.728622,"Melaleuca quinquenervia"
-33.001442,151.728636,"Melaleuca quinquenervia"
-33.001412,151.728535,"Melaleuca quinquenervia"
-33.001327,151.579594,"Melaleuca quinquenervia"
-33.001306,151.728592,"Melaleuca quinquenervia"
-33.001016,151.724872,"Melaleuca quinquenervia"
-33.001,151.587,"Melaleuca quinquenervia"
-33.000655,151.693995,"Melaleuca quinquenervia"
-33.000653,151.728367,"Melaleuca quinquenervia"
-33.000237,151.703148,"Melaleuca quinquenervia"
-32.999037,151.726334,"Melaleuca quinquenervia"
-32.998376,151.685387,"Melaleuca quinquenervia"
-32.998247,151.723796,"Melaleuca quinquenervia"
-32.99823,151.723905,"Melaleuca quinquenervia"
-32.99798,151.727979,"Melaleuca quinquenervia"
-32.997735,151.688204,"Melaleuca quinquenervia"
-32.997693,151.690153,"Melaleuca quinquenervia"
-32.997263,151.720892,"Melaleuca quinquenervia"
-32.997207,151.597342,"Melaleuca quinquenervia"
-32.997117,151.686684,"Melaleuca quinquenervia"
-32.996851,151.725225,"Melaleuca quinquenervia"
-32.996646,151.72529,"Melaleuca quinquenervia"
-32.995965,151.726262,"Melaleuca quinquenervia"
-32.995965,151.726262,"Melaleuca quinquenervia"
-32.995877,151.722945,"Melaleuca quinquenervia"
-32.994799,151.717509,"Melaleuca quinquenervia"
-32.994421,151.695165,"Melaleuca quinquenervia"
-32.994358,151.717636,"Melaleuca quinquenervia"
-32.993874,151.723233,"Melaleuca quinquenervia"
-32.99281,151.722034,"Melaleuca quinquenervia"
-32.99281,151.722034,"Melaleuca quinquenervia"
-32.992768,151.51856,"Melaleuca quinquenervia"
-32.992755,151.72142,"Melaleuca quinquenervia"
-32.992533,151.721772,"Melaleuca quinquenervia"
-32.991822,151.719597,"Melaleuca quinquenervia"
-32.990912,151.661038,"Melaleuca quinquenervia"
-32.989289,151.710106,"Melaleuca quinquenervia"
-32.989262,151.72566,"Melaleuca quinquenervia"
-32.989247,151.725724,"Melaleuca quinquenervia"
-32.987959,151.514891,"Melaleuca quinquenervia"
-32.987933,151.637405,"Melaleuca quinquenervia"
-32.987792,151.58148,"Melaleuca quinquenervia"
-32.987722,151.581541,"Melaleuca quinquenervia"
-32.981397,151.678277,"Melaleuca quinquenervia"
-32.972075,151.640642,"Melaleuca quinquenervia"
-32.971993,151.640398,"Melaleuca quinquenervia"
-32.971675,151.63997,"Melaleuca quinquenervia"
-32.969352,151.694053,"Melaleuca quinquenervia"
-32.962376,151.605963,"Melaleuca quinquenervia"
-32.960362,151.608428,"Melaleuca quinquenervia"
-32.958,151.712,"Melaleuca quinquenervia"
-32.953652,151.741185,"Melaleuca quinquenervia"
-32.953254,151.738657,"Melaleuca quinquenervia"
-32.952998,151.741982,"Melaleuca quinquenervia"
-32.952945,151.742112,"Melaleuca quinquenervia"
-32.951208,151.751217,"Melaleuca quinquenervia"
-32.950253,151.616322,"Melaleuca quinquenervia"
-32.949029,151.753651,"Melaleuca quinquenervia"
-32.947185,151.683334,"Melaleuca quinquenervia"
-32.945942,151.63272,"Melaleuca quinquenervia"
-32.944018,151.717394,"Melaleuca quinquenervia"
-32.941693,151.634683,"Melaleuca quinquenervia"
-32.938039,151.633051,"Melaleuca quinquenervia"
-32.938039,151.633051,"Melaleuca quinquenervia"
-32.931001,151.768497,"Melaleuca quinquenervia"
-32.929701,151.636505,"Melaleuca quinquenervia"
-32.926313,151.605309,"Melaleuca quinquenervia"
-32.926252,151.782406,"Melaleuca quinquenervia"
-32.924138,151.742478,"Melaleuca quinquenervia"
-32.922274,151.742759,"Melaleuca quinquenervia"
-32.921409,151.753893,"Melaleuca quinquenervia"
-32.921375,151.631776,"Melaleuca quinquenervia"
-32.921064,151.621393,"Melaleuca quinquenervia"
-32.920269,151.605451,"Melaleuca quinquenervia"
-32.916667,151.766667,"Melaleuca quinquenervia"
-32.915188,151.764499,"Melaleuca quinquenervia"
-32.915143,151.764502,"Melaleuca quinquenervia"
-32.913884,151.76509,"Melaleuca quinquenervia"
-32.909863,151.621427,"Melaleuca quinquenervia"
-32.907842,151.779636,"Melaleuca quinquenervia"
-32.90412,151.764035,"Melaleuca quinquenervia"
-32.903175,151.718903,"Melaleuca quinquenervia"
-32.900279,151.676938,"Melaleuca quinquenervia"
-32.894743,151.750179,"Melaleuca quinquenervia"
-32.894081,151.592736,"Melaleuca quinquenervia"
-32.892704,151.714688,"Melaleuca quinquenervia"
-32.892065,151.558017,"Melaleuca quinquenervia"
-32.890538,151.662633,"Melaleuca quinquenervia"
-32.890436,151.662346,"Melaleuca quinquenervia"
-32.889113,151.684909,"Melaleuca quinquenervia"
-32.888382,151.644406,"Melaleuca quinquenervia"
-32.884971,151.769414,"Melaleuca quinquenervia"
-32.883949,151.701382,"Melaleuca quinquenervia"
-32.881928,151.65922,"Melaleuca quinquenervia"
-32.881253,151.71628,"Melaleuca quinquenervia"
-32.881251,151.658411,"Melaleuca quinquenervia"
-32.879761,151.66309,"Melaleuca quinquenervia"
-32.876163,151.696628,"Melaleuca quinquenervia"
-32.873809,151.69682,"Melaleuca quinquenervia"
-32.873792,151.696853,"Melaleuca quinquenervia"
-32.87325,151.69515,"Melaleuca quinquenervia"
-32.871475,151.695383,"Melaleuca quinquenervia"
-32.870824,151.794336,"Melaleuca quinquenervia"
-32.869847,151.793037,"Melaleuca quinquenervia"
-32.86685,151.79801,"Melaleuca quinquenervia"
-32.863206,151.80741,"Melaleuca quinquenervia"
-32.863206,151.80741,"Melaleuca quinquenervia"
-32.860036,151.806647,"Melaleuca quinquenervia"
-32.860001,151.80625,"Melaleuca quinquenervia"
-32.85965,151.806128,"Melaleuca quinquenervia"
-32.859481,151.62571,"Melaleuca quinquenervia"
-32.859481,151.62571,"Melaleuca quinquenervia"
-32.859481,151.62571,"Melaleuca quinquenervia"
-32.859481,151.62571,"Melaleuca quinquenervia"
-32.859481,151.62571,"Melaleuca quinquenervia"
-32.858956,151.695494,"Melaleuca quinquenervia"
-32.855464,151.804508,"Melaleuca quinquenervia"
-32.855334,151.804734,"Melaleuca quinquenervia"
-32.855096,151.805917,"Melaleuca quinquenervia"
-32.85423,151.811332,"Melaleuca quinquenervia"
-32.853862,151.81248,"Melaleuca quinquenervia"
-32.853196,151.814508,"Melaleuca quinquenervia"
-32.852804,151.815938,"Melaleuca quinquenervia"
-32.852804,151.815938,"Melaleuca quinquenervia"
-32.852496,151.814892,"Melaleuca quinquenervia"
-32.85241,151.814611,"Melaleuca quinquenervia"
-32.852107,151.816735,"Melaleuca quinquenervia"
-32.848328,151.858366,"Melaleuca quinquenervia"
-32.846413,151.855099,"Melaleuca quinquenervia"
-32.846413,151.855099,"Melaleuca quinquenervia"
-32.846413,151.855099,"Melaleuca quinquenervia"
-32.846413,151.855099,"Melaleuca quinquenervia"
-32.843916,151.643006,"Melaleuca quinquenervia"
-32.843361,151.689747,"Melaleuca quinquenervia"
-32.842977,151.832809,"Melaleuca quinquenervia"
-32.840267,151.832417,"Melaleuca quinquenervia"
-32.840155,151.363806,"Melaleuca quinquenervia"
-32.840155,151.363806,"Melaleuca quinquenervia"
-32.839906,151.831885,"Melaleuca quinquenervia"
-32.837914,151.836444,"Melaleuca quinquenervia"
-32.837554,151.837295,"Melaleuca quinquenervia"
-32.837294,151.84611,"Melaleuca quinquenervia"
-32.836483,151.860939,"Melaleuca quinquenervia"
-32.834317,151.749453,"Melaleuca quinquenervia"
-32.8333,151.8333,"Melaleuca quinquenervia"
-32.8333,151.8333,"Melaleuca quinquenervia"
-32.8333,151.8333,"Melaleuca quinquenervia"
-32.831763,151.635252,"Melaleuca quinquenervia"
-32.830131,151.712148,"Melaleuca quinquenervia"
-32.830032,151.710089,"Melaleuca quinquenervia"
-32.829897,151.879894,"Melaleuca quinquenervia"
-32.829897,151.879894,"Melaleuca quinquenervia"
-32.829699,151.711323,"Melaleuca quinquenervia"
-32.829614,151.709728,"Melaleuca quinquenervia"
-32.829532,151.685517,"Melaleuca quinquenervia"
-32.829194,151.715004,"Melaleuca quinquenervia"
-32.828611,151.883382,"Melaleuca quinquenervia"
-32.828611,151.883382,"Melaleuca quinquenervia"
-32.828541,151.683327,"Melaleuca quinquenervia"
-32.828263,151.534198,"Melaleuca quinquenervia"
-32.82822,151.707016,"Melaleuca quinquenervia"
-32.826374,151.734752,"Melaleuca quinquenervia"
-32.825825,151.678132,"Melaleuca quinquenervia"
-32.825265,151.851522,"Melaleuca quinquenervia"
-32.823302,151.732415,"Melaleuca quinquenervia"
-32.823121,151.745719,"Melaleuca quinquenervia"
-32.822957,151.859681,"Melaleuca quinquenervia"
-32.822131,151.712221,"Melaleuca quinquenervia"
-32.818876,151.889366,"Melaleuca quinquenervia"
-32.8179,151.647095,"Melaleuca quinquenervia"
-32.8179,151.647095,"Melaleuca quinquenervia"
-32.817746,151.80669,"Melaleuca quinquenervia"
-32.817672,151.751875,"Melaleuca quinquenervia"
-32.817672,151.751875,"Melaleuca quinquenervia"
-32.817542,151.697853,"Melaleuca quinquenervia"
-32.817372,151.489079,"Melaleuca quinquenervia"
-32.816717,151.791422,"Melaleuca quinquenervia"
-32.816355,151.889731,"Melaleuca quinquenervia"
-32.816355,151.889731,"Melaleuca quinquenervia"
-32.816355,151.889731,"Melaleuca quinquenervia"
-32.816175,151.750184,"Melaleuca quinquenervia"
-32.816175,151.750184,"Melaleuca quinquenervia"
-32.815812,151.749954,"Melaleuca quinquenervia"
-32.815812,151.749954,"Melaleuca quinquenervia"
-32.815175,151.915671,"Melaleuca quinquenervia"
-32.815175,151.915671,"Melaleuca quinquenervia"
-32.813823,151.815405,"Melaleuca quinquenervia"
-32.813775,151.799979,"Melaleuca quinquenervia"
-32.813737,151.83896,"Melaleuca quinquenervia"
-32.813405,151.784918,"Melaleuca quinquenervia"
-32.813292,151.804122,"Melaleuca quinquenervia"
-32.812839,151.835346,"Melaleuca quinquenervia"
-32.812743,151.628349,"Melaleuca quinquenervia"
-32.812623,151.839353,"Melaleuca quinquenervia"
-32.81254,151.831079,"Melaleuca quinquenervia"
-32.81241,151.83122,"Melaleuca quinquenervia"
-32.81229,151.83811,"Melaleuca quinquenervia"
-32.811943,151.839295,"Melaleuca quinquenervia"
-32.811885,151.827835,"Melaleuca quinquenervia"
-32.81162,151.83797,"Melaleuca quinquenervia"
-32.811506,151.745959,"Melaleuca quinquenervia"
-32.811506,151.745959,"Melaleuca quinquenervia"
-32.811506,151.745959,"Melaleuca quinquenervia"
-32.811328,151.828088,"Melaleuca quinquenervia"
-32.811328,151.828088,"Melaleuca quinquenervia"
-32.811328,151.828088,"Melaleuca quinquenervia"
-32.8111,151.8254,"Melaleuca quinquenervia"
-32.811061,151.796626,"Melaleuca quinquenervia"
-32.810937,151.902328,"Melaleuca quinquenervia"
-32.810937,151.902328,"Melaleuca quinquenervia"
-32.810937,151.902328,"Melaleuca quinquenervia"
-32.810897,151.813052,"Melaleuca quinquenervia"
-32.810789,151.835525,"Melaleuca quinquenervia"
-32.810789,151.835525,"Melaleuca quinquenervia"
-32.810638,151.825786,"Melaleuca quinquenervia"
-32.810596,151.824217,"Melaleuca quinquenervia"
-32.810596,151.742497,"Melaleuca quinquenervia"
-32.81054,151.814413,"Melaleuca quinquenervia"
-32.810508,151.710021,"Melaleuca quinquenervia"
-32.810492,151.8037,"Melaleuca quinquenervia"
-32.810429,151.34756,"Melaleuca quinquenervia"
-32.810385,151.815184,"Melaleuca quinquenervia"
-32.810095,151.746477,"Melaleuca quinquenervia"
-32.81004,151.809239,"Melaleuca quinquenervia"
-32.809998,151.710231,"Melaleuca quinquenervia"
-32.809998,151.710231,"Melaleuca quinquenervia"
-32.809933,151.80737,"Melaleuca quinquenervia"
-32.809913,151.745319,"Melaleuca quinquenervia"
-32.809827,151.830764,"Melaleuca quinquenervia"
-32.809673,151.722519,"Melaleuca quinquenervia"
-32.809673,151.722519,"Melaleuca quinquenervia"
-32.809615,151.759942,"Melaleuca quinquenervia"
-32.809421,151.713254,"Melaleuca quinquenervia"
-32.809421,151.713254,"Melaleuca quinquenervia"
-32.809368,151.827569,"Melaleuca quinquenervia"
-32.809344,151.816683,"Melaleuca quinquenervia"
-32.809305,151.809708,"Melaleuca quinquenervia"
-32.809227,151.925676,"Melaleuca quinquenervia"
-32.809227,151.925676,"Melaleuca quinquenervia"
-32.809129,151.713458,"Melaleuca quinquenervia"
-32.809092,151.745455,"Melaleuca quinquenervia"
-32.809072,151.811773,"Melaleuca quinquenervia"
-32.808972,151.797547,"Melaleuca quinquenervia"
-32.808865,151.832935,"Melaleuca quinquenervia"
-32.808366,151.763089,"Melaleuca quinquenervia"
-32.808273,151.712135,"Melaleuca quinquenervia"
-32.8082,151.8272,"Melaleuca quinquenervia"
-32.808179,151.816591,"Melaleuca quinquenervia"
-32.808126,151.82596,"Melaleuca quinquenervia"
-32.8079,151.805105,"Melaleuca quinquenervia"
-32.8078,151.8247,"Melaleuca quinquenervia"
-32.8078,151.7139,"Melaleuca quinquenervia"
-32.807485,151.825576,"Melaleuca quinquenervia"
-32.807271,151.85766,"Melaleuca quinquenervia"
-32.807013,151.722589,"Melaleuca quinquenervia"
-32.807013,151.722589,"Melaleuca quinquenervia"
-32.807013,151.722589,"Melaleuca quinquenervia"
-32.806927,151.819723,"Melaleuca quinquenervia"
-32.806872,151.814729,"Melaleuca quinquenervia"
-32.806651,151.722558,"Melaleuca quinquenervia"
-32.806651,151.722558,"Melaleuca quinquenervia"
-32.806196,151.853498,"Melaleuca quinquenervia"
-32.806148,151.713925,"Melaleuca quinquenervia"
-32.806148,151.713925,"Melaleuca quinquenervia"
-32.806096,151.833339,"Melaleuca quinquenervia"
-32.80539,151.714833,"Melaleuca quinquenervia"
-32.805299,151.714738,"Melaleuca quinquenervia"
-32.805133,151.715296,"Melaleuca quinquenervia"
-32.804959,151.910839,"Melaleuca quinquenervia"
-32.8049,151.612596,"Melaleuca quinquenervia"
-32.804838,151.714174,"Melaleuca quinquenervia"
-32.804803,151.810569,"Melaleuca quinquenervia"
-32.804644,151.811917,"Melaleuca quinquenervia"
-32.8045,151.8257,"Melaleuca quinquenervia"
-32.803982,151.766706,"Melaleuca quinquenervia"
-32.803885,151.714738,"Melaleuca quinquenervia"
-32.803637,151.719803,"Melaleuca quinquenervia"
-32.803637,151.719803,"Melaleuca quinquenervia"
-32.802632,151.767881,"Melaleuca quinquenervia"
-32.802632,151.767881,"Melaleuca quinquenervia"
-32.802475,151.760265,"Melaleuca quinquenervia"
-32.801796,151.75623,"Melaleuca quinquenervia"
-32.801796,151.75623,"Melaleuca quinquenervia"
-32.801678,151.719764,"Melaleuca quinquenervia"
-32.801487,151.751628,"Melaleuca quinquenervia"
-32.80138,151.771722,"Melaleuca quinquenervia"
-32.80138,151.771722,"Melaleuca quinquenervia"
-32.80069,151.92522,"Melaleuca quinquenervia"
-32.800506,151.741777,"Melaleuca quinquenervia"
-32.800506,151.741777,"Melaleuca quinquenervia"
-32.800289,151.740079,"Melaleuca quinquenervia"
-32.800229,151.752062,"Melaleuca quinquenervia"
-32.800229,151.752062,"Melaleuca quinquenervia"
-32.800229,151.752062,"Melaleuca quinquenervia"
-32.800229,151.752062,"Melaleuca quinquenervia"
-32.800229,151.752062,"Melaleuca quinquenervia"
-32.800229,151.752062,"Melaleuca quinquenervia"
-32.800032,151.787159,"Melaleuca quinquenervia"
-32.800032,151.787159,"Melaleuca quinquenervia"
-32.8,151.8667,"Melaleuca quinquenervia"
-32.79987,151.752302,"Melaleuca quinquenervia"
-32.79987,151.752302,"Melaleuca quinquenervia"
-32.79987,151.752302,"Melaleuca quinquenervia"
-32.79987,151.752302,"Melaleuca quinquenervia"
-32.799863,151.760654,"Melaleuca quinquenervia"
-32.799435,151.753835,"Melaleuca quinquenervia"
-32.799419,151.961625,"Melaleuca quinquenervia"
-32.799419,151.961625,"Melaleuca quinquenervia"
-32.799419,151.961625,"Melaleuca quinquenervia"
-32.799095,151.755965,"Melaleuca quinquenervia"
-32.798635,151.755075,"Melaleuca quinquenervia"
-32.798485,151.755294,"Melaleuca quinquenervia"
-32.798269,151.745511,"Melaleuca quinquenervia"
-32.798269,151.745511,"Melaleuca quinquenervia"
-32.798269,151.745511,"Melaleuca quinquenervia"
-32.798269,151.745511,"Melaleuca quinquenervia"
-32.798269,151.745511,"Melaleuca quinquenervia"
-32.798269,151.745511,"Melaleuca quinquenervia"
-32.798232,151.741848,"Melaleuca quinquenervia"
-32.798232,151.741848,"Melaleuca quinquenervia"
-32.798219,151.638822,"Melaleuca quinquenervia"
-32.79818,151.759057,"Melaleuca quinquenervia"
-32.79818,151.759057,"Melaleuca quinquenervia"
-32.79818,151.759057,"Melaleuca quinquenervia"
-32.797968,151.742493,"Melaleuca quinquenervia"
-32.797968,151.742493,"Melaleuca quinquenervia"
-32.79788,151.760777,"Melaleuca quinquenervia"
-32.797533,151.723597,"Melaleuca quinquenervia"
-32.797533,151.723597,"Melaleuca quinquenervia"
-32.796241,151.945002,"Melaleuca quinquenervia"
-32.796241,151.945002,"Melaleuca quinquenervia"
-32.795842,151.765316,"Melaleuca quinquenervia"
-32.795675,151.793657,"Melaleuca quinquenervia"
-32.795675,151.793657,"Melaleuca quinquenervia"
-32.795117,151.933037,"Melaleuca quinquenervia"
-32.793769,151.95255,"Melaleuca quinquenervia"
-32.793769,151.95255,"Melaleuca quinquenervia"
-32.793769,151.95255,"Melaleuca quinquenervia"
-32.7933,151.947266,"Melaleuca quinquenervia"
-32.793015,151.935191,"Melaleuca quinquenervia"
-32.793,151.638,"Melaleuca quinquenervia"
-32.79272,151.95036,"Melaleuca quinquenervia"
-32.791131,151.741575,"Melaleuca quinquenervia"
-32.790123,151.936578,"Melaleuca quinquenervia"
-32.789625,151.981516,"Melaleuca quinquenervia"
-32.789625,151.981516,"Melaleuca quinquenervia"
-32.789625,151.981516,"Melaleuca quinquenervia"
-32.788438,151.848769,"Melaleuca quinquenervia"
-32.788319,151.855628,"Melaleuca quinquenervia"
-32.787919,151.985882,"Melaleuca quinquenervia"
-32.787919,151.985882,"Melaleuca quinquenervia"
-32.787919,151.985882,"Melaleuca quinquenervia"
-32.787291,151.831198,"Melaleuca quinquenervia"
-32.786953,151.756772,"Melaleuca quinquenervia"
-32.784958,151.834264,"Melaleuca quinquenervia"
-32.784832,151.911626,"Melaleuca quinquenervia"
-32.784274,152.006031,"Melaleuca quinquenervia"
-32.784274,152.006031,"Melaleuca quinquenervia"
-32.784274,152.006031,"Melaleuca quinquenervia"
-32.784138,151.909637,"Melaleuca quinquenervia"
-32.784138,151.909637,"Melaleuca quinquenervia"
-32.783831,152.004733,"Melaleuca quinquenervia"
-32.783831,152.004733,"Melaleuca quinquenervia"
-32.783541,151.838052,"Melaleuca quinquenervia"
-32.783541,151.838052,"Melaleuca quinquenervia"
-32.783541,151.838052,"Melaleuca quinquenervia"
-32.783494,151.909197,"Melaleuca quinquenervia"
-32.783494,151.909197,"Melaleuca quinquenervia"
-32.783463,151.842449,"Melaleuca quinquenervia"
-32.7833,151.9167,"Melaleuca quinquenervia"
-32.7833,151.9167,"Melaleuca quinquenervia"
-32.7833,151.9167,"Melaleuca quinquenervia"
-32.7833,151.7667,"Melaleuca quinquenervia"
-32.783295,151.781908,"Melaleuca quinquenervia"
-32.783295,151.781908,"Melaleuca quinquenervia"
-32.783201,151.781589,"Melaleuca quinquenervia"
-32.783201,151.781589,"Melaleuca quinquenervia"
-32.783151,151.790178,"Melaleuca quinquenervia"
-32.78261,151.823507,"Melaleuca quinquenervia"
-32.782483,151.633172,"Melaleuca quinquenervia"
-32.782447,151.840807,"Melaleuca quinquenervia"
-32.782306,151.839261,"Melaleuca quinquenervia"
-32.780993,151.843549,"Melaleuca quinquenervia"
-32.780561,151.549909,"Melaleuca quinquenervia"
-32.780127,152.082185,"Melaleuca quinquenervia"
-32.779558,151.820166,"Melaleuca quinquenervia"
-32.779558,151.820166,"Melaleuca quinquenervia"
-32.779226,152.082237,"Melaleuca quinquenervia"
-32.779225,151.848284,"Melaleuca quinquenervia"
-32.779225,151.848284,"Melaleuca quinquenervia"
-32.779225,151.848284,"Melaleuca quinquenervia"
-32.779136,151.653078,"Melaleuca quinquenervia"
-32.778498,151.801655,"Melaleuca quinquenervia"
-32.778498,151.801655,"Melaleuca quinquenervia"
-32.777953,151.824981,"Melaleuca quinquenervia"
-32.777781,152.080832,"Melaleuca quinquenervia"
-32.777517,152.005924,"Melaleuca quinquenervia"
-32.777341,151.838792,"Melaleuca quinquenervia"
-32.777107,151.902965,"Melaleuca quinquenervia"
-32.777107,151.902965,"Melaleuca quinquenervia"
-32.777105,151.902719,"Melaleuca quinquenervia"
-32.777105,151.902719,"Melaleuca quinquenervia"
-32.776595,151.905109,"Melaleuca quinquenervia"
-32.776189,151.743899,"Melaleuca quinquenervia"
-32.775807,151.868184,"Melaleuca quinquenervia"
-32.775577,151.786747,"Melaleuca quinquenervia"
-32.775577,151.786747,"Melaleuca quinquenervia"
-32.775572,152.087508,"Melaleuca quinquenervia"
-32.775175,151.525428,"Melaleuca quinquenervia"
-32.774775,152.098174,"Melaleuca quinquenervia"
-32.774743,152.098109,"Melaleuca quinquenervia"
-32.774278,151.741377,"Melaleuca quinquenervia"
-32.77399,151.871097,"Melaleuca quinquenervia"
-32.773853,151.870949,"Melaleuca quinquenervia"
-32.773708,151.805328,"Melaleuca quinquenervia"
-32.773708,151.805328,"Melaleuca quinquenervia"
-32.773642,151.741882,"Melaleuca quinquenervia"
-32.773432,151.792594,"Melaleuca quinquenervia"
-32.773373,151.574113,"Melaleuca quinquenervia"
-32.773264,151.876248,"Melaleuca quinquenervia"
-32.773214,152.08168,"Melaleuca quinquenervia"
-32.77311,151.77342,"Melaleuca quinquenervia"
-32.772941,152.089965,"Melaleuca quinquenervia"
-32.772887,152.099012,"Melaleuca quinquenervia"
-32.77236,152.085134,"Melaleuca quinquenervia"
-32.772281,151.747082,"Melaleuca quinquenervia"
-32.772218,151.774511,"Melaleuca quinquenervia"
-32.771999,151.655812,"Melaleuca quinquenervia"
-32.771842,152.101683,"Melaleuca quinquenervia"
-32.771656,151.886123,"Melaleuca quinquenervia"
-32.771599,151.750124,"Melaleuca quinquenervia"
-32.771386,152.094832,"Melaleuca quinquenervia"
-32.77137,151.817676,"Melaleuca quinquenervia"
-32.771348,151.815328,"Melaleuca quinquenervia"
-32.771144,151.822324,"Melaleuca quinquenervia"
-32.770973,152.097669,"Melaleuca quinquenervia"
-32.770973,152.097669,"Melaleuca quinquenervia"
-32.770932,152.0916,"Melaleuca quinquenervia"
-32.77085,152.081637,"Melaleuca quinquenervia"
-32.770681,152.094151,"Melaleuca quinquenervia"
-32.770396,151.756183,"Melaleuca quinquenervia"
-32.770288,151.861517,"Melaleuca quinquenervia"
-32.7702,151.94137,"Melaleuca quinquenervia"
-32.770167,152.096144,"Melaleuca quinquenervia"
-32.769703,151.758189,"Melaleuca quinquenervia"
-32.769645,151.869212,"Melaleuca quinquenervia"
-32.769607,151.894017,"Melaleuca quinquenervia"
-32.769607,151.894017,"Melaleuca quinquenervia"
-32.769522,152.092551,"Melaleuca quinquenervia"
-32.769414,151.759966,"Melaleuca quinquenervia"
-32.769401,151.869151,"Melaleuca quinquenervia"
-32.769372,151.772158,"Melaleuca quinquenervia"
-32.769344,151.867817,"Melaleuca quinquenervia"
-32.76926,151.654115,"Melaleuca quinquenervia"
-32.769119,151.780372,"Melaleuca quinquenervia"
-32.769081,151.640574,"Melaleuca quinquenervia"
-32.769048,151.773188,"Melaleuca quinquenervia"
-32.768944,151.897655,"Melaleuca quinquenervia"
-32.768944,151.897655,"Melaleuca quinquenervia"
-32.768748,152.111144,"Melaleuca quinquenervia"
-32.768708,152.095264,"Melaleuca quinquenervia"
-32.768458,152.107279,"Melaleuca quinquenervia"
-32.768216,151.825462,"Melaleuca quinquenervia"
-32.768216,151.825462,"Melaleuca quinquenervia"
-32.768133,151.873534,"Melaleuca quinquenervia"
-32.768126,152.095482,"Melaleuca quinquenervia"
-32.767817,151.900797,"Melaleuca quinquenervia"
-32.767817,151.900797,"Melaleuca quinquenervia"
-32.767817,151.900797,"Melaleuca quinquenervia"
-32.767773,151.820546,"Melaleuca quinquenervia"
-32.767773,151.820546,"Melaleuca quinquenervia"
-32.767629,152.09469,"Melaleuca quinquenervia"
-32.767625,152.044575,"Melaleuca quinquenervia"
-32.767625,152.044575,"Melaleuca quinquenervia"
-32.767434,152.094154,"Melaleuca quinquenervia"
-32.767224,151.863766,"Melaleuca quinquenervia"
-32.767104,151.786549,"Melaleuca quinquenervia"
-32.766873,152.102078,"Melaleuca quinquenervia"
-32.766836,152.082925,"Melaleuca quinquenervia"
-32.766828,152.099034,"Melaleuca quinquenervia"
-32.7667,151.8333,"Melaleuca quinquenervia"
-32.7667,152.1167,"Melaleuca quinquenervia"
-32.7667,151.8333,"Melaleuca quinquenervia"
-32.7667,151.8333,"Melaleuca quinquenervia"
-32.7667,152.1167,"Melaleuca quinquenervia"
-32.766667,151.916667,"Melaleuca quinquenervia"
-32.766667,151.75,"Melaleuca quinquenervia"
-32.766619,152.096976,"Melaleuca quinquenervia"
-32.76658,152.095211,"Melaleuca quinquenervia"
-32.766267,151.864664,"Melaleuca quinquenervia"
-32.766254,151.651511,"Melaleuca quinquenervia"
-32.766098,151.750243,"Melaleuca quinquenervia"
-32.765819,151.749126,"Melaleuca quinquenervia"
-32.765322,151.865957,"Melaleuca quinquenervia"
-32.7652903,151.8200853,"Melaleuca quinquenervia"
-32.764835,151.590451,"Melaleuca quinquenervia"
-32.764726,152.042898,"Melaleuca quinquenervia"
-32.764726,152.042898,"Melaleuca quinquenervia"
-32.764567,151.878201,"Melaleuca quinquenervia"
-32.764542,152.115056,"Melaleuca quinquenervia"
-32.764142,151.785297,"Melaleuca quinquenervia"
-32.763476,152.084929,"Melaleuca quinquenervia"
-32.763375,152.036134,"Melaleuca quinquenervia"
-32.763375,152.036134,"Melaleuca quinquenervia"
-32.763325,152.09076,"Melaleuca quinquenervia"
-32.763324,151.080969,"Melaleuca quinquenervia"
-32.763256,152.086279,"Melaleuca quinquenervia"
-32.763138,151.783101,"Melaleuca quinquenervia"
-32.762771,152.113366,"Melaleuca quinquenervia"
-32.762771,152.082075,"Melaleuca quinquenervia"
-32.76206,152.093848,"Melaleuca quinquenervia"
-32.761765,152.093556,"Melaleuca quinquenervia"
-32.761433,152.090949,"Melaleuca quinquenervia"
-32.761429,151.862752,"Melaleuca quinquenervia"
-32.760893,151.863941,"Melaleuca quinquenervia"
-32.760744,151.328222,"Melaleuca quinquenervia"
-32.760526,151.607673,"Melaleuca quinquenervia"
-32.760522,152.08299,"Melaleuca quinquenervia"
-32.760033,152.011368,"Melaleuca quinquenervia"
-32.759955,152.092341,"Melaleuca quinquenervia"
-32.759829,151.607449,"Melaleuca quinquenervia"
-32.759694,152.090143,"Melaleuca quinquenervia"
-32.757995,151.866595,"Melaleuca quinquenervia"
-32.757914,152.101383,"Melaleuca quinquenervia"
-32.757738,152.072343,"Melaleuca quinquenervia"
-32.757738,152.072343,"Melaleuca quinquenervia"
-32.757604,152.102219,"Melaleuca quinquenervia"
-32.757531,152.059987,"Melaleuca quinquenervia"
-32.757498,152.101163,"Melaleuca quinquenervia"
-32.757354,152.060835,"Melaleuca quinquenervia"
-32.757322,152.05934,"Melaleuca quinquenervia"
-32.756739,152.066211,"Melaleuca quinquenervia"
-32.756283,152.118042,"Melaleuca quinquenervia"
-32.756194,152.066034,"Melaleuca quinquenervia"
-32.755841,152.069168,"Melaleuca quinquenervia"
-32.755086,151.848325,"Melaleuca quinquenervia"
-32.754944,152.091015,"Melaleuca quinquenervia"
-32.754944,152.091015,"Melaleuca quinquenervia"
-32.754441,152.069012,"Melaleuca quinquenervia"
-32.753679,151.7788,"Melaleuca quinquenervia"
-32.753666,152.125721,"Melaleuca quinquenervia"
-32.752508,151.770155,"Melaleuca quinquenervia"
-32.752508,151.770155,"Melaleuca quinquenervia"
-32.75224,151.771048,"Melaleuca quinquenervia"
-32.751824,152.123746,"Melaleuca quinquenervia"
-32.751824,152.123746,"Melaleuca quinquenervia"
-32.751824,152.123746,"Melaleuca quinquenervia"
-32.751824,152.123746,"Melaleuca quinquenervia"
-32.750788,152.12307,"Melaleuca quinquenervia"
-32.750745,152.103891,"Melaleuca quinquenervia"
-32.750745,152.103891,"Melaleuca quinquenervia"
-32.750009,151.898422,"Melaleuca quinquenervia"
-32.750009,151.898422,"Melaleuca quinquenervia"
-32.75,152.116667,"Melaleuca quinquenervia"
-32.75,152.121,"Melaleuca quinquenervia"
-32.749357,151.763197,"Melaleuca quinquenervia"
-32.749108,151.909072,"Melaleuca quinquenervia"
-32.748937,152.120132,"Melaleuca quinquenervia"
-32.748852,151.985927,"Melaleuca quinquenervia"
-32.748621,152.072571,"Melaleuca quinquenervia"
-32.748588,151.855465,"Melaleuca quinquenervia"
-32.748417,151.917799,"Melaleuca quinquenervia"
-32.748406,152.120361,"Melaleuca quinquenervia"
-32.748337,151.616478,"Melaleuca quinquenervia"
-32.74801,151.617092,"Melaleuca quinquenervia"
-32.74801,151.617092,"Melaleuca quinquenervia"
-32.747945,152.115114,"Melaleuca quinquenervia"
-32.747449,152.116304,"Melaleuca quinquenervia"
-32.74744,151.923775,"Melaleuca quinquenervia"
-32.747315,151.839982,"Melaleuca quinquenervia"
-32.747242,151.925481,"Melaleuca quinquenervia"
-32.747194,152.111932,"Melaleuca quinquenervia"
-32.747148,151.925426,"Melaleuca quinquenervia"
-32.747011,152.074469,"Melaleuca quinquenervia"
-32.746855,151.925942,"Melaleuca quinquenervia"
-32.746745,151.926328,"Melaleuca quinquenervia"
-32.74671,152.1704,"Melaleuca quinquenervia"
-32.746672,151.772481,"Melaleuca quinquenervia"
-32.746668,151.926297,"Melaleuca quinquenervia"
-32.746506,151.870871,"Melaleuca quinquenervia"
-32.74648,151.527748,"Melaleuca quinquenervia"
-32.745609,152.115062,"Melaleuca quinquenervia"
-32.745597,152.115948,"Melaleuca quinquenervia"
-32.745395,151.874893,"Melaleuca quinquenervia"
-32.74486,151.86174,"Melaleuca quinquenervia"
-32.74353,151.862474,"Melaleuca quinquenervia"
-32.743324,151.873029,"Melaleuca quinquenervia"
-32.743247,151.517652,"Melaleuca quinquenervia"
-32.743221,151.872406,"Melaleuca quinquenervia"
-32.743161,151.517749,"Melaleuca quinquenervia"
-32.742067,151.885814,"Melaleuca quinquenervia"
-32.74206,151.605564,"Melaleuca quinquenervia"
-32.74195,151.863799,"Melaleuca quinquenervia"
-32.741562,151.886733,"Melaleuca quinquenervia"
-32.741559,152.111281,"Melaleuca quinquenervia"
-32.741072,152.08902,"Melaleuca quinquenervia"
-32.741036,152.091263,"Melaleuca quinquenervia"
-32.740983,152.089036,"Melaleuca quinquenervia"
-32.740947,151.893731,"Melaleuca quinquenervia"
-32.740947,151.893731,"Melaleuca quinquenervia"
-32.74064,152.071997,"Melaleuca quinquenervia"
-32.74055,152.08902,"Melaleuca quinquenervia"
-32.739611,152.102495,"Melaleuca quinquenervia"
-32.7396,152.068134,"Melaleuca quinquenervia"
-32.739425,152.02214,"Melaleuca quinquenervia"
-32.739318,152.072112,"Melaleuca quinquenervia"
-32.739317,152.022142,"Melaleuca quinquenervia"
-32.739298,152.068238,"Melaleuca quinquenervia"
-32.739245,151.86489,"Melaleuca quinquenervia"
-32.738986,152.070022,"Melaleuca quinquenervia"
-32.738918,152.066919,"Melaleuca quinquenervia"
-32.738738,151.961177,"Melaleuca quinquenervia"
-32.738619,152.126463,"Melaleuca quinquenervia"
-32.738541,151.958157,"Melaleuca quinquenervia"
-32.738333,152.075559,"Melaleuca quinquenervia"
-32.738306,152.058654,"Melaleuca quinquenervia"
-32.738232,152.103918,"Melaleuca quinquenervia"
-32.738231,152.040527,"Melaleuca quinquenervia"
-32.738211,151.960988,"Melaleuca quinquenervia"
-32.73808,151.959336,"Melaleuca quinquenervia"
-32.737969,152.074986,"Melaleuca quinquenervia"
-32.73795,152.073944,"Melaleuca quinquenervia"
-32.737941,152.038998,"Melaleuca quinquenervia"
-32.73776,152.090998,"Melaleuca quinquenervia"
-32.737701,152.074192,"Melaleuca quinquenervia"
-32.737687,152.041253,"Melaleuca quinquenervia"
-32.73751,152.076475,"Melaleuca quinquenervia"
-32.737495,152.103082,"Melaleuca quinquenervia"
-32.736902,151.850237,"Melaleuca quinquenervia"
-32.736797,152.089994,"Melaleuca quinquenervia"
-32.736721,152.07316,"Melaleuca quinquenervia"
-32.736702,152.075044,"Melaleuca quinquenervia"
-32.73635,152.175009,"Melaleuca quinquenervia"
-32.73635,152.175009,"Melaleuca quinquenervia"
-32.736266,152.075346,"Melaleuca quinquenervia"
-32.736169,151.863191,"Melaleuca quinquenervia"
-32.73601,151.763203,"Melaleuca quinquenervia"
-32.735789,152.073152,"Melaleuca quinquenervia"
-32.735784,152.056106,"Melaleuca quinquenervia"
-32.735571,152.074886,"Melaleuca quinquenervia"
-32.735312,152.074406,"Melaleuca quinquenervia"
-32.734615,152.091457,"Melaleuca quinquenervia"
-32.734503,152.018,"Melaleuca quinquenervia"
-32.733978,151.98601,"Melaleuca quinquenervia"
-32.733368,152.092366,"Melaleuca quinquenervia"
-32.733316,152.082708,"Melaleuca quinquenervia"
-32.733127,152.038448,"Melaleuca quinquenervia"
-32.732944,152.087549,"Melaleuca quinquenervia"
-32.732932,152.093181,"Melaleuca quinquenervia"
-32.732728,152.037944,"Melaleuca quinquenervia"
-32.732717,151.891396,"Melaleuca quinquenervia"
-32.732625,151.8682,"Melaleuca quinquenervia"
-32.732589,152.103217,"Melaleuca quinquenervia"
-32.732472,152.101937,"Melaleuca quinquenervia"
-32.732401,152.018994,"Melaleuca quinquenervia"
-32.731918,152.095155,"Melaleuca quinquenervia"
-32.731818,152.00138,"Melaleuca quinquenervia"
-32.731524,152.001396,"Melaleuca quinquenervia"
-32.731012,151.979022,"Melaleuca quinquenervia"
-32.731012,151.979022,"Melaleuca quinquenervia"
-32.730886,152.033002,"Melaleuca quinquenervia"
-32.730214,152.092718,"Melaleuca quinquenervia"
-32.730174,152.092602,"Melaleuca quinquenervia"
-32.729904,152.016994,"Melaleuca quinquenervia"
-32.729201,152.016991,"Melaleuca quinquenervia"
-32.72851,152.007234,"Melaleuca quinquenervia"
-32.728287,152.008688,"Melaleuca quinquenervia"
-32.728203,152.006042,"Melaleuca quinquenervia"
-32.728056,152.01016,"Melaleuca quinquenervia"
-32.727659,152.010253,"Melaleuca quinquenervia"
-32.727575,152.005355,"Melaleuca quinquenervia"
-32.727569,152.075289,"Melaleuca quinquenervia"
-32.727372,152.009328,"Melaleuca quinquenervia"
-32.727247,151.852855,"Melaleuca quinquenervia"
-32.727212,152.080636,"Melaleuca quinquenervia"
-32.726893,151.797733,"Melaleuca quinquenervia"
-32.726518,152.081956,"Melaleuca quinquenervia"
-32.726507,152.104067,"Melaleuca quinquenervia"
-32.726284,151.877873,"Melaleuca quinquenervia"
-32.726276,151.877339,"Melaleuca quinquenervia"
-32.726248,152.074649,"Melaleuca quinquenervia"
-32.725992,151.851425,"Melaleuca quinquenervia"
-32.725845,152.079946,"Melaleuca quinquenervia"
-32.725663,152.033015,"Melaleuca quinquenervia"
-32.724995,152.072389,"Melaleuca quinquenervia"
-32.72415,152.015958,"Melaleuca quinquenervia"
-32.723765,152.167049,"Melaleuca quinquenervia"
-32.722785,152.169798,"Melaleuca quinquenervia"
-32.722785,152.169798,"Melaleuca quinquenervia"
-32.721883,152.169806,"Melaleuca quinquenervia"
-32.721603,151.509581,"Melaleuca quinquenervia"
-32.721583,152.074564,"Melaleuca quinquenervia"
-32.721583,152.074564,"Melaleuca quinquenervia"
-32.720688,152.128647,"Melaleuca quinquenervia"
-32.719384,152.123676,"Melaleuca quinquenervia"
-32.719187,152.124206,"Melaleuca quinquenervia"
-32.71886,152.108201,"Melaleuca quinquenervia"
-32.718509,152.117219,"Melaleuca quinquenervia"
-32.7185,151.510732,"Melaleuca quinquenervia"
-32.718261,152.070565,"Melaleuca quinquenervia"
-32.718184,152.069824,"Melaleuca quinquenervia"
-32.718184,152.069824,"Melaleuca quinquenervia"
-32.718014,151.872863,"Melaleuca quinquenervia"
-32.7167,152.1333,"Melaleuca quinquenervia"
-32.716667,152.15,"Melaleuca quinquenervia"
-32.716593,152.070999,"Melaleuca quinquenervia"
-32.716409,152.070264,"Melaleuca quinquenervia"
-32.716088,152.072287,"Melaleuca quinquenervia"
-32.71559,152.066649,"Melaleuca quinquenervia"
-32.71559,152.066649,"Melaleuca quinquenervia"
-32.714672,151.546226,"Melaleuca quinquenervia"
-32.714579,152.066762,"Melaleuca quinquenervia"
-32.713536,152.064665,"Melaleuca quinquenervia"
-32.713177,151.549627,"Melaleuca quinquenervia"
-32.713158,151.549855,"Melaleuca quinquenervia"
-32.713059,152.068538,"Melaleuca quinquenervia"
-32.71256,152.069199,"Melaleuca quinquenervia"
-32.712237,151.548248,"Melaleuca quinquenervia"
-32.711867,151.547414,"Melaleuca quinquenervia"
-32.711184,152.07225,"Melaleuca quinquenervia"
-32.708497,151.400511,"Melaleuca quinquenervia"
-32.705756,151.956926,"Melaleuca quinquenervia"
-32.705756,151.956926,"Melaleuca quinquenervia"
-32.705756,151.956926,"Melaleuca quinquenervia"
-32.705756,151.956926,"Melaleuca quinquenervia"
-32.705756,151.956926,"Melaleuca quinquenervia"
-32.705756,151.956926,"Melaleuca quinquenervia"
-32.705756,151.956926,"Melaleuca quinquenervia"
-32.705756,151.956926,"Melaleuca quinquenervia"
-32.705756,151.956926,"Melaleuca quinquenervia"
-32.705756,151.956926,"Melaleuca quinquenervia"
-32.703889,151.455556,"Melaleuca quinquenervia"
-32.7,151.966667,"Melaleuca quinquenervia"
-32.698985,151.537158,"Melaleuca quinquenervia"
-32.698358,151.537467,"Melaleuca quinquenervia"
-32.692831,151.966652,"Melaleuca quinquenervia"
-32.688624,151.713437,"Melaleuca quinquenervia"
-32.688042,151.712133,"Melaleuca quinquenervia"
-32.685106,152.077004,"Melaleuca quinquenervia"
-32.685099,152.077004,"Melaleuca quinquenervia"
-32.68357,152.077873,"Melaleuca quinquenervia"
-32.683569,152.077862,"Melaleuca quinquenervia"
-32.68261,151.701109,"Melaleuca quinquenervia"
-32.681363,152.134021,"Melaleuca quinquenervia"
-32.680122,152.107132,"Melaleuca quinquenervia"
-32.676759,152.176172,"Melaleuca quinquenervia"
-32.674512,152.1452,"Melaleuca quinquenervia"
-32.673497,151.806648,"Melaleuca quinquenervia"
-32.668906,152.062485,"Melaleuca quinquenervia"
-32.66887,152.062528,"Melaleuca quinquenervia"
-32.668624,152.171182,"Melaleuca quinquenervia"
-32.668552,152.172569,"Melaleuca quinquenervia"
-32.668177,152.171709,"Melaleuca quinquenervia"
-32.66814,151.728551,"Melaleuca quinquenervia"
-32.667998,152.137259,"Melaleuca quinquenervia"
-32.667956,151.727488,"Melaleuca quinquenervia"
-32.667565,151.727879,"Melaleuca quinquenervia"
-32.667219,152.063665,"Melaleuca quinquenervia"
-32.667219,152.063676,"Melaleuca quinquenervia"
-32.666832,152.114973,"Melaleuca quinquenervia"
-32.666412,151.818621,"Melaleuca quinquenervia"
-32.666412,151.818621,"Melaleuca quinquenervia"
-32.665203,151.374179,"Melaleuca quinquenervia"
-32.665095,152.117332,"Melaleuca quinquenervia"
-32.664633,151.730242,"Melaleuca quinquenervia"
-32.6632,151.72908,"Melaleuca quinquenervia"
-32.661211,151.737906,"Melaleuca quinquenervia"
-32.658909,151.941913,"Melaleuca quinquenervia"
-32.658251,152.079285,"Melaleuca quinquenervia"
-32.656267,152.150236,"Melaleuca quinquenervia"
-32.656267,152.150236,"Melaleuca quinquenervia"
-32.653648,151.961072,"Melaleuca quinquenervia"
-32.653334,151.961385,"Melaleuca quinquenervia"
-32.653314,152.139911,"Melaleuca quinquenervia"
-32.653314,152.139911,"Melaleuca quinquenervia"
-32.653024,152.135797,"Melaleuca quinquenervia"
-32.652735,152.138445,"Melaleuca quinquenervia"
-32.652248,152.158772,"Melaleuca quinquenervia"
-32.652213,152.141222,"Melaleuca quinquenervia"
-32.652008,152.144167,"Melaleuca quinquenervia"
-32.651776,152.157458,"Melaleuca quinquenervia"
-32.65135,152.145623,"Melaleuca quinquenervia"
-32.650813,152.146236,"Melaleuca quinquenervia"
-32.650786,152.142281,"Melaleuca quinquenervia"
-32.650105,152.158309,"Melaleuca quinquenervia"
-32.650067,152.153425,"Melaleuca quinquenervia"
-32.649996,152.145529,"Melaleuca quinquenervia"
-32.64947,152.141131,"Melaleuca quinquenervia"
-32.649466,152.144522,"Melaleuca quinquenervia"
-32.649175,151.834843,"Melaleuca quinquenervia"
-32.64815,152.160072,"Melaleuca quinquenervia"
-32.64507,151.729468,"Melaleuca quinquenervia"
-32.643023,152.143766,"Melaleuca quinquenervia"
-32.64238,152.1438,"Melaleuca quinquenervia"
-32.641273,152.153599,"Melaleuca quinquenervia"
-32.641083,152.15884,"Melaleuca quinquenervia"
-32.64068,151.941322,"Melaleuca quinquenervia"
-32.633142,152.186618,"Melaleuca quinquenervia"
-32.633142,152.186618,"Melaleuca quinquenervia"
-32.630969,152.193365,"Melaleuca quinquenervia"
-32.6304,152.187912,"Melaleuca quinquenervia"
-32.624963,151.881207,"Melaleuca quinquenervia"
-32.624847,151.881371,"Melaleuca quinquenervia"
-32.624766,151.881432,"Melaleuca quinquenervia"
-32.624748,151.881477,"Melaleuca quinquenervia"
-32.624706,151.881567,"Melaleuca quinquenervia"
-32.624702,151.881551,"Melaleuca quinquenervia"
-32.624674,151.881516,"Melaleuca quinquenervia"
-32.624674,151.881519,"Melaleuca quinquenervia"
-32.624674,151.881539,"Melaleuca quinquenervia"
-32.624667,151.881529,"Melaleuca quinquenervia"
-32.624657,151.88151,"Melaleuca quinquenervia"
-32.624639,151.881521,"Melaleuca quinquenervia"
-32.624629,151.881548,"Melaleuca quinquenervia"
-32.624628,151.881506,"Melaleuca quinquenervia"
-32.624524,151.881606,"Melaleuca quinquenervia"
-32.624,152.195,"Melaleuca quinquenervia"
-32.616568,152.209084,"Melaleuca quinquenervia"
-32.616568,152.209084,"Melaleuca quinquenervia"
-32.608577,152.154868,"Melaleuca quinquenervia"
-32.594256,152.260205,"Melaleuca quinquenervia"
-32.58705,152.27446,"Melaleuca quinquenervia"
-32.58705,152.27446,"Melaleuca quinquenervia"
-32.58705,152.27446,"Melaleuca quinquenervia"
-32.58705,152.27446,"Melaleuca quinquenervia"
-32.58705,152.27446,"Melaleuca quinquenervia"
-32.58705,152.27446,"Melaleuca quinquenervia"
-32.58705,152.27446,"Melaleuca quinquenervia"
-32.58705,152.27446,"Melaleuca quinquenervia"
-32.58705,152.27446,"Melaleuca quinquenervia"
-32.58705,152.27446,"Melaleuca quinquenervia"
-32.58705,152.27446,"Melaleuca quinquenervia"
-32.58705,152.27446,"Melaleuca quinquenervia"
-32.58705,152.27446,"Melaleuca quinquenervia"
-32.58705,152.27446,"Melaleuca quinquenervia"
-32.58705,152.27446,"Melaleuca quinquenervia"
-32.58705,152.27446,"Melaleuca quinquenervia"
-32.58705,152.27446,"Melaleuca quinquenervia"
-32.58705,152.27446,"Melaleuca quinquenervia"
-32.58705,152.27446,"Melaleuca quinquenervia"
-32.58705,152.27446,"Melaleuca quinquenervia"
-32.58705,152.27446,"Melaleuca quinquenervia"
-32.58705,152.27446,"Melaleuca quinquenervia"
-32.58705,152.27446,"Melaleuca quinquenervia"
-32.58705,152.27446,"Melaleuca quinquenervia"
-32.58705,152.27446,"Melaleuca quinquenervia"
-32.58705,152.27446,"Melaleuca quinquenervia"
-32.58705,152.27446,"Melaleuca quinquenervia"
-32.58705,152.27446,"Melaleuca quinquenervia"
-32.58705,152.27446,"Melaleuca quinquenervia"
-32.58705,152.27446,"Melaleuca quinquenervia"
-32.58668,152.16092,"Melaleuca quinquenervia"
-32.58668,152.16092,"Melaleuca quinquenervia"
-32.58668,152.16092,"Melaleuca quinquenervia"
-32.58668,152.16092,"Melaleuca quinquenervia"
-32.58668,152.16092,"Melaleuca quinquenervia"
-32.58668,152.16092,"Melaleuca quinquenervia"
-32.58668,152.16092,"Melaleuca quinquenervia"
-32.58668,152.16092,"Melaleuca quinquenervia"
-32.58668,152.16092,"Melaleuca quinquenervia"
-32.58668,152.16092,"Melaleuca quinquenervia"
-32.58668,152.16092,"Melaleuca quinquenervia"
-32.58668,152.16092,"Melaleuca quinquenervia"
-32.58668,152.16092,"Melaleuca quinquenervia"
-32.58668,152.16092,"Melaleuca quinquenervia"
-32.581,152.285,"Melaleuca quinquenervia"
-32.580749,152.175372,"Melaleuca quinquenervia"
-32.579005,152.279358,"Melaleuca quinquenervia"
-32.573164,151.933412,"Melaleuca quinquenervia"
-32.573164,151.933412,"Melaleuca quinquenervia"
-32.569077,151.961274,"Melaleuca quinquenervia"
-32.569077,151.961274,"Melaleuca quinquenervia"
-32.564897,152.236235,"Melaleuca quinquenervia"
-32.564897,152.236235,"Melaleuca quinquenervia"
-32.564448,152.282471,"Melaleuca quinquenervia"
-32.564448,152.282471,"Melaleuca quinquenervia"
-32.56343,152.29377,"Melaleuca quinquenervia"
-32.56343,152.29377,"Melaleuca quinquenervia"
-32.56343,152.29377,"Melaleuca quinquenervia"
-32.561353,151.957951,"Melaleuca quinquenervia"
-32.55615,152.161,"Melaleuca quinquenervia"
-32.55615,152.161,"Melaleuca quinquenervia"
-32.55615,152.161,"Melaleuca quinquenervia"
-32.55615,152.161,"Melaleuca quinquenervia"
-32.55615,152.161,"Melaleuca quinquenervia"
-32.55615,152.161,"Melaleuca quinquenervia"
-32.55615,152.161,"Melaleuca quinquenervia"
-32.55615,152.161,"Melaleuca quinquenervia"
-32.55615,152.161,"Melaleuca quinquenervia"
-32.55615,152.161,"Melaleuca quinquenervia"
-32.55615,152.161,"Melaleuca quinquenervia"
-32.55615,152.161,"Melaleuca quinquenervia"
-32.55615,152.161,"Melaleuca quinquenervia"
-32.55615,152.161,"Melaleuca quinquenervia"
-32.55615,152.161,"Melaleuca quinquenervia"
-32.55615,152.161,"Melaleuca quinquenervia"
-32.55615,152.161,"Melaleuca quinquenervia"
-32.55615,152.161,"Melaleuca quinquenervia"
-32.555801,152.300753,"Melaleuca quinquenervia"
-32.555801,152.300753,"Melaleuca quinquenervia"
-32.546948,152.332984,"Melaleuca quinquenervia"
-32.543839,152.291582,"Melaleuca quinquenervia"
-32.542759,152.309751,"Melaleuca quinquenervia"
-32.542759,152.309751,"Melaleuca quinquenervia"
-32.541283,152.161494,"Melaleuca quinquenervia"
-32.541283,152.161494,"Melaleuca quinquenervia"
-32.541031,152.312933,"Melaleuca quinquenervia"
-32.538173,152.313389,"Melaleuca quinquenervia"
-32.536941,152.248418,"Melaleuca quinquenervia"
-32.536941,152.248418,"Melaleuca quinquenervia"
-32.528145,152.322783,"Melaleuca quinquenervia"
-32.527836,152.321731,"Melaleuca quinquenervia"
-32.52696,152.19044,"Melaleuca quinquenervia"
-32.525358,152.323006,"Melaleuca quinquenervia"
-32.524902,115.717773,"Melaleuca quinquenervia"
-32.519658,152.242155,"Melaleuca quinquenervia"
-32.519658,152.242155,"Melaleuca quinquenervia"
-32.518052,152.248163,"Melaleuca quinquenervia"
-32.518052,152.248163,"Melaleuca quinquenervia"
-32.515636,152.339456,"Melaleuca quinquenervia"
-32.512481,152.230739,"Melaleuca quinquenervia"
-32.512481,152.230739,"Melaleuca quinquenervia"
-32.511664,152.291269,"Melaleuca quinquenervia"
-32.511664,152.291269,"Melaleuca quinquenervia"
-32.510883,152.292358,"Melaleuca quinquenervia"
-32.510278,152.318889,"Melaleuca quinquenervia"
-32.51017,152.303734,"Melaleuca quinquenervia"
-32.509824,152.289718,"Melaleuca quinquenervia"
-32.509214,152.215803,"Melaleuca quinquenervia"
-32.509176,152.296462,"Melaleuca quinquenervia"
-32.508471,152.304861,"Melaleuca quinquenervia"
-32.508333,152.301389,"Melaleuca quinquenervia"
-32.508219,152.334952,"Melaleuca quinquenervia"
-32.507189,152.213847,"Melaleuca quinquenervia"
-32.507189,152.213847,"Melaleuca quinquenervia"
-32.507126,152.291336,"Melaleuca quinquenervia"
-32.507126,152.291336,"Melaleuca quinquenervia"
-32.50635,152.12353,"Melaleuca quinquenervia"
-32.50635,152.12353,"Melaleuca quinquenervia"
-32.50635,152.12353,"Melaleuca quinquenervia"
-32.50635,152.12353,"Melaleuca quinquenervia"
-32.50635,152.12353,"Melaleuca quinquenervia"
-32.50635,152.12353,"Melaleuca quinquenervia"
-32.50635,152.12353,"Melaleuca quinquenervia"
-32.50635,152.12353,"Melaleuca quinquenervia"
-32.50635,152.12353,"Melaleuca quinquenervia"
-32.50635,152.12353,"Melaleuca quinquenervia"
-32.50635,152.12353,"Melaleuca quinquenervia"
-32.50635,152.12353,"Melaleuca quinquenervia"
-32.50635,152.12353,"Melaleuca quinquenervia"
-32.505469,152.27586,"Melaleuca quinquenervia"
-32.505469,152.27586,"Melaleuca quinquenervia"
-32.504733,152.303986,"Melaleuca quinquenervia"
-32.50465,152.32756,"Melaleuca quinquenervia"
-32.503193,152.244773,"Melaleuca quinquenervia"
-32.503193,152.244773,"Melaleuca quinquenervia"
-32.501328,152.289998,"Melaleuca quinquenervia"
-32.500889,152.290672,"Melaleuca quinquenervia"
-32.498275,152.308968,"Melaleuca quinquenervia"
-32.496947,152.242601,"Melaleuca quinquenervia"
-32.496947,152.242601,"Melaleuca quinquenervia"
-32.496947,152.242601,"Melaleuca quinquenervia"
-32.49619,152.20366,"Melaleuca quinquenervia"
-32.49619,152.20366,"Melaleuca quinquenervia"
-32.490989,152.360552,"Melaleuca quinquenervia"
-32.490989,152.360552,"Melaleuca quinquenervia"
-32.490989,152.360552,"Melaleuca quinquenervia"
-32.490989,152.360552,"Melaleuca quinquenervia"
-32.490989,152.360552,"Melaleuca quinquenervia"
-32.49064,152.34028,"Melaleuca quinquenervia"
-32.49064,152.34028,"Melaleuca quinquenervia"
-32.490089,152.269672,"Melaleuca quinquenervia"
-32.489957,152.30674,"Melaleuca quinquenervia"
-32.48911,152.307198,"Melaleuca quinquenervia"
-32.48911,152.307198,"Melaleuca quinquenervia"
-32.488931,152.228374,"Melaleuca quinquenervia"
-32.488931,152.228374,"Melaleuca quinquenervia"
-32.488931,152.228374,"Melaleuca quinquenervia"
-32.488166,152.276059,"Melaleuca quinquenervia"
-32.487615,152.278739,"Melaleuca quinquenervia"
-32.484787,152.328407,"Melaleuca quinquenervia"
-32.483763,152.360571,"Melaleuca quinquenervia"
-32.483763,152.360571,"Melaleuca quinquenervia"
-32.483763,152.360571,"Melaleuca quinquenervia"
-32.483333,152.183333,"Melaleuca quinquenervia"
-32.476921,152.221024,"Melaleuca quinquenervia"
-32.476441,152.223635,"Melaleuca quinquenervia"
-32.47594,152.36235,"Melaleuca quinquenervia"
-32.474068,152.283827,"Melaleuca quinquenervia"
-32.474068,152.283827,"Melaleuca quinquenervia"
-32.47404,152.403598,"Melaleuca quinquenervia"
-32.47404,152.403598,"Melaleuca quinquenervia"
-32.472119,152.227801,"Melaleuca quinquenervia"
-32.470833,152.326944,"Melaleuca quinquenervia"
-32.470679,152.394926,"Melaleuca quinquenervia"
-32.470679,152.394926,"Melaleuca quinquenervia"
-32.469857,152.389196,"Melaleuca quinquenervia"
-32.469857,152.389196,"Melaleuca quinquenervia"
-32.469857,152.389196,"Melaleuca quinquenervia"
-32.46833,152.224854,"Melaleuca quinquenervia"
-32.4667,151.9667,"Melaleuca quinquenervia"
-32.463,152.38402,"Melaleuca quinquenervia"
-32.463,152.38402,"Melaleuca quinquenervia"
-32.463,152.38402,"Melaleuca quinquenervia"
-32.463,152.38402,"Melaleuca quinquenervia"
-32.460905,152.330075,"Melaleuca quinquenervia"
-32.460905,152.330075,"Melaleuca quinquenervia"
-32.460905,152.330075,"Melaleuca quinquenervia"
-32.460646,152.32879,"Melaleuca quinquenervia"
-32.460646,152.32879,"Melaleuca quinquenervia"
-32.45964,152.383682,"Melaleuca quinquenervia"
-32.45964,152.383682,"Melaleuca quinquenervia"
-32.458198,152.319828,"Melaleuca quinquenervia"
-32.458198,152.319828,"Melaleuca quinquenervia"
-32.457473,152.383345,"Melaleuca quinquenervia"
-32.457473,152.383345,"Melaleuca quinquenervia"
-32.457473,152.383345,"Melaleuca quinquenervia"
-32.457115,152.317477,"Melaleuca quinquenervia"
-32.457115,152.317477,"Melaleuca quinquenervia"
-32.455818,152.219046,"Melaleuca quinquenervia"
-32.454078,152.226381,"Melaleuca quinquenervia"
-32.451743,152.228177,"Melaleuca quinquenervia"
-32.450334,152.403172,"Melaleuca quinquenervia"
-32.450334,152.403172,"Melaleuca quinquenervia"
-32.449987,152.347681,"Melaleuca quinquenervia"
-32.44292,152.21921,"Melaleuca quinquenervia"
-32.442176,152.215749,"Melaleuca quinquenervia"
-32.44216,152.08975,"Melaleuca quinquenervia"
-32.44216,152.08975,"Melaleuca quinquenervia"
-32.44216,152.08975,"Melaleuca quinquenervia"
-32.44216,152.08975,"Melaleuca quinquenervia"
-32.44216,152.08975,"Melaleuca quinquenervia"
-32.44216,152.08975,"Melaleuca quinquenervia"
-32.44216,152.08975,"Melaleuca quinquenervia"
-32.44216,152.08975,"Melaleuca quinquenervia"
-32.44216,152.08975,"Melaleuca quinquenervia"
-32.44216,152.08975,"Melaleuca quinquenervia"
-32.44216,152.08975,"Melaleuca quinquenervia"
-32.441919,152.216411,"Melaleuca quinquenervia"
-32.441837,152.210433,"Melaleuca quinquenervia"
-32.441808,152.207316,"Melaleuca quinquenervia"
-32.439151,152.331973,"Melaleuca quinquenervia"
-32.438894,152.300034,"Melaleuca quinquenervia"
-32.438887,152.30002,"Melaleuca quinquenervia"
-32.438887,152.30002,"Melaleuca quinquenervia"
-32.438887,152.30002,"Melaleuca quinquenervia"
-32.43475,152.19112,"Melaleuca quinquenervia"
-32.43475,152.19112,"Melaleuca quinquenervia"
-32.43475,152.19112,"Melaleuca quinquenervia"
-32.43475,152.19112,"Melaleuca quinquenervia"
-32.43475,152.19112,"Melaleuca quinquenervia"
-32.43327,152.30257,"Melaleuca quinquenervia"
-32.43327,152.30257,"Melaleuca quinquenervia"
-32.43327,152.30257,"Melaleuca quinquenervia"
-32.43327,152.30257,"Melaleuca quinquenervia"
-32.43327,152.30257,"Melaleuca quinquenervia"
-32.431191,152.362495,"Melaleuca quinquenervia"
-32.431182,151.978235,"Melaleuca quinquenervia"
-32.426004,152.371551,"Melaleuca quinquenervia"
-32.422357,152.208248,"Melaleuca quinquenervia"
-32.42,152.2,"Melaleuca quinquenervia"
-32.42,152.2,"Melaleuca quinquenervia"
-32.4167,152.2,"Melaleuca quinquenervia"
-32.416667,152.2,"Melaleuca quinquenervia"
-32.415858,152.203478,"Melaleuca quinquenervia"
-32.411426,152.358891,"Melaleuca quinquenervia"
-32.410755,152.35829,"Melaleuca quinquenervia"
-32.410755,152.35829,"Melaleuca quinquenervia"
-32.408656,152.452479,"Melaleuca quinquenervia"
-32.407,152.452,"Melaleuca quinquenervia"
-32.405916,152.451857,"Melaleuca quinquenervia"
-32.40531,152.453551,"Melaleuca quinquenervia"
-32.404182,152.455427,"Melaleuca quinquenervia"
-32.400733,152.474179,"Melaleuca quinquenervia"
-32.400396,152.475215,"Melaleuca quinquenervia"
-32.400396,152.475215,"Melaleuca quinquenervia"
-32.400278,152.475278,"Melaleuca quinquenervia"
-32.4,152.47,"Melaleuca quinquenervia"
-32.4,152.466667,"Melaleuca quinquenervia"
-32.4,152.466667,"Melaleuca quinquenervia"
-32.4,152.466667,"Melaleuca quinquenervia"
-32.4,152.475,"Melaleuca quinquenervia"
-32.399843,152.478393,"Melaleuca quinquenervia"
-32.399714,152.475016,"Melaleuca quinquenervia"
-32.399642,152.475281,"Melaleuca quinquenervia"
-32.399628,152.476714,"Melaleuca quinquenervia"
-32.399565,152.474847,"Melaleuca quinquenervia"
-32.399556,152.471161,"Melaleuca quinquenervia"
-32.39953,152.475664,"Melaleuca quinquenervia"
-32.399502,152.475628,"Melaleuca quinquenervia"
-32.399005,152.471863,"Melaleuca quinquenervia"
-32.398981,152.471811,"Melaleuca quinquenervia"
-32.3986187,152.467573,"Melaleuca quinquenervia"
-32.398185,152.220149,"Melaleuca quinquenervia"
-32.397748,152.469279,"Melaleuca quinquenervia"
-32.3964,152.4578,"Melaleuca quinquenervia"
-32.395587,152.483497,"Melaleuca quinquenervia"
-32.395587,152.483497,"Melaleuca quinquenervia"
-32.388921,152.219004,"Melaleuca quinquenervia"
-32.385409,152.424162,"Melaleuca quinquenervia"
-32.385406,152.42417,"Melaleuca quinquenervia"
-32.384604,152.343343,"Melaleuca quinquenervia"
-32.384316,152.34342,"Melaleuca quinquenervia"
-32.384089,152.42282,"Melaleuca quinquenervia"
-32.384089,152.42282,"Melaleuca quinquenervia"
-32.38337,152.39474,"Melaleuca quinquenervia"
-32.38337,152.39474,"Melaleuca quinquenervia"
-32.38337,152.39474,"Melaleuca quinquenervia"
-32.38337,152.39474,"Melaleuca quinquenervia"
-32.38337,152.39474,"Melaleuca quinquenervia"
-32.38337,152.39474,"Melaleuca quinquenervia"
-32.38337,152.39474,"Melaleuca quinquenervia"
-32.38337,152.39474,"Melaleuca quinquenervia"
-32.38337,152.39474,"Melaleuca quinquenervia"
-32.38337,152.39474,"Melaleuca quinquenervia"
-32.38337,152.39474,"Melaleuca quinquenervia"
-32.38337,152.39474,"Melaleuca quinquenervia"
-32.38337,152.39474,"Melaleuca quinquenervia"
-32.38337,152.39474,"Melaleuca quinquenervia"
-32.38337,152.39474,"Melaleuca quinquenervia"
-32.383333,152.433333,"Melaleuca quinquenervia"
-32.380498,152.351878,"Melaleuca quinquenervia"
-32.378217,152.34677,"Melaleuca quinquenervia"
-32.377889,152.352527,"Melaleuca quinquenervia"
-32.377889,152.352527,"Melaleuca quinquenervia"
-32.377881,152.351716,"Melaleuca quinquenervia"
-32.377865,152.35027,"Melaleuca quinquenervia"
-32.377407,152.351712,"Melaleuca quinquenervia"
-32.377407,152.351712,"Melaleuca quinquenervia"
-32.377323,152.348318,"Melaleuca quinquenervia"
-32.37529,152.442902,"Melaleuca quinquenervia"
-32.37529,152.442902,"Melaleuca quinquenervia"
-32.37529,152.442902,"Melaleuca quinquenervia"
-32.375283,152.464259,"Melaleuca quinquenervia"
-32.37148,152.34056,"Melaleuca quinquenervia"
-32.368679,152.478336,"Melaleuca quinquenervia"
-32.366667,152.466667,"Melaleuca quinquenervia"
-32.360505,152.501229,"Melaleuca quinquenervia"
-32.350607,152.489443,"Melaleuca quinquenervia"
-32.350607,152.489443,"Melaleuca quinquenervia"
-32.317533,152.484433,"Melaleuca quinquenervia"
-32.316667,152.516667,"Melaleuca quinquenervia"
-32.315876,152.476348,"Melaleuca quinquenervia"
-32.312625,152.48444,"Melaleuca quinquenervia"
-32.306779,152.518592,"Melaleuca quinquenervia"
-32.305378,152.518807,"Melaleuca quinquenervia"
-32.303415,152.519797,"Melaleuca quinquenervia"
-32.301857,152.485948,"Melaleuca quinquenervia"
-32.292212,152.492777,"Melaleuca quinquenervia"
-32.290326,152.454638,"Melaleuca quinquenervia"
-32.290326,152.454638,"Melaleuca quinquenervia"
-32.289714,152.391833,"Melaleuca quinquenervia"
-32.289714,152.391833,"Melaleuca quinquenervia"
-32.287905,152.518086,"Melaleuca quinquenervia"
-32.285472,152.518736,"Melaleuca quinquenervia"
-32.276306,150.896659,"Melaleuca quinquenervia"
-32.259623,152.528654,"Melaleuca quinquenervia"
-32.254212,152.484486,"Melaleuca quinquenervia"
-32.253056,152.534832,"Melaleuca quinquenervia"
-32.253,152.534,"Melaleuca quinquenervia"
-32.252869,148.635964,"Melaleuca quinquenervia"
-32.252869,148.635964,"Melaleuca quinquenervia"
-32.252869,148.635964,"Melaleuca quinquenervia"
-32.252869,148.635964,"Melaleuca quinquenervia"
-32.252869,148.635964,"Melaleuca quinquenervia"
-32.252869,148.635964,"Melaleuca quinquenervia"
-32.252869,148.635964,"Melaleuca quinquenervia"
-32.252869,148.635964,"Melaleuca quinquenervia"
-32.252869,148.635964,"Melaleuca quinquenervia"
-32.252869,148.635964,"Melaleuca quinquenervia"
-32.252869,148.635964,"Melaleuca quinquenervia"
-32.252869,148.635964,"Melaleuca quinquenervia"
-32.252869,148.635964,"Melaleuca quinquenervia"
-32.252869,148.635964,"Melaleuca quinquenervia"
-32.252869,148.635964,"Melaleuca quinquenervia"
-32.252869,148.635964,"Melaleuca quinquenervia"
-32.252869,148.635964,"Melaleuca quinquenervia"
-32.252869,148.635964,"Melaleuca quinquenervia"
-32.252869,148.635964,"Melaleuca quinquenervia"
-32.252869,148.635964,"Melaleuca quinquenervia"
-32.252869,148.635964,"Melaleuca quinquenervia"
-32.252869,148.635964,"Melaleuca quinquenervia"
-32.252869,148.635964,"Melaleuca quinquenervia"
-32.252869,148.635964,"Melaleuca quinquenervia"
-32.252869,148.635964,"Melaleuca quinquenervia"
-32.25149,152.52498,"Melaleuca quinquenervia"
-32.251483,152.390164,"Melaleuca quinquenervia"
-32.251167,152.532374,"Melaleuca quinquenervia"
-32.251167,152.532374,"Melaleuca quinquenervia"
-32.251167,152.532374,"Melaleuca quinquenervia"
-32.251167,152.532374,"Melaleuca quinquenervia"
-32.251167,152.532374,"Melaleuca quinquenervia"
-32.250223,152.525292,"Melaleuca quinquenervia"
-32.249787,152.518412,"Melaleuca quinquenervia"
-32.248029,152.403576,"Melaleuca quinquenervia"
-32.245273,152.436845,"Melaleuca quinquenervia"
-32.245273,152.436845,"Melaleuca quinquenervia"
-32.244854,152.500133,"Melaleuca quinquenervia"
-32.244854,152.500133,"Melaleuca quinquenervia"
-32.244768,152.500311,"Melaleuca quinquenervia"
-32.244176,152.501121,"Melaleuca quinquenervia"
-32.243682,152.446445,"Melaleuca quinquenervia"
-32.24307,152.516041,"Melaleuca quinquenervia"
-32.24032,152.538081,"Melaleuca quinquenervia"
-32.238747,152.544564,"Melaleuca quinquenervia"
-32.238202,152.401093,"Melaleuca quinquenervia"
-32.236929,152.400889,"Melaleuca quinquenervia"
-32.236539,152.53758,"Melaleuca quinquenervia"
-32.23575,152.540192,"Melaleuca quinquenervia"
-32.234553,152.541111,"Melaleuca quinquenervia"
-32.233765,152.540213,"Melaleuca quinquenervia"
-32.233641,152.540712,"Melaleuca quinquenervia"
-32.233193,152.541511,"Melaleuca quinquenervia"
-32.231515,152.425834,"Melaleuca quinquenervia"
-32.231378,152.541032,"Melaleuca quinquenervia"
-32.230359,152.541398,"Melaleuca quinquenervia"
-32.230066,152.540189,"Melaleuca quinquenervia"
-32.229126,152.544363,"Melaleuca quinquenervia"
-32.228869,152.540991,"Melaleuca quinquenervia"
-32.228069,152.534123,"Melaleuca quinquenervia"
-32.227251,152.539853,"Melaleuca quinquenervia"
-32.22522,152.453933,"Melaleuca quinquenervia"
-32.22258,152.543273,"Melaleuca quinquenervia"
-32.222549,152.540411,"Melaleuca quinquenervia"
-32.221313,152.543268,"Melaleuca quinquenervia"
-32.221299,152.543754,"Melaleuca quinquenervia"
-32.221236,152.450134,"Melaleuca quinquenervia"
-32.221008,152.52626,"Melaleuca quinquenervia"
-32.220985,152.543567,"Melaleuca quinquenervia"
-32.220785,152.543672,"Melaleuca quinquenervia"
-32.220431,152.535575,"Melaleuca quinquenervia"
-32.218031,152.530946,"Melaleuca quinquenervia"
-32.213028,152.5275,"Melaleuca quinquenervia"
-32.209825,152.527314,"Melaleuca quinquenervia"
-32.209581,152.518964,"Melaleuca quinquenervia"
-32.206312,152.533128,"Melaleuca quinquenervia"
-32.205516,152.534238,"Melaleuca quinquenervia"
-32.205389,152.527833,"Melaleuca quinquenervia"
-32.205389,152.527833,"Melaleuca quinquenervia"
-32.2047,152.519916,"Melaleuca quinquenervia"
-32.204623,152.519977,"Melaleuca quinquenervia"
-32.204596,152.51985,"Melaleuca quinquenervia"
-32.204428,152.52801,"Melaleuca quinquenervia"
-32.204401,152.527946,"Melaleuca quinquenervia"
-32.204401,152.527946,"Melaleuca quinquenervia"
-32.20431,152.527968,"Melaleuca quinquenervia"
-32.20431,152.527968,"Melaleuca quinquenervia"
-32.20431,152.527968,"Melaleuca quinquenervia"
-32.20431,152.527968,"Melaleuca quinquenervia"
-32.204204,152.528436,"Melaleuca quinquenervia"
-32.204204,152.528436,"Melaleuca quinquenervia"
-32.204111,152.52763,"Melaleuca quinquenervia"
-32.204111,152.52763,"Melaleuca quinquenervia"
-32.204111,152.52763,"Melaleuca quinquenervia"
-32.204111,152.52763,"Melaleuca quinquenervia"
-32.204111,152.52763,"Melaleuca quinquenervia"
-32.203908,152.516872,"Melaleuca quinquenervia"
-32.203908,152.516829,"Melaleuca quinquenervia"
-32.203908,152.516829,"Melaleuca quinquenervia"
-32.203855,152.51718,"Melaleuca quinquenervia"
-32.203741,152.527642,"Melaleuca quinquenervia"
-32.203741,152.527642,"Melaleuca quinquenervia"
-32.203301,152.51627,"Melaleuca quinquenervia"
-32.203174,152.516207,"Melaleuca quinquenervia"
-32.203174,152.516207,"Melaleuca quinquenervia"
-32.203121,152.516462,"Melaleuca quinquenervia"
-32.203121,152.516462,"Melaleuca quinquenervia"
-32.20127,152.513618,"Melaleuca quinquenervia"
-32.20127,152.513618,"Melaleuca quinquenervia"
-32.201161,152.513396,"Melaleuca quinquenervia"
-32.201161,152.513396,"Melaleuca quinquenervia"
-32.201161,152.513396,"Melaleuca quinquenervia"
-32.201124,152.513311,"Melaleuca quinquenervia"
-32.201026,152.513449,"Melaleuca quinquenervia"
-32.201026,152.513449,"Melaleuca quinquenervia"
-32.20098,152.513354,"Melaleuca quinquenervia"
-32.200972,152.513481,"Melaleuca quinquenervia"
-32.200892,152.513949,"Melaleuca quinquenervia"
-32.200892,152.513949,"Melaleuca quinquenervia"
-32.200892,152.513949,"Melaleuca quinquenervia"
-32.191122,152.535409,"Melaleuca quinquenervia"
-32.184585,152.340385,"Melaleuca quinquenervia"
-32.183541,152.452592,"Melaleuca quinquenervia"
-32.183333,152.516667,"Melaleuca quinquenervia"
-32.1833,152.5167,"Melaleuca quinquenervia"
-32.182204,152.526884,"Melaleuca quinquenervia"
-32.182039,152.525754,"Melaleuca quinquenervia"
-32.181851,152.526493,"Melaleuca quinquenervia"
-32.180396,152.495632,"Melaleuca quinquenervia"
-32.17873,152.43103,"Melaleuca quinquenervia"
-32.178309,152.431055,"Melaleuca quinquenervia"
-32.174902,152.369867,"Melaleuca quinquenervia"
-32.166667,152.5,"Melaleuca quinquenervia"
-32.159713,152.478513,"Melaleuca quinquenervia"
-32.159662,151.528525,"Melaleuca quinquenervia"
-32.159425,152.480858,"Melaleuca quinquenervia"
-32.159301,152.481447,"Melaleuca quinquenervia"
-32.159075,152.479184,"Melaleuca quinquenervia"
-32.158502,152.48011,"Melaleuca quinquenervia"
-32.157896,152.47987,"Melaleuca quinquenervia"
-32.157286,152.48069,"Melaleuca quinquenervia"
-32.156493,152.40698,"Melaleuca quinquenervia"
-32.156291,152.406271,"Melaleuca quinquenervia"
-32.155887,152.40656,"Melaleuca quinquenervia"
-32.152115,152.466152,"Melaleuca quinquenervia"
-32.149492,152.456106,"Melaleuca quinquenervia"
-32.145354,152.420268,"Melaleuca quinquenervia"
-32.14535,152.421381,"Melaleuca quinquenervia"
-32.145283,152.421351,"Melaleuca quinquenervia"
-32.145278,152.420291,"Melaleuca quinquenervia"
-32.134795,152.460104,"Melaleuca quinquenervia"
-32.133985,152.462664,"Melaleuca quinquenervia"
-32.133333,152.433333,"Melaleuca quinquenervia"
-32.133333,151.433333,"Melaleuca quinquenervia"
-32.133333,151.433333,"Melaleuca quinquenervia"
-32.13333,151.43333,"Melaleuca quinquenervia"
-32.1319578,151.4342511,"Melaleuca quinquenervia"
-32.128968,152.414426,"Melaleuca quinquenervia"
-32.128703,152.46155,"Melaleuca quinquenervia"
-32.128209,152.46627,"Melaleuca quinquenervia"
-32.127825,152.467227,"Melaleuca quinquenervia"
-32.125717,116.011684,"Melaleuca quinquenervia"
-32.124939,115.85443,"Melaleuca quinquenervia"
-32.11906,116.072743,"Melaleuca quinquenervia"
-32.112477,152.493147,"Melaleuca quinquenervia"
-32.107544,152.467005,"Melaleuca quinquenervia"
-32.106736,152.489925,"Melaleuca quinquenervia"
-32.106295,115.773915,"Melaleuca quinquenervia"
-32.101103,152.479105,"Melaleuca quinquenervia"
-32.1,152.3833,"Melaleuca quinquenervia"
-32.099763,152.49681,"Melaleuca quinquenervia"
-32.098981,152.488484,"Melaleuca quinquenervia"
-32.094107,152.448914,"Melaleuca quinquenervia"
-32.094107,152.448914,"Melaleuca quinquenervia"
-32.09278,152.385591,"Melaleuca quinquenervia"
-32.092688,152.395273,"Melaleuca quinquenervia"
-32.092688,152.395273,"Melaleuca quinquenervia"
-32.092571,115.832599,"Melaleuca quinquenervia"
-32.092241,152.396187,"Melaleuca quinquenervia"
-32.092241,152.396187,"Melaleuca quinquenervia"
-32.091261,115.831141,"Melaleuca quinquenervia"
-32.091208,152.507603,"Melaleuca quinquenervia"
-32.091208,152.507603,"Melaleuca quinquenervia"
-32.089403,115.82664,"Melaleuca quinquenervia"
-32.088046,115.828071,"Melaleuca quinquenervia"
-32.087549,115.828597,"Melaleuca quinquenervia"
-32.08692,152.510329,"Melaleuca quinquenervia"
-32.086505,152.505648,"Melaleuca quinquenervia"
-32.085409,152.513898,"Melaleuca quinquenervia"
-32.085171,152.506142,"Melaleuca quinquenervia"
-32.083696,152.416818,"Melaleuca quinquenervia"
-32.083664,152.416866,"Melaleuca quinquenervia"
-32.083505,152.512656,"Melaleuca quinquenervia"
-32.083505,152.512656,"Melaleuca quinquenervia"
-32.083293,152.512616,"Melaleuca quinquenervia"
-32.082411,116.003208,"Melaleuca quinquenervia"
-32.079895,152.492889,"Melaleuca quinquenervia"
-32.079718,152.511904,"Melaleuca quinquenervia"
-32.079694,152.508047,"Melaleuca quinquenervia"
-32.077929,152.535765,"Melaleuca quinquenervia"
-32.075967,152.517349,"Melaleuca quinquenervia"
-32.075759,152.494057,"Melaleuca quinquenervia"
-32.07498,152.520988,"Melaleuca quinquenervia"
-32.074321,152.439545,"Melaleuca quinquenervia"
-32.074151,152.519,"Melaleuca quinquenervia"
-32.06899,152.521136,"Melaleuca quinquenervia"
-32.066425,115.86329,"Melaleuca quinquenervia"
-32.065705,152.513716,"Melaleuca quinquenervia"
-32.060482,115.813236,"Melaleuca quinquenervia"
-32.059981,115.813326,"Melaleuca quinquenervia"
-32.053056,115.840833,"Melaleuca quinquenervia"
-32.053,115.8408,"Melaleuca quinquenervia"
-32.047597,152.52716,"Melaleuca quinquenervia"
-32.043218,152.53908,"Melaleuca quinquenervia"
-32.041355,152.542484,"Melaleuca quinquenervia"
-32.040437,152.538252,"Melaleuca quinquenervia"
-32.039888,152.538738,"Melaleuca quinquenervia"
-32.038889,115.980278,"Melaleuca quinquenervia"
-32.037202,115.848605,"Melaleuca quinquenervia"
-32.036094,152.515362,"Melaleuca quinquenervia"
-32.03562,152.541036,"Melaleuca quinquenervia"
-32.033113,152.537183,"Melaleuca quinquenervia"
-32.031184,152.539364,"Melaleuca quinquenervia"
-32.031184,152.539364,"Melaleuca quinquenervia"
-32.031184,152.539364,"Melaleuca quinquenervia"
-32.031184,152.539364,"Melaleuca quinquenervia"
-32.031184,152.539364,"Melaleuca quinquenervia"
-32.031184,152.539364,"Melaleuca quinquenervia"
-32.031184,152.539364,"Melaleuca quinquenervia"
-32.029884,152.542693,"Melaleuca quinquenervia"
-32.023282,152.533851,"Melaleuca quinquenervia"
-32.01933,152.52966,"Melaleuca quinquenervia"
-32.018797,152.531472,"Melaleuca quinquenervia"
-32.009778,152.520673,"Melaleuca quinquenervia"
-32.008743,152.565701,"Melaleuca quinquenervia"
-32.008743,152.565701,"Melaleuca quinquenervia"
-32.008272,152.565606,"Melaleuca quinquenervia"
-32.008126,152.566648,"Melaleuca quinquenervia"
-32.007602,152.564885,"Melaleuca quinquenervia"
-32.004982,152.561848,"Melaleuca quinquenervia"
-32.004944,116.057136,"Melaleuca quinquenervia"
-32.000788,115.996388,"Melaleuca quinquenervia"
-31.994314,152.565044,"Melaleuca quinquenervia"
-31.991739,152.5632,"Melaleuca quinquenervia"
-31.984303,152.577037,"Melaleuca quinquenervia"
-31.983467,115.81681,"Melaleuca quinquenervia"
-31.977367,115.778922,"Melaleuca quinquenervia"
-31.9768,115.777071,"Melaleuca quinquenervia"
-31.973464,152.573066,"Melaleuca quinquenervia"
-31.972287,152.587947,"Melaleuca quinquenervia"
-31.97057,152.575887,"Melaleuca quinquenervia"
-31.9692,152.570153,"Melaleuca quinquenervia"
-31.967331,152.576444,"Melaleuca quinquenervia"
-31.967146,152.574905,"Melaleuca quinquenervia"
-31.966488,152.575535,"Melaleuca quinquenervia"
-31.966055,152.565691,"Melaleuca quinquenervia"
-31.96492,152.574639,"Melaleuca quinquenervia"
-31.964661,152.568217,"Melaleuca quinquenervia"
-31.964659,152.568218,"Melaleuca quinquenervia"
-31.964648,152.565044,"Melaleuca quinquenervia"
-31.964152,152.57512,"Melaleuca quinquenervia"
-31.963363,152.576562,"Melaleuca quinquenervia"
-31.963184,152.578697,"Melaleuca quinquenervia"
-31.962536,152.577561,"Melaleuca quinquenervia"
-31.9623,152.577096,"Melaleuca quinquenervia"
-31.962182,152.576801,"Melaleuca quinquenervia"
-31.962072,152.576537,"Melaleuca quinquenervia"
-31.961944,152.587778,"Melaleuca quinquenervia"
-31.961564,152.576739,"Melaleuca quinquenervia"
-31.960611,152.56576,"Melaleuca quinquenervia"
-31.958937,115.846183,"Melaleuca quinquenervia"
-31.958577,152.575378,"Melaleuca quinquenervia"
-31.946455,152.468315,"Melaleuca quinquenervia"
-31.9442,115.785,"Melaleuca quinquenervia"
-31.944083,115.784944,"Melaleuca quinquenervia"
-31.944083,115.784944,"Melaleuca quinquenervia"
-31.943889,115.784722,"Melaleuca quinquenervia"
-31.943686,115.784734,"Melaleuca quinquenervia"
-31.943,115.7827,"Melaleuca quinquenervia"
-31.942302,152.478605,"Melaleuca quinquenervia"
-31.938562,115.91359,"Melaleuca quinquenervia"
-31.932918,152.494633,"Melaleuca quinquenervia"
-31.93247,152.571577,"Melaleuca quinquenervia"
-31.929661,115.859336,"Melaleuca quinquenervia"
-31.928938,115.800505,"Melaleuca quinquenervia"
-31.924487,115.8272,"Melaleuca quinquenervia"
-31.918962,152.428926,"Melaleuca quinquenervia"
-31.918962,152.428926,"Melaleuca quinquenervia"
-31.918962,152.428926,"Melaleuca quinquenervia"
-31.918962,152.428926,"Melaleuca quinquenervia"
-31.918962,152.428926,"Melaleuca quinquenervia"
-31.918962,152.428926,"Melaleuca quinquenervia"
-31.912494,115.803003,"Melaleuca quinquenervia"
-31.910834,115.855014,"Melaleuca quinquenervia"
-31.908109,115.792358,"Melaleuca quinquenervia"
-31.906098,115.793877,"Melaleuca quinquenervia"
-31.903107,115.903631,"Melaleuca quinquenervia"
-31.902098,152.484951,"Melaleuca quinquenervia"
-31.9,152.483333,"Melaleuca quinquenervia"
-31.897812,152.533335,"Melaleuca quinquenervia"
-31.896876,152.643652,"Melaleuca quinquenervia"
-31.896183,152.492586,"Melaleuca quinquenervia"
-31.895627,152.521038,"Melaleuca quinquenervia"
-31.89467,152.487503,"Melaleuca quinquenervia"
-31.890245,152.675328,"Melaleuca quinquenervia"
-31.889079,152.506965,"Melaleuca quinquenervia"
-31.886814,152.524151,"Melaleuca quinquenervia"
-31.886664,115.948317,"Melaleuca quinquenervia"
-31.886585,115.94841,"Melaleuca quinquenervia"
-31.886054,115.904466,"Melaleuca quinquenervia"
-31.884403,115.924942,"Melaleuca quinquenervia"
-31.881263,116.035778,"Melaleuca quinquenervia"
-31.878898,116.035628,"Melaleuca quinquenervia"
-31.877563,152.67334,"Melaleuca quinquenervia"
-31.876022,152.670774,"Melaleuca quinquenervia"
-31.875826,152.671991,"Melaleuca quinquenervia"
-31.875812,152.432291,"Melaleuca quinquenervia"
-31.874415,152.66709,"Melaleuca quinquenervia"
-31.874395,152.67318,"Melaleuca quinquenervia"
-31.874282,115.954685,"Melaleuca quinquenervia"
-31.874248,152.672366,"Melaleuca quinquenervia"
-31.87281,152.667297,"Melaleuca quinquenervia"
-31.87232,152.636628,"Melaleuca quinquenervia"
-31.872215,152.667404,"Melaleuca quinquenervia"
-31.867945,152.348148,"Melaleuca quinquenervia"
-31.866137,152.494984,"Melaleuca quinquenervia"
-31.865106,152.701791,"Melaleuca quinquenervia"
-31.864997,152.701326,"Melaleuca quinquenervia"
-31.864997,152.701326,"Melaleuca quinquenervia"
-31.862857,115.948057,"Melaleuca quinquenervia"
-31.862137,152.644371,"Melaleuca quinquenervia"
-31.85756,115.812432,"Melaleuca quinquenervia"
-31.855993,152.703804,"Melaleuca quinquenervia"
-31.855993,152.703804,"Melaleuca quinquenervia"
-31.854222,115.88044,"Melaleuca quinquenervia"
-31.850889,152.618194,"Melaleuca quinquenervia"
-31.847325,115.89473,"Melaleuca quinquenervia"
-31.846653,115.894099,"Melaleuca quinquenervia"
-31.84654,115.79356,"Melaleuca quinquenervia"
-31.8463,115.7936,"Melaleuca quinquenervia"
-31.845663,152.670295,"Melaleuca quinquenervia"
-31.842417,152.45994,"Melaleuca quinquenervia"
-31.838595,152.730693,"Melaleuca quinquenervia"
-31.838595,152.730693,"Melaleuca quinquenervia"
-31.835846,152.547291,"Melaleuca quinquenervia"
-31.834489,152.614477,"Melaleuca quinquenervia"
-31.833612,152.72725,"Melaleuca quinquenervia"
-31.833475,152.734177,"Melaleuca quinquenervia"
-31.83293,152.636227,"Melaleuca quinquenervia"
-31.832412,152.636863,"Melaleuca quinquenervia"
-31.831903,152.635528,"Melaleuca quinquenervia"
-31.831245,152.637005,"Melaleuca quinquenervia"
-31.831245,152.637005,"Melaleuca quinquenervia"
-31.830528,152.63582,"Melaleuca quinquenervia"
-31.828845,152.638577,"Melaleuca quinquenervia"
-31.825753,152.728517,"Melaleuca quinquenervia"
-31.825115,152.640099,"Melaleuca quinquenervia"
-31.824147,152.639908,"Melaleuca quinquenervia"
-31.821322,152.644225,"Melaleuca quinquenervia"
-31.819713,152.637742,"Melaleuca quinquenervia"
-31.819113,152.637603,"Melaleuca quinquenervia"
-31.819113,152.637603,"Melaleuca quinquenervia"
-31.818975,152.637238,"Melaleuca quinquenervia"
-31.816667,152.6,"Melaleuca quinquenervia"
-31.813213,152.639372,"Melaleuca quinquenervia"
-31.811798,115.836121,"Melaleuca quinquenervia"
-31.811749,115.83624,"Melaleuca quinquenervia"
-31.806665,152.724905,"Melaleuca quinquenervia"
-31.806655,115.783327,"Melaleuca quinquenervia"
-31.8,152.65,"Melaleuca quinquenervia"
-31.784394,152.531701,"Melaleuca quinquenervia"
-31.783562,152.711631,"Melaleuca quinquenervia"
-31.783562,152.711631,"Melaleuca quinquenervia"
-31.781785,152.622443,"Melaleuca quinquenervia"
-31.781785,152.622443,"Melaleuca quinquenervia"
-31.773924,152.723333,"Melaleuca quinquenervia"
-31.773924,152.723333,"Melaleuca quinquenervia"
-31.773924,152.723333,"Melaleuca quinquenervia"
-31.773355,115.802003,"Melaleuca quinquenervia"
-31.770428,152.649095,"Melaleuca quinquenervia"
-31.761393,152.68714,"Melaleuca quinquenervia"
-31.754865,152.711887,"Melaleuca quinquenervia"
-31.751739,152.688028,"Melaleuca quinquenervia"
-31.751042,152.749002,"Melaleuca quinquenervia"
-31.750941,152.748773,"Melaleuca quinquenervia"
-31.750135,152.749754,"Melaleuca quinquenervia"
-31.750099,152.75012,"Melaleuca quinquenervia"
-31.743332,152.691168,"Melaleuca quinquenervia"
-31.742385,152.741374,"Melaleuca quinquenervia"
-31.736746,152.722785,"Melaleuca quinquenervia"
-31.736746,152.722785,"Melaleuca quinquenervia"
-31.736026,152.780452,"Melaleuca quinquenervia"
-31.734464,152.714885,"Melaleuca quinquenervia"
-31.734464,152.714885,"Melaleuca quinquenervia"
-31.734464,152.714885,"Melaleuca quinquenervia"
-31.73444,152.712193,"Melaleuca quinquenervia"
-31.73444,152.712193,"Melaleuca quinquenervia"
-31.733906,152.791542,"Melaleuca quinquenervia"
-31.73331,152.723344,"Melaleuca quinquenervia"
-31.73331,152.723344,"Melaleuca quinquenervia"
-31.732682,152.693387,"Melaleuca quinquenervia"
-31.732287,152.717541,"Melaleuca quinquenervia"
-31.732287,152.717541,"Melaleuca quinquenervia"
-31.732227,152.714955,"Melaleuca quinquenervia"
-31.732227,152.714955,"Melaleuca quinquenervia"
-31.732227,152.714955,"Melaleuca quinquenervia"
-31.727506,152.694428,"Melaleuca quinquenervia"
-31.727506,152.694428,"Melaleuca quinquenervia"
-31.720995,152.798656,"Melaleuca quinquenervia"
-31.719022,152.793158,"Melaleuca quinquenervia"
-31.719022,152.793158,"Melaleuca quinquenervia"
-31.718388,152.794783,"Melaleuca quinquenervia"
-31.718032,152.793792,"Melaleuca quinquenervia"
-31.716,152.792,"Melaleuca quinquenervia"
-31.7,152.783333,"Melaleuca quinquenervia"
-31.7,152.783333,"Melaleuca quinquenervia"
-31.699062,152.793213,"Melaleuca quinquenervia"
-31.696455,152.788422,"Melaleuca quinquenervia"
-31.685543,152.79687,"Melaleuca quinquenervia"
-31.685331,152.797042,"Melaleuca quinquenervia"
-31.685292,152.796997,"Melaleuca quinquenervia"
-31.684268,152.781629,"Melaleuca quinquenervia"
-31.678162,152.796722,"Melaleuca quinquenervia"
-31.678128,152.796739,"Melaleuca quinquenervia"
-31.67785,152.796342,"Melaleuca quinquenervia"
-31.676687,152.802484,"Melaleuca quinquenervia"
-31.676687,152.802484,"Melaleuca quinquenervia"
-31.675594,152.805732,"Melaleuca quinquenervia"
-31.675546,152.798262,"Melaleuca quinquenervia"
-31.674797,152.798011,"Melaleuca quinquenervia"
-31.663108,152.80805,"Melaleuca quinquenervia"
-31.663108,152.80805,"Melaleuca quinquenervia"
-31.661566,152.813461,"Melaleuca quinquenervia"
-31.660192,152.817272,"Melaleuca quinquenervia"
-31.660192,152.817272,"Melaleuca quinquenervia"
-31.660192,152.817272,"Melaleuca quinquenervia"
-31.659737,152.814762,"Melaleuca quinquenervia"
-31.659502,152.810167,"Melaleuca quinquenervia"
-31.659502,152.810167,"Melaleuca quinquenervia"
-31.658926,152.81584,"Melaleuca quinquenervia"
-31.658926,152.81584,"Melaleuca quinquenervia"
-31.658087,152.818405,"Melaleuca quinquenervia"
-31.657736,152.819463,"Melaleuca quinquenervia"
-31.65729,152.818619,"Melaleuca quinquenervia"
-31.656984,152.820633,"Melaleuca quinquenervia"
-31.655403,152.804362,"Melaleuca quinquenervia"
-31.65447,152.81391,"Melaleuca quinquenervia"
-31.654065,152.791202,"Melaleuca quinquenervia"
-31.654059,152.788037,"Melaleuca quinquenervia"
-31.653815,152.797526,"Melaleuca quinquenervia"
-31.653525,152.805467,"Melaleuca quinquenervia"
-31.653525,152.805467,"Melaleuca quinquenervia"
-31.652795,152.722961,"Melaleuca quinquenervia"
-31.652795,152.722961,"Melaleuca quinquenervia"
-31.65,152.8,"Melaleuca quinquenervia"
-31.649479,152.809161,"Melaleuca quinquenervia"
-31.647435,152.838819,"Melaleuca quinquenervia"
-31.647122,152.838702,"Melaleuca quinquenervia"
-31.64485,152.797211,"Melaleuca quinquenervia"
-31.644689,152.792244,"Melaleuca quinquenervia"
-31.644242,152.727283,"Melaleuca quinquenervia"
-31.644242,152.727283,"Melaleuca quinquenervia"
-31.644013,152.797866,"Melaleuca quinquenervia"
-31.643996,152.742247,"Melaleuca quinquenervia"
-31.643976,152.798175,"Melaleuca quinquenervia"
-31.643937,152.841627,"Melaleuca quinquenervia"
-31.643937,152.841627,"Melaleuca quinquenervia"
-31.643256,152.802827,"Melaleuca quinquenervia"
-31.643139,152.746794,"Melaleuca quinquenervia"
-31.643139,152.746794,"Melaleuca quinquenervia"
-31.642501,152.785418,"Melaleuca quinquenervia"
-31.642501,152.785418,"Melaleuca quinquenervia"
-31.642173,152.841832,"Melaleuca quinquenervia"
-31.642017,152.724539,"Melaleuca quinquenervia"
-31.641563,152.840788,"Melaleuca quinquenervia"
-31.641389,152.743653,"Melaleuca quinquenervia"
-31.640392,152.737266,"Melaleuca quinquenervia"
-31.639768,152.78984,"Melaleuca quinquenervia"
-31.639704,152.810397,"Melaleuca quinquenervia"
-31.639659,152.814426,"Melaleuca quinquenervia"
-31.639659,152.814426,"Melaleuca quinquenervia"
-31.639658,152.813372,"Melaleuca quinquenervia"
-31.639658,152.813372,"Melaleuca quinquenervia"
-31.639614,152.749512,"Melaleuca quinquenervia"
-31.639614,152.749512,"Melaleuca quinquenervia"
-31.639614,152.749512,"Melaleuca quinquenervia"
-31.638855,152.815987,"Melaleuca quinquenervia"
-31.637161,152.788361,"Melaleuca quinquenervia"
-31.635837,152.719375,"Melaleuca quinquenervia"
-31.635241,152.735061,"Melaleuca quinquenervia"
-31.635102,152.811985,"Melaleuca quinquenervia"
-31.635102,152.811985,"Melaleuca quinquenervia"
-31.634974,152.726322,"Melaleuca quinquenervia"
-31.634737,152.725132,"Melaleuca quinquenervia"
-31.634377,152.742557,"Melaleuca quinquenervia"
-31.634323,152.733596,"Melaleuca quinquenervia"
-31.634195,115.7014,"Melaleuca quinquenervia"
-31.633909,152.775802,"Melaleuca quinquenervia"
-31.633622,152.721648,"Melaleuca quinquenervia"
-31.63332,152.785091,"Melaleuca quinquenervia"
-31.6333,152.7,"Melaleuca quinquenervia"
-31.633247,152.749162,"Melaleuca quinquenervia"
-31.633247,152.749162,"Melaleuca quinquenervia"
-31.633228,152.73946,"Melaleuca quinquenervia"
-31.63288,152.826675,"Melaleuca quinquenervia"
-31.632706,152.768641,"Melaleuca quinquenervia"
-31.632648,152.771604,"Melaleuca quinquenervia"
-31.632516,152.827418,"Melaleuca quinquenervia"
-31.632516,152.827418,"Melaleuca quinquenervia"
-31.632516,152.827418,"Melaleuca quinquenervia"
-31.631981,152.771275,"Melaleuca quinquenervia"
-31.6319496,152.7008962,"Melaleuca quinquenervia"
-31.631525,152.791862,"Melaleuca quinquenervia"
-31.630606,152.831938,"Melaleuca quinquenervia"
-31.630605,152.831835,"Melaleuca quinquenervia"
-31.63056,152.831955,"Melaleuca quinquenervia"
-31.630471,152.831848,"Melaleuca quinquenervia"
-31.630405,152.830206,"Melaleuca quinquenervia"
-31.630352,152.830315,"Melaleuca quinquenervia"
-31.629784,152.829381,"Melaleuca quinquenervia"
-31.62963,152.829345,"Melaleuca quinquenervia"
-31.629413,152.828406,"Melaleuca quinquenervia"
-31.629347,152.829195,"Melaleuca quinquenervia"
-31.629347,152.83078,"Melaleuca quinquenervia"
-31.62926,152.791593,"Melaleuca quinquenervia"
-31.62905,152.829955,"Melaleuca quinquenervia"
-31.628503,152.829517,"Melaleuca quinquenervia"
-31.628003,152.827636,"Melaleuca quinquenervia"
-31.624925,152.832213,"Melaleuca quinquenervia"
-31.624489,152.832669,"Melaleuca quinquenervia"
-31.61766,152.81104,"Melaleuca quinquenervia"
-31.61766,152.81104,"Melaleuca quinquenervia"
-31.616667,152.7,"Melaleuca quinquenervia"
-31.613138,152.835551,"Melaleuca quinquenervia"
-31.611479,152.743746,"Melaleuca quinquenervia"
-31.609884,152.8375,"Melaleuca quinquenervia"
-31.60905,152.835231,"Melaleuca quinquenervia"
-31.608799,152.836191,"Melaleuca quinquenervia"
-31.608764,152.83734,"Melaleuca quinquenervia"
-31.608542,152.832744,"Melaleuca quinquenervia"
-31.608542,152.832744,"Melaleuca quinquenervia"
-31.608542,152.832744,"Melaleuca quinquenervia"
-31.608506,152.833218,"Melaleuca quinquenervia"
-31.608506,152.833218,"Melaleuca quinquenervia"
-31.608506,152.833218,"Melaleuca quinquenervia"
-31.608337,152.83802,"Melaleuca quinquenervia"
-31.608335,152.83286,"Melaleuca quinquenervia"
-31.608335,152.83286,"Melaleuca quinquenervia"
-31.608116,152.796446,"Melaleuca quinquenervia"
-31.607802,152.832408,"Melaleuca quinquenervia"
-31.607802,152.832408,"Melaleuca quinquenervia"
-31.607802,152.832408,"Melaleuca quinquenervia"
-31.606728,152.832631,"Melaleuca quinquenervia"
-31.606728,152.832631,"Melaleuca quinquenervia"
-31.606728,152.832631,"Melaleuca quinquenervia"
-31.606703,152.722804,"Melaleuca quinquenervia"
-31.606703,152.722804,"Melaleuca quinquenervia"
-31.605959,152.837114,"Melaleuca quinquenervia"
-31.602289,152.839607,"Melaleuca quinquenervia"
-31.602078,152.844119,"Melaleuca quinquenervia"
-31.602078,152.844119,"Melaleuca quinquenervia"
-31.600467,152.819402,"Melaleuca quinquenervia"
-31.599377,152.841489,"Melaleuca quinquenervia"
-31.599007,152.781829,"Melaleuca quinquenervia"
-31.599007,152.781829,"Melaleuca quinquenervia"
-31.597896,152.840374,"Melaleuca quinquenervia"
-31.597695,152.837876,"Melaleuca quinquenervia"
-31.596718,152.839078,"Melaleuca quinquenervia"
-31.595311,152.834076,"Melaleuca quinquenervia"
-31.593969,152.831305,"Melaleuca quinquenervia"
-31.592781,152.837717,"Melaleuca quinquenervia"
-31.590868,152.833986,"Melaleuca quinquenervia"
-31.590056,152.828227,"Melaleuca quinquenervia"
-31.590056,152.828227,"Melaleuca quinquenervia"
-31.589804,152.827159,"Melaleuca quinquenervia"
-31.589174,152.827993,"Melaleuca quinquenervia"
-31.589022,152.833225,"Melaleuca quinquenervia"
-31.588316,152.834235,"Melaleuca quinquenervia"
-31.586466,152.838782,"Melaleuca quinquenervia"
-31.586373,152.832014,"Melaleuca quinquenervia"
-31.586336,152.835715,"Melaleuca quinquenervia"
-31.58622,152.823305,"Melaleuca quinquenervia"
-31.586161,152.83525,"Melaleuca quinquenervia"
-31.586122,152.837349,"Melaleuca quinquenervia"
-31.586118,152.834535,"Melaleuca quinquenervia"
-31.586042,152.83737,"Melaleuca quinquenervia"
-31.58591,152.83736,"Melaleuca quinquenervia"
-31.585563,152.837519,"Melaleuca quinquenervia"
-31.585448,152.828622,"Melaleuca quinquenervia"
-31.58511,152.836677,"Melaleuca quinquenervia"
-31.584134,152.824029,"Melaleuca quinquenervia"
-31.58412,152.838575,"Melaleuca quinquenervia"
-31.58412,152.838575,"Melaleuca quinquenervia"
-31.583758,152.837733,"Melaleuca quinquenervia"
-31.579792,152.829475,"Melaleuca quinquenervia"
-31.579185,152.821165,"Melaleuca quinquenervia"
-31.575238,152.824278,"Melaleuca quinquenervia"
-31.573197,152.843778,"Melaleuca quinquenervia"
-31.573197,152.843778,"Melaleuca quinquenervia"
-31.57001,152.825436,"Melaleuca quinquenervia"
-31.5699,152.830802,"Melaleuca quinquenervia"
-31.5699,152.830802,"Melaleuca quinquenervia"
-31.567364,152.825982,"Melaleuca quinquenervia"
-31.566592,152.824055,"Melaleuca quinquenervia"
-31.566592,152.824055,"Melaleuca quinquenervia"
-31.566055,152.846888,"Melaleuca quinquenervia"
-31.56516,152.83911,"Melaleuca quinquenervia"
-31.564826,152.849357,"Melaleuca quinquenervia"
-31.564819,152.848295,"Melaleuca quinquenervia"
-31.564819,152.848295,"Melaleuca quinquenervia"
-31.56367,152.83828,"Melaleuca quinquenervia"
-31.562994,152.844941,"Melaleuca quinquenervia"
-31.562994,152.844941,"Melaleuca quinquenervia"
-31.561828,152.832136,"Melaleuca quinquenervia"
-31.559177,152.851862,"Melaleuca quinquenervia"
-31.558157,152.852514,"Melaleuca quinquenervia"
-31.554927,152.85171,"Melaleuca quinquenervia"
-31.554234,152.852607,"Melaleuca quinquenervia"
-31.553797,152.853156,"Melaleuca quinquenervia"
-31.550353,152.825139,"Melaleuca quinquenervia"
-31.55,152.85,"Melaleuca quinquenervia"
-31.55,152.85,"Melaleuca quinquenervia"
-31.55,152.85,"Melaleuca quinquenervia"
-31.55,152.85,"Melaleuca quinquenervia"
-31.55,152.85,"Melaleuca quinquenervia"
-31.54854,152.828941,"Melaleuca quinquenervia"
-31.546756,152.833574,"Melaleuca quinquenervia"
-31.546756,152.833574,"Melaleuca quinquenervia"
-31.544399,152.849643,"Melaleuca quinquenervia"
-31.543054,152.84406,"Melaleuca quinquenervia"
-31.540647,152.855114,"Melaleuca quinquenervia"
-31.539905,152.793477,"Melaleuca quinquenervia"
-31.539073,152.813001,"Melaleuca quinquenervia"
-31.539073,152.813001,"Melaleuca quinquenervia"
-31.537294,152.838467,"Melaleuca quinquenervia"
-31.535931,152.835174,"Melaleuca quinquenervia"
-31.535931,152.835174,"Melaleuca quinquenervia"
-31.535577,152.827269,"Melaleuca quinquenervia"
-31.535416,152.864916,"Melaleuca quinquenervia"
-31.535397,152.8646,"Melaleuca quinquenervia"
-31.535305,152.863843,"Melaleuca quinquenervia"
-31.535169,152.824418,"Melaleuca quinquenervia"
-31.534363,152.861842,"Melaleuca quinquenervia"
-31.533562,152.864945,"Melaleuca quinquenervia"
-31.533485,152.865727,"Melaleuca quinquenervia"
-31.52151,152.847312,"Melaleuca quinquenervia"
-31.52151,152.847312,"Melaleuca quinquenervia"
-31.519,152.87,"Melaleuca quinquenervia"
-31.518565,152.765782,"Melaleuca quinquenervia"
-31.503964,152.894728,"Melaleuca quinquenervia"
-31.502475,152.78937,"Melaleuca quinquenervia"
-31.500025,152.869954,"Melaleuca quinquenervia"
-31.499314,152.900236,"Melaleuca quinquenervia"
-31.4991,152.900013,"Melaleuca quinquenervia"
-31.499095,152.900045,"Melaleuca quinquenervia"
-31.499018,152.832392,"Melaleuca quinquenervia"
-31.498328,152.901567,"Melaleuca quinquenervia"
-31.497737,152.825802,"Melaleuca quinquenervia"
-31.497602,152.898258,"Melaleuca quinquenervia"
-31.496575,152.902437,"Melaleuca quinquenervia"
-31.496129,152.901399,"Melaleuca quinquenervia"
-31.494,152.904,"Melaleuca quinquenervia"
-31.491491,152.875031,"Melaleuca quinquenervia"
-31.491491,152.875031,"Melaleuca quinquenervia"
-31.491405,152.82674,"Melaleuca quinquenervia"
-31.490783,152.827447,"Melaleuca quinquenervia"
-31.490461,152.829553,"Melaleuca quinquenervia"
-31.490257,152.825058,"Melaleuca quinquenervia"
-31.489984,152.83067,"Melaleuca quinquenervia"
-31.489273,152.838568,"Melaleuca quinquenervia"
-31.4891,152.7285,"Melaleuca quinquenervia"
-31.48898,152.72925,"Melaleuca quinquenervia"
-31.486488,152.827423,"Melaleuca quinquenervia"
-31.48629,152.917897,"Melaleuca quinquenervia"
-31.485835,152.831425,"Melaleuca quinquenervia"
-31.485631,152.827509,"Melaleuca quinquenervia"
-31.485572,152.878141,"Melaleuca quinquenervia"
-31.485149,152.918533,"Melaleuca quinquenervia"
-31.484435,152.86893,"Melaleuca quinquenervia"
-31.481089,152.878926,"Melaleuca quinquenervia"
-31.48045,152.84103,"Melaleuca quinquenervia"
-31.48045,152.84103,"Melaleuca quinquenervia"
-31.480234,152.881012,"Melaleuca quinquenervia"
-31.47987,152.921339,"Melaleuca quinquenervia"
-31.478579,152.922697,"Melaleuca quinquenervia"
-31.478138,152.888154,"Melaleuca quinquenervia"
-31.476676,152.888259,"Melaleuca quinquenervia"
-31.476463,152.881501,"Melaleuca quinquenervia"
-31.474924,152.886356,"Melaleuca quinquenervia"
-31.474787,152.884493,"Melaleuca quinquenervia"
-31.474755,152.888472,"Melaleuca quinquenervia"
-31.474649,152.897928,"Melaleuca quinquenervia"
-31.47437,152.9054,"Melaleuca quinquenervia"
-31.474299,152.882872,"Melaleuca quinquenervia"
-31.474297,152.881504,"Melaleuca quinquenervia"
-31.474277,152.868024,"Melaleuca quinquenervia"
-31.474244,152.919389,"Melaleuca quinquenervia"
-31.474059,152.825761,"Melaleuca quinquenervia"
-31.473668,152.920959,"Melaleuca quinquenervia"
-31.473593,152.832816,"Melaleuca quinquenervia"
-31.473549,152.833774,"Melaleuca quinquenervia"
-31.473457,152.8323,"Melaleuca quinquenervia"
-31.473378,152.882389,"Melaleuca quinquenervia"
-31.472805,152.887759,"Melaleuca quinquenervia"
-31.47263,152.89473,"Melaleuca quinquenervia"
-31.472597,152.867757,"Melaleuca quinquenervia"
-31.472483,152.881022,"Melaleuca quinquenervia"
-31.472398,152.898978,"Melaleuca quinquenervia"
-31.47239,152.898914,"Melaleuca quinquenervia"
-31.472229,152.878927,"Melaleuca quinquenervia"
-31.472158,152.832282,"Melaleuca quinquenervia"
-31.471898,152.882075,"Melaleuca quinquenervia"
-31.471675,152.870583,"Melaleuca quinquenervia"
-31.471093,152.832136,"Melaleuca quinquenervia"
-31.47048,152.880666,"Melaleuca quinquenervia"
-31.469631,152.879267,"Melaleuca quinquenervia"
-31.469593,152.877488,"Melaleuca quinquenervia"
-31.467415,152.878988,"Melaleuca quinquenervia"
-31.4667,152.7333,"Melaleuca quinquenervia"
-31.466667,152.716667,"Melaleuca quinquenervia"
-31.4665,152.856963,"Melaleuca quinquenervia"
-31.466482,152.881943,"Melaleuca quinquenervia"
-31.466406,152.8549,"Melaleuca quinquenervia"
-31.466127,152.863567,"Melaleuca quinquenervia"
-31.466107,152.834829,"Melaleuca quinquenervia"
-31.466016,152.873687,"Melaleuca quinquenervia"
-31.465993,152.855653,"Melaleuca quinquenervia"
-31.465621,152.835525,"Melaleuca quinquenervia"
-31.465357,152.833904,"Melaleuca quinquenervia"
-31.465224,152.835294,"Melaleuca quinquenervia"
-31.465106,152.835178,"Melaleuca quinquenervia"
-31.465106,152.835178,"Melaleuca quinquenervia"
-31.465075,152.884432,"Melaleuca quinquenervia"
-31.464877,152.832558,"Melaleuca quinquenervia"
-31.464833,152.8815,"Melaleuca quinquenervia"
-31.464366,152.892045,"Melaleuca quinquenervia"
-31.463663,152.881931,"Melaleuca quinquenervia"
-31.463656,152.868412,"Melaleuca quinquenervia"
-31.463241,152.837052,"Melaleuca quinquenervia"
-31.463082,152.881034,"Melaleuca quinquenervia"
-31.463066,152.862078,"Melaleuca quinquenervia"
-31.462861,152.863594,"Melaleuca quinquenervia"
-31.462861,152.863594,"Melaleuca quinquenervia"
-31.462686,152.840846,"Melaleuca quinquenervia"
-31.462291,152.926327,"Melaleuca quinquenervia"
-31.462129,152.821689,"Melaleuca quinquenervia"
-31.462038,152.927414,"Melaleuca quinquenervia"
-31.461997,152.874785,"Melaleuca quinquenervia"
-31.461989,152.866364,"Melaleuca quinquenervia"
-31.460341,152.870817,"Melaleuca quinquenervia"
-31.460222,152.847,"Melaleuca quinquenervia"
-31.460085,152.890402,"Melaleuca quinquenervia"
-31.459789,152.84745,"Melaleuca quinquenervia"
-31.459779,152.870676,"Melaleuca quinquenervia"
-31.459654,152.862994,"Melaleuca quinquenervia"
-31.459392,152.876205,"Melaleuca quinquenervia"
-31.45897,152.84669,"Melaleuca quinquenervia"
-31.458818,152.860497,"Melaleuca quinquenervia"
-31.458732,152.875538,"Melaleuca quinquenervia"
-31.458459,152.831253,"Melaleuca quinquenervia"
-31.458366,152.853738,"Melaleuca quinquenervia"
-31.458234,152.889474,"Melaleuca quinquenervia"
-31.45804,152.87322,"Melaleuca quinquenervia"
-31.45792,152.83343,"Melaleuca quinquenervia"
-31.457919,152.87742,"Melaleuca quinquenervia"
-31.457638,152.873343,"Melaleuca quinquenervia"
-31.457491,152.880053,"Melaleuca quinquenervia"
-31.457491,152.880053,"Melaleuca quinquenervia"
-31.457473,152.86216,"Melaleuca quinquenervia"
-31.457408,152.865845,"Melaleuca quinquenervia"
-31.457408,152.865845,"Melaleuca quinquenervia"
-31.457052,152.874065,"Melaleuca quinquenervia"
-31.45668,152.819544,"Melaleuca quinquenervia"
-31.456613,152.89215,"Melaleuca quinquenervia"
-31.455474,152.893945,"Melaleuca quinquenervia"
-31.455392,152.814873,"Melaleuca quinquenervia"
-31.455222,152.927576,"Melaleuca quinquenervia"
-31.454864,152.888496,"Melaleuca quinquenervia"
-31.45463,152.841543,"Melaleuca quinquenervia"
-31.45456,152.843375,"Melaleuca quinquenervia"
-31.454535,152.894644,"Melaleuca quinquenervia"
-31.454494,152.848585,"Melaleuca quinquenervia"
-31.454392,152.92846,"Melaleuca quinquenervia"
-31.454176,152.902668,"Melaleuca quinquenervia"
-31.453964,152.831655,"Melaleuca quinquenervia"
-31.453342,152.843408,"Melaleuca quinquenervia"
-31.453228,152.927661,"Melaleuca quinquenervia"
-31.452937,152.844514,"Melaleuca quinquenervia"
-31.452926,152.832697,"Melaleuca quinquenervia"
-31.452926,152.832697,"Melaleuca quinquenervia"
-31.452879,152.891538,"Melaleuca quinquenervia"
-31.452773,152.7071,"Melaleuca quinquenervia"
-31.452599,152.814087,"Melaleuca quinquenervia"
-31.451609,152.850221,"Melaleuca quinquenervia"
-31.451572,152.874405,"Melaleuca quinquenervia"
-31.451471,152.847969,"Melaleuca quinquenervia"
-31.451263,152.833096,"Melaleuca quinquenervia"
-31.450892,152.891862,"Melaleuca quinquenervia"
-31.450873,152.853422,"Melaleuca quinquenervia"
-31.450843,152.89184,"Melaleuca quinquenervia"
-31.450575,152.891647,"Melaleuca quinquenervia"
-31.45026,152.898962,"Melaleuca quinquenervia"
-31.45,152.916667,"Melaleuca quinquenervia"
-31.45,152.9167,"Melaleuca quinquenervia"
-31.45,152.9167,"Melaleuca quinquenervia"
-31.449756,152.82323,"Melaleuca quinquenervia"
-31.449424,152.856508,"Melaleuca quinquenervia"
-31.44926,152.855908,"Melaleuca quinquenervia"
-31.449212,152.844994,"Melaleuca quinquenervia"
-31.449209,152.842896,"Melaleuca quinquenervia"
-31.44915,152.8262,"Melaleuca quinquenervia"
-31.448886,152.897638,"Melaleuca quinquenervia"
-31.448833,152.844984,"Melaleuca quinquenervia"
-31.448458,152.86954,"Melaleuca quinquenervia"
-31.448181,152.829241,"Melaleuca quinquenervia"
-31.447923,152.846585,"Melaleuca quinquenervia"
-31.447876,152.845017,"Melaleuca quinquenervia"
-31.447776,152.844312,"Melaleuca quinquenervia"
-31.447662,152.89633,"Melaleuca quinquenervia"
-31.44757,152.896728,"Melaleuca quinquenervia"
-31.446592,152.849597,"Melaleuca quinquenervia"
-31.446449,152.85125,"Melaleuca quinquenervia"
-31.44639,152.84664,"Melaleuca quinquenervia"
-31.446182,152.901704,"Melaleuca quinquenervia"
-31.445577,152.902835,"Melaleuca quinquenervia"
-31.445552,152.924586,"Melaleuca quinquenervia"
-31.445214,152.92411,"Melaleuca quinquenervia"
-31.445164,152.847937,"Melaleuca quinquenervia"
-31.445015,152.903671,"Melaleuca quinquenervia"
-31.445003,152.853738,"Melaleuca quinquenervia"
-31.444934,152.924689,"Melaleuca quinquenervia"
-31.444844,152.923711,"Melaleuca quinquenervia"
-31.444844,152.923711,"Melaleuca quinquenervia"
-31.444844,152.923711,"Melaleuca quinquenervia"
-31.444844,152.923711,"Melaleuca quinquenervia"
-31.444844,152.923711,"Melaleuca quinquenervia"
-31.444844,152.923711,"Melaleuca quinquenervia"
-31.444844,152.923711,"Melaleuca quinquenervia"
-31.444424,152.855158,"Melaleuca quinquenervia"
-31.444242,152.895542,"Melaleuca quinquenervia"
-31.44413,152.903717,"Melaleuca quinquenervia"
-31.444095,152.924627,"Melaleuca quinquenervia"
-31.443897,152.827451,"Melaleuca quinquenervia"
-31.443433,152.919492,"Melaleuca quinquenervia"
-31.443012,152.925112,"Melaleuca quinquenervia"
-31.441146,152.845039,"Melaleuca quinquenervia"
-31.441046,152.923141,"Melaleuca quinquenervia"
-31.440941,152.903466,"Melaleuca quinquenervia"
-31.440941,152.903466,"Melaleuca quinquenervia"
-31.440147,152.847503,"Melaleuca quinquenervia"
-31.439983,152.885973,"Melaleuca quinquenervia"
-31.439881,152.867624,"Melaleuca quinquenervia"
-31.439862,152.842936,"Melaleuca quinquenervia"
-31.439826,152.84341,"Melaleuca quinquenervia"
-31.439595,152.87055,"Melaleuca quinquenervia"
-31.439497,152.884535,"Melaleuca quinquenervia"
-31.439058,152.865889,"Melaleuca quinquenervia"
-31.438713,152.873235,"Melaleuca quinquenervia"
-31.438643,152.821734,"Melaleuca quinquenervia"
-31.438204,152.845149,"Melaleuca quinquenervia"
-31.438204,152.845149,"Melaleuca quinquenervia"
-31.438185,152.844023,"Melaleuca quinquenervia"
-31.438024,152.844876,"Melaleuca quinquenervia"
-31.438024,152.844876,"Melaleuca quinquenervia"
-31.438024,152.844876,"Melaleuca quinquenervia"
-31.437663,152.905334,"Melaleuca quinquenervia"
-31.437158,152.84534,"Melaleuca quinquenervia"
-31.437158,152.84534,"Melaleuca quinquenervia"
-31.436932,152.845425,"Melaleuca quinquenervia"
-31.436823,152.844793,"Melaleuca quinquenervia"
-31.436823,152.844793,"Melaleuca quinquenervia"
-31.436823,152.844793,"Melaleuca quinquenervia"
-31.436618,152.863205,"Melaleuca quinquenervia"
-31.436472,152.845541,"Melaleuca quinquenervia"
-31.436308,152.855898,"Melaleuca quinquenervia"
-31.435909,152.805266,"Melaleuca quinquenervia"
-31.435841,152.800303,"Melaleuca quinquenervia"
-31.435702,152.846986,"Melaleuca quinquenervia"
-31.435692,152.894517,"Melaleuca quinquenervia"
-31.4356,152.863526,"Melaleuca quinquenervia"
-31.435505,152.810654,"Melaleuca quinquenervia"
-31.435505,152.810654,"Melaleuca quinquenervia"
-31.435098,152.875892,"Melaleuca quinquenervia"
-31.434911,152.845481,"Melaleuca quinquenervia"
-31.434714,152.669866,"Melaleuca quinquenervia"
-31.434592,152.875093,"Melaleuca quinquenervia"
-31.434433,152.845608,"Melaleuca quinquenervia"
-31.434416,152.84586,"Melaleuca quinquenervia"
-31.434416,152.84586,"Melaleuca quinquenervia"
-31.434388,152.845671,"Melaleuca quinquenervia"
-31.434388,152.845671,"Melaleuca quinquenervia"
-31.434244,152.793931,"Melaleuca quinquenervia"
-31.433866,152.851083,"Melaleuca quinquenervia"
-31.433773,152.877661,"Melaleuca quinquenervia"
-31.433698,152.828183,"Melaleuca quinquenervia"
-31.4333,152.9,"Melaleuca quinquenervia"
-31.43305,152.92068,"Melaleuca quinquenervia"
-31.432507,152.89492,"Melaleuca quinquenervia"
-31.432217,152.874289,"Melaleuca quinquenervia"
-31.432217,152.874289,"Melaleuca quinquenervia"
-31.431928,152.808056,"Melaleuca quinquenervia"
-31.431409,152.851484,"Melaleuca quinquenervia"
-31.431203,152.811825,"Melaleuca quinquenervia"
-31.431203,152.811825,"Melaleuca quinquenervia"
-31.430954,152.852908,"Melaleuca quinquenervia"
-31.430697,152.883546,"Melaleuca quinquenervia"
-31.430418,152.874827,"Melaleuca quinquenervia"
-31.430401,152.825127,"Melaleuca quinquenervia"
-31.430362,152.872893,"Melaleuca quinquenervia"
-31.430304,152.813773,"Melaleuca quinquenervia"
-31.430281,152.881908,"Melaleuca quinquenervia"
-31.429944,152.890465,"Melaleuca quinquenervia"
-31.429855,152.89002,"Melaleuca quinquenervia"
-31.429705,152.889577,"Melaleuca quinquenervia"
-31.429475,152.88357,"Melaleuca quinquenervia"
-31.42907,152.854257,"Melaleuca quinquenervia"
-31.428889,152.815007,"Melaleuca quinquenervia"
-31.428888,152.895554,"Melaleuca quinquenervia"
-31.428798,152.873388,"Melaleuca quinquenervia"
-31.428657,152.877647,"Melaleuca quinquenervia"
-31.428608,152.869568,"Melaleuca quinquenervia"
-31.428455,152.856592,"Melaleuca quinquenervia"
-31.427406,152.854374,"Melaleuca quinquenervia"
-31.427372,152.864622,"Melaleuca quinquenervia"
-31.42695,152.895568,"Melaleuca quinquenervia"
-31.426927,152.861645,"Melaleuca quinquenervia"
-31.426699,152.879901,"Melaleuca quinquenervia"
-31.426517,152.875451,"Melaleuca quinquenervia"
-31.425625,152.87643,"Melaleuca quinquenervia"
-31.425289,152.853916,"Melaleuca quinquenervia"
-31.425218,152.822306,"Melaleuca quinquenervia"
-31.425119,152.821991,"Melaleuca quinquenervia"
-31.424302,152.839353,"Melaleuca quinquenervia"
-31.424036,152.82327,"Melaleuca quinquenervia"
-31.423793,152.725393,"Melaleuca quinquenervia"
-31.423793,152.725393,"Melaleuca quinquenervia"
-31.423715,152.86226,"Melaleuca quinquenervia"
-31.423226,152.877812,"Melaleuca quinquenervia"
-31.423009,152.823036,"Melaleuca quinquenervia"
-31.416826,152.825396,"Melaleuca quinquenervia"
-31.4167,152.5167,"Melaleuca quinquenervia"
-31.416667,152.916667,"Melaleuca quinquenervia"
-31.416667,152.916667,"Melaleuca quinquenervia"
-31.408627,152.910327,"Melaleuca quinquenervia"
-31.406886,152.868449,"Melaleuca quinquenervia"
-31.404563,152.873807,"Melaleuca quinquenervia"
-31.404103,152.873387,"Melaleuca quinquenervia"
-31.401732,152.896059,"Melaleuca quinquenervia"
-31.400829,152.815283,"Melaleuca quinquenervia"
-31.398301,152.826649,"Melaleuca quinquenervia"
-31.397226,152.839631,"Melaleuca quinquenervia"
-31.396944,152.888344,"Melaleuca quinquenervia"
-31.394092,152.823953,"Melaleuca quinquenervia"
-31.394092,152.823953,"Melaleuca quinquenervia"
-31.393683,152.800164,"Melaleuca quinquenervia"
-31.39284,152.825197,"Melaleuca quinquenervia"
-31.390065,152.794912,"Melaleuca quinquenervia"
-31.389437,152.868284,"Melaleuca quinquenervia"
-31.376204,152.810749,"Melaleuca quinquenervia"
-31.37392,152.796022,"Melaleuca quinquenervia"
-31.372653,152.804065,"Melaleuca quinquenervia"
-31.372653,152.804065,"Melaleuca quinquenervia"
-31.371384,152.928029,"Melaleuca quinquenervia"
-31.371119,152.829296,"Melaleuca quinquenervia"
-31.367851,152.809154,"Melaleuca quinquenervia"
-31.36269,152.775506,"Melaleuca quinquenervia"
-31.361746,152.793563,"Melaleuca quinquenervia"
-31.361746,152.793563,"Melaleuca quinquenervia"
-31.360225,152.808066,"Melaleuca quinquenervia"
-31.360225,152.808066,"Melaleuca quinquenervia"
-31.356084,152.796382,"Melaleuca quinquenervia"
-31.356084,152.796382,"Melaleuca quinquenervia"
-31.35364,152.79435,"Melaleuca quinquenervia"
-31.351801,152.787202,"Melaleuca quinquenervia"
-31.351801,152.787202,"Melaleuca quinquenervia"
-31.348914,152.781679,"Melaleuca quinquenervia"
-31.348914,152.781679,"Melaleuca quinquenervia"
-31.346289,152.888471,"Melaleuca quinquenervia"
-31.339738,152.761516,"Melaleuca quinquenervia"
-31.335603,152.811881,"Melaleuca quinquenervia"
-31.334734,152.806162,"Melaleuca quinquenervia"
-31.334444,152.785833,"Melaleuca quinquenervia"
-31.334311,152.794494,"Melaleuca quinquenervia"
-31.333333,152.783333,"Melaleuca quinquenervia"
-31.33257,152.955361,"Melaleuca quinquenervia"
-31.33257,152.955361,"Melaleuca quinquenervia"
-31.332,152.957,"Melaleuca quinquenervia"
-31.320378,152.929617,"Melaleuca quinquenervia"
-31.316667,152.8,"Melaleuca quinquenervia"
-31.314076,152.963252,"Melaleuca quinquenervia"
-31.314076,152.963252,"Melaleuca quinquenervia"
-31.305558,152.876297,"Melaleuca quinquenervia"
-31.304539,152.865547,"Melaleuca quinquenervia"
-31.304086,152.865528,"Melaleuca quinquenervia"
-31.30323,152.96306,"Melaleuca quinquenervia"
-31.295372,152.809143,"Melaleuca quinquenervia"
-31.284644,152.883886,"Melaleuca quinquenervia"
-31.284644,152.883886,"Melaleuca quinquenervia"
-31.284644,152.883886,"Melaleuca quinquenervia"
-31.27848,152.959447,"Melaleuca quinquenervia"
-31.273439,152.891843,"Melaleuca quinquenervia"
-31.273439,152.891843,"Melaleuca quinquenervia"
-31.273439,152.891843,"Melaleuca quinquenervia"
-31.270876,152.963307,"Melaleuca quinquenervia"
-31.270876,152.963307,"Melaleuca quinquenervia"
-31.261275,152.913914,"Melaleuca quinquenervia"
-31.261275,152.913914,"Melaleuca quinquenervia"
-31.261275,152.913914,"Melaleuca quinquenervia"
-31.260848,152.964332,"Melaleuca quinquenervia"
-31.259682,152.895009,"Melaleuca quinquenervia"
-31.259682,152.895009,"Melaleuca quinquenervia"
-31.259682,152.895009,"Melaleuca quinquenervia"
-31.257,152.966,"Melaleuca quinquenervia"
-31.253453,152.884642,"Melaleuca quinquenervia"
-31.251707,152.962361,"Melaleuca quinquenervia"
-31.248358,152.958245,"Melaleuca quinquenervia"
-31.245335,152.87968,"Melaleuca quinquenervia"
-31.245335,152.87968,"Melaleuca quinquenervia"
-31.245335,152.87968,"Melaleuca quinquenervia"
-31.244255,152.882758,"Melaleuca quinquenervia"
-31.244255,152.882758,"Melaleuca quinquenervia"
-31.243361,152.954952,"Melaleuca quinquenervia"
-31.243356,152.876259,"Melaleuca quinquenervia"
-31.243356,152.876259,"Melaleuca quinquenervia"
-31.242826,152.869528,"Melaleuca quinquenervia"
-31.242762,152.868593,"Melaleuca quinquenervia"
-31.242762,152.868593,"Melaleuca quinquenervia"
-31.242762,152.868593,"Melaleuca quinquenervia"
-31.242741,152.945383,"Melaleuca quinquenervia"
-31.242483,152.878812,"Melaleuca quinquenervia"
-31.242483,152.878812,"Melaleuca quinquenervia"
-31.242483,152.878812,"Melaleuca quinquenervia"
-31.242456,152.869528,"Melaleuca quinquenervia"
-31.242332,152.872143,"Melaleuca quinquenervia"
-31.241706,152.887928,"Melaleuca quinquenervia"
-31.241706,152.887928,"Melaleuca quinquenervia"
-31.241706,152.887928,"Melaleuca quinquenervia"
-31.241324,152.884547,"Melaleuca quinquenervia"
-31.241324,152.884547,"Melaleuca quinquenervia"
-31.241324,152.884547,"Melaleuca quinquenervia"
-31.23944,152.876201,"Melaleuca quinquenervia"
-31.23944,152.876201,"Melaleuca quinquenervia"
-31.23944,152.876201,"Melaleuca quinquenervia"
-31.239321,152.874773,"Melaleuca quinquenervia"
-31.239149,152.87408,"Melaleuca quinquenervia"
-31.239149,152.87408,"Melaleuca quinquenervia"
-31.238446,152.945302,"Melaleuca quinquenervia"
-31.236508,152.950448,"Melaleuca quinquenervia"
-31.236295,152.947758,"Melaleuca quinquenervia"
-31.236295,152.947758,"Melaleuca quinquenervia"
-31.234875,152.949042,"Melaleuca quinquenervia"
-31.23329,152.947056,"Melaleuca quinquenervia"
-31.23329,152.947056,"Melaleuca quinquenervia"
-31.231916,152.871939,"Melaleuca quinquenervia"
-31.229398,152.950053,"Melaleuca quinquenervia"
-31.229397,152.947953,"Melaleuca quinquenervia"
-31.228162,152.949907,"Melaleuca quinquenervia"
-31.227334,152.945568,"Melaleuca quinquenervia"
-31.227334,152.945568,"Melaleuca quinquenervia"
-31.222765,152.958737,"Melaleuca quinquenervia"
-31.222765,152.958737,"Melaleuca quinquenervia"
-31.220084,152.969116,"Melaleuca quinquenervia"
-31.220084,152.969116,"Melaleuca quinquenervia"
-31.215493,152.962037,"Melaleuca quinquenervia"
-31.215493,152.962037,"Melaleuca quinquenervia"
-31.214407,152.903204,"Melaleuca quinquenervia"
-31.211282,152.878809,"Melaleuca quinquenervia"
-31.21077,152.891597,"Melaleuca quinquenervia"
-31.210495,152.890192,"Melaleuca quinquenervia"
-31.210495,152.890192,"Melaleuca quinquenervia"
-31.210214,152.907124,"Melaleuca quinquenervia"
-31.209904,152.903114,"Melaleuca quinquenervia"
-31.2093,152.82263,"Melaleuca quinquenervia"
-31.20905,152.89433,"Melaleuca quinquenervia"
-31.207007,152.890562,"Melaleuca quinquenervia"
-31.205693,152.834604,"Melaleuca quinquenervia"
-31.204906,152.964353,"Melaleuca quinquenervia"
-31.204059,152.905282,"Melaleuca quinquenervia"
-31.203745,152.908715,"Melaleuca quinquenervia"
-31.202487,152.903311,"Melaleuca quinquenervia"
-31.20035,152.882917,"Melaleuca quinquenervia"
-31.2,152.966667,"Melaleuca quinquenervia"
-31.197774,152.970368,"Melaleuca quinquenervia"
-31.197774,152.970368,"Melaleuca quinquenervia"
-31.195696,152.96693,"Melaleuca quinquenervia"
-31.194803,152.959873,"Melaleuca quinquenervia"
-31.193178,152.970655,"Melaleuca quinquenervia"
-31.192404,152.976987,"Melaleuca quinquenervia"
-31.192142,152.979073,"Melaleuca quinquenervia"
-31.189546,152.977488,"Melaleuca quinquenervia"
-31.189546,152.977488,"Melaleuca quinquenervia"
-31.189481,152.97737,"Melaleuca quinquenervia"
-31.189474,152.977371,"Melaleuca quinquenervia"
-31.18788,152.974032,"Melaleuca quinquenervia"
-31.186851,152.979347,"Melaleuca quinquenervia"
-31.186314,152.973861,"Melaleuca quinquenervia"
-31.183238,152.970365,"Melaleuca quinquenervia"
-31.180711,152.942016,"Melaleuca quinquenervia"
-31.176175,152.898788,"Melaleuca quinquenervia"
-31.176003,152.905596,"Melaleuca quinquenervia"
-31.175997,152.905588,"Melaleuca quinquenervia"
-31.174191,152.896153,"Melaleuca quinquenervia"
-31.174185,152.896145,"Melaleuca quinquenervia"
-31.163517,152.881347,"Melaleuca quinquenervia"
-31.160464,152.972755,"Melaleuca quinquenervia"
-31.154826,152.980101,"Melaleuca quinquenervia"
-31.154826,152.980101,"Melaleuca quinquenervia"
-31.153376,152.911629,"Melaleuca quinquenervia"
-31.147118,152.898273,"Melaleuca quinquenervia"
-31.147118,152.898273,"Melaleuca quinquenervia"
-31.14643,152.868938,"Melaleuca quinquenervia"
-31.146424,152.86893,"Melaleuca quinquenervia"
-31.145711,152.84463,"Melaleuca quinquenervia"
-31.145711,152.84463,"Melaleuca quinquenervia"
-31.145583,152.907707,"Melaleuca quinquenervia"
-31.14234,152.97892,"Melaleuca quinquenervia"
-31.141687,152.872061,"Melaleuca quinquenervia"
-31.13495,152.931701,"Melaleuca quinquenervia"
-31.132906,147.40625,"Melaleuca quinquenervia"
-31.12826,152.877582,"Melaleuca quinquenervia"
-31.124579,152.988639,"Melaleuca quinquenervia"
-31.121219,152.861654,"Melaleuca quinquenervia"
-31.120261,152.999245,"Melaleuca quinquenervia"
-31.120252,152.999885,"Melaleuca quinquenervia"
-31.119693,152.998584,"Melaleuca quinquenervia"
-31.11953,153.001531,"Melaleuca quinquenervia"
-31.11898,153.001772,"Melaleuca quinquenervia"
-31.117852,153.004048,"Melaleuca quinquenervia"
-31.117807,153.001919,"Melaleuca quinquenervia"
-31.117735,152.999706,"Melaleuca quinquenervia"
-31.117735,152.999706,"Melaleuca quinquenervia"
-31.116823,153.004447,"Melaleuca quinquenervia"
-31.116742,152.996434,"Melaleuca quinquenervia"
-31.116724,153.000598,"Melaleuca quinquenervia"
-31.116056,153.003975,"Melaleuca quinquenervia"
-31.115398,152.996959,"Melaleuca quinquenervia"
-31.11369,152.827485,"Melaleuca quinquenervia"
-31.113535,152.837089,"Melaleuca quinquenervia"
-31.113077,152.827339,"Melaleuca quinquenervia"
-31.110793,152.772295,"Melaleuca quinquenervia"
-31.110296,152.817012,"Melaleuca quinquenervia"
-31.109402,152.871538,"Melaleuca quinquenervia"
-31.107745,152.85798,"Melaleuca quinquenervia"
-31.103719,152.772311,"Melaleuca quinquenervia"
-31.1,152.866667,"Melaleuca quinquenervia"
-31.099749,152.833906,"Melaleuca quinquenervia"
-31.09483,153.007384,"Melaleuca quinquenervia"
-31.094742,152.849056,"Melaleuca quinquenervia"
-31.094359,152.853177,"Melaleuca quinquenervia"
-31.094359,152.853177,"Melaleuca quinquenervia"
-31.092257,153.012231,"Melaleuca quinquenervia"
-31.09072,152.860247,"Melaleuca quinquenervia"
-31.090699,152.84559,"Melaleuca quinquenervia"
-31.090033,153.008905,"Melaleuca quinquenervia"
-31.090033,153.008905,"Melaleuca quinquenervia"
-31.090033,153.008905,"Melaleuca quinquenervia"
-31.087298,152.888594,"Melaleuca quinquenervia"
-31.083333,153,"Melaleuca quinquenervia"
-31.083027,152.86809,"Melaleuca quinquenervia"
-31.082747,152.884004,"Melaleuca quinquenervia"
-31.082655,152.884215,"Melaleuca quinquenervia"
-31.080278,152.861982,"Melaleuca quinquenervia"
-31.078045,152.937225,"Melaleuca quinquenervia"
-31.074016,152.976948,"Melaleuca quinquenervia"
-31.070417,152.931517,"Melaleuca quinquenervia"
-31.068239,152.966509,"Melaleuca quinquenervia"
-31.068067,152.897881,"Melaleuca quinquenervia"
-31.0668,152.745114,"Melaleuca quinquenervia"
-31.064219,152.873085,"Melaleuca quinquenervia"
-31.063468,152.879762,"Melaleuca quinquenervia"
-31.06324,152.942276,"Melaleuca quinquenervia"
-31.062777,152.874994,"Melaleuca quinquenervia"
-31.06274,152.864271,"Melaleuca quinquenervia"
-31.062705,152.920045,"Melaleuca quinquenervia"
-31.061769,152.923494,"Melaleuca quinquenervia"
-31.059521,152.78304,"Melaleuca quinquenervia"
-31.053637,152.808914,"Melaleuca quinquenervia"
-31.053637,152.808914,"Melaleuca quinquenervia"
-31.051678,152.8142,"Melaleuca quinquenervia"
-31.05063,152.951863,"Melaleuca quinquenervia"
-31.049115,152.933523,"Melaleuca quinquenervia"
-31.045797,152.922333,"Melaleuca quinquenervia"
-31.045228,152.9609,"Melaleuca quinquenervia"
-31.041766,152.926004,"Melaleuca quinquenervia"
-31.03784,152.924226,"Melaleuca quinquenervia"
-31.03494,152.848802,"Melaleuca quinquenervia"
-31.032179,152.957803,"Melaleuca quinquenervia"
-31.030059,152.873979,"Melaleuca quinquenervia"
-31.030058,152.873979,"Melaleuca quinquenervia"
-31.027165,152.867989,"Melaleuca quinquenervia"
-31.027165,152.867989,"Melaleuca quinquenervia"
-31.027147,152.867989,"Melaleuca quinquenervia"
-31.026717,152.870546,"Melaleuca quinquenervia"
-31.026163,152.886892,"Melaleuca quinquenervia"
-31.024527,152.873839,"Melaleuca quinquenervia"
-31.024527,152.873839,"Melaleuca quinquenervia"
-31.024484,152.876312,"Melaleuca quinquenervia"
-31.024484,152.876312,"Melaleuca quinquenervia"
-31.02292,152.952432,"Melaleuca quinquenervia"
-31.022725,152.876199,"Melaleuca quinquenervia"
-31.022725,152.876199,"Melaleuca quinquenervia"
-31.021943,152.975483,"Melaleuca quinquenervia"
-31.021197,152.864288,"Melaleuca quinquenervia"
-31.021197,152.864288,"Melaleuca quinquenervia"
-31.020099,152.961842,"Melaleuca quinquenervia"
-31.01823,152.960251,"Melaleuca quinquenervia"
-31.01629,152.96022,"Melaleuca quinquenervia"
-31.014212,152.892407,"Melaleuca quinquenervia"
-31.011106,152.889341,"Melaleuca quinquenervia"
-31.010141,152.861549,"Melaleuca quinquenervia"
-31.008564,153.003729,"Melaleuca quinquenervia"
-31.008379,152.842936,"Melaleuca quinquenervia"
-31.004524,152.860721,"Melaleuca quinquenervia"
-31.001632,152.794322,"Melaleuca quinquenervia"
-31.00139,152.997748,"Melaleuca quinquenervia"
-31.000379,153.005342,"Melaleuca quinquenervia"
-30.999142,152.857042,"Melaleuca quinquenervia"
-30.997464,152.881018,"Melaleuca quinquenervia"
-30.99713,153.024116,"Melaleuca quinquenervia"
-30.996808,152.820267,"Melaleuca quinquenervia"
-30.995534,153.006808,"Melaleuca quinquenervia"
-30.994873,152.889422,"Melaleuca quinquenervia"
-30.992643,152.810209,"Melaleuca quinquenervia"
-30.992643,152.810209,"Melaleuca quinquenervia"
-30.988646,152.83681,"Melaleuca quinquenervia"
-30.987898,153.022403,"Melaleuca quinquenervia"
-30.984893,153.026005,"Melaleuca quinquenervia"
-30.976139,152.829259,"Melaleuca quinquenervia"
-30.97404,152.832489,"Melaleuca quinquenervia"
-30.970902,152.585122,"Melaleuca quinquenervia"
-30.965053,152.862609,"Melaleuca quinquenervia"
-30.965053,152.862609,"Melaleuca quinquenervia"
-30.963813,152.886453,"Melaleuca quinquenervia"
-30.961296,153.032512,"Melaleuca quinquenervia"
-30.956847,152.765761,"Melaleuca quinquenervia"
-30.956295,153.004975,"Melaleuca quinquenervia"
-30.954572,152.858436,"Melaleuca quinquenervia"
-30.954572,152.858436,"Melaleuca quinquenervia"
-30.953331,152.979233,"Melaleuca quinquenervia"
-30.951877,152.974936,"Melaleuca quinquenervia"
-30.95165,153.031953,"Melaleuca quinquenervia"
-30.949776,152.986295,"Melaleuca quinquenervia"
-30.949007,152.971105,"Melaleuca quinquenervia"
-30.947555,152.976874,"Melaleuca quinquenervia"
-30.946852,153.020373,"Melaleuca quinquenervia"
-30.946816,153.023539,"Melaleuca quinquenervia"
-30.946633,152.966844,"Melaleuca quinquenervia"
-30.945732,152.973189,"Melaleuca quinquenervia"
-30.94364,152.983219,"Melaleuca quinquenervia"
-30.942668,152.864829,"Melaleuca quinquenervia"
-30.942214,152.977524,"Melaleuca quinquenervia"
-30.939946,152.867313,"Melaleuca quinquenervia"
-30.938489,153.011023,"Melaleuca quinquenervia"
-30.93561,153.009871,"Melaleuca quinquenervia"
-30.933955,152.898139,"Melaleuca quinquenervia"
-30.933955,152.898139,"Melaleuca quinquenervia"
-30.932759,153.009379,"Melaleuca quinquenervia"
-30.931035,153.008322,"Melaleuca quinquenervia"
-30.930687,152.895756,"Melaleuca quinquenervia"
-30.930687,152.895756,"Melaleuca quinquenervia"
-30.930683,152.902517,"Melaleuca quinquenervia"
-30.930683,152.902517,"Melaleuca quinquenervia"
-30.92692,153.014915,"Melaleuca quinquenervia"
-30.926825,152.9225,"Melaleuca quinquenervia"
-30.924137,152.964727,"Melaleuca quinquenervia"
-30.923239,152.984373,"Melaleuca quinquenervia"
-30.922399,152.91497,"Melaleuca quinquenervia"
-30.922399,152.91497,"Melaleuca quinquenervia"
-30.916791,152.921203,"Melaleuca quinquenervia"
-30.916791,152.921203,"Melaleuca quinquenervia"
-30.91607,152.922365,"Melaleuca quinquenervia"
-30.91607,152.922365,"Melaleuca quinquenervia"
-30.915726,152.961329,"Melaleuca quinquenervia"
-30.915374,153.038056,"Melaleuca quinquenervia"
-30.915184,152.959927,"Melaleuca quinquenervia"
-30.913822,152.961215,"Melaleuca quinquenervia"
-30.911874,152.90869,"Melaleuca quinquenervia"
-30.911865,152.908565,"Melaleuca quinquenervia"
-30.911856,152.908502,"Melaleuca quinquenervia"
-30.911656,153.032486,"Melaleuca quinquenervia"
-30.910348,152.960881,"Melaleuca quinquenervia"
-30.910128,153.04026,"Melaleuca quinquenervia"
-30.909951,152.960243,"Melaleuca quinquenervia"
-30.909398,153.038764,"Melaleuca quinquenervia"
-30.907145,153.027252,"Melaleuca quinquenervia"
-30.90713,152.943265,"Melaleuca quinquenervia"
-30.906687,153.032738,"Melaleuca quinquenervia"
-30.903564,153.043073,"Melaleuca quinquenervia"
-30.89919,153.026547,"Melaleuca quinquenervia"
-30.899018,153.025312,"Melaleuca quinquenervia"
-30.898765,153.029759,"Melaleuca quinquenervia"
-30.897917,153.026515,"Melaleuca quinquenervia"
-30.897123,153.02662,"Melaleuca quinquenervia"
-30.896888,153.030324,"Melaleuca quinquenervia"
-30.895887,153.028838,"Melaleuca quinquenervia"
-30.895544,153.026431,"Melaleuca quinquenervia"
-30.895252,153.034599,"Melaleuca quinquenervia"
-30.892668,147.050067,"Melaleuca quinquenervia"
-30.88862,153.043396,"Melaleuca quinquenervia"
-30.888415,153.033794,"Melaleuca quinquenervia"
-30.88819,153.029332,"Melaleuca quinquenervia"
-30.887865,153.029489,"Melaleuca quinquenervia"
-30.887865,153.029489,"Melaleuca quinquenervia"
-30.887852,153.034145,"Melaleuca quinquenervia"
-30.88745,153.028432,"Melaleuca quinquenervia"
-30.886789,153.044611,"Melaleuca quinquenervia"
-30.883873,152.957303,"Melaleuca quinquenervia"
-30.883774,152.960275,"Melaleuca quinquenervia"
-30.883774,152.960275,"Melaleuca quinquenervia"
-30.883681,152.986435,"Melaleuca quinquenervia"
-30.883681,152.987482,"Melaleuca quinquenervia"
-30.883681,152.987482,"Melaleuca quinquenervia"
-30.883681,152.986435,"Melaleuca quinquenervia"
-30.883305,152.95857,"Melaleuca quinquenervia"
-30.8833,153.0333,"Melaleuca quinquenervia"
-30.883195,153.042198,"Melaleuca quinquenervia"
-30.882043,152.964785,"Melaleuca quinquenervia"
-30.881258,152.964147,"Melaleuca quinquenervia"
-30.88,153.03,"Melaleuca quinquenervia"
-30.877612,152.963688,"Melaleuca quinquenervia"
-30.877006,152.956899,"Melaleuca quinquenervia"
-30.876611,152.965038,"Melaleuca quinquenervia"
-30.876455,152.955052,"Melaleuca quinquenervia"
-30.876455,152.955052,"Melaleuca quinquenervia"
-30.874651,152.956099,"Melaleuca quinquenervia"
-30.87263,152.960583,"Melaleuca quinquenervia"
-30.872207,152.962591,"Melaleuca quinquenervia"
-30.871518,152.98841,"Melaleuca quinquenervia"
-30.871518,152.98841,"Melaleuca quinquenervia"
-30.869977,152.960061,"Melaleuca quinquenervia"
-30.866404,152.920187,"Melaleuca quinquenervia"
-30.866404,152.920187,"Melaleuca quinquenervia"
-30.865335,152.979854,"Melaleuca quinquenervia"
-30.864255,152.956381,"Melaleuca quinquenervia"
-30.864075,152.957511,"Melaleuca quinquenervia"
-30.863557,152.978159,"Melaleuca quinquenervia"
-30.863557,152.978159,"Melaleuca quinquenervia"
-30.863359,152.980387,"Melaleuca quinquenervia"
-30.860087,152.99729,"Melaleuca quinquenervia"
-30.858953,152.948269,"Melaleuca quinquenervia"
-30.857735,152.966948,"Melaleuca quinquenervia"
-30.857735,152.966948,"Melaleuca quinquenervia"
-30.857625,152.96106,"Melaleuca quinquenervia"
-30.857625,152.96106,"Melaleuca quinquenervia"
-30.856202,152.950466,"Melaleuca quinquenervia"
-30.855689,152.927868,"Melaleuca quinquenervia"
-30.855689,152.927868,"Melaleuca quinquenervia"
-30.854506,152.950802,"Melaleuca quinquenervia"
-30.847204,152.923153,"Melaleuca quinquenervia"
-30.835297,152.995054,"Melaleuca quinquenervia"
-30.82998,152.974131,"Melaleuca quinquenervia"
-30.822017,152.994705,"Melaleuca quinquenervia"
-30.821103,152.984191,"Melaleuca quinquenervia"
-30.818718,152.983315,"Melaleuca quinquenervia"
-30.816735,152.984307,"Melaleuca quinquenervia"
-30.814201,152.984354,"Melaleuca quinquenervia"
-30.814201,152.984354,"Melaleuca quinquenervia"
-30.813298,152.984355,"Melaleuca quinquenervia"
-30.794055,152.997026,"Melaleuca quinquenervia"
-30.79301,152.99574,"Melaleuca quinquenervia"
-30.790659,152.993953,"Melaleuca quinquenervia"
-30.788716,152.993385,"Melaleuca quinquenervia"
-30.757786,152.993774,"Melaleuca quinquenervia"
-30.757358,152.981758,"Melaleuca quinquenervia"
-30.756457,152.990117,"Melaleuca quinquenervia"
-30.755784,152.998341,"Melaleuca quinquenervia"
-30.753159,152.994847,"Melaleuca quinquenervia"
-30.752278,152.943152,"Melaleuca quinquenervia"
-30.750547,152.946988,"Melaleuca quinquenervia"
-30.750547,152.946988,"Melaleuca quinquenervia"
-30.750547,152.946988,"Melaleuca quinquenervia"
-30.75,153,"Melaleuca quinquenervia"
-30.74921,152.94259,"Melaleuca quinquenervia"
-30.74841,152.837201,"Melaleuca quinquenervia"
-30.745477,152.993824,"Melaleuca quinquenervia"
-30.745415,152.996872,"Melaleuca quinquenervia"
-30.741563,152.96374,"Melaleuca quinquenervia"
-30.741461,152.933601,"Melaleuca quinquenervia"
-30.735692,152.96452,"Melaleuca quinquenervia"
-30.735692,152.96452,"Melaleuca quinquenervia"
-30.734789,152.963475,"Melaleuca quinquenervia"
-30.734789,152.963475,"Melaleuca quinquenervia"
-30.733871,152.92587,"Melaleuca quinquenervia"
-30.733871,152.92587,"Melaleuca quinquenervia"
-30.7319479,152.9092191,"Melaleuca quinquenervia"
-30.731191,152.996909,"Melaleuca quinquenervia"
-30.731191,152.985419,"Melaleuca quinquenervia"
-30.728052,152.981052,"Melaleuca quinquenervia"
-30.727575,152.938588,"Melaleuca quinquenervia"
-30.722394,152.93282,"Melaleuca quinquenervia"
-30.722138,152.940799,"Melaleuca quinquenervia"
-30.722138,152.940799,"Melaleuca quinquenervia"
-30.719431,152.921703,"Melaleuca quinquenervia"
-30.719431,152.921703,"Melaleuca quinquenervia"
-30.718086,152.963904,"Melaleuca quinquenervia"
-30.718086,152.963904,"Melaleuca quinquenervia"
-30.716667,152.916667,"Melaleuca quinquenervia"
-30.7152818,152.9175529,"Melaleuca quinquenervia"
-30.710342,152.919099,"Melaleuca quinquenervia"
-30.709985,152.9802,"Melaleuca quinquenervia"
-30.709978,152.980194,"Melaleuca quinquenervia"
-30.709978,152.980194,"Melaleuca quinquenervia"
-30.705241,152.989254,"Melaleuca quinquenervia"
-30.703333,152.904722,"Melaleuca quinquenervia"
-30.700889,152.929139,"Melaleuca quinquenervia"
-30.692201,152.987877,"Melaleuca quinquenervia"
-30.688005,152.980392,"Melaleuca quinquenervia"
-30.688005,152.980392,"Melaleuca quinquenervia"
-30.688005,152.980392,"Melaleuca quinquenervia"
-30.682889,152.950428,"Melaleuca quinquenervia"
-30.675243,152.977597,"Melaleuca quinquenervia"
-30.675243,152.977597,"Melaleuca quinquenervia"
-30.674585,152.974809,"Melaleuca quinquenervia"
-30.674585,152.974809,"Melaleuca quinquenervia"
-30.674259,152.968723,"Melaleuca quinquenervia"
-30.674259,152.968723,"Melaleuca quinquenervia"
-30.674259,152.968723,"Melaleuca quinquenervia"
-30.672231,152.980092,"Melaleuca quinquenervia"
-30.672231,152.980092,"Melaleuca quinquenervia"
-30.67001,152.978643,"Melaleuca quinquenervia"
-30.67001,152.978643,"Melaleuca quinquenervia"
-30.668479,152.980976,"Melaleuca quinquenervia"
-30.668479,152.980976,"Melaleuca quinquenervia"
-30.668017,152.952024,"Melaleuca quinquenervia"
-30.667204,152.975719,"Melaleuca quinquenervia"
-30.667204,152.975719,"Melaleuca quinquenervia"
-30.667157,152.895205,"Melaleuca quinquenervia"
-30.665311,152.978116,"Melaleuca quinquenervia"
-30.664761,153.001336,"Melaleuca quinquenervia"
-30.664761,153.001336,"Melaleuca quinquenervia"
-30.663321,152.922401,"Melaleuca quinquenervia"
-30.662611,152.981254,"Melaleuca quinquenervia"
-30.662611,152.981254,"Melaleuca quinquenervia"
-30.659487,152.966609,"Melaleuca quinquenervia"
-30.659487,152.966609,"Melaleuca quinquenervia"
-30.658994,152.980679,"Melaleuca quinquenervia"
-30.657935,152.992311,"Melaleuca quinquenervia"
-30.657614,152.905059,"Melaleuca quinquenervia"
-30.657608,152.905053,"Melaleuca quinquenervia"
-30.657608,152.905053,"Melaleuca quinquenervia"
-30.655113,152.977277,"Melaleuca quinquenervia"
-30.653786,152.97589,"Melaleuca quinquenervia"
-30.65,153,"Melaleuca quinquenervia"
-30.65,152.966667,"Melaleuca quinquenervia"
-30.65,152.966667,"Melaleuca quinquenervia"
-30.645736,152.987034,"Melaleuca quinquenervia"
-30.645648,153.016211,"Melaleuca quinquenervia"
-30.644878,153.009017,"Melaleuca quinquenervia"
-30.6435,152.987329,"Melaleuca quinquenervia"
-30.643039,152.984856,"Melaleuca quinquenervia"
-30.642762,152.985747,"Melaleuca quinquenervia"
-30.642167,152.982522,"Melaleuca quinquenervia"
-30.64195,152.98288,"Melaleuca quinquenervia"
-30.641669,152.982318,"Melaleuca quinquenervia"
-30.641587,152.987519,"Melaleuca quinquenervia"
-30.641587,152.987519,"Melaleuca quinquenervia"
-30.641406,152.987206,"Melaleuca quinquenervia"
-30.641406,152.987206,"Melaleuca quinquenervia"
-30.640891,152.977792,"Melaleuca quinquenervia"
-30.640891,152.977792,"Melaleuca quinquenervia"
-30.64082,152.980777,"Melaleuca quinquenervia"
-30.635669,152.983463,"Melaleuca quinquenervia"
-30.635669,152.983463,"Melaleuca quinquenervia"
-30.634116,153.013304,"Melaleuca quinquenervia"
-30.633294,152.983909,"Melaleuca quinquenervia"
-30.633294,152.983909,"Melaleuca quinquenervia"
-30.63012,152.992211,"Melaleuca quinquenervia"
-30.629359,152.979035,"Melaleuca quinquenervia"
-30.623378,153.000198,"Melaleuca quinquenervia"
-30.623378,153.000198,"Melaleuca quinquenervia"
-30.620799,153.007863,"Melaleuca quinquenervia"
-30.618514,153.001262,"Melaleuca quinquenervia"
-30.618514,153.001262,"Melaleuca quinquenervia"
-30.618514,153.001262,"Melaleuca quinquenervia"
-30.61812,153.008124,"Melaleuca quinquenervia"
-30.617787,153.005698,"Melaleuca quinquenervia"
-30.617713,153.004388,"Melaleuca quinquenervia"
-30.615217,153.007609,"Melaleuca quinquenervia"
-30.61208,153.008389,"Melaleuca quinquenervia"
-30.612073,153.008383,"Melaleuca quinquenervia"
-30.612073,153.008383,"Melaleuca quinquenervia"
-30.61107,152.992678,"Melaleuca quinquenervia"
-30.61,153,"Melaleuca quinquenervia"
-30.607108,153.006615,"Melaleuca quinquenervia"
-30.60154,153.008565,"Melaleuca quinquenervia"
-30.601533,153.00856,"Melaleuca quinquenervia"
-30.601533,153.00856,"Melaleuca quinquenervia"
-30.600367,153.009525,"Melaleuca quinquenervia"
-30.6,153.0167,"Melaleuca quinquenervia"
-30.6,153.0167,"Melaleuca quinquenervia"
-30.599291,153.010244,"Melaleuca quinquenervia"
-30.598815,153.010265,"Melaleuca quinquenervia"
-30.597516,153.002368,"Melaleuca quinquenervia"
-30.594809,153.01381,"Melaleuca quinquenervia"
-30.59331,153.013185,"Melaleuca quinquenervia"
-30.59331,153.013081,"Melaleuca quinquenervia"
-30.592307,153.006776,"Melaleuca quinquenervia"
-30.589539,153.01187,"Melaleuca quinquenervia"
-30.589539,153.01187,"Melaleuca quinquenervia"
-30.5884,153.011292,"Melaleuca quinquenervia"
-30.587391,153.010222,"Melaleuca quinquenervia"
-30.587391,153.010222,"Melaleuca quinquenervia"
-30.586903,153.009889,"Melaleuca quinquenervia"
-30.586896,153.009883,"Melaleuca quinquenervia"
-30.586896,153.009883,"Melaleuca quinquenervia"
-30.586807,152.959365,"Melaleuca quinquenervia"
-30.585275,153.007966,"Melaleuca quinquenervia"
-30.585,153.011111,"Melaleuca quinquenervia"
-30.584918,153.008178,"Melaleuca quinquenervia"
-30.584196,153.006353,"Melaleuca quinquenervia"
-30.58324,153.005497,"Melaleuca quinquenervia"
-30.582753,153.006196,"Melaleuca quinquenervia"
-30.582482,153.008073,"Melaleuca quinquenervia"
-30.582296,152.961453,"Melaleuca quinquenervia"
-30.561538,153.015519,"Melaleuca quinquenervia"
-30.545944,153.026837,"Melaleuca quinquenervia"
-30.52698,152.961515,"Melaleuca quinquenervia"
-30.52698,152.961515,"Melaleuca quinquenervia"
-30.526897,153.02261,"Melaleuca quinquenervia"
-30.526803,153.022578,"Melaleuca quinquenervia"
-30.526276,153.016707,"Melaleuca quinquenervia"
-30.525414,153.018231,"Melaleuca quinquenervia"
-30.525136,153.018536,"Melaleuca quinquenervia"
-30.524928,153.018023,"Melaleuca quinquenervia"
-30.523699,153.022546,"Melaleuca quinquenervia"
-30.523283,152.878343,"Melaleuca quinquenervia"
-30.51905,152.967376,"Melaleuca quinquenervia"
-30.51905,152.967376,"Melaleuca quinquenervia"
-30.517317,152.960431,"Melaleuca quinquenervia"
-30.517317,152.960431,"Melaleuca quinquenervia"
-30.517317,152.960431,"Melaleuca quinquenervia"
-30.515861,153.020028,"Melaleuca quinquenervia"
-30.515077,152.958414,"Melaleuca quinquenervia"
-30.515077,152.958414,"Melaleuca quinquenervia"
-30.514355,152.961313,"Melaleuca quinquenervia"
-30.513152,152.99927,"Melaleuca quinquenervia"
-30.510972,152.962085,"Melaleuca quinquenervia"
-30.510925,152.957906,"Melaleuca quinquenervia"
-30.510209,153.018093,"Melaleuca quinquenervia"
-30.510209,153.018093,"Melaleuca quinquenervia"
-30.509875,153.020112,"Melaleuca quinquenervia"
-30.509645,152.962836,"Melaleuca quinquenervia"
-30.509013,152.959251,"Melaleuca quinquenervia"
-30.508536,152.964775,"Melaleuca quinquenervia"
-30.507508,152.965745,"Melaleuca quinquenervia"
-30.505473,153.009447,"Melaleuca quinquenervia"
-30.505367,153.009383,"Melaleuca quinquenervia"
-30.505356,153.009297,"Melaleuca quinquenervia"
-30.505311,153.01078,"Melaleuca quinquenervia"
-30.505283,153.009334,"Melaleuca quinquenervia"
-30.505244,153.011318,"Melaleuca quinquenervia"
-30.505212,153.011261,"Melaleuca quinquenervia"
-30.505175,153.011033,"Melaleuca quinquenervia"
-30.505167,153.0112,"Melaleuca quinquenervia"
-30.505133,153.010218,"Melaleuca quinquenervia"
-30.505087,153.009849,"Melaleuca quinquenervia"
-30.504883,153.011094,"Melaleuca quinquenervia"
-30.504358,153.010408,"Melaleuca quinquenervia"
-30.502099,152.955325,"Melaleuca quinquenervia"
-30.496944,152.990278,"Melaleuca quinquenervia"
-30.496944,152.990278,"Melaleuca quinquenervia"
-30.487367,153.014761,"Melaleuca quinquenervia"
-30.487081,153.014796,"Melaleuca quinquenervia"
-30.486901,153.01489,"Melaleuca quinquenervia"
-30.483038,153.017755,"Melaleuca quinquenervia"
-30.482137,152.994833,"Melaleuca quinquenervia"
-30.480141,152.88115,"Melaleuca quinquenervia"
-30.469205,152.942149,"Melaleuca quinquenervia"
-30.467955,152.962309,"Melaleuca quinquenervia"
-30.465886,152.983369,"Melaleuca quinquenervia"
-30.465886,152.983369,"Melaleuca quinquenervia"
-30.453363,152.905472,"Melaleuca quinquenervia"
-30.45,152.9,"Melaleuca quinquenervia"
-30.444717,153.058797,"Melaleuca quinquenervia"
-30.443115,153.054668,"Melaleuca quinquenervia"
-30.443115,153.054668,"Melaleuca quinquenervia"
-30.442222,152.997778,"Melaleuca quinquenervia"
-30.441274,153.055812,"Melaleuca quinquenervia"
-30.441274,153.055812,"Melaleuca quinquenervia"
-30.439342,153.05604,"Melaleuca quinquenervia"
-30.439342,153.05604,"Melaleuca quinquenervia"
-30.437977,153.066918,"Melaleuca quinquenervia"
-30.437675,153.051218,"Melaleuca quinquenervia"
-30.437675,153.051218,"Melaleuca quinquenervia"
-30.437612,153.050166,"Melaleuca quinquenervia"
-30.437079,153.052446,"Melaleuca quinquenervia"
-30.43642,153.052592,"Melaleuca quinquenervia"
-30.433834,153.067727,"Melaleuca quinquenervia"
-30.433834,153.067727,"Melaleuca quinquenervia"
-30.432479,153.071892,"Melaleuca quinquenervia"
-30.432479,153.071892,"Melaleuca quinquenervia"
-30.4319471,153.0342151,"Melaleuca quinquenervia"
-30.427658,153.071477,"Melaleuca quinquenervia"
-30.425261,153.068763,"Melaleuca quinquenervia"
-30.425261,153.068763,"Melaleuca quinquenervia"
-30.4203,153.044793,"Melaleuca quinquenervia"
-30.4203,153.044793,"Melaleuca quinquenervia"
-30.416667,153.016667,"Melaleuca quinquenervia"
-30.414232,153.067135,"Melaleuca quinquenervia"
-30.412384,153.063542,"Melaleuca quinquenervia"
-30.411915,153.062251,"Melaleuca quinquenervia"
-30.411915,153.062251,"Melaleuca quinquenervia"
-30.411879,153.062667,"Melaleuca quinquenervia"
-30.411578,153.068872,"Melaleuca quinquenervia"
-30.411578,153.068872,"Melaleuca quinquenervia"
-30.411475,153.066078,"Melaleuca quinquenervia"
-30.411366,153.065984,"Melaleuca quinquenervia"
-30.411297,153.066529,"Melaleuca quinquenervia"
-30.411276,153.059221,"Melaleuca quinquenervia"
-30.411039,153.066151,"Melaleuca quinquenervia"
-30.408364,153.053451,"Melaleuca quinquenervia"
-30.407596,153.054513,"Melaleuca quinquenervia"
-30.406866,153.071191,"Melaleuca quinquenervia"
-30.406866,153.071191,"Melaleuca quinquenervia"
-30.404546,153.073844,"Melaleuca quinquenervia"
-30.404546,153.073844,"Melaleuca quinquenervia"
-30.403077,153.051116,"Melaleuca quinquenervia"
-30.402597,153.053573,"Melaleuca quinquenervia"
-30.402017,153.077329,"Melaleuca quinquenervia"
-30.402017,153.077329,"Melaleuca quinquenervia"
-30.401505,153.072478,"Melaleuca quinquenervia"
-30.401505,153.072478,"Melaleuca quinquenervia"
-30.401306,153.055456,"Melaleuca quinquenervia"
-30.401306,153.055456,"Melaleuca quinquenervia"
-30.399429,153.056975,"Melaleuca quinquenervia"
-30.398638,153.072388,"Melaleuca quinquenervia"
-30.396947,153.074952,"Melaleuca quinquenervia"
-30.396947,153.074952,"Melaleuca quinquenervia"
-30.396552,153.071443,"Melaleuca quinquenervia"
-30.396392,153.052087,"Melaleuca quinquenervia"
-30.396392,153.052087,"Melaleuca quinquenervia"
-30.396382,153.072907,"Melaleuca quinquenervia"
-30.396382,153.072907,"Melaleuca quinquenervia"
-30.396083,153.070204,"Melaleuca quinquenervia"
-30.396074,153.070767,"Melaleuca quinquenervia"
-30.395405,153.072296,"Melaleuca quinquenervia"
-30.395405,153.072296,"Melaleuca quinquenervia"
-30.393964,153.071656,"Melaleuca quinquenervia"
-30.392219,153.073897,"Melaleuca quinquenervia"
-30.391939,153.074407,"Melaleuca quinquenervia"
-30.390975,153.057809,"Melaleuca quinquenervia"
-30.389175,153.045837,"Melaleuca quinquenervia"
-30.388711,153.069408,"Melaleuca quinquenervia"
-30.388711,153.069408,"Melaleuca quinquenervia"
-30.388266,153.061971,"Melaleuca quinquenervia"
-30.388266,153.061971,"Melaleuca quinquenervia"
-30.387561,153.075673,"Melaleuca quinquenervia"
-30.386993,153.076287,"Melaleuca quinquenervia"
-30.386993,153.076287,"Melaleuca quinquenervia"
-30.386814,153.072269,"Melaleuca quinquenervia"
-30.386394,153.064348,"Melaleuca quinquenervia"
-30.38611,153.073622,"Melaleuca quinquenervia"
-30.38611,153.073622,"Melaleuca quinquenervia"
-30.386039,153.071332,"Melaleuca quinquenervia"
-30.386039,153.071332,"Melaleuca quinquenervia"
-30.385327,153.069624,"Melaleuca quinquenervia"
-30.385327,153.069624,"Melaleuca quinquenervia"
-30.385327,153.069624,"Melaleuca quinquenervia"
-30.385104,153.082271,"Melaleuca quinquenervia"
-30.384912,153.013625,"Melaleuca quinquenervia"
-30.384912,153.013625,"Melaleuca quinquenervia"
-30.3846,153.06112,"Melaleuca quinquenervia"
-30.384215,153.035427,"Melaleuca quinquenervia"
-30.384203,153.079668,"Melaleuca quinquenervia"
-30.384082,153.068,"Melaleuca quinquenervia"
-30.384082,153.068,"Melaleuca quinquenervia"
-30.383915,153.077732,"Melaleuca quinquenervia"
-30.383762,153.076045,"Melaleuca quinquenervia"
-30.383762,153.076045,"Melaleuca quinquenervia"
-30.383301,153.080187,"Melaleuca quinquenervia"
-30.383158,153.074483,"Melaleuca quinquenervia"
-30.383158,153.074483,"Melaleuca quinquenervia"
-30.383158,153.074483,"Melaleuca quinquenervia"
-30.382565,153.070736,"Melaleuca quinquenervia"
-30.382565,153.070736,"Melaleuca quinquenervia"
-30.381541,153.092041,"Melaleuca quinquenervia"
-30.379731,153.072025,"Melaleuca quinquenervia"
-30.379731,153.072025,"Melaleuca quinquenervia"
-30.378652,153.080392,"Melaleuca quinquenervia"
-30.378652,153.080392,"Melaleuca quinquenervia"
-30.378652,153.080392,"Melaleuca quinquenervia"
-30.377778,153.078549,"Melaleuca quinquenervia"
-30.376989,153.070815,"Melaleuca quinquenervia"
-30.37594,153.072605,"Melaleuca quinquenervia"
-30.37594,153.072605,"Melaleuca quinquenervia"
-30.374718,153.094751,"Melaleuca quinquenervia"
-30.37382,153.076012,"Melaleuca quinquenervia"
-30.373809,153.092664,"Melaleuca quinquenervia"
-30.373702,153.097218,"Melaleuca quinquenervia"
-30.373295,153.055493,"Melaleuca quinquenervia"
-30.373203,153.073402,"Melaleuca quinquenervia"
-30.373047,153.073717,"Melaleuca quinquenervia"
-30.371833,153.079646,"Melaleuca quinquenervia"
-30.371553,153.072739,"Melaleuca quinquenervia"
-30.371446,153.10043,"Melaleuca quinquenervia"
-30.370483,153.072922,"Melaleuca quinquenervia"
-30.370147,153.072994,"Melaleuca quinquenervia"
-30.370072,153.073097,"Melaleuca quinquenervia"
-30.369058,153.073388,"Melaleuca quinquenervia"
-30.368946,153.055074,"Melaleuca quinquenervia"
-30.367168,153.074388,"Melaleuca quinquenervia"
-30.366952,153.065075,"Melaleuca quinquenervia"
-30.3665,153.0691,"Melaleuca quinquenervia"
-30.366228,153.077041,"Melaleuca quinquenervia"
-30.364014,153.081441,"Melaleuca quinquenervia"
-30.363903,153.073928,"Melaleuca quinquenervia"
-30.363903,153.073928,"Melaleuca quinquenervia"
-30.363903,153.073928,"Melaleuca quinquenervia"
-30.3632,153.0685,"Melaleuca quinquenervia"
-30.363067,153.08116,"Melaleuca quinquenervia"
-30.363067,153.08116,"Melaleuca quinquenervia"
-30.362994,153.082294,"Melaleuca quinquenervia"
-30.362965,153.08477,"Melaleuca quinquenervia"
-30.362965,153.08477,"Melaleuca quinquenervia"
-30.362754,153.075821,"Melaleuca quinquenervia"
-30.362754,153.075821,"Melaleuca quinquenervia"
-30.362572,153.062449,"Melaleuca quinquenervia"
-30.362572,153.062449,"Melaleuca quinquenervia"
-30.361719,153.073149,"Melaleuca quinquenervia"
-30.3616,153.067,"Melaleuca quinquenervia"
-30.360053,153.08123,"Melaleuca quinquenervia"
-30.358494,153.061749,"Melaleuca quinquenervia"
-30.358037,153.059351,"Melaleuca quinquenervia"
-30.35708,153.098307,"Melaleuca quinquenervia"
-30.356666,153.089006,"Melaleuca quinquenervia"
-30.356599,153.103121,"Melaleuca quinquenervia"
-30.356599,153.103121,"Melaleuca quinquenervia"
-30.356036,153.096399,"Melaleuca quinquenervia"
-30.355649,153.103594,"Melaleuca quinquenervia"
-30.355615,153.092267,"Melaleuca quinquenervia"
-30.355383,153.099894,"Melaleuca quinquenervia"
-30.355383,153.099894,"Melaleuca quinquenervia"
-30.355333,153.103447,"Melaleuca quinquenervia"
-30.355159,153.10321,"Melaleuca quinquenervia"
-30.354977,153.084055,"Melaleuca quinquenervia"
-30.354567,153.102657,"Melaleuca quinquenervia"
-30.354414,153.082761,"Melaleuca quinquenervia"
-30.353834,153.101689,"Melaleuca quinquenervia"
-30.353051,153.101363,"Melaleuca quinquenervia"
-30.352064,153.101833,"Melaleuca quinquenervia"
-30.35,152.95,"Melaleuca quinquenervia"
-30.349911,153.085245,"Melaleuca quinquenervia"
-30.349697,153.090247,"Melaleuca quinquenervia"
-30.349449,153.085358,"Melaleuca quinquenervia"
-30.349382,153.091576,"Melaleuca quinquenervia"
-30.349004,153.089004,"Melaleuca quinquenervia"
-30.348993,153.092641,"Melaleuca quinquenervia"
-30.348993,153.092641,"Melaleuca quinquenervia"
-30.348542,153.093161,"Melaleuca quinquenervia"
-30.347199,153.087961,"Melaleuca quinquenervia"
-30.346748,153.088481,"Melaleuca quinquenervia"
-30.34585,153.105538,"Melaleuca quinquenervia"
-30.344749,153.107205,"Melaleuca quinquenervia"
-30.343555,153.086802,"Melaleuca quinquenervia"
-30.343333,153.087778,"Melaleuca quinquenervia"
-30.343167,153.088879,"Melaleuca quinquenervia"
-30.343138,153.089518,"Melaleuca quinquenervia"
-30.341653,153.073169,"Melaleuca quinquenervia"
-30.341294,153.073477,"Melaleuca quinquenervia"
-30.341111,153.094444,"Melaleuca quinquenervia"
-30.340858,153.073959,"Melaleuca quinquenervia"
-30.338163,153.094711,"Melaleuca quinquenervia"
-30.335818,153.09184,"Melaleuca quinquenervia"
-30.333887,153.107467,"Melaleuca quinquenervia"
-30.33239,153.097233,"Melaleuca quinquenervia"
-30.332295,153.097827,"Melaleuca quinquenervia"
-30.332295,153.097827,"Melaleuca quinquenervia"
-30.332295,153.097827,"Melaleuca quinquenervia"
-30.330939,153.100946,"Melaleuca quinquenervia"
-30.330638,153.091952,"Melaleuca quinquenervia"
-30.330506,153.073898,"Melaleuca quinquenervia"
-30.330042,153.093663,"Melaleuca quinquenervia"
-30.330041,153.094704,"Melaleuca quinquenervia"
-30.329496,153.082183,"Melaleuca quinquenervia"
-30.329201,153.094489,"Melaleuca quinquenervia"
-30.329152,153.087165,"Melaleuca quinquenervia"
-30.328583,153.100034,"Melaleuca quinquenervia"
-30.328579,153.103455,"Melaleuca quinquenervia"
-30.3278,153.103678,"Melaleuca quinquenervia"
-30.325747,153.107328,"Melaleuca quinquenervia"
-30.32523,153.105237,"Melaleuca quinquenervia"
-30.325108,153.099806,"Melaleuca quinquenervia"
-30.325041,153.10392,"Melaleuca quinquenervia"
-30.324897,153.103225,"Melaleuca quinquenervia"
-30.324459,153.105519,"Melaleuca quinquenervia"
-30.323356,153.101037,"Melaleuca quinquenervia"
-30.322818,153.100418,"Melaleuca quinquenervia"
-30.32193,153.078053,"Melaleuca quinquenervia"
-30.321484,153.083268,"Melaleuca quinquenervia"
-30.321462,153.103017,"Melaleuca quinquenervia"
-30.321461,153.104057,"Melaleuca quinquenervia"
-30.321007,153.107177,"Melaleuca quinquenervia"
-30.319914,153.093159,"Melaleuca quinquenervia"
-30.319656,153.105095,"Melaleuca quinquenervia"
-30.319198,153.08726,"Melaleuca quinquenervia"
-30.318763,153.091572,"Melaleuca quinquenervia"
-30.318157,153.124375,"Melaleuca quinquenervia"
-30.318078,153.123961,"Melaleuca quinquenervia"
-30.317866,153.080165,"Melaleuca quinquenervia"
-30.317395,153.114168,"Melaleuca quinquenervia"
-30.317,153.112596,"Melaleuca quinquenervia"
-30.3167,153.1167,"Melaleuca quinquenervia"
-30.3167,153.1167,"Melaleuca quinquenervia"
-30.3167,153.1167,"Melaleuca quinquenervia"
-30.316403,153.126409,"Melaleuca quinquenervia"
-30.316057,153.100935,"Melaleuca quinquenervia"
-30.3152806,153.117547,"Melaleuca quinquenervia"
-30.315217,153.123871,"Melaleuca quinquenervia"
-30.315139,153.110811,"Melaleuca quinquenervia"
-30.314696,153.125166,"Melaleuca quinquenervia"
-30.31315,153.101819,"Melaleuca quinquenervia"
-30.312888,153.117383,"Melaleuca quinquenervia"
-30.312231,153.121416,"Melaleuca quinquenervia"
-30.310808,153.120113,"Melaleuca quinquenervia"
-30.310547,153.120023,"Melaleuca quinquenervia"
-30.31,153.11,"Melaleuca quinquenervia"
-30.307016,153.120687,"Melaleuca quinquenervia"
-30.302987,153.131898,"Melaleuca quinquenervia"
-30.302955,153.128961,"Melaleuca quinquenervia"
-30.302826,153.131789,"Melaleuca quinquenervia"
-30.302792,153.131778,"Melaleuca quinquenervia"
-30.302238,153.131644,"Melaleuca quinquenervia"
-30.301463,153.131267,"Melaleuca quinquenervia"
-30.300229,153.132114,"Melaleuca quinquenervia"
-30.3,153.1333,"Melaleuca quinquenervia"
-30.3,153.12,"Melaleuca quinquenervia"
-30.3,153.1333,"Melaleuca quinquenervia"
-30.3,153.116667,"Melaleuca quinquenervia"
-30.299666,153.132054,"Melaleuca quinquenervia"
-30.299595,153.131774,"Melaleuca quinquenervia"
-30.297985,153.127955,"Melaleuca quinquenervia"
-30.296237,153.113956,"Melaleuca quinquenervia"
-30.296195,153.121098,"Melaleuca quinquenervia"
-30.296179,153.121189,"Melaleuca quinquenervia"
-30.295751,153.131749,"Melaleuca quinquenervia"
-30.295572,153.125061,"Melaleuca quinquenervia"
-30.294354,153.128376,"Melaleuca quinquenervia"
-30.294137,153.126763,"Melaleuca quinquenervia"
-30.293688,153.128169,"Melaleuca quinquenervia"
-30.292614,153.127845,"Melaleuca quinquenervia"
-30.292379,153.124585,"Melaleuca quinquenervia"
-30.292306,153.128884,"Melaleuca quinquenervia"
-30.292216,153.120877,"Melaleuca quinquenervia"
-30.291658,153.130543,"Melaleuca quinquenervia"
-30.291279,153.127625,"Melaleuca quinquenervia"
-30.290284,153.13411,"Melaleuca quinquenervia"
-30.287807,153.138179,"Melaleuca quinquenervia"
-30.285597,153.125808,"Melaleuca quinquenervia"
-30.283333,153.133333,"Melaleuca quinquenervia"
-30.28186,153.117825,"Melaleuca quinquenervia"
-30.281729,153.140412,"Melaleuca quinquenervia"
-30.281611,153.140694,"Melaleuca quinquenervia"
-30.281611,153.140694,"Melaleuca quinquenervia"
-30.281363,153.137986,"Melaleuca quinquenervia"
-30.280906,153.140619,"Melaleuca quinquenervia"
-30.279167,153.133056,"Melaleuca quinquenervia"
-30.278572,153.139367,"Melaleuca quinquenervia"
-30.278431,153.133996,"Melaleuca quinquenervia"
-30.278111,153.141922,"Melaleuca quinquenervia"
-30.270462,153.14287,"Melaleuca quinquenervia"
-30.270462,153.14287,"Melaleuca quinquenervia"
-30.266667,153.083333,"Melaleuca quinquenervia"
-30.266388,153.14039,"Melaleuca quinquenervia"
-30.25,153.116667,"Melaleuca quinquenervia"
-30.248409,153.084413,"Melaleuca quinquenervia"
-30.243836,153.041371,"Melaleuca quinquenervia"
-30.214018,153.159534,"Melaleuca quinquenervia"
-30.2117,153.1561,"Melaleuca quinquenervia"
-30.210868,153.151736,"Melaleuca quinquenervia"
-30.209516,153.150695,"Melaleuca quinquenervia"
-30.208618,153.153825,"Melaleuca quinquenervia"
-30.208401,153.159654,"Melaleuca quinquenervia"
-30.207024,153.15973,"Melaleuca quinquenervia"
-30.207024,153.159003,"Melaleuca quinquenervia"
-30.207024,153.15973,"Melaleuca quinquenervia"
-30.2057,153.161416,"Melaleuca quinquenervia"
-30.205699,153.144954,"Melaleuca quinquenervia"
-30.204103,153.155886,"Melaleuca quinquenervia"
-30.202033,153.156277,"Melaleuca quinquenervia"
-30.201379,153.16315,"Melaleuca quinquenervia"
-30.201379,153.16315,"Melaleuca quinquenervia"
-30.200636,153.147922,"Melaleuca quinquenervia"
-30.2,153.016667,"Melaleuca quinquenervia"
-30.198827,153.145521,"Melaleuca quinquenervia"
-30.198702,153.145598,"Melaleuca quinquenervia"
-30.198702,153.145598,"Melaleuca quinquenervia"
-30.198702,153.145598,"Melaleuca quinquenervia"
-30.198702,153.145598,"Melaleuca quinquenervia"
-30.198702,153.145598,"Melaleuca quinquenervia"
-30.198302,153.143017,"Melaleuca quinquenervia"
-30.198302,153.143017,"Melaleuca quinquenervia"
-30.198302,153.143017,"Melaleuca quinquenervia"
-30.198302,153.143017,"Melaleuca quinquenervia"
-30.198302,153.143017,"Melaleuca quinquenervia"
-30.197832,153.149875,"Melaleuca quinquenervia"
-30.197586,152.727334,"Melaleuca quinquenervia"
-30.197195,153.152707,"Melaleuca quinquenervia"
-30.196356,153.149638,"Melaleuca quinquenervia"
-30.193234,153.164762,"Melaleuca quinquenervia"
-30.192986,153.167909,"Melaleuca quinquenervia"
-30.192986,153.167909,"Melaleuca quinquenervia"
-30.192976,153.168542,"Melaleuca quinquenervia"
-30.192976,153.168542,"Melaleuca quinquenervia"
-30.192764,153.168242,"Melaleuca quinquenervia"
-30.19233,153.151245,"Melaleuca quinquenervia"
-30.192,153.164,"Melaleuca quinquenervia"
-30.190987,153.164789,"Melaleuca quinquenervia"
-30.190987,153.164789,"Melaleuca quinquenervia"
-30.190987,153.164789,"Melaleuca quinquenervia"
-30.19028,153.162924,"Melaleuca quinquenervia"
-30.19028,153.162924,"Melaleuca quinquenervia"
-30.189487,153.15899,"Melaleuca quinquenervia"
-30.188765,153.145989,"Melaleuca quinquenervia"
-30.188545,153.145993,"Melaleuca quinquenervia"
-30.188545,153.145993,"Melaleuca quinquenervia"
-30.18827,153.146517,"Melaleuca quinquenervia"
-30.187935,153.150625,"Melaleuca quinquenervia"
-30.186942,153.161568,"Melaleuca quinquenervia"
-30.185461,153.173568,"Melaleuca quinquenervia"
-30.185461,153.173568,"Melaleuca quinquenervia"
-30.185031,153.14926,"Melaleuca quinquenervia"
-30.185031,153.14926,"Melaleuca quinquenervia"
-30.184277,153.130925,"Melaleuca quinquenervia"
-30.181178,153.177066,"Melaleuca quinquenervia"
-30.179472,153.178356,"Melaleuca quinquenervia"
-30.179472,153.178356,"Melaleuca quinquenervia"
-30.179365,153.15055,"Melaleuca quinquenervia"
-30.179113,153.150134,"Melaleuca quinquenervia"
-30.178387,153.146493,"Melaleuca quinquenervia"
-30.178098,153.180244,"Melaleuca quinquenervia"
-30.178098,153.180244,"Melaleuca quinquenervia"
-30.176093,153.182847,"Melaleuca quinquenervia"
-30.172666,153.179652,"Melaleuca quinquenervia"
-30.172666,153.179652,"Melaleuca quinquenervia"
-30.171612,153.184826,"Melaleuca quinquenervia"
-30.16809,153.18003,"Melaleuca quinquenervia"
-30.162665,153.187454,"Melaleuca quinquenervia"
-30.162578,153.167245,"Melaleuca quinquenervia"
-30.145935,153.186249,"Melaleuca quinquenervia"
-30.145811,153.186256,"Melaleuca quinquenervia"
-30.145684,153.186272,"Melaleuca quinquenervia"
-30.144225,153.191614,"Melaleuca quinquenervia"
-30.143232,153.191613,"Melaleuca quinquenervia"
-30.142325,153.192701,"Melaleuca quinquenervia"
-30.142325,153.192701,"Melaleuca quinquenervia"
-30.142325,153.192701,"Melaleuca quinquenervia"
-30.142058,153.192337,"Melaleuca quinquenervia"
-30.140707,153.190362,"Melaleuca quinquenervia"
-30.139622,153.192125,"Melaleuca quinquenervia"
-30.137997,153.192745,"Melaleuca quinquenervia"
-30.137004,153.193054,"Melaleuca quinquenervia"
-30.136145,153.193675,"Melaleuca quinquenervia"
-30.135875,153.193675,"Melaleuca quinquenervia"
-30.128253,153.191065,"Melaleuca quinquenervia"
-30.121365,153.196823,"Melaleuca quinquenervia"
-30.104245,153.197132,"Melaleuca quinquenervia"
-30.103001,153.19633,"Melaleuca quinquenervia"
-30.101945,153.196099,"Melaleuca quinquenervia"
-30.094042,153.19728,"Melaleuca quinquenervia"
-30.093345,153.184048,"Melaleuca quinquenervia"
-30.091454,153.187355,"Melaleuca quinquenervia"
-30.085913,153.19914,"Melaleuca quinquenervia"
-30.085913,153.19914,"Melaleuca quinquenervia"
-30.085138,153.19439,"Melaleuca quinquenervia"
-30.082147,153.201052,"Melaleuca quinquenervia"
-30.082147,153.201052,"Melaleuca quinquenervia"
-30.079943,153.197442,"Melaleuca quinquenervia"
-30.078995,153.197641,"Melaleuca quinquenervia"
-30.078313,153.202099,"Melaleuca quinquenervia"
-30.078142,153.195428,"Melaleuca quinquenervia"
-30.078056,153.201111,"Melaleuca quinquenervia"
-30.078049,153.196954,"Melaleuca quinquenervia"
-30.076811,153.193041,"Melaleuca quinquenervia"
-30.076235,153.202972,"Melaleuca quinquenervia"
-30.075964,153.189823,"Melaleuca quinquenervia"
-30.075964,153.189823,"Melaleuca quinquenervia"
-30.075273,153.202217,"Melaleuca quinquenervia"
-30.075253,153.202416,"Melaleuca quinquenervia"
-30.07425,153.20053,"Melaleuca quinquenervia"
-30.074223,153.200595,"Melaleuca quinquenervia"
-30.074169,153.200496,"Melaleuca quinquenervia"
-30.074164,153.20053,"Melaleuca quinquenervia"
-30.073945,153.201129,"Melaleuca quinquenervia"
-30.073945,153.201129,"Melaleuca quinquenervia"
-30.073945,153.201129,"Melaleuca quinquenervia"
-30.073655,153.20118,"Melaleuca quinquenervia"
-30.072936,153.200592,"Melaleuca quinquenervia"
-30.072739,153.192141,"Melaleuca quinquenervia"
-30.072154,153.191091,"Melaleuca quinquenervia"
-30.072154,153.191091,"Melaleuca quinquenervia"
-30.071403,153.191972,"Melaleuca quinquenervia"
-30.071317,153.200287,"Melaleuca quinquenervia"
-30.070536,153.199662,"Melaleuca quinquenervia"
-30.066072,153.200088,"Melaleuca quinquenervia"
-30.064353,153.200137,"Melaleuca quinquenervia"
-30.06379,153.199228,"Melaleuca quinquenervia"
-30.063773,153.199166,"Melaleuca quinquenervia"
-30.06361,153.200661,"Melaleuca quinquenervia"
-30.063271,153.189379,"Melaleuca quinquenervia"
-30.063271,153.189379,"Melaleuca quinquenervia"
-30.062094,153.183218,"Melaleuca quinquenervia"
-30.060147,153.174386,"Melaleuca quinquenervia"
-30.060147,153.174386,"Melaleuca quinquenervia"
-30.059864,153.176969,"Melaleuca quinquenervia"
-30.059864,153.176969,"Melaleuca quinquenervia"
-30.05966,153.19041,"Melaleuca quinquenervia"
-30.05966,153.19041,"Melaleuca quinquenervia"
-30.058931,153.18592,"Melaleuca quinquenervia"
-30.058931,153.18592,"Melaleuca quinquenervia"
-30.058754,153.193001,"Melaleuca quinquenervia"
-30.058574,153.183212,"Melaleuca quinquenervia"
-30.055617,153.193985,"Melaleuca quinquenervia"
-30.055551,153.194004,"Melaleuca quinquenervia"
-30.05514,153.179761,"Melaleuca quinquenervia"
-30.055098,153.190996,"Melaleuca quinquenervia"
-30.054922,153.181047,"Melaleuca quinquenervia"
-30.054922,153.181047,"Melaleuca quinquenervia"
-30.054381,153.193589,"Melaleuca quinquenervia"
-30.053956,153.18143,"Melaleuca quinquenervia"
-30.052346,153.18403,"Melaleuca quinquenervia"
-30.052074,153.184549,"Melaleuca quinquenervia"
-30.05094,153.16936,"Melaleuca quinquenervia"
-30.05094,153.16936,"Melaleuca quinquenervia"
-30.05022,153.18108,"Melaleuca quinquenervia"
-30.05,153.083333,"Melaleuca quinquenervia"
-30.05,153.083333,"Melaleuca quinquenervia"
-30.049747,153.186246,"Melaleuca quinquenervia"
-30.046343,153.171758,"Melaleuca quinquenervia"
-30.044713,153.192926,"Melaleuca quinquenervia"
-30.044068,153.179576,"Melaleuca quinquenervia"
-30.044068,153.179576,"Melaleuca quinquenervia"
-30.044068,153.179576,"Melaleuca quinquenervia"
-30.043597,153.189838,"Melaleuca quinquenervia"
-30.043596,153.189783,"Melaleuca quinquenervia"
-30.043581,153.189831,"Melaleuca quinquenervia"
-30.043466,153.189838,"Melaleuca quinquenervia"
-30.043378,153.189843,"Melaleuca quinquenervia"
-30.043365,153.189824,"Melaleuca quinquenervia"
-30.043258,153.190485,"Melaleuca quinquenervia"
-30.043232,153.190134,"Melaleuca quinquenervia"
-30.043228,153.190209,"Melaleuca quinquenervia"
-30.043225,153.19018,"Melaleuca quinquenervia"
-30.043214,153.190182,"Melaleuca quinquenervia"
-30.043199,153.19007,"Melaleuca quinquenervia"
-30.043191,153.190084,"Melaleuca quinquenervia"
-30.043182,153.190141,"Melaleuca quinquenervia"
-30.043173,153.190196,"Melaleuca quinquenervia"
-30.043168,153.190029,"Melaleuca quinquenervia"
-30.043164,153.190162,"Melaleuca quinquenervia"
-30.043164,153.19033,"Melaleuca quinquenervia"
-30.043163,153.190086,"Melaleuca quinquenervia"
-30.043147,153.189991,"Melaleuca quinquenervia"
-30.043142,153.190147,"Melaleuca quinquenervia"
-30.04314,153.190105,"Melaleuca quinquenervia"
-30.043132,153.190058,"Melaleuca quinquenervia"
-30.043122,153.190006,"Melaleuca quinquenervia"
-30.043121,153.19018,"Melaleuca quinquenervia"
-30.043119,153.190141,"Melaleuca quinquenervia"
-30.043118,153.189966,"Melaleuca quinquenervia"
-30.043115,153.190039,"Melaleuca quinquenervia"
-30.043109,153.190083,"Melaleuca quinquenervia"
-30.043095,153.190116,"Melaleuca quinquenervia"
-30.043092,153.190183,"Melaleuca quinquenervia"
-30.04309,153.19004,"Melaleuca quinquenervia"
-30.043088,153.18998,"Melaleuca quinquenervia"
-30.043086,153.190149,"Melaleuca quinquenervia"
-30.043077,153.1901,"Melaleuca quinquenervia"
-30.043075,153.190214,"Melaleuca quinquenervia"
-30.043072,153.190001,"Melaleuca quinquenervia"
-30.043069,153.190064,"Melaleuca quinquenervia"
-30.04306,153.190142,"Melaleuca quinquenervia"
-30.043049,153.19007,"Melaleuca quinquenervia"
-30.043045,153.190103,"Melaleuca quinquenervia"
-30.043045,153.19003,"Melaleuca quinquenervia"
-30.043016,153.190027,"Melaleuca quinquenervia"
-30.043006,153.190206,"Melaleuca quinquenervia"
-30.042982,153.19014,"Melaleuca quinquenervia"
-30.042973,153.190096,"Melaleuca quinquenervia"
-30.042731,153.190604,"Melaleuca quinquenervia"
-30.042727,153.190504,"Melaleuca quinquenervia"
-30.042556,153.190442,"Melaleuca quinquenervia"
-30.04247,153.158495,"Melaleuca quinquenervia"
-30.04247,153.158495,"Melaleuca quinquenervia"
-30.039802,153.192965,"Melaleuca quinquenervia"
-30.039802,153.192965,"Melaleuca quinquenervia"
-30.039798,153.195558,"Melaleuca quinquenervia"
-30.039798,153.195558,"Melaleuca quinquenervia"
-30.039744,153.183152,"Melaleuca quinquenervia"
-30.039744,153.183152,"Melaleuca quinquenervia"
-30.03955,153.176933,"Melaleuca quinquenervia"
-30.03955,153.176933,"Melaleuca quinquenervia"
-30.035936,153.186344,"Melaleuca quinquenervia"
-30.035823,153.189435,"Melaleuca quinquenervia"
-30.035677,153.190503,"Melaleuca quinquenervia"
-30.035545,153.188148,"Melaleuca quinquenervia"
-30.035228,153.169167,"Melaleuca quinquenervia"
-30.035228,153.169167,"Melaleuca quinquenervia"
-30.035,153.198,"Melaleuca quinquenervia"
-30.034722,153.192222,"Melaleuca quinquenervia"
-30.034484,153.191895,"Melaleuca quinquenervia"
-30.029239,153.192067,"Melaleuca quinquenervia"
-30.02717,153.157202,"Melaleuca quinquenervia"
-30.025713,153.20323,"Melaleuca quinquenervia"
-30.024852,153.200252,"Melaleuca quinquenervia"
-30.024775,153.203238,"Melaleuca quinquenervia"
-30.023535,153.199658,"Melaleuca quinquenervia"
-30.022686,153.177381,"Melaleuca quinquenervia"
-30.022359,153.203367,"Melaleuca quinquenervia"
-30.021896,153.203232,"Melaleuca quinquenervia"
-30.021742,153.203933,"Melaleuca quinquenervia"
-30.02174,153.204985,"Melaleuca quinquenervia"
-30.021721,153.203568,"Melaleuca quinquenervia"
-30.020717,153.200824,"Melaleuca quinquenervia"
-30.020717,153.200824,"Melaleuca quinquenervia"
-30.010569,153.205183,"Melaleuca quinquenervia"
-30.004481,153.207375,"Melaleuca quinquenervia"
-30.000588,153.158242,"Melaleuca quinquenervia"
-30.000138,153.166972,"Melaleuca quinquenervia"
-30.000091,153.158386,"Melaleuca quinquenervia"
-30.000028,153.215225,"Melaleuca quinquenervia"
-30.000028,153.215225,"Melaleuca quinquenervia"
-29.996555,153.220257,"Melaleuca quinquenervia"
-29.996555,153.220257,"Melaleuca quinquenervia"
-29.99644,153.216352,"Melaleuca quinquenervia"
-29.991397,153.223469,"Melaleuca quinquenervia"
-29.991091,153.225166,"Melaleuca quinquenervia"
-29.991015,153.156226,"Melaleuca quinquenervia"
-29.990784,153.221943,"Melaleuca quinquenervia"
-29.990643,153.149953,"Melaleuca quinquenervia"
-29.989314,153.223967,"Melaleuca quinquenervia"
-29.989073,153.223653,"Melaleuca quinquenervia"
-29.988781,153.160121,"Melaleuca quinquenervia"
-29.988625,153.223746,"Melaleuca quinquenervia"
-29.988139,153.224775,"Melaleuca quinquenervia"
-29.988036,153.224594,"Melaleuca quinquenervia"
-29.986885,153.219975,"Melaleuca quinquenervia"
-29.986538,153.225883,"Melaleuca quinquenervia"
-29.98309,153.220403,"Melaleuca quinquenervia"
-29.982674,153.223361,"Melaleuca quinquenervia"
-29.982061,153.225626,"Melaleuca quinquenervia"
-29.979212,153.138958,"Melaleuca quinquenervia"
-29.977599,153.148276,"Melaleuca quinquenervia"
-29.97695,153.224894,"Melaleuca quinquenervia"
-29.97695,153.224894,"Melaleuca quinquenervia"
-29.97682,153.22439,"Melaleuca quinquenervia"
-29.97646,153.225424,"Melaleuca quinquenervia"
-29.976401,153.225421,"Melaleuca quinquenervia"
-29.976339,153.22583,"Melaleuca quinquenervia"
-29.974871,153.16242,"Melaleuca quinquenervia"
-29.974871,153.16242,"Melaleuca quinquenervia"
-29.974707,153.163602,"Melaleuca quinquenervia"
-29.971688,153.201233,"Melaleuca quinquenervia"
-29.968452,153.228068,"Melaleuca quinquenervia"
-29.964434,153.176495,"Melaleuca quinquenervia"
-29.964434,153.176495,"Melaleuca quinquenervia"
-29.963589,153.172026,"Melaleuca quinquenervia"
-29.961524,153.186066,"Melaleuca quinquenervia"
-29.954796,153.19477,"Melaleuca quinquenervia"
-29.952377,153.239643,"Melaleuca quinquenervia"
-29.950754,153.238707,"Melaleuca quinquenervia"
-29.949267,153.237874,"Melaleuca quinquenervia"
-29.946698,153.141236,"Melaleuca quinquenervia"
-29.945941,153.072023,"Melaleuca quinquenervia"
-29.942538,153.20019,"Melaleuca quinquenervia"
-29.942538,153.20019,"Melaleuca quinquenervia"
-29.940861,153.155301,"Melaleuca quinquenervia"
-29.938788,153.152882,"Melaleuca quinquenervia"
-29.938242,153.153325,"Melaleuca quinquenervia"
-29.938242,153.153325,"Melaleuca quinquenervia"
-29.938106,153.157803,"Melaleuca quinquenervia"
-29.937498,153.14921,"Melaleuca quinquenervia"
-29.937209,153.153138,"Melaleuca quinquenervia"
-29.9333,153.2,"Melaleuca quinquenervia"
-29.921859,153.159331,"Melaleuca quinquenervia"
-29.920959,153.157517,"Melaleuca quinquenervia"
-29.916442,153.161395,"Melaleuca quinquenervia"
-29.915202,153.233669,"Melaleuca quinquenervia"
-29.915202,153.233669,"Melaleuca quinquenervia"
-29.899304,153.154117,"Melaleuca quinquenervia"
-29.899068,153.155405,"Melaleuca quinquenervia"
-29.895367,153.219615,"Melaleuca quinquenervia"
-29.894954,153.189226,"Melaleuca quinquenervia"
-29.894954,153.189226,"Melaleuca quinquenervia"
-29.878803,153.186679,"Melaleuca quinquenervia"
-29.878803,153.186679,"Melaleuca quinquenervia"
-29.865591,152.878968,"Melaleuca quinquenervia"
-29.859481,153.266118,"Melaleuca quinquenervia"
-29.859481,153.266118,"Melaleuca quinquenervia"
-29.859481,153.266118,"Melaleuca quinquenervia"
-29.854944,153.269384,"Melaleuca quinquenervia"
-29.854853,153.224705,"Melaleuca quinquenervia"
-29.852433,153.260347,"Melaleuca quinquenervia"
-29.852,153.261,"Melaleuca quinquenervia"
-29.850775,153.266892,"Melaleuca quinquenervia"
-29.850775,153.266906,"Melaleuca quinquenervia"
-29.849888,153.262965,"Melaleuca quinquenervia"
-29.849457,152.855031,"Melaleuca quinquenervia"
-29.849457,152.855031,"Melaleuca quinquenervia"
-29.849457,152.855031,"Melaleuca quinquenervia"
-29.848363,153.260923,"Melaleuca quinquenervia"
-29.838026,152.784585,"Melaleuca quinquenervia"
-29.837677,152.820447,"Melaleuca quinquenervia"
-29.833944,153.250534,"Melaleuca quinquenervia"
-29.833944,153.250534,"Melaleuca quinquenervia"
-29.829802,153.281261,"Melaleuca quinquenervia"
-29.828855,153.253569,"Melaleuca quinquenervia"
-29.828764,153.278957,"Melaleuca quinquenervia"
-29.82817,152.812102,"Melaleuca quinquenervia"
-29.828053,152.812453,"Melaleuca quinquenervia"
-29.82782,153.278674,"Melaleuca quinquenervia"
-29.827761,152.774449,"Melaleuca quinquenervia"
-29.827584,152.807844,"Melaleuca quinquenervia"
-29.827495,153.278305,"Melaleuca quinquenervia"
-29.827394,152.807844,"Melaleuca quinquenervia"
-29.825935,153.27486,"Melaleuca quinquenervia"
-29.822304,152.807574,"Melaleuca quinquenervia"
-29.822304,152.807574,"Melaleuca quinquenervia"
-29.821511,153.264914,"Melaleuca quinquenervia"
-29.819947,153.284705,"Melaleuca quinquenervia"
-29.817635,153.282577,"Melaleuca quinquenervia"
-29.817635,153.282577,"Melaleuca quinquenervia"
-29.8167,153.25,"Melaleuca quinquenervia"
-29.8167,153.2667,"Melaleuca quinquenervia"
-29.8167,153.25,"Melaleuca quinquenervia"
-29.8167,153.25,"Melaleuca quinquenervia"
-29.8167,153.2667,"Melaleuca quinquenervia"
-29.8167,153.2667,"Melaleuca quinquenervia"
-29.816609,153.255365,"Melaleuca quinquenervia"
-29.816609,153.255365,"Melaleuca quinquenervia"
-29.816609,153.255365,"Melaleuca quinquenervia"
-29.816609,153.255365,"Melaleuca quinquenervia"
-29.816609,153.255365,"Melaleuca quinquenervia"
-29.816609,153.255365,"Melaleuca quinquenervia"
-29.816609,153.255365,"Melaleuca quinquenervia"
-29.816609,153.255365,"Melaleuca quinquenervia"
-29.816609,153.255365,"Melaleuca quinquenervia"
-29.810246,152.823497,"Melaleuca quinquenervia"
-29.80947,152.823726,"Melaleuca quinquenervia"
-29.808631,152.823707,"Melaleuca quinquenervia"
-29.808165,153.205662,"Melaleuca quinquenervia"
-29.801308,153.010687,"Melaleuca quinquenervia"
-29.8,153.15,"Melaleuca quinquenervia"
-29.797978,153.253997,"Melaleuca quinquenervia"
-29.795084,153.27734,"Melaleuca quinquenervia"
-29.795084,153.27734,"Melaleuca quinquenervia"
-29.795084,153.27734,"Melaleuca quinquenervia"
-29.793001,152.805244,"Melaleuca quinquenervia"
-29.791944,152.813056,"Melaleuca quinquenervia"
-29.783296,153.127482,"Melaleuca quinquenervia"
-29.783294,153.129717,"Melaleuca quinquenervia"
-29.78207,153.269615,"Melaleuca quinquenervia"
-29.782043,153.263667,"Melaleuca quinquenervia"
-29.781665,153.133822,"Melaleuca quinquenervia"
-29.780124,153.1404,"Melaleuca quinquenervia"
-29.776307,152.772586,"Melaleuca quinquenervia"
-29.770574,153.267687,"Melaleuca quinquenervia"
-29.770491,152.775289,"Melaleuca quinquenervia"
-29.77,153.28,"Melaleuca quinquenervia"
-29.7667,153.2833,"Melaleuca quinquenervia"
-29.766667,153.283333,"Melaleuca quinquenervia"
-29.766667,153.283333,"Melaleuca quinquenervia"
-29.766436,153.294437,"Melaleuca quinquenervia"
-29.765597,153.29544,"Melaleuca quinquenervia"
-29.763457,153.295871,"Melaleuca quinquenervia"
-29.763457,153.295871,"Melaleuca quinquenervia"
-29.761906,153.291759,"Melaleuca quinquenervia"
-29.761692,153.277248,"Melaleuca quinquenervia"
-29.761692,153.277248,"Melaleuca quinquenervia"
-29.76169,153.278282,"Melaleuca quinquenervia"
-29.760759,153.291726,"Melaleuca quinquenervia"
-29.760759,153.291726,"Melaleuca quinquenervia"
-29.760544,153.127764,"Melaleuca quinquenervia"
-29.760425,153.291756,"Melaleuca quinquenervia"
-29.760425,153.291756,"Melaleuca quinquenervia"
-29.760224,153.292143,"Melaleuca quinquenervia"
-29.759076,153.289282,"Melaleuca quinquenervia"
-29.752066,153.279802,"Melaleuca quinquenervia"
-29.750971,153.124825,"Melaleuca quinquenervia"
-29.750058,153.135983,"Melaleuca quinquenervia"
-29.749856,152.902744,"Melaleuca quinquenervia"
-29.749315,153.129663,"Melaleuca quinquenervia"
-29.747279,153.134728,"Melaleuca quinquenervia"
-29.746927,153.134821,"Melaleuca quinquenervia"
-29.746095,153.246485,"Melaleuca quinquenervia"
-29.743422,153.135005,"Melaleuca quinquenervia"
-29.740848,153.080936,"Melaleuca quinquenervia"
-29.733822,152.919579,"Melaleuca quinquenervia"
-29.733436,152.918953,"Melaleuca quinquenervia"
-29.728084,152.9206,"Melaleuca quinquenervia"
-29.728084,152.9206,"Melaleuca quinquenervia"
-29.715742,153.237834,"Melaleuca quinquenervia"
-29.713505,153.223492,"Melaleuca quinquenervia"
-29.705397,152.943161,"Melaleuca quinquenervia"
-29.701986,152.962635,"Melaleuca quinquenervia"
-29.699011,153.223398,"Melaleuca quinquenervia"
-29.699011,153.223398,"Melaleuca quinquenervia"
-29.698452,153.307052,"Melaleuca quinquenervia"
-29.698452,153.307052,"Melaleuca quinquenervia"
-29.694164,153.116127,"Melaleuca quinquenervia"
-29.691855,153.24818,"Melaleuca quinquenervia"
-29.691855,153.24818,"Melaleuca quinquenervia"
-29.691835,153.2399,"Melaleuca quinquenervia"
-29.691835,153.2399,"Melaleuca quinquenervia"
-29.691309,153.112461,"Melaleuca quinquenervia"
-29.686837,152.890618,"Melaleuca quinquenervia"
-29.684935,152.917005,"Melaleuca quinquenervia"
-29.684935,152.917005,"Melaleuca quinquenervia"
-29.684935,152.917005,"Melaleuca quinquenervia"
-29.684935,152.917005,"Melaleuca quinquenervia"
-29.684935,152.917005,"Melaleuca quinquenervia"
-29.684935,152.917005,"Melaleuca quinquenervia"
-29.683252,153.237757,"Melaleuca quinquenervia"
-29.683252,153.237757,"Melaleuca quinquenervia"
-29.683252,153.237757,"Melaleuca quinquenervia"
-29.683252,153.237757,"Melaleuca quinquenervia"
-29.682006,152.913756,"Melaleuca quinquenervia"
-29.682006,152.913756,"Melaleuca quinquenervia"
-29.682006,152.913756,"Melaleuca quinquenervia"
-29.682006,152.913756,"Melaleuca quinquenervia"
-29.677395,153.239907,"Melaleuca quinquenervia"
-29.665367,153.124051,"Melaleuca quinquenervia"
-29.665367,153.124051,"Melaleuca quinquenervia"
-29.659405,153.074699,"Melaleuca quinquenervia"
-29.658223,153.122798,"Melaleuca quinquenervia"
-29.655874,153.173778,"Melaleuca quinquenervia"
-29.655874,153.173778,"Melaleuca quinquenervia"
-29.655842,153.175025,"Melaleuca quinquenervia"
-29.655842,153.175025,"Melaleuca quinquenervia"
-29.655842,153.175025,"Melaleuca quinquenervia"
-29.655752,153.199989,"Melaleuca quinquenervia"
-29.655752,153.199989,"Melaleuca quinquenervia"
-29.653422,153.263002,"Melaleuca quinquenervia"
-29.653422,153.263002,"Melaleuca quinquenervia"
-29.653422,153.263002,"Melaleuca quinquenervia"
-29.653422,153.263002,"Melaleuca quinquenervia"
-29.649334,153.088072,"Melaleuca quinquenervia"
-29.648852,153.116484,"Melaleuca quinquenervia"
-29.645175,153.120572,"Melaleuca quinquenervia"
-29.640776,153.268651,"Melaleuca quinquenervia"
-29.640776,153.268651,"Melaleuca quinquenervia"
-29.640776,153.268651,"Melaleuca quinquenervia"
-29.636999,152.769295,"Melaleuca quinquenervia"
-29.636946,152.769187,"Melaleuca quinquenervia"
-29.636943,152.769202,"Melaleuca quinquenervia"
-29.636029,152.765454,"Melaleuca quinquenervia"
-29.63586,152.764907,"Melaleuca quinquenervia"
-29.635857,152.764803,"Melaleuca quinquenervia"
-29.635794,152.764746,"Melaleuca quinquenervia"
-29.635792,152.76459,"Melaleuca quinquenervia"
-29.635748,152.76453,"Melaleuca quinquenervia"
-29.634666,152.922747,"Melaleuca quinquenervia"
-29.634309,153.008554,"Melaleuca quinquenervia"
-29.631663,152.946013,"Melaleuca quinquenervia"
-29.63028,153.321565,"Melaleuca quinquenervia"
-29.63028,153.321565,"Melaleuca quinquenervia"
-29.62983,153.321047,"Melaleuca quinquenervia"
-29.626456,153.053416,"Melaleuca quinquenervia"
-29.625509,153.098721,"Melaleuca quinquenervia"
-29.624453,153.304761,"Melaleuca quinquenervia"
-29.623576,153.101498,"Melaleuca quinquenervia"
-29.62357,153.128954,"Melaleuca quinquenervia"
-29.622269,153.183822,"Melaleuca quinquenervia"
-29.622269,153.183822,"Melaleuca quinquenervia"
-29.621541,153.094338,"Melaleuca quinquenervia"
-29.620831,153.315759,"Melaleuca quinquenervia"
-29.619226,153.101339,"Melaleuca quinquenervia"
-29.619162,152.969199,"Melaleuca quinquenervia"
-29.61834,153.059371,"Melaleuca quinquenervia"
-29.618268,153.103362,"Melaleuca quinquenervia"
-29.612557,153.140632,"Melaleuca quinquenervia"
-29.612557,153.140632,"Melaleuca quinquenervia"
-29.611196,153.135081,"Melaleuca quinquenervia"
-29.60948,152.978414,"Melaleuca quinquenervia"
-29.60651,153.02584,"Melaleuca quinquenervia"
-29.60622,153.028505,"Melaleuca quinquenervia"
-29.60435,153.173472,"Melaleuca quinquenervia"
-29.601517,152.940897,"Melaleuca quinquenervia"
-29.599666,153.078218,"Melaleuca quinquenervia"
-29.599284,153.08271,"Melaleuca quinquenervia"
-29.598271,153.086282,"Melaleuca quinquenervia"
-29.597305,153.183932,"Melaleuca quinquenervia"
-29.597305,153.183932,"Melaleuca quinquenervia"
-29.592877,153.185122,"Melaleuca quinquenervia"
-29.592444,152.909216,"Melaleuca quinquenervia"
-29.589193,153.324333,"Melaleuca quinquenervia"
-29.589193,153.324333,"Melaleuca quinquenervia"
-29.588249,153.125708,"Melaleuca quinquenervia"
-29.588204,152.922339,"Melaleuca quinquenervia"
-29.588179,152.970901,"Melaleuca quinquenervia"
-29.588145,153.21925,"Melaleuca quinquenervia"
-29.588145,153.21925,"Melaleuca quinquenervia"
-29.587463,153.20564,"Melaleuca quinquenervia"
-29.587463,153.20564,"Melaleuca quinquenervia"
-29.585303,153.097278,"Melaleuca quinquenervia"
-29.58516,153.095254,"Melaleuca quinquenervia"
-29.583023,153.166864,"Melaleuca quinquenervia"
-29.582898,153.103708,"Melaleuca quinquenervia"
-29.582619,153.089841,"Melaleuca quinquenervia"
-29.58192,153.324005,"Melaleuca quinquenervia"
-29.581595,153.170521,"Melaleuca quinquenervia"
-29.581543,153.151565,"Melaleuca quinquenervia"
-29.581543,153.151565,"Melaleuca quinquenervia"
-29.58041,153.170502,"Melaleuca quinquenervia"
-29.579468,153.192934,"Melaleuca quinquenervia"
-29.579468,153.192934,"Melaleuca quinquenervia"
-29.576641,153.325894,"Melaleuca quinquenervia"
-29.575899,153.211436,"Melaleuca quinquenervia"
-29.575809,153.137886,"Melaleuca quinquenervia"
-29.5758,153.154292,"Melaleuca quinquenervia"
-29.5758,153.154292,"Melaleuca quinquenervia"
-29.575604,153.040483,"Melaleuca quinquenervia"
-29.575278,153.323889,"Melaleuca quinquenervia"
-29.575278,153.323889,"Melaleuca quinquenervia"
-29.575278,153.323889,"Melaleuca quinquenervia"
-29.573772,153.14414,"Melaleuca quinquenervia"
-29.572922,153.33255,"Melaleuca quinquenervia"
-29.572804,152.795603,"Melaleuca quinquenervia"
-29.572097,153.330413,"Melaleuca quinquenervia"
-29.571633,153.330078,"Melaleuca quinquenervia"
-29.570842,152.953539,"Melaleuca quinquenervia"
-29.570842,152.953539,"Melaleuca quinquenervia"
-29.569967,153.331647,"Melaleuca quinquenervia"
-29.569967,153.331647,"Melaleuca quinquenervia"
-29.569611,153.174611,"Melaleuca quinquenervia"
-29.569611,153.174611,"Melaleuca quinquenervia"
-29.56862,153.179637,"Melaleuca quinquenervia"
-29.568444,153.327306,"Melaleuca quinquenervia"
-29.568159,153.332728,"Melaleuca quinquenervia"
-29.567591,153.33355,"Melaleuca quinquenervia"
-29.567591,153.33355,"Melaleuca quinquenervia"
-29.567591,153.33355,"Melaleuca quinquenervia"
-29.566299,153.33324,"Melaleuca quinquenervia"
-29.566142,152.957719,"Melaleuca quinquenervia"
-29.56582,153.145834,"Melaleuca quinquenervia"
-29.565567,153.168131,"Melaleuca quinquenervia"
-29.564844,152.903433,"Melaleuca quinquenervia"
-29.564844,152.903433,"Melaleuca quinquenervia"
-29.564418,153.19412,"Melaleuca quinquenervia"
-29.563972,153.190506,"Melaleuca quinquenervia"
-29.562772,153.165824,"Melaleuca quinquenervia"
-29.562018,153.069331,"Melaleuca quinquenervia"
-29.559472,153.326959,"Melaleuca quinquenervia"
-29.558939,153.170886,"Melaleuca quinquenervia"
-29.557758,153.176841,"Melaleuca quinquenervia"
-29.557481,153.167622,"Melaleuca quinquenervia"
-29.556599,153.114541,"Melaleuca quinquenervia"
-29.556361,152.917924,"Melaleuca quinquenervia"
-29.556171,153.175124,"Melaleuca quinquenervia"
-29.555241,153.146426,"Melaleuca quinquenervia"
-29.555051,153.17634,"Melaleuca quinquenervia"
-29.553642,152.9195,"Melaleuca quinquenervia"
-29.553563,153.107074,"Melaleuca quinquenervia"
-29.551427,152.964657,"Melaleuca quinquenervia"
-29.551234,153.108352,"Melaleuca quinquenervia"
-29.550159,153.178814,"Melaleuca quinquenervia"
-29.550059,153.276153,"Melaleuca quinquenervia"
-29.548711,153.179497,"Melaleuca quinquenervia"
-29.548711,153.179497,"Melaleuca quinquenervia"
-29.548711,153.179497,"Melaleuca quinquenervia"
-29.548711,153.179497,"Melaleuca quinquenervia"
-29.548711,153.179497,"Melaleuca quinquenervia"
-29.548711,153.179497,"Melaleuca quinquenervia"
-29.548711,153.179497,"Melaleuca quinquenervia"
-29.548711,153.179497,"Melaleuca quinquenervia"
-29.548711,153.179497,"Melaleuca quinquenervia"
-29.548711,153.179497,"Melaleuca quinquenervia"
-29.548711,153.179497,"Melaleuca quinquenervia"
-29.548711,153.179497,"Melaleuca quinquenervia"
-29.548711,153.179497,"Melaleuca quinquenervia"
-29.548095,153.050152,"Melaleuca quinquenervia"
-29.547676,153.331367,"Melaleuca quinquenervia"
-29.547668,153.334464,"Melaleuca quinquenervia"
-29.54748,153.175099,"Melaleuca quinquenervia"
-29.545349,153.169233,"Melaleuca quinquenervia"
-29.542581,153.062372,"Melaleuca quinquenervia"
-29.541605,153.144786,"Melaleuca quinquenervia"
-29.54148,152.960459,"Melaleuca quinquenervia"
-29.540827,153.129148,"Melaleuca quinquenervia"
-29.540525,153.150182,"Melaleuca quinquenervia"
-29.537789,153.314822,"Melaleuca quinquenervia"
-29.536881,153.316883,"Melaleuca quinquenervia"
-29.536494,153.259245,"Melaleuca quinquenervia"
-29.536494,153.259245,"Melaleuca quinquenervia"
-29.536416,153.080398,"Melaleuca quinquenervia"
-29.534574,153.136633,"Melaleuca quinquenervia"
-29.534253,153.197957,"Melaleuca quinquenervia"
-29.533817,152.937469,"Melaleuca quinquenervia"
-29.533707,153.068043,"Melaleuca quinquenervia"
-29.5333,153.3167,"Melaleuca quinquenervia"
-29.5333,153.3167,"Melaleuca quinquenervia"
-29.532932,153.14465,"Melaleuca quinquenervia"
-29.532225,153.145221,"Melaleuca quinquenervia"
-29.531875,153.082655,"Melaleuca quinquenervia"
-29.530831,153.173533,"Melaleuca quinquenervia"
-29.529733,153.072405,"Melaleuca quinquenervia"
-29.528593,153.173281,"Melaleuca quinquenervia"
-29.528151,153.077131,"Melaleuca quinquenervia"
-29.526757,153.151439,"Melaleuca quinquenervia"
-29.526757,153.151439,"Melaleuca quinquenervia"
-29.523595,153.282668,"Melaleuca quinquenervia"
-29.523595,153.282668,"Melaleuca quinquenervia"
-29.523595,153.282668,"Melaleuca quinquenervia"
-29.521828,153.177335,"Melaleuca quinquenervia"
-29.52181,152.825653,"Melaleuca quinquenervia"
-29.517654,153.134701,"Melaleuca quinquenervia"
-29.515934,153.052222,"Melaleuca quinquenervia"
-29.515934,153.052222,"Melaleuca quinquenervia"
-29.515023,153.129858,"Melaleuca quinquenervia"
-29.511385,153.184065,"Melaleuca quinquenervia"
-29.509788,153.065614,"Melaleuca quinquenervia"
-29.50895,153.138311,"Melaleuca quinquenervia"
-29.508636,153.136154,"Melaleuca quinquenervia"
-29.506158,153.332264,"Melaleuca quinquenervia"
-29.504653,153.139348,"Melaleuca quinquenervia"
-29.503291,152.999474,"Melaleuca quinquenervia"
-29.501453,153.143759,"Melaleuca quinquenervia"
-29.501031,153.123134,"Melaleuca quinquenervia"
-29.500554,153.055083,"Melaleuca quinquenervia"
-29.499949,153.023894,"Melaleuca quinquenervia"
-29.498976,153.01499,"Melaleuca quinquenervia"
-29.498822,153.190563,"Melaleuca quinquenervia"
-29.497016,153.214742,"Melaleuca quinquenervia"
-29.495788,153.027948,"Melaleuca quinquenervia"
-29.49477,153.145508,"Melaleuca quinquenervia"
-29.494614,153.031661,"Melaleuca quinquenervia"
-29.493396,153.14932,"Melaleuca quinquenervia"
-29.493396,153.14932,"Melaleuca quinquenervia"
-29.493257,153.105948,"Melaleuca quinquenervia"
-29.493071,153.185672,"Melaleuca quinquenervia"
-29.492927,153.236191,"Melaleuca quinquenervia"
-29.492927,153.236191,"Melaleuca quinquenervia"
-29.49261,153.336346,"Melaleuca quinquenervia"
-29.49261,153.336346,"Melaleuca quinquenervia"
-29.492476,153.111941,"Melaleuca quinquenervia"
-29.492358,153.269738,"Melaleuca quinquenervia"
-29.490565,153.183615,"Melaleuca quinquenervia"
-29.488013,153.181929,"Melaleuca quinquenervia"
-29.4872,153.334265,"Melaleuca quinquenervia"
-29.4872,153.334265,"Melaleuca quinquenervia"
-29.485786,153.077862,"Melaleuca quinquenervia"
-29.48538,153.340448,"Melaleuca quinquenervia"
-29.48538,153.340448,"Melaleuca quinquenervia"
-29.483505,153.273923,"Melaleuca quinquenervia"
-29.48345,153.22579,"Melaleuca quinquenervia"
-29.482604,153.16518,"Melaleuca quinquenervia"
-29.479884,153.186443,"Melaleuca quinquenervia"
-29.479779,153.109864,"Melaleuca quinquenervia"
-29.479018,153.210248,"Melaleuca quinquenervia"
-29.478676,153.149678,"Melaleuca quinquenervia"
-29.478669,153.268845,"Melaleuca quinquenervia"
-29.477812,153.264016,"Melaleuca quinquenervia"
-29.477343,153.254453,"Melaleuca quinquenervia"
-29.475887,152.992819,"Melaleuca quinquenervia"
-29.473839,153.164214,"Melaleuca quinquenervia"
-29.473369,153.215084,"Melaleuca quinquenervia"
-29.473191,153.183408,"Melaleuca quinquenervia"
-29.472456,153.26591,"Melaleuca quinquenervia"
-29.472265,153.275522,"Melaleuca quinquenervia"
-29.470733,153.269928,"Melaleuca quinquenervia"
-29.470429,153.277394,"Melaleuca quinquenervia"
-29.469821,153.24707,"Melaleuca quinquenervia"
-29.469592,153.271854,"Melaleuca quinquenervia"
-29.469335,153.171313,"Melaleuca quinquenervia"
-29.467896,153.253336,"Melaleuca quinquenervia"
-29.467757,153.273612,"Melaleuca quinquenervia"
-29.467061,153.246217,"Melaleuca quinquenervia"
-29.466816,153.23185,"Melaleuca quinquenervia"
-29.465409,153.122627,"Melaleuca quinquenervia"
-29.464714,153.235039,"Melaleuca quinquenervia"
-29.464714,153.235039,"Melaleuca quinquenervia"
-29.464565,153.267385,"Melaleuca quinquenervia"
-29.464314,153.216777,"Melaleuca quinquenervia"
-29.463846,153.124482,"Melaleuca quinquenervia"
-29.463121,153.117509,"Melaleuca quinquenervia"
-29.462142,153.017822,"Melaleuca quinquenervia"
-29.462032,153.165619,"Melaleuca quinquenervia"
-29.461048,153.325929,"Melaleuca quinquenervia"
-29.461048,153.325929,"Melaleuca quinquenervia"
-29.454707,153.33519,"Melaleuca quinquenervia"
-29.454707,153.33519,"Melaleuca quinquenervia"
-29.454707,153.33519,"Melaleuca quinquenervia"
-29.454707,153.33519,"Melaleuca quinquenervia"
-29.454164,153.235977,"Melaleuca quinquenervia"
-29.451404,153.254914,"Melaleuca quinquenervia"
-29.451266,153.256223,"Melaleuca quinquenervia"
-29.450279,153.257747,"Melaleuca quinquenervia"
-29.45,153.3167,"Melaleuca quinquenervia"
-29.449917,153.20664,"Melaleuca quinquenervia"
-29.449206,153.257342,"Melaleuca quinquenervia"
-29.449171,153.185964,"Melaleuca quinquenervia"
-29.449171,153.185964,"Melaleuca quinquenervia"
-29.448329,153.258258,"Melaleuca quinquenervia"
-29.448132,153.334145,"Melaleuca quinquenervia"
-29.447298,153.259008,"Melaleuca quinquenervia"
-29.446956,153.212935,"Melaleuca quinquenervia"
-29.446087,153.190588,"Melaleuca quinquenervia"
-29.443977,153.254153,"Melaleuca quinquenervia"
-29.4416,153.329388,"Melaleuca quinquenervia"
-29.4416,153.329388,"Melaleuca quinquenervia"
-29.4416,153.329388,"Melaleuca quinquenervia"
-29.4416,153.329388,"Melaleuca quinquenervia"
-29.4416,153.329388,"Melaleuca quinquenervia"
-29.441132,153.327492,"Melaleuca quinquenervia"
-29.441132,153.327492,"Melaleuca quinquenervia"
-29.441132,153.327492,"Melaleuca quinquenervia"
-29.441132,153.327492,"Melaleuca quinquenervia"
-29.441132,153.327492,"Melaleuca quinquenervia"
-29.441048,153.329002,"Melaleuca quinquenervia"
-29.441048,153.329002,"Melaleuca quinquenervia"
-29.441048,153.329002,"Melaleuca quinquenervia"
-29.441048,153.329002,"Melaleuca quinquenervia"
-29.441048,153.329002,"Melaleuca quinquenervia"
-29.440348,153.326973,"Melaleuca quinquenervia"
-29.440348,153.326973,"Melaleuca quinquenervia"
-29.440348,153.326973,"Melaleuca quinquenervia"
-29.440348,153.326973,"Melaleuca quinquenervia"
-29.440152,153.328874,"Melaleuca quinquenervia"
-29.440152,153.328874,"Melaleuca quinquenervia"
-29.440152,153.328874,"Melaleuca quinquenervia"
-29.440152,153.328874,"Melaleuca quinquenervia"
-29.440152,153.328874,"Melaleuca quinquenervia"
-29.440083,153.32787,"Melaleuca quinquenervia"
-29.440083,153.32787,"Melaleuca quinquenervia"
-29.440083,153.32787,"Melaleuca quinquenervia"
-29.440083,153.32787,"Melaleuca quinquenervia"
-29.440083,153.32787,"Melaleuca quinquenervia"
-29.440002,153.08391,"Melaleuca quinquenervia"
-29.440002,153.08391,"Melaleuca quinquenervia"
-29.440002,153.08391,"Melaleuca quinquenervia"
-29.440002,153.08391,"Melaleuca quinquenervia"
-29.440002,153.08391,"Melaleuca quinquenervia"
-29.440002,153.08391,"Melaleuca quinquenervia"
-29.440002,153.08391,"Melaleuca quinquenervia"
-29.440002,153.08391,"Melaleuca quinquenervia"
-29.440002,153.08391,"Melaleuca quinquenervia"
-29.438335,153.343347,"Melaleuca quinquenervia"
-29.438007,153.198605,"Melaleuca quinquenervia"
-29.436255,153.334215,"Melaleuca quinquenervia"
-29.434408,153.19701,"Melaleuca quinquenervia"
-29.4342,153.166701,"Melaleuca quinquenervia"
-29.434194,153.095639,"Melaleuca quinquenervia"
-29.433044,153.340282,"Melaleuca quinquenervia"
-29.432469,153.168102,"Melaleuca quinquenervia"
-29.432295,153.337872,"Melaleuca quinquenervia"
-29.430518,153.309525,"Melaleuca quinquenervia"
-29.429816,153.084036,"Melaleuca quinquenervia"
-29.428496,153.171214,"Melaleuca quinquenervia"
-29.424647,153.331889,"Melaleuca quinquenervia"
-29.424574,153.080557,"Melaleuca quinquenervia"
-29.422957,153.083051,"Melaleuca quinquenervia"
-29.422446,153.078504,"Melaleuca quinquenervia"
-29.416854,153.313418,"Melaleuca quinquenervia"
-29.4167,152.6167,"Melaleuca quinquenervia"
-29.415557,153.089454,"Melaleuca quinquenervia"
-29.413155,153.097423,"Melaleuca quinquenervia"
-29.413155,153.097423,"Melaleuca quinquenervia"
-29.413036,153.235717,"Melaleuca quinquenervia"
-29.412426,153.154507,"Melaleuca quinquenervia"
-29.412426,153.154507,"Melaleuca quinquenervia"
-29.412426,153.154507,"Melaleuca quinquenervia"
-29.412426,153.154507,"Melaleuca quinquenervia"
-29.410706,153.101729,"Melaleuca quinquenervia"
-29.409301,153.09812,"Melaleuca quinquenervia"
-29.409301,153.09812,"Melaleuca quinquenervia"
-29.408333,153.108333,"Melaleuca quinquenervia"
-29.406729,153.109417,"Melaleuca quinquenervia"
-29.406578,153.29649,"Melaleuca quinquenervia"
-29.406018,153.144325,"Melaleuca quinquenervia"
-29.405853,153.008339,"Melaleuca quinquenervia"
-29.405148,153.011287,"Melaleuca quinquenervia"
-29.405148,153.011287,"Melaleuca quinquenervia"
-29.403996,153.127408,"Melaleuca quinquenervia"
-29.4,153.3,"Melaleuca quinquenervia"
-29.4,153.1,"Melaleuca quinquenervia"
-29.399484,153.093699,"Melaleuca quinquenervia"
-29.39923,153.096152,"Melaleuca quinquenervia"
-29.397648,153.050874,"Melaleuca quinquenervia"
-29.395199,153.315421,"Melaleuca quinquenervia"
-29.39497,153.29336,"Melaleuca quinquenervia"
-29.388309,153.207371,"Melaleuca quinquenervia"
-29.377166,153.261777,"Melaleuca quinquenervia"
-29.376579,153.222309,"Melaleuca quinquenervia"
-29.373108,153.175467,"Melaleuca quinquenervia"
-29.373108,153.175467,"Melaleuca quinquenervia"
-29.367877,153.103686,"Melaleuca quinquenervia"
-29.36764,153.305213,"Melaleuca quinquenervia"
-29.36764,153.305213,"Melaleuca quinquenervia"
-29.36764,153.305213,"Melaleuca quinquenervia"
-29.3667,153.1167,"Melaleuca quinquenervia"
-29.366629,153.239773,"Melaleuca quinquenervia"
-29.364509,153.305564,"Melaleuca quinquenervia"
-29.36034,153.253533,"Melaleuca quinquenervia"
-29.360037,153.294699,"Melaleuca quinquenervia"
-29.359146,153.289545,"Melaleuca quinquenervia"
-29.358114,153.344146,"Melaleuca quinquenervia"
-29.356306,153.34517,"Melaleuca quinquenervia"
-29.353727,153.267553,"Melaleuca quinquenervia"
-29.353655,153.322496,"Melaleuca quinquenervia"
-29.353655,153.322496,"Melaleuca quinquenervia"
-29.353655,153.322496,"Melaleuca quinquenervia"
-29.352898,153.027733,"Melaleuca quinquenervia"
-29.352735,153.329705,"Melaleuca quinquenervia"
-29.352732,153.330735,"Melaleuca quinquenervia"
-29.352031,153.235955,"Melaleuca quinquenervia"
-29.352031,153.235955,"Melaleuca quinquenervia"
-29.351835,153.328672,"Melaleuca quinquenervia"
-29.351602,153.281316,"Melaleuca quinquenervia"
-29.351028,153.287462,"Melaleuca quinquenervia"
-29.350217,153.241102,"Melaleuca quinquenervia"
-29.348286,153.302907,"Melaleuca quinquenervia"
-29.346394,153.338956,"Melaleuca quinquenervia"
-29.344441,153.226838,"Melaleuca quinquenervia"
-29.341903,153.279755,"Melaleuca quinquenervia"
-29.341903,153.279755,"Melaleuca quinquenervia"
-29.341103,153.282596,"Melaleuca quinquenervia"
-29.341103,153.282596,"Melaleuca quinquenervia"
-29.338372,153.296697,"Melaleuca quinquenervia"
-29.338317,153.320388,"Melaleuca quinquenervia"
-29.3347,153.2386,"Melaleuca quinquenervia"
-29.331099,153.319335,"Melaleuca quinquenervia"
-29.328346,153.337866,"Melaleuca quinquenervia"
-29.327698,153.210235,"Melaleuca quinquenervia"
-29.327698,153.210235,"Melaleuca quinquenervia"
-29.32753,153.301815,"Melaleuca quinquenervia"
-29.326042,153.218688,"Melaleuca quinquenervia"
-29.326042,153.218688,"Melaleuca quinquenervia"
-29.325734,153.29769,"Melaleuca quinquenervia"
-29.32138,153.326257,"Melaleuca quinquenervia"
-29.318733,153.300502,"Melaleuca quinquenervia"
-29.31787,153.19831,"Melaleuca quinquenervia"
-29.317281,153.199617,"Melaleuca quinquenervia"
-29.317029,153.216537,"Melaleuca quinquenervia"
-29.316824,153.191264,"Melaleuca quinquenervia"
-29.315301,153.224607,"Melaleuca quinquenervia"
-29.314279,153.191053,"Melaleuca quinquenervia"
-29.314008,153.294567,"Melaleuca quinquenervia"
-29.310881,153.200315,"Melaleuca quinquenervia"
-29.310225,153.198511,"Melaleuca quinquenervia"
-29.309085,153.200322,"Melaleuca quinquenervia"
-29.30897,153.192155,"Melaleuca quinquenervia"
-29.305008,153.226736,"Melaleuca quinquenervia"
-29.303396,153.189519,"Melaleuca quinquenervia"
-29.298838,153.200822,"Melaleuca quinquenervia"
-29.298555,153.340857,"Melaleuca quinquenervia"
-29.296696,153.236922,"Melaleuca quinquenervia"
-29.295865,153.333641,"Melaleuca quinquenervia"
-29.294965,153.332608,"Melaleuca quinquenervia"
-29.293143,153.339552,"Melaleuca quinquenervia"
-29.293143,153.339552,"Melaleuca quinquenervia"
-29.292232,153.342895,"Melaleuca quinquenervia"
-29.291125,153.334397,"Melaleuca quinquenervia"
-29.291125,153.334397,"Melaleuca quinquenervia"
-29.288851,153.227483,"Melaleuca quinquenervia"
-29.287729,153.338762,"Melaleuca quinquenervia"
-29.28738,153.243016,"Melaleuca quinquenervia"
-29.28516,153.279041,"Melaleuca quinquenervia"
-29.284276,153.269773,"Melaleuca quinquenervia"
-29.282469,153.270798,"Melaleuca quinquenervia"
-29.282465,153.272857,"Melaleuca quinquenervia"
-29.28139,153.346977,"Melaleuca quinquenervia"
-29.278699,153.340791,"Melaleuca quinquenervia"
-29.27792,153.288287,"Melaleuca quinquenervia"
-29.27611,153.29034,"Melaleuca quinquenervia"
-29.275747,153.164499,"Melaleuca quinquenervia"
-29.274532,153.235327,"Melaleuca quinquenervia"
-29.274532,153.235327,"Melaleuca quinquenervia"
-29.274508,153.243757,"Melaleuca quinquenervia"
-29.274508,153.243757,"Melaleuca quinquenervia"
-29.273278,153.342832,"Melaleuca quinquenervia"
-29.270723,153.276943,"Melaleuca quinquenervia"
-29.265623,153.25052,"Melaleuca quinquenervia"
-29.265623,153.25052,"Melaleuca quinquenervia"
-29.265623,153.25052,"Melaleuca quinquenervia"
-29.265614,153.255666,"Melaleuca quinquenervia"
-29.265614,153.255666,"Melaleuca quinquenervia"
-29.265614,153.255666,"Melaleuca quinquenervia"
-29.257998,153.31705,"Melaleuca quinquenervia"
-29.25263,153.296449,"Melaleuca quinquenervia"
-29.25263,153.296449,"Melaleuca quinquenervia"
-29.252427,153.260481,"Melaleuca quinquenervia"
-29.252427,153.260481,"Melaleuca quinquenervia"
-29.251755,153.284097,"Melaleuca quinquenervia"
-29.251593,153.352022,"Melaleuca quinquenervia"
-29.251288,153.2913,"Melaleuca quinquenervia"
-29.251288,153.2913,"Melaleuca quinquenervia"
-29.25,153.333333,"Melaleuca quinquenervia"
-29.247994,153.347893,"Melaleuca quinquenervia"
-29.246277,153.311868,"Melaleuca quinquenervia"
-29.246157,153.359722,"Melaleuca quinquenervia"
-29.245843,153.368978,"Melaleuca quinquenervia"
-29.244878,153.368232,"Melaleuca quinquenervia"
-29.244547,153.368531,"Melaleuca quinquenervia"
-29.234215,153.213985,"Melaleuca quinquenervia"
-29.234215,153.213985,"Melaleuca quinquenervia"
-29.232987,153.176,"Melaleuca quinquenervia"
-29.232987,153.176,"Melaleuca quinquenervia"
-29.230782,153.371502,"Melaleuca quinquenervia"
-29.230371,153.218453,"Melaleuca quinquenervia"
-29.230371,153.218453,"Melaleuca quinquenervia"
-29.225173,153.234524,"Melaleuca quinquenervia"
-29.225173,153.234524,"Melaleuca quinquenervia"
-29.224726,153.091977,"Melaleuca quinquenervia"
-29.222139,153.08373,"Melaleuca quinquenervia"
-29.220871,153.365293,"Melaleuca quinquenervia"
-29.219403,153.078229,"Melaleuca quinquenervia"
-29.219027,153.274443,"Melaleuca quinquenervia"
-29.215959,153.366748,"Melaleuca quinquenervia"
-29.212715,153.377095,"Melaleuca quinquenervia"
-29.212709,153.379152,"Melaleuca quinquenervia"
-29.212709,153.379152,"Melaleuca quinquenervia"
-29.212286,153.250229,"Melaleuca quinquenervia"
-29.208353,153.226791,"Melaleuca quinquenervia"
-29.207017,153.299398,"Melaleuca quinquenervia"
-29.206921,153.299262,"Melaleuca quinquenervia"
-29.206356,153.16579,"Melaleuca quinquenervia"
-29.206356,153.16579,"Melaleuca quinquenervia"
-29.206341,153.301814,"Melaleuca quinquenervia"
-29.206337,153.301816,"Melaleuca quinquenervia"
-29.206326,153.30181,"Melaleuca quinquenervia"
-29.205038,153.295283,"Melaleuca quinquenervia"
-29.205014,153.295304,"Melaleuca quinquenervia"
-29.204957,153.295335,"Melaleuca quinquenervia"
-29.20372,153.298343,"Melaleuca quinquenervia"
-29.203662,153.298428,"Melaleuca quinquenervia"
-29.203647,153.298339,"Melaleuca quinquenervia"
-29.202802,153.299786,"Melaleuca quinquenervia"
-29.202758,153.299779,"Melaleuca quinquenervia"
-29.202739,153.299986,"Melaleuca quinquenervia"
-29.202161,153.305783,"Melaleuca quinquenervia"
-29.202123,153.251663,"Melaleuca quinquenervia"
-29.20212,153.305812,"Melaleuca quinquenervia"
-29.20201,153.305819,"Melaleuca quinquenervia"
-29.201387,153.296188,"Melaleuca quinquenervia"
-29.201272,153.296273,"Melaleuca quinquenervia"
-29.201213,153.296279,"Melaleuca quinquenervia"
-29.200885,153.303657,"Melaleuca quinquenervia"
-29.200805,153.243686,"Melaleuca quinquenervia"
-29.200805,153.243686,"Melaleuca quinquenervia"
-29.2,153.3,"Melaleuca quinquenervia"
-29.2,153.3,"Melaleuca quinquenervia"
-29.199999,153.302473,"Melaleuca quinquenervia"
-29.199109,153.305901,"Melaleuca quinquenervia"
-29.199078,153.30598,"Melaleuca quinquenervia"
-29.197525,153.30196,"Melaleuca quinquenervia"
-29.197488,153.30196,"Melaleuca quinquenervia"
-29.197282,153.301956,"Melaleuca quinquenervia"
-29.197034,153.306655,"Melaleuca quinquenervia"
-29.194575,153.281823,"Melaleuca quinquenervia"
-29.194575,153.281823,"Melaleuca quinquenervia"
-29.193735,153.268829,"Melaleuca quinquenervia"
-29.193735,153.268829,"Melaleuca quinquenervia"
-29.189159,153.183034,"Melaleuca quinquenervia"
-29.189159,153.183034,"Melaleuca quinquenervia"
-29.18903,153.28334,"Melaleuca quinquenervia"
-29.186723,153.305517,"Melaleuca quinquenervia"
-29.1833,153.25,"Melaleuca quinquenervia"
-29.182051,153.247766,"Melaleuca quinquenervia"
-29.182051,153.247766,"Melaleuca quinquenervia"
-29.181063,153.286352,"Melaleuca quinquenervia"
-29.178814,153.260357,"Melaleuca quinquenervia"
-29.178814,153.260357,"Melaleuca quinquenervia"
-29.177446,153.401134,"Melaleuca quinquenervia"
-29.175656,153.395985,"Melaleuca quinquenervia"
-29.175653,153.397014,"Melaleuca quinquenervia"
-29.174735,153.402152,"Melaleuca quinquenervia"
-29.17464,153.043679,"Melaleuca quinquenervia"
-29.171533,153.276988,"Melaleuca quinquenervia"
-29.171533,153.276988,"Melaleuca quinquenervia"
-29.171102,153.193286,"Melaleuca quinquenervia"
-29.168448,153.391844,"Melaleuca quinquenervia"
-29.164103,153.250273,"Melaleuca quinquenervia"
-29.164103,153.250273,"Melaleuca quinquenervia"
-29.164103,153.250273,"Melaleuca quinquenervia"
-29.161512,153.277678,"Melaleuca quinquenervia"
-29.161512,153.277678,"Melaleuca quinquenervia"
-29.160624,153.124371,"Melaleuca quinquenervia"
-29.160367,153.380511,"Melaleuca quinquenervia"
-29.158422,153.385105,"Melaleuca quinquenervia"
-29.158422,153.385105,"Melaleuca quinquenervia"
-29.158422,153.385105,"Melaleuca quinquenervia"
-29.158422,153.385105,"Melaleuca quinquenervia"
-29.158422,153.385105,"Melaleuca quinquenervia"
-29.158422,153.385105,"Melaleuca quinquenervia"
-29.158422,153.385105,"Melaleuca quinquenervia"
-29.158422,153.385105,"Melaleuca quinquenervia"
-29.158055,152.81084,"Melaleuca quinquenervia"
-29.158055,152.81084,"Melaleuca quinquenervia"
-29.156341,153.119323,"Melaleuca quinquenervia"
-29.154194,153.176037,"Melaleuca quinquenervia"
-29.153696,153.322107,"Melaleuca quinquenervia"
-29.15312,152.956712,"Melaleuca quinquenervia"
-29.15312,152.956712,"Melaleuca quinquenervia"
-29.15,153.31,"Melaleuca quinquenervia"
-29.149666,152.966923,"Melaleuca quinquenervia"
-29.148392,153.181625,"Melaleuca quinquenervia"
-29.148392,153.181625,"Melaleuca quinquenervia"
-29.146822,153.379424,"Melaleuca quinquenervia"
-29.146212,153.311537,"Melaleuca quinquenervia"
-29.144642,153.31547,"Melaleuca quinquenervia"
-29.144082,153.390724,"Melaleuca quinquenervia"
-29.13795,153.320485,"Melaleuca quinquenervia"
-29.136205,153.39607,"Melaleuca quinquenervia"
-29.134909,153.421717,"Melaleuca quinquenervia"
-29.13233,153.396847,"Melaleuca quinquenervia"
-29.130886,153.18195,"Melaleuca quinquenervia"
-29.12905,153.419226,"Melaleuca quinquenervia"
-29.12905,153.419226,"Melaleuca quinquenervia"
-29.12905,153.419226,"Melaleuca quinquenervia"
-29.12905,153.419226,"Melaleuca quinquenervia"
-29.12905,153.419226,"Melaleuca quinquenervia"
-29.12905,153.419226,"Melaleuca quinquenervia"
-29.12905,153.419226,"Melaleuca quinquenervia"
-29.125442,153.1859,"Melaleuca quinquenervia"
-29.124124,153.415256,"Melaleuca quinquenervia"
-29.124063,153.1845,"Melaleuca quinquenervia"
-29.12139,153.412483,"Melaleuca quinquenervia"
-29.121386,153.422133,"Melaleuca quinquenervia"
-29.121253,153.422318,"Melaleuca quinquenervia"
-29.120782,153.328449,"Melaleuca quinquenervia"
-29.119486,153.423817,"Melaleuca quinquenervia"
-29.11609,153.425433,"Melaleuca quinquenervia"
-29.11609,153.425433,"Melaleuca quinquenervia"
-29.114641,153.085701,"Melaleuca quinquenervia"
-29.114641,153.085701,"Melaleuca quinquenervia"
-29.114641,153.085701,"Melaleuca quinquenervia"
-29.113121,153.418686,"Melaleuca quinquenervia"
-29.113121,153.418686,"Melaleuca quinquenervia"
-29.112864,153.084209,"Melaleuca quinquenervia"
-29.112864,153.084209,"Melaleuca quinquenervia"
-29.112864,153.084209,"Melaleuca quinquenervia"
-29.112781,153.231566,"Melaleuca quinquenervia"
-29.112781,153.231566,"Melaleuca quinquenervia"
-29.112781,153.231566,"Melaleuca quinquenervia"
-29.112781,153.231566,"Melaleuca quinquenervia"
-29.112781,153.231566,"Melaleuca quinquenervia"
-29.112781,153.231566,"Melaleuca quinquenervia"
-29.112781,153.231566,"Melaleuca quinquenervia"
-29.112781,153.231566,"Melaleuca quinquenervia"
-29.112781,153.231566,"Melaleuca quinquenervia"
-29.112781,153.231566,"Melaleuca quinquenervia"
-29.112781,153.231566,"Melaleuca quinquenervia"
-29.112581,153.332154,"Melaleuca quinquenervia"
-29.112472,153.369175,"Melaleuca quinquenervia"
-29.112472,153.369175,"Melaleuca quinquenervia"
-29.112472,153.369175,"Melaleuca quinquenervia"
-29.111596,153.388545,"Melaleuca quinquenervia"
-29.11077,153.332669,"Melaleuca quinquenervia"
-29.110669,153.396764,"Melaleuca quinquenervia"
-29.109788,153.389566,"Melaleuca quinquenervia"
-29.10962,153.327114,"Melaleuca quinquenervia"
-29.10962,153.327114,"Melaleuca quinquenervia"
-29.10842,153.252337,"Melaleuca quinquenervia"
-29.107751,153.427406,"Melaleuca quinquenervia"
-29.107751,153.427406,"Melaleuca quinquenervia"
-29.107361,153.333193,"Melaleuca quinquenervia"
-29.107361,153.333193,"Melaleuca quinquenervia"
-29.106401,153.427029,"Melaleuca quinquenervia"
-29.106081,153.431759,"Melaleuca quinquenervia"
-29.106081,153.431759,"Melaleuca quinquenervia"
-29.105537,153.21793,"Melaleuca quinquenervia"
-29.105537,153.21793,"Melaleuca quinquenervia"
-29.105537,153.21793,"Melaleuca quinquenervia"
-29.105501,153.251789,"Melaleuca quinquenervia"
-29.105267,153.411536,"Melaleuca quinquenervia"
-29.105267,153.411536,"Melaleuca quinquenervia"
-29.105267,153.411536,"Melaleuca quinquenervia"
-29.105177,153.430291,"Melaleuca quinquenervia"
-29.105177,153.430291,"Melaleuca quinquenervia"
-29.105038,153.213571,"Melaleuca quinquenervia"
-29.105038,153.213571,"Melaleuca quinquenervia"
-29.103003,153.345761,"Melaleuca quinquenervia"
-29.103003,153.345761,"Melaleuca quinquenervia"
-29.1022,153.4242,"Melaleuca quinquenervia"
-29.102014,153.347823,"Melaleuca quinquenervia"
-29.102014,153.347823,"Melaleuca quinquenervia"
-29.101827,153.249434,"Melaleuca quinquenervia"
-29.101679,153.384397,"Melaleuca quinquenervia"
-29.101042,153.217972,"Melaleuca quinquenervia"
-29.10068,153.429122,"Melaleuca quinquenervia"
-29.10068,153.429122,"Melaleuca quinquenervia"
-29.098105,153.347326,"Melaleuca quinquenervia"
-29.097626,153.368703,"Melaleuca quinquenervia"
-29.097626,153.368703,"Melaleuca quinquenervia"
-29.097626,153.368703,"Melaleuca quinquenervia"
-29.097626,153.368703,"Melaleuca quinquenervia"
-29.097626,153.368703,"Melaleuca quinquenervia"
-29.097626,153.368703,"Melaleuca quinquenervia"
-29.097626,153.368703,"Melaleuca quinquenervia"
-29.097286,153.428639,"Melaleuca quinquenervia"
-29.097201,153.372049,"Melaleuca quinquenervia"
-29.095987,153.403833,"Melaleuca quinquenervia"
-29.094938,153.34412,"Melaleuca quinquenervia"
-29.094938,153.34412,"Melaleuca quinquenervia"
-29.094099,153.392489,"Melaleuca quinquenervia"
-29.093795,153.393054,"Melaleuca quinquenervia"
-29.093795,153.393054,"Melaleuca quinquenervia"
-29.093524,153.346613,"Melaleuca quinquenervia"
-29.093524,153.346613,"Melaleuca quinquenervia"
-29.093154,153.342799,"Melaleuca quinquenervia"
-29.093154,153.342799,"Melaleuca quinquenervia"
-29.09203,153.351838,"Melaleuca quinquenervia"
-29.09203,153.351838,"Melaleuca quinquenervia"
-29.091836,153.353533,"Melaleuca quinquenervia"
-29.091836,153.353533,"Melaleuca quinquenervia"
-29.091667,153.4,"Melaleuca quinquenervia"
-29.090647,153.425787,"Melaleuca quinquenervia"
-29.089818,153.397358,"Melaleuca quinquenervia"
-29.089118,153.398447,"Melaleuca quinquenervia"
-29.089085,153.398438,"Melaleuca quinquenervia"
-29.089066,153.350084,"Melaleuca quinquenervia"
-29.089066,153.350084,"Melaleuca quinquenervia"
-29.088897,153.432645,"Melaleuca quinquenervia"
-29.088747,153.398637,"Melaleuca quinquenervia"
-29.088463,153.270803,"Melaleuca quinquenervia"
-29.088436,153.352535,"Melaleuca quinquenervia"
-29.088436,153.352535,"Melaleuca quinquenervia"
-29.088436,153.352535,"Melaleuca quinquenervia"
-29.087365,153.423956,"Melaleuca quinquenervia"
-29.086165,153.426467,"Melaleuca quinquenervia"
-29.085895,153.239491,"Melaleuca quinquenervia"
-29.085633,153.422024,"Melaleuca quinquenervia"
-29.085584,153.338543,"Melaleuca quinquenervia"
-29.085584,153.338543,"Melaleuca quinquenervia"
-29.085556,153.421944,"Melaleuca quinquenervia"
-29.085224,153.365957,"Melaleuca quinquenervia"
-29.085224,153.365957,"Melaleuca quinquenervia"
-29.083285,153.390692,"Melaleuca quinquenervia"
-29.083256,153.275303,"Melaleuca quinquenervia"
-29.081655,153.168233,"Melaleuca quinquenervia"
-29.081655,153.168233,"Melaleuca quinquenervia"
-29.081066,153.230539,"Melaleuca quinquenervia"
-29.080667,153.23642,"Melaleuca quinquenervia"
-29.080667,153.23642,"Melaleuca quinquenervia"
-29.080667,153.23642,"Melaleuca quinquenervia"
-29.080604,153.25099,"Melaleuca quinquenervia"
-29.080604,153.25099,"Melaleuca quinquenervia"
-29.080604,153.25099,"Melaleuca quinquenervia"
-29.08058,153.250918,"Melaleuca quinquenervia"
-29.079693,153.361652,"Melaleuca quinquenervia"
-29.079693,153.361652,"Melaleuca quinquenervia"
-29.079465,153.418221,"Melaleuca quinquenervia"
-29.079366,153.385263,"Melaleuca quinquenervia"
-29.079248,153.415395,"Melaleuca quinquenervia"
-29.079248,153.415395,"Melaleuca quinquenervia"
-29.07899,153.25213,"Melaleuca quinquenervia"
-29.07899,153.25213,"Melaleuca quinquenervia"
-29.07899,153.25213,"Melaleuca quinquenervia"
-29.078112,153.381878,"Melaleuca quinquenervia"
-29.078102,153.421298,"Melaleuca quinquenervia"
-29.07723,153.264486,"Melaleuca quinquenervia"
-29.07723,153.264486,"Melaleuca quinquenervia"
-29.076718,153.23954,"Melaleuca quinquenervia"
-29.076718,153.23954,"Melaleuca quinquenervia"
-29.076322,153.413071,"Melaleuca quinquenervia"
-29.076316,153.352291,"Melaleuca quinquenervia"
-29.076316,153.352291,"Melaleuca quinquenervia"
-29.076284,153.4254,"Melaleuca quinquenervia"
-29.076131,153.380144,"Melaleuca quinquenervia"
-29.076058,153.425399,"Melaleuca quinquenervia"
-29.076058,153.425399,"Melaleuca quinquenervia"
-29.075226,153.381209,"Melaleuca quinquenervia"
-29.074456,153.432585,"Melaleuca quinquenervia"
-29.074456,153.432585,"Melaleuca quinquenervia"
-29.074243,153.367808,"Melaleuca quinquenervia"
-29.074243,153.367808,"Melaleuca quinquenervia"
-29.074043,153.384298,"Melaleuca quinquenervia"
-29.073674,153.387122,"Melaleuca quinquenervia"
-29.072669,153.369231,"Melaleuca quinquenervia"
-29.072669,153.369231,"Melaleuca quinquenervia"
-29.072629,153.373926,"Melaleuca quinquenervia"
-29.072543,153.372097,"Melaleuca quinquenervia"
-29.072509,153.384343,"Melaleuca quinquenervia"
-29.071819,153.372865,"Melaleuca quinquenervia"
-29.071738,153.435656,"Melaleuca quinquenervia"
-29.071256,153.380517,"Melaleuca quinquenervia"
-29.0708,153.382364,"Melaleuca quinquenervia"
-29.070715,153.380422,"Melaleuca quinquenervia"
-29.070696,153.386956,"Melaleuca quinquenervia"
-29.070692,153.388436,"Melaleuca quinquenervia"
-29.069984,153.383594,"Melaleuca quinquenervia"
-29.069631,153.380706,"Melaleuca quinquenervia"
-29.066728,153.222112,"Melaleuca quinquenervia"
-29.066728,153.222112,"Melaleuca quinquenervia"
-29.0667,153.3833,"Melaleuca quinquenervia"
-29.066667,153.333333,"Melaleuca quinquenervia"
-29.066005,153.416795,"Melaleuca quinquenervia"
-29.065499,153.41046,"Melaleuca quinquenervia"
-29.065499,153.41046,"Melaleuca quinquenervia"
-29.065392,153.415498,"Melaleuca quinquenervia"
-29.064598,153.409943,"Melaleuca quinquenervia"
-29.064598,153.409943,"Melaleuca quinquenervia"
-29.064172,153.200163,"Melaleuca quinquenervia"
-29.063693,153.410966,"Melaleuca quinquenervia"
-29.061769,153.219245,"Melaleuca quinquenervia"
-29.061769,153.219245,"Melaleuca quinquenervia"
-29.061389,153.201389,"Melaleuca quinquenervia"
-29.061156,153.223918,"Melaleuca quinquenervia"
-29.059922,153.238143,"Melaleuca quinquenervia"
-29.059862,153.388025,"Melaleuca quinquenervia"
-29.059469,153.422012,"Melaleuca quinquenervia"
-29.059231,153.387797,"Melaleuca quinquenervia"
-29.05891,153.30817,"Melaleuca quinquenervia"
-29.05891,153.30817,"Melaleuca quinquenervia"
-29.05891,153.30817,"Melaleuca quinquenervia"
-29.058646,153.219228,"Melaleuca quinquenervia"
-29.058646,153.219228,"Melaleuca quinquenervia"
-29.05852,153.30712,"Melaleuca quinquenervia"
-29.05852,153.30712,"Melaleuca quinquenervia"
-29.05852,153.30712,"Melaleuca quinquenervia"
-29.057782,153.389415,"Melaleuca quinquenervia"
-29.05656,153.30679,"Melaleuca quinquenervia"
-29.05656,153.30679,"Melaleuca quinquenervia"
-29.056518,153.38978,"Melaleuca quinquenervia"
-29.05531,153.31098,"Melaleuca quinquenervia"
-29.05531,153.31098,"Melaleuca quinquenervia"
-29.05531,153.31098,"Melaleuca quinquenervia"
-29.055153,153.169072,"Melaleuca quinquenervia"
-29.05507,153.31143,"Melaleuca quinquenervia"
-29.05507,153.31143,"Melaleuca quinquenervia"
-29.05444,153.3113,"Melaleuca quinquenervia"
-29.05444,153.3113,"Melaleuca quinquenervia"
-29.054171,153.389843,"Melaleuca quinquenervia"
-29.052995,153.390619,"Melaleuca quinquenervia"
-29.050109,153.285949,"Melaleuca quinquenervia"
-29.049703,153.44678,"Melaleuca quinquenervia"
-29.049703,153.44678,"Melaleuca quinquenervia"
-29.049703,153.44678,"Melaleuca quinquenervia"
-29.049703,153.44678,"Melaleuca quinquenervia"
-29.048083,153.287365,"Melaleuca quinquenervia"
-29.047039,153.281309,"Melaleuca quinquenervia"
-29.047039,153.281309,"Melaleuca quinquenervia"
-29.046496,153.426305,"Melaleuca quinquenervia"
-29.046493,153.427332,"Melaleuca quinquenervia"
-29.046493,153.427332,"Melaleuca quinquenervia"
-29.046386,153.343475,"Melaleuca quinquenervia"
-29.045735,153.232484,"Melaleuca quinquenervia"
-29.045735,153.232484,"Melaleuca quinquenervia"
-29.045643,153.410381,"Melaleuca quinquenervia"
-29.045643,153.410381,"Melaleuca quinquenervia"
-29.045607,153.410435,"Melaleuca quinquenervia"
-29.045607,153.410435,"Melaleuca quinquenervia"
-29.045593,153.426302,"Melaleuca quinquenervia"
-29.044532,153.410924,"Melaleuca quinquenervia"
-29.044532,153.410924,"Melaleuca quinquenervia"
-29.044513,153.41089,"Melaleuca quinquenervia"
-29.044513,153.41089,"Melaleuca quinquenervia"
-29.04437,153.277374,"Melaleuca quinquenervia"
-29.04437,153.277374,"Melaleuca quinquenervia"
-29.043582,153.420131,"Melaleuca quinquenervia"
-29.043582,153.420131,"Melaleuca quinquenervia"
-29.043555,153.420092,"Melaleuca quinquenervia"
-29.043555,153.420092,"Melaleuca quinquenervia"
-29.043555,153.420092,"Melaleuca quinquenervia"
-29.0428,153.280793,"Melaleuca quinquenervia"
-29.042671,153.290334,"Melaleuca quinquenervia"
-29.042523,153.278857,"Melaleuca quinquenervia"
-29.042008,153.429922,"Melaleuca quinquenervia"
-29.041944,153.43,"Melaleuca quinquenervia"
-29.041892,153.450212,"Melaleuca quinquenervia"
-29.041389,153.43,"Melaleuca quinquenervia"
-29.04047,153.430256,"Melaleuca quinquenervia"
-29.04031,153.430935,"Melaleuca quinquenervia"
-29.04,153.45,"Melaleuca quinquenervia"
-29.039872,153.399618,"Melaleuca quinquenervia"
-29.039872,153.399618,"Melaleuca quinquenervia"
-29.03986,153.431118,"Melaleuca quinquenervia"
-29.03978,153.450455,"Melaleuca quinquenervia"
-29.03978,153.450455,"Melaleuca quinquenervia"
-29.039778,153.45047,"Melaleuca quinquenervia"
-29.039605,153.450147,"Melaleuca quinquenervia"
-29.039379,153.392383,"Melaleuca quinquenervia"
-29.039373,153.394437,"Melaleuca quinquenervia"
-29.039283,153.400396,"Melaleuca quinquenervia"
-29.039283,153.400396,"Melaleuca quinquenervia"
-29.038795,153.403671,"Melaleuca quinquenervia"
-29.038795,153.403671,"Melaleuca quinquenervia"
-29.038758,153.401021,"Melaleuca quinquenervia"
-29.038758,153.401021,"Melaleuca quinquenervia"
-29.038378,153.430525,"Melaleuca quinquenervia"
-29.038133,153.448837,"Melaleuca quinquenervia"
-29.037634,153.449131,"Melaleuca quinquenervia"
-29.037614,153.449433,"Melaleuca quinquenervia"
-29.037577,153.391349,"Melaleuca quinquenervia"
-29.037577,153.391349,"Melaleuca quinquenervia"
-29.03742,153.45337,"Melaleuca quinquenervia"
-29.03678,153.452362,"Melaleuca quinquenervia"
-29.036678,153.452147,"Melaleuca quinquenervia"
-29.03648,153.451966,"Melaleuca quinquenervia"
-29.034866,153.392366,"Melaleuca quinquenervia"
-29.034866,153.392366,"Melaleuca quinquenervia"
-29.033821,153.438577,"Melaleuca quinquenervia"
-29.0338,153.444739,"Melaleuca quinquenervia"
-29.0338,153.444739,"Melaleuca quinquenervia"
-29.031858,153.409824,"Melaleuca quinquenervia"
-29.031816,153.407248,"Melaleuca quinquenervia"
-29.031816,153.407248,"Melaleuca quinquenervia"
-29.03136,153.44329,"Melaleuca quinquenervia"
-29.03136,153.44329,"Melaleuca quinquenervia"
-29.03136,153.44329,"Melaleuca quinquenervia"
-29.031169,153.374293,"Melaleuca quinquenervia"
-29.030855,153.423225,"Melaleuca quinquenervia"
-29.030426,153.113523,"Melaleuca quinquenervia"
-29.030426,153.113523,"Melaleuca quinquenervia"
-29.0302,153.441643,"Melaleuca quinquenervia"
-29.03,153.45,"Melaleuca quinquenervia"
-29.029721,153.413741,"Melaleuca quinquenervia"
-29.029721,153.413741,"Melaleuca quinquenervia"
-29.028451,153.440455,"Melaleuca quinquenervia"
-29.028451,153.440455,"Melaleuca quinquenervia"
-29.028451,153.440455,"Melaleuca quinquenervia"
-29.028451,153.440455,"Melaleuca quinquenervia"
-29.028451,153.440455,"Melaleuca quinquenervia"
-29.028451,153.440455,"Melaleuca quinquenervia"
-29.028011,153.270639,"Melaleuca quinquenervia"
-29.027588,153.411607,"Melaleuca quinquenervia"
-29.027588,153.411607,"Melaleuca quinquenervia"
-29.023709,153.128716,"Melaleuca quinquenervia"
-29.023709,153.128716,"Melaleuca quinquenervia"
-29.022217,153.406712,"Melaleuca quinquenervia"
-29.021297,153.402583,"Melaleuca quinquenervia"
-29.01929,153.226757,"Melaleuca quinquenervia"
-29.018628,153.436514,"Melaleuca quinquenervia"
-29.018628,153.436514,"Melaleuca quinquenervia"
-29.018101,153.414814,"Melaleuca quinquenervia"
-29.018101,153.414814,"Melaleuca quinquenervia"
-29.017637,153.395066,"Melaleuca quinquenervia"
-29.016881,153.008457,"Melaleuca quinquenervia"
-29.012208,153.154164,"Melaleuca quinquenervia"
-29.01045,153.402113,"Melaleuca quinquenervia"
-29.01045,153.402113,"Melaleuca quinquenervia"
-29.006017,153.153087,"Melaleuca quinquenervia"
-29.006017,153.153087,"Melaleuca quinquenervia"
-29.002686,153.437217,"Melaleuca quinquenervia"
-29.002678,153.268013,"Melaleuca quinquenervia"
-29.001462,153.374954,"Melaleuca quinquenervia"
-29.001052,153.375203,"Melaleuca quinquenervia"
-29.000351,153.120008,"Melaleuca quinquenervia"
-28.99975,153.355064,"Melaleuca quinquenervia"
-28.99949,153.161774,"Melaleuca quinquenervia"
-28.99949,153.161774,"Melaleuca quinquenervia"
-28.99949,153.161774,"Melaleuca quinquenervia"
-28.998503,153.359589,"Melaleuca quinquenervia"
-28.996334,153.290713,"Melaleuca quinquenervia"
-28.996334,153.290713,"Melaleuca quinquenervia"
-28.994237,153.269172,"Melaleuca quinquenervia"
-28.994237,153.269172,"Melaleuca quinquenervia"
-28.99339,153.12042,"Melaleuca quinquenervia"
-28.993178,153.149167,"Melaleuca quinquenervia"
-28.993178,153.149167,"Melaleuca quinquenervia"
-28.992899,153.156374,"Melaleuca quinquenervia"
-28.992899,153.156374,"Melaleuca quinquenervia"
-28.992888,153.299816,"Melaleuca quinquenervia"
-28.992888,153.299816,"Melaleuca quinquenervia"
-28.992789,153.43581,"Melaleuca quinquenervia"
-28.992408,153.428068,"Melaleuca quinquenervia"
-28.99227,153.361518,"Melaleuca quinquenervia"
-28.99122,153.427108,"Melaleuca quinquenervia"
-28.990857,153.433369,"Melaleuca quinquenervia"
-28.990488,153.435728,"Melaleuca quinquenervia"
-28.990123,153.295608,"Melaleuca quinquenervia"
-28.990123,153.295608,"Melaleuca quinquenervia"
-28.989984,153.426918,"Melaleuca quinquenervia"
-28.989553,153.405625,"Melaleuca quinquenervia"
-28.989553,153.405625,"Melaleuca quinquenervia"
-28.989497,153.437846,"Melaleuca quinquenervia"
-28.989497,153.437846,"Melaleuca quinquenervia"
-28.989497,153.437846,"Melaleuca quinquenervia"
-28.989407,152.951285,"Melaleuca quinquenervia"
-28.989202,153.439767,"Melaleuca quinquenervia"
-28.989159,153.40471,"Melaleuca quinquenervia"
-28.989159,153.40471,"Melaleuca quinquenervia"
-28.988613,153.437845,"Melaleuca quinquenervia"
-28.988595,153.146861,"Melaleuca quinquenervia"
-28.988541,153.426573,"Melaleuca quinquenervia"
-28.988395,153.403742,"Melaleuca quinquenervia"
-28.988395,153.403742,"Melaleuca quinquenervia"
-28.98798,153.429784,"Melaleuca quinquenervia"
-28.987697,153.407609,"Melaleuca quinquenervia"
-28.987697,153.407609,"Melaleuca quinquenervia"
-28.987669,153.43933,"Melaleuca quinquenervia"
-28.987221,153.011878,"Melaleuca quinquenervia"
-28.986391,153.121677,"Melaleuca quinquenervia"
-28.986391,153.121677,"Melaleuca quinquenervia"
-28.986361,153.439088,"Melaleuca quinquenervia"
-28.98617,153.411019,"Melaleuca quinquenervia"
-28.98617,153.411019,"Melaleuca quinquenervia"
-28.985771,153.417413,"Melaleuca quinquenervia"
-28.985739,153.424909,"Melaleuca quinquenervia"
-28.985623,153.433018,"Melaleuca quinquenervia"
-28.985456,153.428768,"Melaleuca quinquenervia"
-28.985292,153.118616,"Melaleuca quinquenervia"
-28.985292,153.118616,"Melaleuca quinquenervia"
-28.985195,153.425605,"Melaleuca quinquenervia"
-28.985124,153.428199,"Melaleuca quinquenervia"
-28.984737,153.427851,"Melaleuca quinquenervia"
-28.984376,153.434584,"Melaleuca quinquenervia"
-28.984376,153.434584,"Melaleuca quinquenervia"
-28.984376,153.434584,"Melaleuca quinquenervia"
-28.984376,153.434584,"Melaleuca quinquenervia"
-28.984376,153.434584,"Melaleuca quinquenervia"
-28.984376,153.434584,"Melaleuca quinquenervia"
-28.984376,153.434584,"Melaleuca quinquenervia"
-28.984367,153.430683,"Melaleuca quinquenervia"
-28.984265,153.434275,"Melaleuca quinquenervia"
-28.984062,153.412715,"Melaleuca quinquenervia"
-28.984062,153.412715,"Melaleuca quinquenervia"
-28.984004,153.431287,"Melaleuca quinquenervia"
-28.983847,153.120514,"Melaleuca quinquenervia"
-28.983847,153.120514,"Melaleuca quinquenervia"
-28.983847,153.120514,"Melaleuca quinquenervia"
-28.983642,153.431624,"Melaleuca quinquenervia"
-28.983333,153.412191,"Melaleuca quinquenervia"
-28.983333,153.412191,"Melaleuca quinquenervia"
-28.982827,153.432473,"Melaleuca quinquenervia"
-28.982746,153.429609,"Melaleuca quinquenervia"
-28.982462,153.43357,"Melaleuca quinquenervia"
-28.982387,153.414343,"Melaleuca quinquenervia"
-28.982387,153.414343,"Melaleuca quinquenervia"
-28.981838,153.431052,"Melaleuca quinquenervia"
-28.981833,153.434309,"Melaleuca quinquenervia"
-28.981787,153.366511,"Melaleuca quinquenervia"
-28.981476,153.431359,"Melaleuca quinquenervia"
-28.980567,153.436699,"Melaleuca quinquenervia"
-28.980567,153.436699,"Melaleuca quinquenervia"
-28.980567,153.436699,"Melaleuca quinquenervia"
-28.980567,153.436699,"Melaleuca quinquenervia"
-28.980516,152.950194,"Melaleuca quinquenervia"
-28.980516,152.950194,"Melaleuca quinquenervia"
-28.980135,153.122624,"Melaleuca quinquenervia"
-28.980135,153.122624,"Melaleuca quinquenervia"
-28.980087,153.399111,"Melaleuca quinquenervia"
-28.980087,153.399111,"Melaleuca quinquenervia"
-28.980087,153.399111,"Melaleuca quinquenervia"
-28.980087,153.399111,"Melaleuca quinquenervia"
-28.980087,153.399111,"Melaleuca quinquenervia"
-28.980087,153.399111,"Melaleuca quinquenervia"
-28.980087,153.399111,"Melaleuca quinquenervia"
-28.980087,153.399111,"Melaleuca quinquenervia"
-28.980087,153.399111,"Melaleuca quinquenervia"
-28.980087,153.399111,"Melaleuca quinquenervia"
-28.980087,153.399111,"Melaleuca quinquenervia"
-28.980087,153.399111,"Melaleuca quinquenervia"
-28.980087,153.399111,"Melaleuca quinquenervia"
-28.980087,153.399111,"Melaleuca quinquenervia"
-28.980087,153.399111,"Melaleuca quinquenervia"
-28.980087,153.399111,"Melaleuca quinquenervia"
-28.980087,153.399111,"Melaleuca quinquenervia"
-28.980087,153.399111,"Melaleuca quinquenervia"
-28.980087,153.399111,"Melaleuca quinquenervia"
-28.980087,153.399111,"Melaleuca quinquenervia"
-28.980087,153.399111,"Melaleuca quinquenervia"
-28.980087,153.399111,"Melaleuca quinquenervia"
-28.980087,153.399111,"Melaleuca quinquenervia"
-28.979982,153.394618,"Melaleuca quinquenervia"
-28.979973,153.394727,"Melaleuca quinquenervia"
-28.979973,153.394727,"Melaleuca quinquenervia"
-28.979333,153.385148,"Melaleuca quinquenervia"
-28.979333,153.385148,"Melaleuca quinquenervia"
-28.979333,153.385148,"Melaleuca quinquenervia"
-28.979333,153.385148,"Melaleuca quinquenervia"
-28.979333,153.385148,"Melaleuca quinquenervia"
-28.979333,153.385148,"Melaleuca quinquenervia"
-28.979333,153.385148,"Melaleuca quinquenervia"
-28.979333,153.385148,"Melaleuca quinquenervia"
-28.979333,153.385148,"Melaleuca quinquenervia"
-28.979333,153.385148,"Melaleuca quinquenervia"
-28.979333,153.385148,"Melaleuca quinquenervia"
-28.979333,153.385148,"Melaleuca quinquenervia"
-28.979333,153.385148,"Melaleuca quinquenervia"
-28.979333,153.385148,"Melaleuca quinquenervia"
-28.979333,153.385148,"Melaleuca quinquenervia"
-28.979333,153.385148,"Melaleuca quinquenervia"
-28.979333,153.385148,"Melaleuca quinquenervia"
-28.979333,153.385148,"Melaleuca quinquenervia"
-28.979333,153.385148,"Melaleuca quinquenervia"
-28.979333,153.385148,"Melaleuca quinquenervia"
-28.979333,153.385148,"Melaleuca quinquenervia"
-28.979333,153.385148,"Melaleuca quinquenervia"
-28.979333,153.385148,"Melaleuca quinquenervia"
-28.979333,153.385148,"Melaleuca quinquenervia"
-28.979333,153.385148,"Melaleuca quinquenervia"
-28.979333,153.385148,"Melaleuca quinquenervia"
-28.979091,153.381246,"Melaleuca quinquenervia"
-28.979091,153.381246,"Melaleuca quinquenervia"
-28.979091,153.381246,"Melaleuca quinquenervia"
-28.979091,153.381246,"Melaleuca quinquenervia"
-28.979091,153.381246,"Melaleuca quinquenervia"
-28.979091,153.381246,"Melaleuca quinquenervia"
-28.979091,153.381246,"Melaleuca quinquenervia"
-28.979091,153.381246,"Melaleuca quinquenervia"
-28.979091,153.381246,"Melaleuca quinquenervia"
-28.979091,153.381246,"Melaleuca quinquenervia"
-28.979091,153.381246,"Melaleuca quinquenervia"
-28.979091,153.381246,"Melaleuca quinquenervia"
-28.979091,153.381246,"Melaleuca quinquenervia"
-28.979091,153.381246,"Melaleuca quinquenervia"
-28.979091,153.381246,"Melaleuca quinquenervia"
-28.979091,153.381246,"Melaleuca quinquenervia"
-28.979091,153.381246,"Melaleuca quinquenervia"
-28.979091,153.381246,"Melaleuca quinquenervia"
-28.979091,153.381246,"Melaleuca quinquenervia"
-28.979091,153.381246,"Melaleuca quinquenervia"
-28.979091,153.381246,"Melaleuca quinquenervia"
-28.978203,153.437286,"Melaleuca quinquenervia"
-28.978067,153.435521,"Melaleuca quinquenervia"
-28.977786,153.404673,"Melaleuca quinquenervia"
-28.977786,153.404673,"Melaleuca quinquenervia"
-28.977469,153.403152,"Melaleuca quinquenervia"
-28.977133,153.434636,"Melaleuca quinquenervia"
-28.977133,153.434636,"Melaleuca quinquenervia"
-28.976554,153.400891,"Melaleuca quinquenervia"
-28.976257,153.406156,"Melaleuca quinquenervia"
-28.976257,153.406156,"Melaleuca quinquenervia"
-28.976141,152.960008,"Melaleuca quinquenervia"
-28.976141,152.960008,"Melaleuca quinquenervia"
-28.975694,153.436056,"Melaleuca quinquenervia"
-28.975568,153.485783,"Melaleuca quinquenervia"
-28.975444,153.406623,"Melaleuca quinquenervia"
-28.975399,153.35879,"Melaleuca quinquenervia"
-28.975398,153.406563,"Melaleuca quinquenervia"
-28.975398,153.406563,"Melaleuca quinquenervia"
-28.974855,153.432389,"Melaleuca quinquenervia"
-28.974855,153.432389,"Melaleuca quinquenervia"
-28.973896,153.431917,"Melaleuca quinquenervia"
-28.973896,153.431917,"Melaleuca quinquenervia"
-28.973527,153.491032,"Melaleuca quinquenervia"
-28.973002,153.431046,"Melaleuca quinquenervia"
-28.973002,153.431046,"Melaleuca quinquenervia"
-28.972433,153.442424,"Melaleuca quinquenervia"
-28.972386,153.487349,"Melaleuca quinquenervia"
-28.972386,153.487349,"Melaleuca quinquenervia"
-28.971848,153.287081,"Melaleuca quinquenervia"
-28.97183,153.29141,"Melaleuca quinquenervia"
-28.971623,153.324295,"Melaleuca quinquenervia"
-28.971623,153.324295,"Melaleuca quinquenervia"
-28.971623,153.324295,"Melaleuca quinquenervia"
-28.971623,153.324295,"Melaleuca quinquenervia"
-28.971623,153.324295,"Melaleuca quinquenervia"
-28.971623,153.324295,"Melaleuca quinquenervia"
-28.971623,153.324295,"Melaleuca quinquenervia"
-28.971623,153.324295,"Melaleuca quinquenervia"
-28.971623,153.324295,"Melaleuca quinquenervia"
-28.971623,153.324295,"Melaleuca quinquenervia"
-28.971623,153.324295,"Melaleuca quinquenervia"
-28.971623,153.324295,"Melaleuca quinquenervia"
-28.971623,153.324295,"Melaleuca quinquenervia"
-28.971623,153.324295,"Melaleuca quinquenervia"
-28.971623,153.324295,"Melaleuca quinquenervia"
-28.971623,153.324295,"Melaleuca quinquenervia"
-28.971623,153.324295,"Melaleuca quinquenervia"
-28.971623,153.324295,"Melaleuca quinquenervia"
-28.971623,153.324295,"Melaleuca quinquenervia"
-28.971623,153.324295,"Melaleuca quinquenervia"
-28.971623,153.324295,"Melaleuca quinquenervia"
-28.971623,153.324295,"Melaleuca quinquenervia"
-28.971623,153.324295,"Melaleuca quinquenervia"
-28.971623,153.324295,"Melaleuca quinquenervia"
-28.971623,153.324295,"Melaleuca quinquenervia"
-28.971623,153.324295,"Melaleuca quinquenervia"
-28.971623,153.324295,"Melaleuca quinquenervia"
-28.971623,153.324295,"Melaleuca quinquenervia"
-28.971623,153.324295,"Melaleuca quinquenervia"
-28.971322,153.434321,"Melaleuca quinquenervia"
-28.971136,153.43304,"Melaleuca quinquenervia"
-28.971136,153.43304,"Melaleuca quinquenervia"
-28.970675,153.391839,"Melaleuca quinquenervia"
-28.97024,153.28413,"Melaleuca quinquenervia"
-28.97024,153.28413,"Melaleuca quinquenervia"
-28.97022,153.28378,"Melaleuca quinquenervia"
-28.97022,153.28378,"Melaleuca quinquenervia"
-28.970054,153.392173,"Melaleuca quinquenervia"
-28.969893,153.391308,"Melaleuca quinquenervia"
-28.969742,153.437281,"Melaleuca quinquenervia"
-28.969742,153.437281,"Melaleuca quinquenervia"
-28.969742,153.437281,"Melaleuca quinquenervia"
-28.969622,153.147461,"Melaleuca quinquenervia"
-28.969622,153.147461,"Melaleuca quinquenervia"
-28.969585,153.432672,"Melaleuca quinquenervia"
-28.968498,153.436783,"Melaleuca quinquenervia"
-28.968498,153.436783,"Melaleuca quinquenervia"
-28.968154,153.364402,"Melaleuca quinquenervia"
-28.96672,153.380882,"Melaleuca quinquenervia"
-28.9667,153,"Melaleuca quinquenervia"
-28.966461,153.320263,"Melaleuca quinquenervia"
-28.966024,153.387188,"Melaleuca quinquenervia"
-28.965793,153.382858,"Melaleuca quinquenervia"
-28.965764,153.279424,"Melaleuca quinquenervia"
-28.965764,153.279424,"Melaleuca quinquenervia"
-28.965252,153.441162,"Melaleuca quinquenervia"
-28.965252,153.441162,"Melaleuca quinquenervia"
-28.964199,153.306749,"Melaleuca quinquenervia"
-28.962825,153.306909,"Melaleuca quinquenervia"
-28.960669,153.497639,"Melaleuca quinquenervia"
-28.960092,153.390678,"Melaleuca quinquenervia"
-28.960092,153.390678,"Melaleuca quinquenervia"
-28.959598,153.501902,"Melaleuca quinquenervia"
-28.958133,153.377172,"Melaleuca quinquenervia"
-28.957937,153.429206,"Melaleuca quinquenervia"
-28.957937,153.429206,"Melaleuca quinquenervia"
-28.957937,153.429206,"Melaleuca quinquenervia"
-28.957937,153.429206,"Melaleuca quinquenervia"
-28.957937,153.429206,"Melaleuca quinquenervia"
-28.957937,153.429206,"Melaleuca quinquenervia"
-28.957937,153.429206,"Melaleuca quinquenervia"
-28.957455,153.385411,"Melaleuca quinquenervia"
-28.95673,153.476078,"Melaleuca quinquenervia"
-28.95658,153.29274,"Melaleuca quinquenervia"
-28.95582,153.29243,"Melaleuca quinquenervia"
-28.95549,153.392249,"Melaleuca quinquenervia"
-28.95549,153.392249,"Melaleuca quinquenervia"
-28.95537,153.29225,"Melaleuca quinquenervia"
-28.95536,153.29313,"Melaleuca quinquenervia"
-28.95512,153.29286,"Melaleuca quinquenervia"
-28.95512,153.29286,"Melaleuca quinquenervia"
-28.954192,153.428136,"Melaleuca quinquenervia"
-28.954192,153.428136,"Melaleuca quinquenervia"
-28.953149,153.369052,"Melaleuca quinquenervia"
-28.953149,153.369052,"Melaleuca quinquenervia"
-28.953149,153.369052,"Melaleuca quinquenervia"
-28.953149,153.369052,"Melaleuca quinquenervia"
-28.953149,153.369052,"Melaleuca quinquenervia"
-28.953133,153.390508,"Melaleuca quinquenervia"
-28.953133,153.390508,"Melaleuca quinquenervia"
-28.952242,153.368932,"Melaleuca quinquenervia"
-28.951814,153.368971,"Melaleuca quinquenervia"
-28.951434,153.429754,"Melaleuca quinquenervia"
-28.951053,153.368352,"Melaleuca quinquenervia"
-28.950891,153.441501,"Melaleuca quinquenervia"
-28.950891,153.441501,"Melaleuca quinquenervia"
-28.95055,153.43121,"Melaleuca quinquenervia"
-28.95,153.46667,"Melaleuca quinquenervia"
-28.95,153.466667,"Melaleuca quinquenervia"
-28.949905,153.370444,"Melaleuca quinquenervia"
-28.949905,153.370444,"Melaleuca quinquenervia"
-28.949905,153.370444,"Melaleuca quinquenervia"
-28.949456,153.468145,"Melaleuca quinquenervia"
-28.949314,153.459648,"Melaleuca quinquenervia"
-28.949314,153.459648,"Melaleuca quinquenervia"
-28.949012,153.429476,"Melaleuca quinquenervia"
-28.949012,153.429476,"Melaleuca quinquenervia"
-28.949012,153.429476,"Melaleuca quinquenervia"
-28.949012,153.429476,"Melaleuca quinquenervia"
-28.949012,153.429476,"Melaleuca quinquenervia"
-28.949012,153.429476,"Melaleuca quinquenervia"
-28.949012,153.429476,"Melaleuca quinquenervia"
-28.948798,153.382403,"Melaleuca quinquenervia"
-28.948395,153.42765,"Melaleuca quinquenervia"
-28.948395,153.42765,"Melaleuca quinquenervia"
-28.948395,153.42765,"Melaleuca quinquenervia"
-28.948395,153.42765,"Melaleuca quinquenervia"
-28.948395,153.42765,"Melaleuca quinquenervia"
-28.948395,153.42765,"Melaleuca quinquenervia"
-28.948395,153.42765,"Melaleuca quinquenervia"
-28.948368,153.437406,"Melaleuca quinquenervia"
-28.947732,153.294597,"Melaleuca quinquenervia"
-28.947702,153.434358,"Melaleuca quinquenervia"
-28.947702,153.434358,"Melaleuca quinquenervia"
-28.947702,153.434358,"Melaleuca quinquenervia"
-28.947702,153.434358,"Melaleuca quinquenervia"
-28.947702,153.434358,"Melaleuca quinquenervia"
-28.947702,153.434358,"Melaleuca quinquenervia"
-28.947702,153.434358,"Melaleuca quinquenervia"
-28.947449,153.430257,"Melaleuca quinquenervia"
-28.947169,153.427836,"Melaleuca quinquenervia"
-28.946563,153.425366,"Melaleuca quinquenervia"
-28.946491,153.434175,"Melaleuca quinquenervia"
-28.946447,153.408225,"Melaleuca quinquenervia"
-28.946447,153.408225,"Melaleuca quinquenervia"
-28.946439,153.319078,"Melaleuca quinquenervia"
-28.946355,153.430531,"Melaleuca quinquenervia"
-28.946275,153.250509,"Melaleuca quinquenervia"
-28.94622,153.248992,"Melaleuca quinquenervia"
-28.946132,153.432196,"Melaleuca quinquenervia"
-28.945632,153.428204,"Melaleuca quinquenervia"
-28.945538,153.45792,"Melaleuca quinquenervia"
-28.945538,153.45792,"Melaleuca quinquenervia"
-28.944997,153.432772,"Melaleuca quinquenervia"
-28.9449,153.430763,"Melaleuca quinquenervia"
-28.944719,153.459681,"Melaleuca quinquenervia"
-28.944719,153.459681,"Melaleuca quinquenervia"
-28.944411,153.428653,"Melaleuca quinquenervia"
-28.944363,153.455586,"Melaleuca quinquenervia"
-28.944363,153.455586,"Melaleuca quinquenervia"
-28.944343,153.367677,"Melaleuca quinquenervia"
-28.944343,153.367677,"Melaleuca quinquenervia"
-28.944343,153.367677,"Melaleuca quinquenervia"
-28.944343,153.367677,"Melaleuca quinquenervia"
-28.944292,153.40757,"Melaleuca quinquenervia"
-28.944292,153.40757,"Melaleuca quinquenervia"
-28.944292,153.40757,"Melaleuca quinquenervia"
-28.9439,153.437603,"Melaleuca quinquenervia"
-28.9439,153.437603,"Melaleuca quinquenervia"
-28.943809,153.411806,"Melaleuca quinquenervia"
-28.943286,153.380825,"Melaleuca quinquenervia"
-28.943275,153.443543,"Melaleuca quinquenervia"
-28.943275,153.443543,"Melaleuca quinquenervia"
-28.943275,153.443543,"Melaleuca quinquenervia"
-28.943275,153.443543,"Melaleuca quinquenervia"
-28.943275,153.443543,"Melaleuca quinquenervia"
-28.943275,153.443543,"Melaleuca quinquenervia"
-28.943275,153.443543,"Melaleuca quinquenervia"
-28.943082,153.442022,"Melaleuca quinquenervia"
-28.943082,153.442022,"Melaleuca quinquenervia"
-28.942774,153.408149,"Melaleuca quinquenervia"
-28.942774,153.408149,"Melaleuca quinquenervia"
-28.942774,153.408149,"Melaleuca quinquenervia"
-28.942688,153.330741,"Melaleuca quinquenervia"
-28.942688,153.330741,"Melaleuca quinquenervia"
-28.942598,153.433139,"Melaleuca quinquenervia"
-28.942448,153.51857,"Melaleuca quinquenervia"
-28.942448,153.51857,"Melaleuca quinquenervia"
-28.942268,153.437732,"Melaleuca quinquenervia"
-28.942268,153.437732,"Melaleuca quinquenervia"
-28.942268,153.437732,"Melaleuca quinquenervia"
-28.942268,153.437732,"Melaleuca quinquenervia"
-28.942268,153.437732,"Melaleuca quinquenervia"
-28.942268,153.437732,"Melaleuca quinquenervia"
-28.942268,153.437732,"Melaleuca quinquenervia"
-28.941607,153.368242,"Melaleuca quinquenervia"
-28.941607,153.368242,"Melaleuca quinquenervia"
-28.941607,153.368242,"Melaleuca quinquenervia"
-28.941607,153.368242,"Melaleuca quinquenervia"
-28.941607,153.368242,"Melaleuca quinquenervia"
-28.941607,153.368242,"Melaleuca quinquenervia"
-28.941607,153.368242,"Melaleuca quinquenervia"
-28.941607,153.368242,"Melaleuca quinquenervia"
-28.941607,153.368242,"Melaleuca quinquenervia"
-28.941607,153.368242,"Melaleuca quinquenervia"
-28.941607,153.368242,"Melaleuca quinquenervia"
-28.941607,153.368242,"Melaleuca quinquenervia"
-28.941607,153.368242,"Melaleuca quinquenervia"
-28.941607,153.368242,"Melaleuca quinquenervia"
-28.941607,153.368242,"Melaleuca quinquenervia"
-28.941607,153.368242,"Melaleuca quinquenervia"
-28.941519,153.411048,"Melaleuca quinquenervia"
-28.941519,153.411048,"Melaleuca quinquenervia"
-28.941392,153.361038,"Melaleuca quinquenervia"
-28.941392,153.361038,"Melaleuca quinquenervia"
-28.941392,153.361038,"Melaleuca quinquenervia"
-28.941392,153.361038,"Melaleuca quinquenervia"
-28.941392,153.361038,"Melaleuca quinquenervia"
-28.941392,153.361038,"Melaleuca quinquenervia"
-28.941392,153.361038,"Melaleuca quinquenervia"
-28.941163,153.412278,"Melaleuca quinquenervia"
-28.941163,153.412278,"Melaleuca quinquenervia"
-28.940376,153.327635,"Melaleuca quinquenervia"
-28.940376,153.327635,"Melaleuca quinquenervia"
-28.939978,153.465879,"Melaleuca quinquenervia"
-28.939978,153.465879,"Melaleuca quinquenervia"
-28.939683,153.272479,"Melaleuca quinquenervia"
-28.939508,153.413482,"Melaleuca quinquenervia"
-28.939508,153.413482,"Melaleuca quinquenervia"
-28.93791,153.407545,"Melaleuca quinquenervia"
-28.93791,153.407545,"Melaleuca quinquenervia"
-28.937198,153.468308,"Melaleuca quinquenervia"
-28.937198,153.468308,"Melaleuca quinquenervia"
-28.93609,153.454503,"Melaleuca quinquenervia"
-28.93609,153.454503,"Melaleuca quinquenervia"
-28.936083,153.467161,"Melaleuca quinquenervia"
-28.935498,153.450737,"Melaleuca quinquenervia"
-28.93453,153.44607,"Melaleuca quinquenervia"
-28.93453,153.44607,"Melaleuca quinquenervia"
-28.934375,153.446685,"Melaleuca quinquenervia"
-28.934375,153.446685,"Melaleuca quinquenervia"
-28.934209,153.451197,"Melaleuca quinquenervia"
-28.934154,153.336027,"Melaleuca quinquenervia"
-28.934137,153.455469,"Melaleuca quinquenervia"
-28.934137,153.455469,"Melaleuca quinquenervia"
-28.933705,153.465807,"Melaleuca quinquenervia"
-28.933705,153.465807,"Melaleuca quinquenervia"
-28.933081,153.460913,"Melaleuca quinquenervia"
-28.933081,153.460913,"Melaleuca quinquenervia"
-28.933035,153.458185,"Melaleuca quinquenervia"
-28.933035,153.458185,"Melaleuca quinquenervia"
-28.933035,153.458185,"Melaleuca quinquenervia"
-28.933035,153.458185,"Melaleuca quinquenervia"
-28.933035,153.458185,"Melaleuca quinquenervia"
-28.933035,153.458185,"Melaleuca quinquenervia"
-28.933035,153.458185,"Melaleuca quinquenervia"
-28.932887,153.459588,"Melaleuca quinquenervia"
-28.932887,153.459588,"Melaleuca quinquenervia"
-28.932802,153.441156,"Melaleuca quinquenervia"
-28.932802,153.441156,"Melaleuca quinquenervia"
-28.932802,153.441156,"Melaleuca quinquenervia"
-28.932802,153.441156,"Melaleuca quinquenervia"
-28.932802,153.441156,"Melaleuca quinquenervia"
-28.932802,153.441156,"Melaleuca quinquenervia"
-28.932802,153.441156,"Melaleuca quinquenervia"
-28.932802,153.441156,"Melaleuca quinquenervia"
-28.932802,153.441156,"Melaleuca quinquenervia"
-28.932802,153.441156,"Melaleuca quinquenervia"
-28.932802,153.441156,"Melaleuca quinquenervia"
-28.932802,153.441156,"Melaleuca quinquenervia"
-28.93267,153.465084,"Melaleuca quinquenervia"
-28.93267,153.465084,"Melaleuca quinquenervia"
-28.93265,153.460244,"Melaleuca quinquenervia"
-28.93265,153.460244,"Melaleuca quinquenervia"
-28.932523,153.453035,"Melaleuca quinquenervia"
-28.932523,153.453035,"Melaleuca quinquenervia"
-28.932214,153.45561,"Melaleuca quinquenervia"
-28.932214,153.45561,"Melaleuca quinquenervia"
-28.932214,153.45561,"Melaleuca quinquenervia"
-28.932214,153.45561,"Melaleuca quinquenervia"
-28.932214,153.45561,"Melaleuca quinquenervia"
-28.932214,153.45561,"Melaleuca quinquenervia"
-28.932214,153.45561,"Melaleuca quinquenervia"
-28.932036,153.369406,"Melaleuca quinquenervia"
-28.932011,153.44168,"Melaleuca quinquenervia"
-28.931957,153.459014,"Melaleuca quinquenervia"
-28.931957,153.459014,"Melaleuca quinquenervia"
-28.931957,153.459014,"Melaleuca quinquenervia"
-28.931957,153.459014,"Melaleuca quinquenervia"
-28.931957,153.459014,"Melaleuca quinquenervia"
-28.931957,153.459014,"Melaleuca quinquenervia"
-28.931957,153.459014,"Melaleuca quinquenervia"
-28.931885,153.443688,"Melaleuca quinquenervia"
-28.93185,153.466102,"Melaleuca quinquenervia"
-28.931594,153.445514,"Melaleuca quinquenervia"
-28.931576,153.36607,"Melaleuca quinquenervia"
-28.931576,153.36607,"Melaleuca quinquenervia"
-28.931567,153.446724,"Melaleuca quinquenervia"
-28.93151,153.456768,"Melaleuca quinquenervia"
-28.93151,153.456768,"Melaleuca quinquenervia"
-28.93151,153.456768,"Melaleuca quinquenervia"
-28.93151,153.456768,"Melaleuca quinquenervia"
-28.93151,153.456768,"Melaleuca quinquenervia"
-28.93151,153.456768,"Melaleuca quinquenervia"
-28.93151,153.456768,"Melaleuca quinquenervia"
-28.931192,153.442401,"Melaleuca quinquenervia"
-28.930957,153.371565,"Melaleuca quinquenervia"
-28.930896,153.454838,"Melaleuca quinquenervia"
-28.930896,153.454838,"Melaleuca quinquenervia"
-28.930896,153.454838,"Melaleuca quinquenervia"
-28.930896,153.454838,"Melaleuca quinquenervia"
-28.930896,153.454838,"Melaleuca quinquenervia"
-28.930896,153.454838,"Melaleuca quinquenervia"
-28.930896,153.454838,"Melaleuca quinquenervia"
-28.930793,153.47263,"Melaleuca quinquenervia"
-28.930793,153.47263,"Melaleuca quinquenervia"
-28.930745,153.446619,"Melaleuca quinquenervia"
-28.930398,153.306488,"Melaleuca quinquenervia"
-28.930398,153.306488,"Melaleuca quinquenervia"
-28.930398,153.306488,"Melaleuca quinquenervia"
-28.930398,153.306488,"Melaleuca quinquenervia"
-28.930398,153.306488,"Melaleuca quinquenervia"
-28.930398,153.306488,"Melaleuca quinquenervia"
-28.930398,153.306488,"Melaleuca quinquenervia"
-28.930398,153.306488,"Melaleuca quinquenervia"
-28.930398,153.306488,"Melaleuca quinquenervia"
-28.930398,153.306488,"Melaleuca quinquenervia"
-28.930398,153.306488,"Melaleuca quinquenervia"
-28.930398,153.306488,"Melaleuca quinquenervia"
-28.930398,153.306488,"Melaleuca quinquenervia"
-28.930398,153.306488,"Melaleuca quinquenervia"
-28.930398,153.306488,"Melaleuca quinquenervia"
-28.930398,153.306488,"Melaleuca quinquenervia"
-28.930398,153.306488,"Melaleuca quinquenervia"
-28.930398,153.306488,"Melaleuca quinquenervia"
-28.930385,153.444383,"Melaleuca quinquenervia"
-28.930331,153.445517,"Melaleuca quinquenervia"
-28.930257,153.447234,"Melaleuca quinquenervia"
-28.930094,153.369943,"Melaleuca quinquenervia"
-28.930094,153.369943,"Melaleuca quinquenervia"
-28.930094,153.369943,"Melaleuca quinquenervia"
-28.929873,153.451244,"Melaleuca quinquenervia"
-28.929818,153.208342,"Melaleuca quinquenervia"
-28.929818,153.208342,"Melaleuca quinquenervia"
-28.929668,153.440433,"Melaleuca quinquenervia"
-28.929569,153.447747,"Melaleuca quinquenervia"
-28.929261,153.450667,"Melaleuca quinquenervia"
-28.929261,153.450667,"Melaleuca quinquenervia"
-28.92925,153.437776,"Melaleuca quinquenervia"
-28.929172,153.442157,"Melaleuca quinquenervia"
-28.929157,153.439055,"Melaleuca quinquenervia"
-28.928304,153.437856,"Melaleuca quinquenervia"
-28.928149,153.436198,"Melaleuca quinquenervia"
-28.92813,153.445457,"Melaleuca quinquenervia"
-28.92813,153.445457,"Melaleuca quinquenervia"
-28.92813,153.445457,"Melaleuca quinquenervia"
-28.92813,153.445457,"Melaleuca quinquenervia"
-28.92813,153.445457,"Melaleuca quinquenervia"
-28.92813,153.445457,"Melaleuca quinquenervia"
-28.92813,153.445457,"Melaleuca quinquenervia"
-28.928121,153.444255,"Melaleuca quinquenervia"
-28.928111,153.450205,"Melaleuca quinquenervia"
-28.928069,153.443199,"Melaleuca quinquenervia"
-28.927886,153.441447,"Melaleuca quinquenervia"
-28.927886,153.441447,"Melaleuca quinquenervia"
-28.927886,153.441447,"Melaleuca quinquenervia"
-28.927886,153.441447,"Melaleuca quinquenervia"
-28.927886,153.441447,"Melaleuca quinquenervia"
-28.927886,153.441447,"Melaleuca quinquenervia"
-28.927886,153.441447,"Melaleuca quinquenervia"
-28.92786,153.455062,"Melaleuca quinquenervia"
-28.927799,153.371246,"Melaleuca quinquenervia"
-28.927568,153.447948,"Melaleuca quinquenervia"
-28.927265,153.206957,"Melaleuca quinquenervia"
-28.927229,153.474768,"Melaleuca quinquenervia"
-28.927229,153.474768,"Melaleuca quinquenervia"
-28.927159,153.43586,"Melaleuca quinquenervia"
-28.927037,153.439266,"Melaleuca quinquenervia"
-28.926872,153.449104,"Melaleuca quinquenervia"
-28.926443,153.475021,"Melaleuca quinquenervia"
-28.926443,153.475021,"Melaleuca quinquenervia"
-28.926236,153.474822,"Melaleuca quinquenervia"
-28.926236,153.474822,"Melaleuca quinquenervia"
-28.926167,153.484323,"Melaleuca quinquenervia"
-28.926167,153.484323,"Melaleuca quinquenervia"
-28.926011,153.374453,"Melaleuca quinquenervia"
-28.926011,153.374453,"Melaleuca quinquenervia"
-28.925712,153.439412,"Melaleuca quinquenervia"
-28.925371,153.447515,"Melaleuca quinquenervia"
-28.925204,153.460432,"Melaleuca quinquenervia"
-28.925177,153.449869,"Melaleuca quinquenervia"
-28.925177,153.449869,"Melaleuca quinquenervia"
-28.925177,153.449869,"Melaleuca quinquenervia"
-28.925177,153.449869,"Melaleuca quinquenervia"
-28.925177,153.449869,"Melaleuca quinquenervia"
-28.925177,153.449869,"Melaleuca quinquenervia"
-28.925177,153.449869,"Melaleuca quinquenervia"
-28.924988,153.528944,"Melaleuca quinquenervia"
-28.924988,153.528944,"Melaleuca quinquenervia"
-28.924287,153.448649,"Melaleuca quinquenervia"
-28.92387,153.2969,"Melaleuca quinquenervia"
-28.921468,153.325086,"Melaleuca quinquenervia"
-28.921239,153.461416,"Melaleuca quinquenervia"
-28.92094,153.371222,"Melaleuca quinquenervia"
-28.919817,153.210752,"Melaleuca quinquenervia"
-28.915193,153.505796,"Melaleuca quinquenervia"
-28.914348,153.422566,"Melaleuca quinquenervia"
-28.913985,153.369342,"Melaleuca quinquenervia"
-28.912682,153.43076,"Melaleuca quinquenervia"
-28.91229,153.477776,"Melaleuca quinquenervia"
-28.912017,153.476645,"Melaleuca quinquenervia"
-28.911809,153.477163,"Melaleuca quinquenervia"
-28.911346,153.42552,"Melaleuca quinquenervia"
-28.911346,153.42552,"Melaleuca quinquenervia"
-28.910826,153.070432,"Melaleuca quinquenervia"
-28.910826,153.070432,"Melaleuca quinquenervia"
-28.910826,153.070432,"Melaleuca quinquenervia"
-28.910826,153.070432,"Melaleuca quinquenervia"
-28.906056,153.059413,"Melaleuca quinquenervia"
-28.906056,153.059413,"Melaleuca quinquenervia"
-28.906056,153.059413,"Melaleuca quinquenervia"
-28.904455,153.083209,"Melaleuca quinquenervia"
-28.904455,153.083209,"Melaleuca quinquenervia"
-28.904108,153.346473,"Melaleuca quinquenervia"
-28.901284,152.863972,"Melaleuca quinquenervia"
-28.901284,152.863972,"Melaleuca quinquenervia"
-28.9,153.5167,"Melaleuca quinquenervia"
-28.9,153.5167,"Melaleuca quinquenervia"
-28.9,153.5167,"Melaleuca quinquenervia"
-28.9,153.5167,"Melaleuca quinquenervia"
-28.9,153.5167,"Melaleuca quinquenervia"
-28.893084,153.240574,"Melaleuca quinquenervia"
-28.892491,153.547839,"Melaleuca quinquenervia"
-28.885645,153.483078,"Melaleuca quinquenervia"
-28.883832,153.48512,"Melaleuca quinquenervia"
-28.881742,153.05466,"Melaleuca quinquenervia"
-28.88157,153.055952,"Melaleuca quinquenervia"
-28.88157,153.055952,"Melaleuca quinquenervia"
-28.878727,153.264265,"Melaleuca quinquenervia"
-28.878409,153.487146,"Melaleuca quinquenervia"
-28.876297,153.269572,"Melaleuca quinquenervia"
-28.876297,153.269572,"Melaleuca quinquenervia"
-28.875582,153.264345,"Melaleuca quinquenervia"
-28.874037,153.262752,"Melaleuca quinquenervia"
-28.874037,153.262752,"Melaleuca quinquenervia"
-28.873936,153.368202,"Melaleuca quinquenervia"
-28.873397,153.059411,"Melaleuca quinquenervia"
-28.873332,153.263072,"Melaleuca quinquenervia"
-28.873332,153.263072,"Melaleuca quinquenervia"
-28.873077,153.054051,"Melaleuca quinquenervia"
-28.873077,153.054051,"Melaleuca quinquenervia"
-28.872571,153.462453,"Melaleuca quinquenervia"
-28.872571,153.462453,"Melaleuca quinquenervia"
-28.869208,153.58348,"Melaleuca quinquenervia"
-28.8667,153.5667,"Melaleuca quinquenervia"
-28.866667,153.05,"Melaleuca quinquenervia"
-28.866667,153.05,"Melaleuca quinquenervia"
-28.866667,153.3,"Melaleuca quinquenervia"
-28.866667,153.05,"Melaleuca quinquenervia"
-28.866667,153.05,"Melaleuca quinquenervia"
-28.866234,153.050513,"Melaleuca quinquenervia"
-28.866234,153.050513,"Melaleuca quinquenervia"
-28.866234,153.050513,"Melaleuca quinquenervia"
-28.866234,153.050513,"Melaleuca quinquenervia"
-28.866234,153.050513,"Melaleuca quinquenervia"
-28.865767,153.279526,"Melaleuca quinquenervia"
-28.865767,153.279526,"Melaleuca quinquenervia"
-28.86532,153.584986,"Melaleuca quinquenervia"
-28.86513,153.585049,"Melaleuca quinquenervia"
-28.864998,153.279859,"Melaleuca quinquenervia"
-28.864998,153.279859,"Melaleuca quinquenervia"
-28.864119,153.054718,"Melaleuca quinquenervia"
-28.864119,153.054718,"Melaleuca quinquenervia"
-28.864119,153.054718,"Melaleuca quinquenervia"
-28.864119,153.054718,"Melaleuca quinquenervia"
-28.864119,153.054718,"Melaleuca quinquenervia"
-28.864119,153.054718,"Melaleuca quinquenervia"
-28.863704,153.557833,"Melaleuca quinquenervia"
-28.86307,153.594799,"Melaleuca quinquenervia"
-28.861995,153.534242,"Melaleuca quinquenervia"
-28.860262,153.59531,"Melaleuca quinquenervia"
-28.858611,153.15963,"Melaleuca quinquenervia"
-28.857558,153.274249,"Melaleuca quinquenervia"
-28.857558,153.274249,"Melaleuca quinquenervia"
-28.857,153.274128,"Melaleuca quinquenervia"
-28.857,153.274128,"Melaleuca quinquenervia"
-28.856847,153.583939,"Melaleuca quinquenervia"
-28.856756,153.584167,"Melaleuca quinquenervia"
-28.856736,153.579025,"Melaleuca quinquenervia"
-28.850262,153.566635,"Melaleuca quinquenervia"
-28.850159,153.321108,"Melaleuca quinquenervia"
-28.850026,153.31729,"Melaleuca quinquenervia"
-28.849532,153.049244,"Melaleuca quinquenervia"
-28.848941,153.302602,"Melaleuca quinquenervia"
-28.848029,153.181611,"Melaleuca quinquenervia"
-28.848029,153.181611,"Melaleuca quinquenervia"
-28.847765,153.364852,"Melaleuca quinquenervia"
-28.847765,153.364852,"Melaleuca quinquenervia"
-28.847405,153.549745,"Melaleuca quinquenervia"
-28.847355,153.549408,"Melaleuca quinquenervia"
-28.847055,153.550583,"Melaleuca quinquenervia"
-28.846977,153.549692,"Melaleuca quinquenervia"
-28.846653,153.30149,"Melaleuca quinquenervia"
-28.846653,153.30149,"Melaleuca quinquenervia"
-28.846653,153.30149,"Melaleuca quinquenervia"
-28.846133,153.587882,"Melaleuca quinquenervia"
-28.846012,153.576186,"Melaleuca quinquenervia"
-28.845995,153.601167,"Melaleuca quinquenervia"
-28.845433,153.096858,"Melaleuca quinquenervia"
-28.844739,153.549143,"Melaleuca quinquenervia"
-28.844739,153.549143,"Melaleuca quinquenervia"
-28.844363,153.574534,"Melaleuca quinquenervia"
-28.844363,153.574534,"Melaleuca quinquenervia"
-28.844167,153.598889,"Melaleuca quinquenervia"
-28.843409,153.086502,"Melaleuca quinquenervia"
-28.841854,153.550553,"Melaleuca quinquenervia"
-28.841854,153.550553,"Melaleuca quinquenervia"
-28.84008,153.594611,"Melaleuca quinquenervia"
-28.839408,153.041885,"Melaleuca quinquenervia"
-28.839312,153.589832,"Melaleuca quinquenervia"
-28.838551,153.591194,"Melaleuca quinquenervia"
-28.83855,153.591214,"Melaleuca quinquenervia"
-28.838544,153.591211,"Melaleuca quinquenervia"
-28.838508,153.589834,"Melaleuca quinquenervia"
-28.838508,153.589845,"Melaleuca quinquenervia"
-28.838496,153.034724,"Melaleuca quinquenervia"
-28.838477,153.517667,"Melaleuca quinquenervia"
-28.838129,153.543722,"Melaleuca quinquenervia"
-28.838008,153.035807,"Melaleuca quinquenervia"
-28.838008,153.035807,"Melaleuca quinquenervia"
-28.837979,153.561955,"Melaleuca quinquenervia"
-28.837955,153.592858,"Melaleuca quinquenervia"
-28.837619,153.533084,"Melaleuca quinquenervia"
-28.837454,153.5911,"Melaleuca quinquenervia"
-28.837446,153.59106,"Melaleuca quinquenervia"
-28.837425,153.591062,"Melaleuca quinquenervia"
-28.837174,153.593537,"Melaleuca quinquenervia"
-28.837172,153.593541,"Melaleuca quinquenervia"
-28.837147,153.593546,"Melaleuca quinquenervia"
-28.836832,153.591286,"Melaleuca quinquenervia"
-28.836832,153.591286,"Melaleuca quinquenervia"
-28.836807,153.591276,"Melaleuca quinquenervia"
-28.836792,153.591015,"Melaleuca quinquenervia"
-28.836792,153.591015,"Melaleuca quinquenervia"
-28.836792,153.591015,"Melaleuca quinquenervia"
-28.836792,153.591015,"Melaleuca quinquenervia"
-28.836792,153.591015,"Melaleuca quinquenervia"
-28.836792,153.591015,"Melaleuca quinquenervia"
-28.83656,153.460575,"Melaleuca quinquenervia"
-28.836553,153.559815,"Melaleuca quinquenervia"
-28.835443,153.597614,"Melaleuca quinquenervia"
-28.835428,153.59764,"Melaleuca quinquenervia"
-28.835396,153.597694,"Melaleuca quinquenervia"
-28.835367,153.597545,"Melaleuca quinquenervia"
-28.835367,153.597545,"Melaleuca quinquenervia"
-28.83531,153.596003,"Melaleuca quinquenervia"
-28.83527,153.596003,"Melaleuca quinquenervia"
-28.835268,153.595988,"Melaleuca quinquenervia"
-28.833683,153.543889,"Melaleuca quinquenervia"
-28.833584,153.553421,"Melaleuca quinquenervia"
-28.833238,153.59466,"Melaleuca quinquenervia"
-28.833238,153.59466,"Melaleuca quinquenervia"
-28.833238,153.59466,"Melaleuca quinquenervia"
-28.833238,153.59466,"Melaleuca quinquenervia"
-28.833238,153.59466,"Melaleuca quinquenervia"
-28.833172,153.597472,"Melaleuca quinquenervia"
-28.833098,153.597159,"Melaleuca quinquenervia"
-28.833095,153.597157,"Melaleuca quinquenervia"
-28.833087,153.597156,"Melaleuca quinquenervia"
-28.83307,153.597072,"Melaleuca quinquenervia"
-28.83307,153.597072,"Melaleuca quinquenervia"
-28.832905,153.527601,"Melaleuca quinquenervia"
-28.83276,153.324936,"Melaleuca quinquenervia"
-28.832648,153.594775,"Melaleuca quinquenervia"
-28.83263,153.594789,"Melaleuca quinquenervia"
-28.832622,153.594788,"Melaleuca quinquenervia"
-28.83235,153.029767,"Melaleuca quinquenervia"
-28.832103,153.553587,"Melaleuca quinquenervia"
-28.832103,153.553587,"Melaleuca quinquenervia"
-28.832085,153.556653,"Melaleuca quinquenervia"
-28.831745,153.59261,"Melaleuca quinquenervia"
-28.831739,153.592635,"Melaleuca quinquenervia"
-28.831738,153.59261,"Melaleuca quinquenervia"
-28.831598,153.596068,"Melaleuca quinquenervia"
-28.830931,153.589456,"Melaleuca quinquenervia"
-28.830931,153.589456,"Melaleuca quinquenervia"
-28.828636,153.025609,"Melaleuca quinquenervia"
-28.828265,153.583998,"Melaleuca quinquenervia"
-28.828265,153.583998,"Melaleuca quinquenervia"
-28.827177,153.321548,"Melaleuca quinquenervia"
-28.827134,153.603424,"Melaleuca quinquenervia"
-28.826705,153.094781,"Melaleuca quinquenervia"
-28.826705,153.094781,"Melaleuca quinquenervia"
-28.826383,153.298776,"Melaleuca quinquenervia"
-28.825629,153.596296,"Melaleuca quinquenervia"
-28.824517,153.596762,"Melaleuca quinquenervia"
-28.824397,153.547639,"Melaleuca quinquenervia"
-28.823912,153.601928,"Melaleuca quinquenervia"
-28.820908,153.537088,"Melaleuca quinquenervia"
-28.820563,153.02443,"Melaleuca quinquenervia"
-28.820464,153.537297,"Melaleuca quinquenervia"
-28.8186,153.277965,"Melaleuca quinquenervia"
-28.818352,153.342482,"Melaleuca quinquenervia"
-28.818352,153.342482,"Melaleuca quinquenervia"
-28.818352,153.342482,"Melaleuca quinquenervia"
-28.818352,153.342482,"Melaleuca quinquenervia"
-28.818352,153.342482,"Melaleuca quinquenervia"
-28.818352,153.342482,"Melaleuca quinquenervia"
-28.818352,153.342482,"Melaleuca quinquenervia"
-28.818336,153.541458,"Melaleuca quinquenervia"
-28.818282,153.541906,"Melaleuca quinquenervia"
-28.818167,153.5412,"Melaleuca quinquenervia"
-28.817849,153.541254,"Melaleuca quinquenervia"
-28.817687,153.544895,"Melaleuca quinquenervia"
-28.8167,152.9667,"Melaleuca quinquenervia"
-28.8167,152.9667,"Melaleuca quinquenervia"
-28.8167,152.9667,"Melaleuca quinquenervia"
-28.8167,152.9667,"Melaleuca quinquenervia"
-28.8167,152.9667,"Melaleuca quinquenervia"
-28.81653,153.027318,"Melaleuca quinquenervia"
-28.81597,153.589308,"Melaleuca quinquenervia"
-28.815656,153.540696,"Melaleuca quinquenervia"
-28.814959,153.537763,"Melaleuca quinquenervia"
-28.81492,153.539527,"Melaleuca quinquenervia"
-28.814733,153.539155,"Melaleuca quinquenervia"
-28.814221,153.538881,"Melaleuca quinquenervia"
-28.81422,153.538875,"Melaleuca quinquenervia"
-28.811913,153.546784,"Melaleuca quinquenervia"
-28.81024,153.53866,"Melaleuca quinquenervia"
-28.810065,153.536698,"Melaleuca quinquenervia"
-28.809354,153.26137,"Melaleuca quinquenervia"
-28.809052,153.281588,"Melaleuca quinquenervia"
-28.809052,153.281588,"Melaleuca quinquenervia"
-28.809052,153.281588,"Melaleuca quinquenervia"
-28.809052,153.281588,"Melaleuca quinquenervia"
-28.809052,153.281588,"Melaleuca quinquenervia"
-28.809052,153.281588,"Melaleuca quinquenervia"
-28.809052,153.281588,"Melaleuca quinquenervia"
-28.809052,153.281588,"Melaleuca quinquenervia"
-28.808835,153.281037,"Melaleuca quinquenervia"
-28.8077,153.513285,"Melaleuca quinquenervia"
-28.807449,153.514173,"Melaleuca quinquenervia"
-28.807449,153.514173,"Melaleuca quinquenervia"
-28.807114,153.572857,"Melaleuca quinquenervia"
-28.806756,153.512186,"Melaleuca quinquenervia"
-28.806756,153.512186,"Melaleuca quinquenervia"
-28.806756,153.512186,"Melaleuca quinquenervia"
-28.806485,153.511489,"Melaleuca quinquenervia"
-28.806485,153.511489,"Melaleuca quinquenervia"
-28.806485,153.511489,"Melaleuca quinquenervia"
-28.80642,153.525891,"Melaleuca quinquenervia"
-28.806247,153.510219,"Melaleuca quinquenervia"
-28.806247,153.510219,"Melaleuca quinquenervia"
-28.806247,153.510219,"Melaleuca quinquenervia"
-28.806194,153.512096,"Melaleuca quinquenervia"
-28.806194,153.512096,"Melaleuca quinquenervia"
-28.806194,153.512096,"Melaleuca quinquenervia"
-28.805617,153.509845,"Melaleuca quinquenervia"
-28.805617,153.509845,"Melaleuca quinquenervia"
-28.805617,153.509845,"Melaleuca quinquenervia"
-28.805175,153.539498,"Melaleuca quinquenervia"
-28.804779,153.53939,"Melaleuca quinquenervia"
-28.804541,153.505645,"Melaleuca quinquenervia"
-28.804541,153.505645,"Melaleuca quinquenervia"
-28.804541,153.505645,"Melaleuca quinquenervia"
-28.804325,153.510769,"Melaleuca quinquenervia"
-28.804325,153.510769,"Melaleuca quinquenervia"
-28.804325,153.510769,"Melaleuca quinquenervia"
-28.803779,153.092139,"Melaleuca quinquenervia"
-28.803779,153.092139,"Melaleuca quinquenervia"
-28.803075,153.537477,"Melaleuca quinquenervia"
-28.798779,153.529462,"Melaleuca quinquenervia"
-28.798779,153.529462,"Melaleuca quinquenervia"
-28.798766,153.279542,"Melaleuca quinquenervia"
-28.798679,153.564651,"Melaleuca quinquenervia"
-28.798679,153.564651,"Melaleuca quinquenervia"
-28.796395,152.986061,"Melaleuca quinquenervia"
-28.795138,153.560799,"Melaleuca quinquenervia"
-28.794415,153.550106,"Melaleuca quinquenervia"
-28.794336,153.55554,"Melaleuca quinquenervia"
-28.793147,153.551753,"Melaleuca quinquenervia"
-28.793103,153.551685,"Melaleuca quinquenervia"
-28.793091,153.551763,"Melaleuca quinquenervia"
-28.792951,153.552012,"Melaleuca quinquenervia"
-28.792847,153.551685,"Melaleuca quinquenervia"
-28.792005,153.551996,"Melaleuca quinquenervia"
-28.791416,153.552221,"Melaleuca quinquenervia"
-28.791399,153.552198,"Melaleuca quinquenervia"
-28.791366,153.552121,"Melaleuca quinquenervia"
-28.791213,153.552477,"Melaleuca quinquenervia"
-28.791088,153.554241,"Melaleuca quinquenervia"
-28.791061,153.551639,"Melaleuca quinquenervia"
-28.791049,153.549129,"Melaleuca quinquenervia"
-28.79101,153.553942,"Melaleuca quinquenervia"
-28.79101,153.553761,"Melaleuca quinquenervia"
-28.791007,153.553543,"Melaleuca quinquenervia"
-28.790971,153.556707,"Melaleuca quinquenervia"
-28.790955,153.556497,"Melaleuca quinquenervia"
-28.790949,153.556572,"Melaleuca quinquenervia"
-28.79093,153.556397,"Melaleuca quinquenervia"
-28.790863,153.551939,"Melaleuca quinquenervia"
-28.790787,153.555409,"Melaleuca quinquenervia"
-28.790697,153.554499,"Melaleuca quinquenervia"
-28.790668,153.554416,"Melaleuca quinquenervia"
-28.790636,153.554099,"Melaleuca quinquenervia"
-28.790629,153.553922,"Melaleuca quinquenervia"
-28.790587,153.552974,"Melaleuca quinquenervia"
-28.790556,153.564608,"Melaleuca quinquenervia"
-28.790556,153.564608,"Melaleuca quinquenervia"
-28.789922,153.5496,"Melaleuca quinquenervia"
-28.789437,153.54953,"Melaleuca quinquenervia"
-28.788646,153.548657,"Melaleuca quinquenervia"
-28.788342,153.485889,"Melaleuca quinquenervia"
-28.785468,153.592651,"Melaleuca quinquenervia"
-28.785464,153.592578,"Melaleuca quinquenervia"
-28.785079,153.593021,"Melaleuca quinquenervia"
-28.784958,153.590575,"Melaleuca quinquenervia"
-28.784925,153.593155,"Melaleuca quinquenervia"
-28.784605,153.581437,"Melaleuca quinquenervia"
-28.78402,153.593198,"Melaleuca quinquenervia"
-28.783872,153.591677,"Melaleuca quinquenervia"
-28.783872,153.591677,"Melaleuca quinquenervia"
-28.783872,153.591677,"Melaleuca quinquenervia"
-28.783777,153.589962,"Melaleuca quinquenervia"
-28.783137,153.593187,"Melaleuca quinquenervia"
-28.783123,153.589824,"Melaleuca quinquenervia"
-28.78294,153.593007,"Melaleuca quinquenervia"
-28.782558,153.593023,"Melaleuca quinquenervia"
-28.782537,153.590227,"Melaleuca quinquenervia"
-28.782537,153.590227,"Melaleuca quinquenervia"
-28.782517,153.592772,"Melaleuca quinquenervia"
-28.782025,153.362427,"Melaleuca quinquenervia"
-28.781539,153.552616,"Melaleuca quinquenervia"
-28.774381,153.498496,"Melaleuca quinquenervia"
-28.774381,153.498496,"Melaleuca quinquenervia"
-28.770546,153.575725,"Melaleuca quinquenervia"
-28.769956,153.580119,"Melaleuca quinquenervia"
-28.769252,152.902997,"Melaleuca quinquenervia"
-28.769182,153.573169,"Melaleuca quinquenervia"
-28.769182,153.573169,"Melaleuca quinquenervia"
-28.769182,153.573169,"Melaleuca quinquenervia"
-28.76872,153.57372,"Melaleuca quinquenervia"
-28.76872,153.57372,"Melaleuca quinquenervia"
-28.768337,153.570399,"Melaleuca quinquenervia"
-28.768337,153.570399,"Melaleuca quinquenervia"
-28.768337,153.570399,"Melaleuca quinquenervia"
-28.766087,152.854138,"Melaleuca quinquenervia"
-28.764721,153.590589,"Melaleuca quinquenervia"
-28.764721,153.590589,"Melaleuca quinquenervia"
-28.764702,153.590531,"Melaleuca quinquenervia"
-28.764702,153.590531,"Melaleuca quinquenervia"
-28.763431,153.230278,"Melaleuca quinquenervia"
-28.762435,152.984901,"Melaleuca quinquenervia"
-28.761884,153.071316,"Melaleuca quinquenervia"
-28.761884,153.071316,"Melaleuca quinquenervia"
-28.759907,153.345464,"Melaleuca quinquenervia"
-28.759907,153.345464,"Melaleuca quinquenervia"
-28.759907,153.345464,"Melaleuca quinquenervia"
-28.758865,153.587996,"Melaleuca quinquenervia"
-28.757595,153.436447,"Melaleuca quinquenervia"
-28.754819,153.584388,"Melaleuca quinquenervia"
-28.752645,153.589537,"Melaleuca quinquenervia"
-28.752645,153.589537,"Melaleuca quinquenervia"
-28.752645,153.589537,"Melaleuca quinquenervia"
-28.752539,153.589753,"Melaleuca quinquenervia"
-28.752533,153.552882,"Melaleuca quinquenervia"
-28.752533,153.552882,"Melaleuca quinquenervia"
-28.749372,153.591527,"Melaleuca quinquenervia"
-28.749372,153.591527,"Melaleuca quinquenervia"
-28.749352,153.591663,"Melaleuca quinquenervia"
-28.749352,153.591663,"Melaleuca quinquenervia"
-28.749352,153.591663,"Melaleuca quinquenervia"
-28.745982,153.440122,"Melaleuca quinquenervia"
-28.745425,153.005305,"Melaleuca quinquenervia"
-28.743815,153.596691,"Melaleuca quinquenervia"
-28.743716,153.596752,"Melaleuca quinquenervia"
-28.743716,153.596752,"Melaleuca quinquenervia"
-28.739456,153.606754,"Melaleuca quinquenervia"
-28.737217,153.433408,"Melaleuca quinquenervia"
-28.736217,153.433227,"Melaleuca quinquenervia"
-28.732119,153.251736,"Melaleuca quinquenervia"
-28.731925,153.252802,"Melaleuca quinquenervia"
-28.727939,153.435937,"Melaleuca quinquenervia"
-28.727262,153.175681,"Melaleuca quinquenervia"
-28.725369,153.598092,"Melaleuca quinquenervia"
-28.725257,153.534389,"Melaleuca quinquenervia"
-28.725257,153.534389,"Melaleuca quinquenervia"
-28.724832,153.44841,"Melaleuca quinquenervia"
-28.724224,153.172169,"Melaleuca quinquenervia"
-28.722452,153.544453,"Melaleuca quinquenervia"
-28.722395,153.437905,"Melaleuca quinquenervia"
-28.722351,153.573879,"Melaleuca quinquenervia"
-28.721563,153.589275,"Melaleuca quinquenervia"
-28.721477,153.573413,"Melaleuca quinquenervia"
-28.721477,153.573413,"Melaleuca quinquenervia"
-28.721081,153.540347,"Melaleuca quinquenervia"
-28.717932,153.508598,"Melaleuca quinquenervia"
-28.717932,153.508598,"Melaleuca quinquenervia"
-28.717004,153.543578,"Melaleuca quinquenervia"
-28.71347,153.604853,"Melaleuca quinquenervia"
-28.712844,153.599799,"Melaleuca quinquenervia"
-28.712844,153.599799,"Melaleuca quinquenervia"
-28.711776,153.185583,"Melaleuca quinquenervia"
-28.710005,153.601496,"Melaleuca quinquenervia"
-28.710005,153.601496,"Melaleuca quinquenervia"
-28.710005,153.601496,"Melaleuca quinquenervia"
-28.710005,153.601496,"Melaleuca quinquenervia"
-28.70852,153.575951,"Melaleuca quinquenervia"
-28.708511,153.088091,"Melaleuca quinquenervia"
-28.708511,153.088091,"Melaleuca quinquenervia"
-28.708511,153.088091,"Melaleuca quinquenervia"
-28.705195,153.575607,"Melaleuca quinquenervia"
-28.704605,153.607075,"Melaleuca quinquenervia"
-28.701566,153.389731,"Melaleuca quinquenervia"
-28.700453,153.609566,"Melaleuca quinquenervia"
-28.700453,153.609566,"Melaleuca quinquenervia"
-28.70035,153.61201,"Melaleuca quinquenervia"
-28.70035,153.61201,"Melaleuca quinquenervia"
-28.70035,153.61201,"Melaleuca quinquenervia"
-28.70035,153.61201,"Melaleuca quinquenervia"
-28.70035,153.61201,"Melaleuca quinquenervia"
-28.70035,153.61201,"Melaleuca quinquenervia"
-28.70035,153.61201,"Melaleuca quinquenervia"
-28.70035,153.61201,"Melaleuca quinquenervia"
-28.70035,153.61201,"Melaleuca quinquenervia"
-28.70035,153.61201,"Melaleuca quinquenervia"
-28.70035,153.61201,"Melaleuca quinquenervia"
-28.70035,153.61201,"Melaleuca quinquenervia"
-28.70035,153.61201,"Melaleuca quinquenervia"
-28.70035,153.61201,"Melaleuca quinquenervia"
-28.70035,153.61201,"Melaleuca quinquenervia"
-28.70035,153.61201,"Melaleuca quinquenervia"
-28.700198,153.611858,"Melaleuca quinquenervia"
-28.700198,153.611858,"Melaleuca quinquenervia"
-28.700169,153.606412,"Melaleuca quinquenervia"
-28.700169,153.606412,"Melaleuca quinquenervia"
-28.700071,153.611789,"Melaleuca quinquenervia"
-28.699927,153.605533,"Melaleuca quinquenervia"
-28.699807,153.547954,"Melaleuca quinquenervia"
-28.698734,153.610071,"Melaleuca quinquenervia"
-28.69739,153.610173,"Melaleuca quinquenervia"
-28.69739,153.610173,"Melaleuca quinquenervia"
-28.696491,153.611366,"Melaleuca quinquenervia"
-28.695982,153.607711,"Melaleuca quinquenervia"
-28.695982,153.607711,"Melaleuca quinquenervia"
-28.695677,153.601342,"Melaleuca quinquenervia"
-28.694514,153.503079,"Melaleuca quinquenervia"
-28.69397,153.364801,"Melaleuca quinquenervia"
-28.693057,153.609854,"Melaleuca quinquenervia"
-28.692229,153.607382,"Melaleuca quinquenervia"
-28.691401,153.496262,"Melaleuca quinquenervia"
-28.691401,153.496262,"Melaleuca quinquenervia"
-28.690872,153.605952,"Melaleuca quinquenervia"
-28.690798,153.509278,"Melaleuca quinquenervia"
-28.690798,153.509278,"Melaleuca quinquenervia"
-28.690798,153.509278,"Melaleuca quinquenervia"
-28.690582,153.507491,"Melaleuca quinquenervia"
-28.69032,153.60237,"Melaleuca quinquenervia"
-28.69032,153.60237,"Melaleuca quinquenervia"
-28.69032,153.60237,"Melaleuca quinquenervia"
-28.69032,153.60237,"Melaleuca quinquenervia"
-28.69032,153.60237,"Melaleuca quinquenervia"
-28.69032,153.60237,"Melaleuca quinquenervia"
-28.69032,153.60237,"Melaleuca quinquenervia"
-28.69032,153.60237,"Melaleuca quinquenervia"
-28.69032,153.60237,"Melaleuca quinquenervia"
-28.69032,153.60237,"Melaleuca quinquenervia"
-28.69032,153.60237,"Melaleuca quinquenervia"
-28.69032,153.60237,"Melaleuca quinquenervia"
-28.69032,153.60237,"Melaleuca quinquenervia"
-28.69032,153.60237,"Melaleuca quinquenervia"
-28.69032,153.60237,"Melaleuca quinquenervia"
-28.69032,153.60237,"Melaleuca quinquenervia"
-28.69032,153.60237,"Melaleuca quinquenervia"
-28.69032,153.60237,"Melaleuca quinquenervia"
-28.69032,153.60237,"Melaleuca quinquenervia"
-28.690226,153.508219,"Melaleuca quinquenervia"
-28.690226,153.508219,"Melaleuca quinquenervia"
-28.689451,153.511512,"Melaleuca quinquenervia"
-28.689289,153.255101,"Melaleuca quinquenervia"
-28.68845,153.607523,"Melaleuca quinquenervia"
-28.687064,153.531551,"Melaleuca quinquenervia"
-28.686805,153.543328,"Melaleuca quinquenervia"
-28.686368,152.972895,"Melaleuca quinquenervia"
-28.683178,153.52955,"Melaleuca quinquenervia"
-28.68185,153.6109,"Melaleuca quinquenervia"
-28.68185,153.6109,"Melaleuca quinquenervia"
-28.681685,153.603688,"Melaleuca quinquenervia"
-28.681685,153.603688,"Melaleuca quinquenervia"
-28.68121,153.60155,"Melaleuca quinquenervia"
-28.68121,153.60155,"Melaleuca quinquenervia"
-28.68121,153.60155,"Melaleuca quinquenervia"
-28.68121,153.60155,"Melaleuca quinquenervia"
-28.68121,153.60155,"Melaleuca quinquenervia"
-28.68121,153.60155,"Melaleuca quinquenervia"
-28.679282,153.279263,"Melaleuca quinquenervia"
-28.678134,153.175657,"Melaleuca quinquenervia"
-28.673959,153.007869,"Melaleuca quinquenervia"
-28.673959,153.007869,"Melaleuca quinquenervia"
-28.673959,153.007869,"Melaleuca quinquenervia"
-28.67356,153.009693,"Melaleuca quinquenervia"
-28.67356,153.009693,"Melaleuca quinquenervia"
-28.67356,153.009693,"Melaleuca quinquenervia"
-28.673088,153.614883,"Melaleuca quinquenervia"
-28.673083,153.614988,"Melaleuca quinquenervia"
-28.672154,153.016933,"Melaleuca quinquenervia"
-28.67138,153.006785,"Melaleuca quinquenervia"
-28.67138,153.006785,"Melaleuca quinquenervia"
-28.67138,153.006785,"Melaleuca quinquenervia"
-28.670969,153.604453,"Melaleuca quinquenervia"
-28.670866,153.009412,"Melaleuca quinquenervia"
-28.670866,153.009412,"Melaleuca quinquenervia"
-28.670866,153.009412,"Melaleuca quinquenervia"
-28.670685,153.609415,"Melaleuca quinquenervia"
-28.670685,153.609415,"Melaleuca quinquenervia"
-28.669739,153.607147,"Melaleuca quinquenervia"
-28.669739,153.607147,"Melaleuca quinquenervia"
-28.66927,153.61041,"Melaleuca quinquenervia"
-28.66927,153.61041,"Melaleuca quinquenervia"
-28.66927,153.61041,"Melaleuca quinquenervia"
-28.66927,153.61041,"Melaleuca quinquenervia"
-28.66927,153.61041,"Melaleuca quinquenervia"
-28.66927,153.61041,"Melaleuca quinquenervia"
-28.66927,153.61041,"Melaleuca quinquenervia"
-28.66927,153.61041,"Melaleuca quinquenervia"
-28.66927,153.61041,"Melaleuca quinquenervia"
-28.66927,153.61041,"Melaleuca quinquenervia"
-28.66927,153.61041,"Melaleuca quinquenervia"
-28.669203,153.609836,"Melaleuca quinquenervia"
-28.669203,153.609836,"Melaleuca quinquenervia"
-28.668347,153.01121,"Melaleuca quinquenervia"
-28.668347,153.01121,"Melaleuca quinquenervia"
-28.668347,153.01121,"Melaleuca quinquenervia"
-28.668306,153.610547,"Melaleuca quinquenervia"
-28.668279,153.43726,"Melaleuca quinquenervia"
-28.668279,153.43726,"Melaleuca quinquenervia"
-28.666943,152.997322,"Melaleuca quinquenervia"
-28.666311,153.003272,"Melaleuca quinquenervia"
-28.666311,153.003272,"Melaleuca quinquenervia"
-28.666311,153.003272,"Melaleuca quinquenervia"
-28.666168,153.612305,"Melaleuca quinquenervia"
-28.666168,153.612305,"Melaleuca quinquenervia"
-28.66514,153.58946,"Melaleuca quinquenervia"
-28.66514,153.58946,"Melaleuca quinquenervia"
-28.66514,153.58946,"Melaleuca quinquenervia"
-28.66514,153.58946,"Melaleuca quinquenervia"
-28.66514,153.58946,"Melaleuca quinquenervia"
-28.66514,153.58946,"Melaleuca quinquenervia"
-28.66514,153.58946,"Melaleuca quinquenervia"
-28.66514,153.58946,"Melaleuca quinquenervia"
-28.66514,153.58946,"Melaleuca quinquenervia"
-28.66514,153.58946,"Melaleuca quinquenervia"
-28.66514,153.58946,"Melaleuca quinquenervia"
-28.66514,153.58946,"Melaleuca quinquenervia"
-28.66514,153.58946,"Melaleuca quinquenervia"
-28.66514,153.58946,"Melaleuca quinquenervia"
-28.66514,153.58946,"Melaleuca quinquenervia"
-28.66514,153.58946,"Melaleuca quinquenervia"
-28.66514,153.58946,"Melaleuca quinquenervia"
-28.66382,153.524836,"Melaleuca quinquenervia"
-28.662006,153.61212,"Melaleuca quinquenervia"
-28.661886,153.605055,"Melaleuca quinquenervia"
-28.661886,153.605055,"Melaleuca quinquenervia"
-28.661387,153.611308,"Melaleuca quinquenervia"
-28.660681,153.611693,"Melaleuca quinquenervia"
-28.660481,153.608527,"Melaleuca quinquenervia"
-28.660363,153.606653,"Melaleuca quinquenervia"
-28.660363,153.606653,"Melaleuca quinquenervia"
-28.659847,153.609186,"Melaleuca quinquenervia"
-28.658942,153.611048,"Melaleuca quinquenervia"
-28.656208,153.102265,"Melaleuca quinquenervia"
-28.655528,153.104326,"Melaleuca quinquenervia"
-28.65505,153.59019,"Melaleuca quinquenervia"
-28.653745,153.48906,"Melaleuca quinquenervia"
-28.652073,153.605022,"Melaleuca quinquenervia"
-28.652073,153.605022,"Melaleuca quinquenervia"
-28.652073,153.605022,"Melaleuca quinquenervia"
-28.649757,153.568899,"Melaleuca quinquenervia"
-28.649757,153.568899,"Melaleuca quinquenervia"
-28.649687,153.568691,"Melaleuca quinquenervia"
-28.649426,153.603646,"Melaleuca quinquenervia"
-28.649426,153.603646,"Melaleuca quinquenervia"
-28.649169,153.569131,"Melaleuca quinquenervia"
-28.649169,153.569131,"Melaleuca quinquenervia"
-28.646219,153.579559,"Melaleuca quinquenervia"
-28.646005,153.480201,"Melaleuca quinquenervia"
-28.646005,153.480201,"Melaleuca quinquenervia"
-28.645236,153.589625,"Melaleuca quinquenervia"
-28.644956,153.600436,"Melaleuca quinquenervia"
-28.64302,153.528386,"Melaleuca quinquenervia"
-28.642473,153.604944,"Melaleuca quinquenervia"
-28.642473,153.604944,"Melaleuca quinquenervia"
-28.642454,153.583737,"Melaleuca quinquenervia"
-28.641997,153.585085,"Melaleuca quinquenervia"
-28.641513,153.601214,"Melaleuca quinquenervia"
-28.641513,153.601214,"Melaleuca quinquenervia"
-28.641481,153.572773,"Melaleuca quinquenervia"
-28.640846,153.589945,"Melaleuca quinquenervia"
-28.639721,153.590408,"Melaleuca quinquenervia"
-28.639721,153.590408,"Melaleuca quinquenervia"
-28.639721,153.590408,"Melaleuca quinquenervia"
-28.639721,153.590408,"Melaleuca quinquenervia"
-28.639655,153.58192,"Melaleuca quinquenervia"
-28.6396,153.595013,"Melaleuca quinquenervia"
-28.6396,153.595013,"Melaleuca quinquenervia"
-28.639231,153.594745,"Melaleuca quinquenervia"
-28.639231,153.594745,"Melaleuca quinquenervia"
-28.637915,153.527294,"Melaleuca quinquenervia"
-28.637915,153.527294,"Melaleuca quinquenervia"
-28.637852,153.578074,"Melaleuca quinquenervia"
-28.63691,153.5914,"Melaleuca quinquenervia"
-28.63691,153.5914,"Melaleuca quinquenervia"
-28.63691,153.5914,"Melaleuca quinquenervia"
-28.63691,153.5914,"Melaleuca quinquenervia"
-28.636645,152.908401,"Melaleuca quinquenervia"
-28.636304,153.559211,"Melaleuca quinquenervia"
-28.636159,153.579134,"Melaleuca quinquenervia"
-28.634345,153.599231,"Melaleuca quinquenervia"
-28.633333,153.583333,"Melaleuca quinquenervia"
-28.631139,153.5665,"Melaleuca quinquenervia"
-28.631139,153.5665,"Melaleuca quinquenervia"
-28.630208,153.57695,"Melaleuca quinquenervia"
-28.629897,153.571595,"Melaleuca quinquenervia"
-28.629897,153.571595,"Melaleuca quinquenervia"
-28.629883,153.577023,"Melaleuca quinquenervia"
-28.629187,153.58107,"Melaleuca quinquenervia"
-28.629101,153.569688,"Melaleuca quinquenervia"
-28.628716,153.573297,"Melaleuca quinquenervia"
-28.6284,153.575516,"Melaleuca quinquenervia"
-28.62802,153.58093,"Melaleuca quinquenervia"
-28.62802,153.58093,"Melaleuca quinquenervia"
-28.62802,153.58093,"Melaleuca quinquenervia"
-28.62802,153.58093,"Melaleuca quinquenervia"
-28.62802,153.58093,"Melaleuca quinquenervia"
-28.62802,153.58093,"Melaleuca quinquenervia"
-28.62802,153.58093,"Melaleuca quinquenervia"
-28.62802,153.58093,"Melaleuca quinquenervia"
-28.62802,153.58093,"Melaleuca quinquenervia"
-28.62802,153.58093,"Melaleuca quinquenervia"
-28.62802,153.58093,"Melaleuca quinquenervia"
-28.62802,153.58093,"Melaleuca quinquenervia"
-28.62802,153.58093,"Melaleuca quinquenervia"
-28.62802,153.58093,"Melaleuca quinquenervia"
-28.62802,153.58093,"Melaleuca quinquenervia"
-28.62802,153.58093,"Melaleuca quinquenervia"
-28.62802,153.58093,"Melaleuca quinquenervia"
-28.62802,153.58093,"Melaleuca quinquenervia"
-28.627993,153.579286,"Melaleuca quinquenervia"
-28.627616,153.573005,"Melaleuca quinquenervia"
-28.627059,153.572521,"Melaleuca quinquenervia"
-28.626703,153.571189,"Melaleuca quinquenervia"
-28.626168,153.574738,"Melaleuca quinquenervia"
-28.625597,153.574477,"Melaleuca quinquenervia"
-28.625516,153.572267,"Melaleuca quinquenervia"
-28.623842,153.571071,"Melaleuca quinquenervia"
-28.618074,153.569483,"Melaleuca quinquenervia"
-28.618074,153.569483,"Melaleuca quinquenervia"
-28.616549,153.402669,"Melaleuca quinquenervia"
-28.615011,153.522794,"Melaleuca quinquenervia"
-28.615011,153.522794,"Melaleuca quinquenervia"
-28.614782,152.948783,"Melaleuca quinquenervia"
-28.613803,153.527867,"Melaleuca quinquenervia"
-28.612847,153.518415,"Melaleuca quinquenervia"
-28.612435,153.517531,"Melaleuca quinquenervia"
-28.612435,153.517531,"Melaleuca quinquenervia"
-28.612257,153.525194,"Melaleuca quinquenervia"
-28.612257,153.525194,"Melaleuca quinquenervia"
-28.612098,153.513889,"Melaleuca quinquenervia"
-28.612098,153.513889,"Melaleuca quinquenervia"
-28.611691,153.5247,"Melaleuca quinquenervia"
-28.611691,153.5247,"Melaleuca quinquenervia"
-28.610838,153.562571,"Melaleuca quinquenervia"
-28.610145,153.508603,"Melaleuca quinquenervia"
-28.609982,153.576937,"Melaleuca quinquenervia"
-28.609982,153.576937,"Melaleuca quinquenervia"
-28.609982,153.576937,"Melaleuca quinquenervia"
-28.609863,153.512027,"Melaleuca quinquenervia"
-28.609863,153.512027,"Melaleuca quinquenervia"
-28.60947,153.53922,"Melaleuca quinquenervia"
-28.60947,153.53922,"Melaleuca quinquenervia"
-28.60947,153.53922,"Melaleuca quinquenervia"
-28.60947,153.53922,"Melaleuca quinquenervia"
-28.60947,153.53922,"Melaleuca quinquenervia"
-28.60947,153.53922,"Melaleuca quinquenervia"
-28.60947,153.53922,"Melaleuca quinquenervia"
-28.60947,153.53922,"Melaleuca quinquenervia"
-28.60947,153.53922,"Melaleuca quinquenervia"
-28.60947,153.53922,"Melaleuca quinquenervia"
-28.60947,153.53922,"Melaleuca quinquenervia"
-28.60947,153.53922,"Melaleuca quinquenervia"
-28.60947,153.53922,"Melaleuca quinquenervia"
-28.60947,153.53922,"Melaleuca quinquenervia"
-28.60947,153.53922,"Melaleuca quinquenervia"
-28.60947,153.53922,"Melaleuca quinquenervia"
-28.60947,153.53922,"Melaleuca quinquenervia"
-28.60947,153.53922,"Melaleuca quinquenervia"
-28.60947,153.53922,"Melaleuca quinquenervia"
-28.60947,153.53922,"Melaleuca quinquenervia"
-28.60947,153.53922,"Melaleuca quinquenervia"
-28.60947,153.53922,"Melaleuca quinquenervia"
-28.60947,153.53922,"Melaleuca quinquenervia"
-28.609428,153.514619,"Melaleuca quinquenervia"
-28.609428,153.514619,"Melaleuca quinquenervia"
-28.608735,153.546257,"Melaleuca quinquenervia"
-28.607629,153.564695,"Melaleuca quinquenervia"
-28.605531,153.552302,"Melaleuca quinquenervia"
-28.605531,153.552302,"Melaleuca quinquenervia"
-28.605452,153.553606,"Melaleuca quinquenervia"
-28.605452,153.553606,"Melaleuca quinquenervia"
-28.605,153.574,"Melaleuca quinquenervia"
-28.603176,153.565887,"Melaleuca quinquenervia"
-28.603176,153.565887,"Melaleuca quinquenervia"
-28.6029,153.5417,"Melaleuca quinquenervia"
-28.602787,153.521258,"Melaleuca quinquenervia"
-28.602787,153.521258,"Melaleuca quinquenervia"
-28.602748,153.560116,"Melaleuca quinquenervia"
-28.602748,153.560116,"Melaleuca quinquenervia"
-28.602746,153.551999,"Melaleuca quinquenervia"
-28.602523,153.528581,"Melaleuca quinquenervia"
-28.602523,153.528581,"Melaleuca quinquenervia"
-28.602089,153.544834,"Melaleuca quinquenervia"
-28.602089,153.544834,"Melaleuca quinquenervia"
-28.601895,153.544541,"Melaleuca quinquenervia"
-28.601895,153.544541,"Melaleuca quinquenervia"
-28.601895,153.544541,"Melaleuca quinquenervia"
-28.601615,153.544701,"Melaleuca quinquenervia"
-28.601615,153.544701,"Melaleuca quinquenervia"
-28.60159,153.544002,"Melaleuca quinquenervia"
-28.60159,153.544002,"Melaleuca quinquenervia"
-28.60159,153.544002,"Melaleuca quinquenervia"
-28.601584,153.523985,"Melaleuca quinquenervia"
-28.601154,153.543823,"Melaleuca quinquenervia"
-28.601154,153.543823,"Melaleuca quinquenervia"
-28.601154,153.543823,"Melaleuca quinquenervia"
-28.600876,153.55221,"Melaleuca quinquenervia"
-28.600876,153.55221,"Melaleuca quinquenervia"
-28.600866,153.477415,"Melaleuca quinquenervia"
-28.600866,153.477415,"Melaleuca quinquenervia"
-28.60055,153.532966,"Melaleuca quinquenervia"
-28.60055,153.532966,"Melaleuca quinquenervia"
-28.60055,153.532966,"Melaleuca quinquenervia"
-28.600368,153.533733,"Melaleuca quinquenervia"
-28.600368,153.533733,"Melaleuca quinquenervia"
-28.600368,153.533733,"Melaleuca quinquenervia"
-28.600346,153.53357,"Melaleuca quinquenervia"
-28.600346,153.53357,"Melaleuca quinquenervia"
-28.600346,153.53357,"Melaleuca quinquenervia"
-28.60014,153.534098,"Melaleuca quinquenervia"
-28.60014,153.534098,"Melaleuca quinquenervia"
-28.59979,153.56126,"Melaleuca quinquenervia"
-28.59979,153.56126,"Melaleuca quinquenervia"
-28.59979,153.56126,"Melaleuca quinquenervia"
-28.59979,153.56126,"Melaleuca quinquenervia"
-28.59979,153.56126,"Melaleuca quinquenervia"
-28.59979,153.56126,"Melaleuca quinquenervia"
-28.59979,153.56126,"Melaleuca quinquenervia"
-28.59979,153.56126,"Melaleuca quinquenervia"
-28.59979,153.56126,"Melaleuca quinquenervia"
-28.59979,153.56126,"Melaleuca quinquenervia"
-28.59979,153.56126,"Melaleuca quinquenervia"
-28.59979,153.56126,"Melaleuca quinquenervia"
-28.59979,153.56126,"Melaleuca quinquenervia"
-28.59979,153.56126,"Melaleuca quinquenervia"
-28.59979,153.56126,"Melaleuca quinquenervia"
-28.59979,153.56126,"Melaleuca quinquenervia"
-28.59979,153.56126,"Melaleuca quinquenervia"
-28.59979,153.56126,"Melaleuca quinquenervia"
-28.59979,153.56126,"Melaleuca quinquenervia"
-28.59979,153.56126,"Melaleuca quinquenervia"
-28.599773,153.529547,"Melaleuca quinquenervia"
-28.598855,153.543815,"Melaleuca quinquenervia"
-28.598855,153.543815,"Melaleuca quinquenervia"
-28.598706,153.546929,"Melaleuca quinquenervia"
-28.598605,153.529455,"Melaleuca quinquenervia"
-28.598605,153.529455,"Melaleuca quinquenervia"
-28.598516,153.543253,"Melaleuca quinquenervia"
-28.598249,153.541609,"Melaleuca quinquenervia"
-28.598249,153.541609,"Melaleuca quinquenervia"
-28.598229,153.545834,"Melaleuca quinquenervia"
-28.598229,153.545834,"Melaleuca quinquenervia"
-28.59603,153.552448,"Melaleuca quinquenervia"
-28.594941,153.5609,"Melaleuca quinquenervia"
-28.594876,153.56088,"Melaleuca quinquenervia"
-28.594867,153.556492,"Melaleuca quinquenervia"
-28.594867,153.556492,"Melaleuca quinquenervia"
-28.594831,153.560772,"Melaleuca quinquenervia"
-28.594372,153.483191,"Melaleuca quinquenervia"
-28.594067,153.474459,"Melaleuca quinquenervia"
-28.594067,153.474459,"Melaleuca quinquenervia"
-28.593822,153.558872,"Melaleuca quinquenervia"
-28.593789,153.558897,"Melaleuca quinquenervia"
-28.59376,153.558945,"Melaleuca quinquenervia"
-28.59354,153.529365,"Melaleuca quinquenervia"
-28.59354,153.529365,"Melaleuca quinquenervia"
-28.59264,153.52747,"Melaleuca quinquenervia"
-28.59264,153.52747,"Melaleuca quinquenervia"
-28.59264,153.52747,"Melaleuca quinquenervia"
-28.59264,153.52747,"Melaleuca quinquenervia"
-28.59264,153.52747,"Melaleuca quinquenervia"
-28.59264,153.52747,"Melaleuca quinquenervia"
-28.59264,153.52747,"Melaleuca quinquenervia"
-28.59264,153.52747,"Melaleuca quinquenervia"
-28.59264,153.52747,"Melaleuca quinquenervia"
-28.59264,153.52747,"Melaleuca quinquenervia"
-28.59264,153.52747,"Melaleuca quinquenervia"
-28.59264,153.52747,"Melaleuca quinquenervia"
-28.59264,153.52747,"Melaleuca quinquenervia"
-28.59264,153.52747,"Melaleuca quinquenervia"
-28.59264,153.52747,"Melaleuca quinquenervia"
-28.592511,153.560614,"Melaleuca quinquenervia"
-28.59176,153.54948,"Melaleuca quinquenervia"
-28.59176,153.54948,"Melaleuca quinquenervia"
-28.591331,153.556126,"Melaleuca quinquenervia"
-28.591331,153.556126,"Melaleuca quinquenervia"
-28.590345,153.562124,"Melaleuca quinquenervia"
-28.590299,153.562145,"Melaleuca quinquenervia"
-28.590239,153.562037,"Melaleuca quinquenervia"
-28.590136,153.558351,"Melaleuca quinquenervia"
-28.590081,153.558348,"Melaleuca quinquenervia"
-28.589839,153.558302,"Melaleuca quinquenervia"
-28.589712,153.554238,"Melaleuca quinquenervia"
-28.589539,153.554401,"Melaleuca quinquenervia"
-28.588641,153.562158,"Melaleuca quinquenervia"
-28.588641,153.562158,"Melaleuca quinquenervia"
-28.587579,153.215829,"Melaleuca quinquenervia"
-28.586925,153.527178,"Melaleuca quinquenervia"
-28.586925,153.527178,"Melaleuca quinquenervia"
-28.586743,153.564899,"Melaleuca quinquenervia"
-28.586743,153.564899,"Melaleuca quinquenervia"
-28.585853,153.555261,"Melaleuca quinquenervia"
-28.583428,153.487163,"Melaleuca quinquenervia"
-28.583428,153.487163,"Melaleuca quinquenervia"
-28.58324,153.5293,"Melaleuca quinquenervia"
-28.58324,153.5293,"Melaleuca quinquenervia"
-28.582969,153.494941,"Melaleuca quinquenervia"
-28.58252,153.53868,"Melaleuca quinquenervia"
-28.58252,153.53868,"Melaleuca quinquenervia"
-28.58252,153.53868,"Melaleuca quinquenervia"
-28.58252,153.53868,"Melaleuca quinquenervia"
-28.58252,153.53868,"Melaleuca quinquenervia"
-28.58252,153.53868,"Melaleuca quinquenervia"
-28.58252,153.53868,"Melaleuca quinquenervia"
-28.58252,153.53868,"Melaleuca quinquenervia"
-28.58252,153.53868,"Melaleuca quinquenervia"
-28.58252,153.53868,"Melaleuca quinquenervia"
-28.58252,153.53868,"Melaleuca quinquenervia"
-28.58252,153.53868,"Melaleuca quinquenervia"
-28.58252,153.53868,"Melaleuca quinquenervia"
-28.582261,153.537692,"Melaleuca quinquenervia"
-28.581727,153.584402,"Melaleuca quinquenervia"
-28.581727,153.584402,"Melaleuca quinquenervia"
-28.581675,153.020936,"Melaleuca quinquenervia"
-28.581675,153.020936,"Melaleuca quinquenervia"
-28.581014,153.505374,"Melaleuca quinquenervia"
-28.581014,153.505374,"Melaleuca quinquenervia"
-28.580438,153.530683,"Melaleuca quinquenervia"
-28.580438,153.530683,"Melaleuca quinquenervia"
-28.579995,153.51992,"Melaleuca quinquenervia"
-28.579995,153.51992,"Melaleuca quinquenervia"
-28.578935,153.493651,"Melaleuca quinquenervia"
-28.578935,153.493651,"Melaleuca quinquenervia"
-28.572199,153.555778,"Melaleuca quinquenervia"
-28.570928,153.558639,"Melaleuca quinquenervia"
-28.5707,153.5349,"Melaleuca quinquenervia"
-28.570105,153.527756,"Melaleuca quinquenervia"
-28.56479,153.54974,"Melaleuca quinquenervia"
-28.56479,153.54974,"Melaleuca quinquenervia"
-28.56479,153.54974,"Melaleuca quinquenervia"
-28.564346,153.552825,"Melaleuca quinquenervia"
-28.563669,153.552842,"Melaleuca quinquenervia"
-28.5629,153.532,"Melaleuca quinquenervia"
-28.562653,153.556507,"Melaleuca quinquenervia"
-28.562653,153.556507,"Melaleuca quinquenervia"
-28.562318,153.52021,"Melaleuca quinquenervia"
-28.562258,153.555254,"Melaleuca quinquenervia"
-28.56111,153.11494,"Melaleuca quinquenervia"
-28.560976,153.502253,"Melaleuca quinquenervia"
-28.560761,153.539436,"Melaleuca quinquenervia"
-28.560457,153.470921,"Melaleuca quinquenervia"
-28.560435,153.46962,"Melaleuca quinquenervia"
-28.559731,153.482423,"Melaleuca quinquenervia"
-28.559731,153.482423,"Melaleuca quinquenervia"
-28.559707,153.483013,"Melaleuca quinquenervia"
-28.558507,153.548158,"Melaleuca quinquenervia"
-28.558218,153.536478,"Melaleuca quinquenervia"
-28.558003,153.505408,"Melaleuca quinquenervia"
-28.556445,153.51638,"Melaleuca quinquenervia"
-28.556445,153.51638,"Melaleuca quinquenervia"
-28.556338,153.516247,"Melaleuca quinquenervia"
-28.556338,153.516247,"Melaleuca quinquenervia"
-28.556338,153.516247,"Melaleuca quinquenervia"
-28.556338,153.516247,"Melaleuca quinquenervia"
-28.556338,153.516247,"Melaleuca quinquenervia"
-28.555653,153.55041,"Melaleuca quinquenervia"
-28.552979,153.550825,"Melaleuca quinquenervia"
-28.552928,153.539414,"Melaleuca quinquenervia"
-28.552928,153.539414,"Melaleuca quinquenervia"
-28.552616,153.543011,"Melaleuca quinquenervia"
-28.552616,153.543011,"Melaleuca quinquenervia"
-28.552616,153.543011,"Melaleuca quinquenervia"
-28.551852,153.53994,"Melaleuca quinquenervia"
-28.551852,153.53994,"Melaleuca quinquenervia"
-28.550483,153.554206,"Melaleuca quinquenervia"
-28.550483,153.554206,"Melaleuca quinquenervia"
-28.550117,153.553346,"Melaleuca quinquenervia"
-28.55,153.55,"Melaleuca quinquenervia"
-28.549589,153.14545,"Melaleuca quinquenervia"
-28.549589,153.14545,"Melaleuca quinquenervia"
-28.548433,153.537203,"Melaleuca quinquenervia"
-28.548433,153.537203,"Melaleuca quinquenervia"
-28.547804,153.552064,"Melaleuca quinquenervia"
-28.547804,153.552064,"Melaleuca quinquenervia"
-28.546683,153.536226,"Melaleuca quinquenervia"
-28.546683,153.536226,"Melaleuca quinquenervia"
-28.546636,153.518639,"Melaleuca quinquenervia"
-28.546636,153.518639,"Melaleuca quinquenervia"
-28.546071,153.540342,"Melaleuca quinquenervia"
-28.545712,153.516216,"Melaleuca quinquenervia"
-28.545712,153.516216,"Melaleuca quinquenervia"
-28.545595,153.511738,"Melaleuca quinquenervia"
-28.543314,153.517993,"Melaleuca quinquenervia"
-28.543314,153.517993,"Melaleuca quinquenervia"
-28.542949,153.527308,"Melaleuca quinquenervia"
-28.542833,153.516106,"Melaleuca quinquenervia"
-28.542833,153.516106,"Melaleuca quinquenervia"
-28.5421,153.551484,"Melaleuca quinquenervia"
-28.540048,153.538758,"Melaleuca quinquenervia"
-28.540048,153.538758,"Melaleuca quinquenervia"
-28.53846,153.53812,"Melaleuca quinquenervia"
-28.53846,153.53812,"Melaleuca quinquenervia"
-28.53846,153.53812,"Melaleuca quinquenervia"
-28.53846,153.53812,"Melaleuca quinquenervia"
-28.53846,153.53812,"Melaleuca quinquenervia"
-28.53846,153.53812,"Melaleuca quinquenervia"
-28.53846,153.53812,"Melaleuca quinquenervia"
-28.53846,153.53812,"Melaleuca quinquenervia"
-28.538331,153.553555,"Melaleuca quinquenervia"
-28.53693,153.52841,"Melaleuca quinquenervia"
-28.535321,153.543229,"Melaleuca quinquenervia"
-28.535321,153.543229,"Melaleuca quinquenervia"
-28.535022,153.534376,"Melaleuca quinquenervia"
-28.535022,153.534376,"Melaleuca quinquenervia"
-28.53486,153.536439,"Melaleuca quinquenervia"
-28.53486,153.536439,"Melaleuca quinquenervia"
-28.53486,153.536439,"Melaleuca quinquenervia"
-28.53479,153.536262,"Melaleuca quinquenervia"
-28.533333,153.55,"Melaleuca quinquenervia"
-28.5333,153.55,"Melaleuca quinquenervia"
-28.5333,153.55,"Melaleuca quinquenervia"
-28.531945,153.5508614,"Melaleuca quinquenervia"
-28.5318685,153.5382907,"Melaleuca quinquenervia"
-28.52885,153.52863,"Melaleuca quinquenervia"
-28.528784,153.455195,"Melaleuca quinquenervia"
-28.525649,153.542827,"Melaleuca quinquenervia"
-28.520828,153.540477,"Melaleuca quinquenervia"
-28.51916,153.53623,"Melaleuca quinquenervia"
-28.517853,153.538522,"Melaleuca quinquenervia"
-28.5167,153.55,"Melaleuca quinquenervia"
-28.516667,153.55,"Melaleuca quinquenervia"
-28.513399,153.550824,"Melaleuca quinquenervia"
-28.511296,153.542684,"Melaleuca quinquenervia"
-28.511296,153.542684,"Melaleuca quinquenervia"
-28.51027,153.53859,"Melaleuca quinquenervia"
-28.51027,153.53859,"Melaleuca quinquenervia"
-28.51027,153.53859,"Melaleuca quinquenervia"
-28.51027,153.53859,"Melaleuca quinquenervia"
-28.51027,153.53859,"Melaleuca quinquenervia"
-28.51027,153.53859,"Melaleuca quinquenervia"
-28.51027,153.53859,"Melaleuca quinquenervia"
-28.51027,153.53859,"Melaleuca quinquenervia"
-28.51027,153.53859,"Melaleuca quinquenervia"
-28.51027,153.53859,"Melaleuca quinquenervia"
-28.51027,153.53859,"Melaleuca quinquenervia"
-28.51027,153.53859,"Melaleuca quinquenervia"
-28.509029,153.542665,"Melaleuca quinquenervia"
-28.509029,153.542665,"Melaleuca quinquenervia"
-28.508398,153.537207,"Melaleuca quinquenervia"
-28.505204,153.546661,"Melaleuca quinquenervia"
-28.505204,153.546661,"Melaleuca quinquenervia"
-28.503609,153.543659,"Melaleuca quinquenervia"
-28.503609,153.543659,"Melaleuca quinquenervia"
-28.503319,153.534392,"Melaleuca quinquenervia"
-28.502338,153.436247,"Melaleuca quinquenervia"
-28.502338,153.436247,"Melaleuca quinquenervia"
-28.48505,153.52658,"Melaleuca quinquenervia"
-28.48505,153.52658,"Melaleuca quinquenervia"
-28.48505,153.52658,"Melaleuca quinquenervia"
-28.48505,153.52658,"Melaleuca quinquenervia"
-28.48505,153.52658,"Melaleuca quinquenervia"
-28.48505,153.52658,"Melaleuca quinquenervia"
-28.48505,153.52658,"Melaleuca quinquenervia"
-28.48505,153.52658,"Melaleuca quinquenervia"
-28.48505,153.52658,"Melaleuca quinquenervia"
-28.48505,153.52658,"Melaleuca quinquenervia"
-28.48505,153.52658,"Melaleuca quinquenervia"
-28.48505,153.52658,"Melaleuca quinquenervia"
-28.48505,153.52658,"Melaleuca quinquenervia"
-28.48505,153.52658,"Melaleuca quinquenervia"
-28.48403,153.53857,"Melaleuca quinquenervia"
-28.48403,153.53857,"Melaleuca quinquenervia"
-28.4836,153.54904,"Melaleuca quinquenervia"
-28.4836,153.54904,"Melaleuca quinquenervia"
-28.4836,153.54904,"Melaleuca quinquenervia"
-28.4836,153.54904,"Melaleuca quinquenervia"
-28.480118,153.521025,"Melaleuca quinquenervia"
-28.480067,153.537174,"Melaleuca quinquenervia"
-28.479501,153.536497,"Melaleuca quinquenervia"
-28.479501,153.536497,"Melaleuca quinquenervia"
-28.479305,153.535924,"Melaleuca quinquenervia"
-28.479305,153.535924,"Melaleuca quinquenervia"
-28.478341,153.535357,"Melaleuca quinquenervia"
-28.478341,153.535357,"Melaleuca quinquenervia"
-28.477,153.546,"Melaleuca quinquenervia"
-28.475238,153.543271,"Melaleuca quinquenervia"
-28.475238,153.543271,"Melaleuca quinquenervia"
-28.475238,153.543271,"Melaleuca quinquenervia"
-28.475238,153.543271,"Melaleuca quinquenervia"
-28.475238,153.543271,"Melaleuca quinquenervia"
-28.475238,153.543271,"Melaleuca quinquenervia"
-28.475238,153.543271,"Melaleuca quinquenervia"
-28.475238,153.543271,"Melaleuca quinquenervia"
-28.475238,153.543271,"Melaleuca quinquenervia"
-28.475238,153.543271,"Melaleuca quinquenervia"
-28.475238,153.543271,"Melaleuca quinquenervia"
-28.475238,153.543271,"Melaleuca quinquenervia"
-28.475238,153.543271,"Melaleuca quinquenervia"
-28.475238,153.543271,"Melaleuca quinquenervia"
-28.475238,153.543271,"Melaleuca quinquenervia"
-28.475238,153.543271,"Melaleuca quinquenervia"
-28.475238,153.543271,"Melaleuca quinquenervia"
-28.475238,153.543271,"Melaleuca quinquenervia"
-28.475238,153.543271,"Melaleuca quinquenervia"
-28.475238,153.543271,"Melaleuca quinquenervia"
-28.475238,153.543271,"Melaleuca quinquenervia"
-28.475238,153.543271,"Melaleuca quinquenervia"
-28.475211,153.543271,"Melaleuca quinquenervia"
-28.475211,153.543271,"Melaleuca quinquenervia"
-28.475211,153.543271,"Melaleuca quinquenervia"
-28.475211,153.543271,"Melaleuca quinquenervia"
-28.475211,153.543271,"Melaleuca quinquenervia"
-28.475211,153.543271,"Melaleuca quinquenervia"
-28.475211,153.543271,"Melaleuca quinquenervia"
-28.475211,153.543271,"Melaleuca quinquenervia"
-28.475211,153.543271,"Melaleuca quinquenervia"
-28.475211,153.543271,"Melaleuca quinquenervia"
-28.475211,153.543271,"Melaleuca quinquenervia"
-28.475211,153.543271,"Melaleuca quinquenervia"
-28.475211,153.543271,"Melaleuca quinquenervia"
-28.475211,153.543271,"Melaleuca quinquenervia"
-28.475211,153.543271,"Melaleuca quinquenervia"
-28.475211,153.543271,"Melaleuca quinquenervia"
-28.475211,153.543271,"Melaleuca quinquenervia"
-28.475211,153.543271,"Melaleuca quinquenervia"
-28.475211,153.543271,"Melaleuca quinquenervia"
-28.475211,153.543271,"Melaleuca quinquenervia"
-28.475211,153.543271,"Melaleuca quinquenervia"
-28.475211,153.543271,"Melaleuca quinquenervia"
-28.475211,153.543271,"Melaleuca quinquenervia"
-28.475211,153.543271,"Melaleuca quinquenervia"
-28.473445,153.539353,"Melaleuca quinquenervia"
-28.47175,153.52265,"Melaleuca quinquenervia"
-28.471082,153.524804,"Melaleuca quinquenervia"
-28.468735,153.539856,"Melaleuca quinquenervia"
-28.4667,152.9167,"Melaleuca quinquenervia"
-28.464495,153.545526,"Melaleuca quinquenervia"
-28.46442,153.54437,"Melaleuca quinquenervia"
-28.464393,153.54441,"Melaleuca quinquenervia"
-28.464097,153.547917,"Melaleuca quinquenervia"
-28.463391,153.426704,"Melaleuca quinquenervia"
-28.463391,153.426704,"Melaleuca quinquenervia"
-28.444312,153.437567,"Melaleuca quinquenervia"
-28.430078,153.557029,"Melaleuca quinquenervia"
-28.429262,153.5325,"Melaleuca quinquenervia"
-28.428519,153.556347,"Melaleuca quinquenervia"
-28.428519,153.556347,"Melaleuca quinquenervia"
-28.418749,153.510994,"Melaleuca quinquenervia"
-28.418554,153.526065,"Melaleuca quinquenervia"
-28.415136,153.54729,"Melaleuca quinquenervia"
-28.415132,153.548311,"Melaleuca quinquenervia"
-28.411022,153.554499,"Melaleuca quinquenervia"
-28.410326,153.555231,"Melaleuca quinquenervia"
-28.410326,153.555231,"Melaleuca quinquenervia"
-28.410326,153.555231,"Melaleuca quinquenervia"
-28.410326,153.555231,"Melaleuca quinquenervia"
-28.410326,153.555231,"Melaleuca quinquenervia"
-28.410326,153.555231,"Melaleuca quinquenervia"
-28.410326,153.555231,"Melaleuca quinquenervia"
-28.410326,153.555231,"Melaleuca quinquenervia"
-28.410326,153.555231,"Melaleuca quinquenervia"
-28.410326,153.555231,"Melaleuca quinquenervia"
-28.410317,153.555211,"Melaleuca quinquenervia"
-28.410317,153.555211,"Melaleuca quinquenervia"
-28.410317,153.555211,"Melaleuca quinquenervia"
-28.410317,153.555211,"Melaleuca quinquenervia"
-28.410317,153.555211,"Melaleuca quinquenervia"
-28.410317,153.555211,"Melaleuca quinquenervia"
-28.410024,153.549614,"Melaleuca quinquenervia"
-28.410024,153.549614,"Melaleuca quinquenervia"
-28.410024,153.549614,"Melaleuca quinquenervia"
-28.409951,153.549604,"Melaleuca quinquenervia"
-28.409951,153.549604,"Melaleuca quinquenervia"
-28.409677,153.555475,"Melaleuca quinquenervia"
-28.40841,153.557957,"Melaleuca quinquenervia"
-28.40841,153.557957,"Melaleuca quinquenervia"
-28.40841,153.557957,"Melaleuca quinquenervia"
-28.40841,153.557957,"Melaleuca quinquenervia"
-28.40841,153.557957,"Melaleuca quinquenervia"
-28.40841,153.557957,"Melaleuca quinquenervia"
-28.40841,153.557957,"Melaleuca quinquenervia"
-28.40841,153.557957,"Melaleuca quinquenervia"
-28.40841,153.557957,"Melaleuca quinquenervia"
-28.40841,153.557957,"Melaleuca quinquenervia"
-28.40841,153.557957,"Melaleuca quinquenervia"
-28.40841,153.557957,"Melaleuca quinquenervia"
-28.40841,153.557957,"Melaleuca quinquenervia"
-28.40841,153.557957,"Melaleuca quinquenervia"
-28.40841,153.557957,"Melaleuca quinquenervia"
-28.40841,153.557957,"Melaleuca quinquenervia"
-28.40841,153.557957,"Melaleuca quinquenervia"
-28.40841,153.557957,"Melaleuca quinquenervia"
-28.40841,153.557957,"Melaleuca quinquenervia"
-28.40841,153.557957,"Melaleuca quinquenervia"
-28.408227,153.550844,"Melaleuca quinquenervia"
-28.406298,153.554496,"Melaleuca quinquenervia"
-28.40467,153.548337,"Melaleuca quinquenervia"
-28.40467,153.548337,"Melaleuca quinquenervia"
-28.40467,153.548337,"Melaleuca quinquenervia"
-28.40467,153.548337,"Melaleuca quinquenervia"
-28.40467,153.548337,"Melaleuca quinquenervia"
-28.404485,153.555272,"Melaleuca quinquenervia"
-28.404485,153.555272,"Melaleuca quinquenervia"
-28.404485,153.555272,"Melaleuca quinquenervia"
-28.404485,153.555272,"Melaleuca quinquenervia"
-28.404485,153.555272,"Melaleuca quinquenervia"
-28.404485,153.555272,"Melaleuca quinquenervia"
-28.404485,153.555272,"Melaleuca quinquenervia"
-28.404431,153.555302,"Melaleuca quinquenervia"
-28.404431,153.555302,"Melaleuca quinquenervia"
-28.404331,153.548921,"Melaleuca quinquenervia"
-28.404331,153.548921,"Melaleuca quinquenervia"
-28.404331,153.548921,"Melaleuca quinquenervia"
-28.404331,153.548921,"Melaleuca quinquenervia"
-28.404331,153.548921,"Melaleuca quinquenervia"
-28.404331,153.548921,"Melaleuca quinquenervia"
-28.404331,153.548921,"Melaleuca quinquenervia"
-28.404331,153.548921,"Melaleuca quinquenervia"
-28.404331,153.548921,"Melaleuca quinquenervia"
-28.404331,153.548921,"Melaleuca quinquenervia"
-28.40433,153.548962,"Melaleuca quinquenervia"
-28.40433,153.548962,"Melaleuca quinquenervia"
-28.40433,153.548962,"Melaleuca quinquenervia"
-28.40433,153.548962,"Melaleuca quinquenervia"
-28.40433,153.548962,"Melaleuca quinquenervia"
-28.40433,153.548962,"Melaleuca quinquenervia"
-28.402865,153.542983,"Melaleuca quinquenervia"
-28.402865,153.542983,"Melaleuca quinquenervia"
-28.402865,153.542983,"Melaleuca quinquenervia"
-28.402865,153.542983,"Melaleuca quinquenervia"
-28.402865,153.542983,"Melaleuca quinquenervia"
-28.402865,153.542983,"Melaleuca quinquenervia"
-28.402865,153.542983,"Melaleuca quinquenervia"
-28.402865,153.542983,"Melaleuca quinquenervia"
-28.402865,153.542983,"Melaleuca quinquenervia"
-28.402865,153.542983,"Melaleuca quinquenervia"
-28.402865,153.542983,"Melaleuca quinquenervia"
-28.402865,153.542983,"Melaleuca quinquenervia"
-28.402865,153.542983,"Melaleuca quinquenervia"
-28.402865,153.542983,"Melaleuca quinquenervia"
-28.402865,153.542983,"Melaleuca quinquenervia"
-28.402865,153.542983,"Melaleuca quinquenervia"
-28.402865,153.542983,"Melaleuca quinquenervia"
-28.402865,153.542983,"Melaleuca quinquenervia"
-28.402865,153.542983,"Melaleuca quinquenervia"
-28.402865,153.542983,"Melaleuca quinquenervia"
-28.402847,153.542983,"Melaleuca quinquenervia"
-28.402847,153.542983,"Melaleuca quinquenervia"
-28.402847,153.542983,"Melaleuca quinquenervia"
-28.402847,153.542983,"Melaleuca quinquenervia"
-28.402847,153.542983,"Melaleuca quinquenervia"
-28.402847,153.542983,"Melaleuca quinquenervia"
-28.402847,153.542983,"Melaleuca quinquenervia"
-28.402847,153.542983,"Melaleuca quinquenervia"
-28.402847,153.542983,"Melaleuca quinquenervia"
-28.402847,153.542983,"Melaleuca quinquenervia"
-28.402847,153.542983,"Melaleuca quinquenervia"
-28.402847,153.542983,"Melaleuca quinquenervia"
-28.402847,153.542983,"Melaleuca quinquenervia"
-28.402847,153.542983,"Melaleuca quinquenervia"
-28.402847,153.542983,"Melaleuca quinquenervia"
-28.402847,153.542983,"Melaleuca quinquenervia"
-28.400904,153.556218,"Melaleuca quinquenervia"
-28.399721,153.52876,"Melaleuca quinquenervia"
-28.399721,153.52876,"Melaleuca quinquenervia"
-28.399674,153.555257,"Melaleuca quinquenervia"
-28.399674,153.555257,"Melaleuca quinquenervia"
-28.399674,153.555257,"Melaleuca quinquenervia"
-28.399674,153.555257,"Melaleuca quinquenervia"
-28.399674,153.555257,"Melaleuca quinquenervia"
-28.399674,153.555257,"Melaleuca quinquenervia"
-28.399674,153.555257,"Melaleuca quinquenervia"
-28.399674,153.555257,"Melaleuca quinquenervia"
-28.399674,153.555257,"Melaleuca quinquenervia"
-28.399602,153.555328,"Melaleuca quinquenervia"
-28.399602,153.555328,"Melaleuca quinquenervia"
-28.399602,153.555328,"Melaleuca quinquenervia"
-28.399602,153.555328,"Melaleuca quinquenervia"
-28.399602,153.555328,"Melaleuca quinquenervia"
-28.399602,153.555328,"Melaleuca quinquenervia"
-28.399602,153.555328,"Melaleuca quinquenervia"
-28.399602,153.555328,"Melaleuca quinquenervia"
-28.399602,153.555328,"Melaleuca quinquenervia"
-28.399602,153.555328,"Melaleuca quinquenervia"
-28.399602,153.555328,"Melaleuca quinquenervia"
-28.399461,153.549958,"Melaleuca quinquenervia"
-28.399461,153.549958,"Melaleuca quinquenervia"
-28.399461,153.549958,"Melaleuca quinquenervia"
-28.399461,153.549958,"Melaleuca quinquenervia"
-28.399461,153.549958,"Melaleuca quinquenervia"
-28.399434,153.549897,"Melaleuca quinquenervia"
-28.399434,153.549897,"Melaleuca quinquenervia"
-28.399434,153.549897,"Melaleuca quinquenervia"
-28.399434,153.549897,"Melaleuca quinquenervia"
-28.399434,153.549897,"Melaleuca quinquenervia"
-28.399434,153.549897,"Melaleuca quinquenervia"
-28.399163,153.52848,"Melaleuca quinquenervia"
-28.399163,153.52848,"Melaleuca quinquenervia"
-28.398349,153.552568,"Melaleuca quinquenervia"
-28.398349,153.552568,"Melaleuca quinquenervia"
-28.398349,153.552568,"Melaleuca quinquenervia"
-28.398,153.542917,"Melaleuca quinquenervia"
-28.398,153.542917,"Melaleuca quinquenervia"
-28.395658,153.544711,"Melaleuca quinquenervia"
-28.395606,153.543618,"Melaleuca quinquenervia"
-28.395473,153.545111,"Melaleuca quinquenervia"
-28.394996,153.557806,"Melaleuca quinquenervia"
-28.394323,153.149321,"Melaleuca quinquenervia"
-28.393877,153.549204,"Melaleuca quinquenervia"
-28.393877,153.549204,"Melaleuca quinquenervia"
-28.393877,153.549204,"Melaleuca quinquenervia"
-28.393877,153.549204,"Melaleuca quinquenervia"
-28.393877,153.549204,"Melaleuca quinquenervia"
-28.393877,153.549204,"Melaleuca quinquenervia"
-28.393877,153.549204,"Melaleuca quinquenervia"
-28.393877,153.549204,"Melaleuca quinquenervia"
-28.393877,153.549204,"Melaleuca quinquenervia"
-28.393877,153.549204,"Melaleuca quinquenervia"
-28.393877,153.549204,"Melaleuca quinquenervia"
-28.393877,153.549204,"Melaleuca quinquenervia"
-28.393877,153.549204,"Melaleuca quinquenervia"
-28.393877,153.549204,"Melaleuca quinquenervia"
-28.393877,153.549204,"Melaleuca quinquenervia"
-28.393877,153.549204,"Melaleuca quinquenervia"
-28.393877,153.549204,"Melaleuca quinquenervia"
-28.393877,153.549204,"Melaleuca quinquenervia"
-28.393877,153.549204,"Melaleuca quinquenervia"
-28.393877,153.549204,"Melaleuca quinquenervia"
-28.393877,153.549204,"Melaleuca quinquenervia"
-28.393877,153.549204,"Melaleuca quinquenervia"
-28.393877,153.549204,"Melaleuca quinquenervia"
-28.393877,153.549204,"Melaleuca quinquenervia"
-28.393877,153.549204,"Melaleuca quinquenervia"
-28.393877,153.549204,"Melaleuca quinquenervia"
-28.393877,153.549204,"Melaleuca quinquenervia"
-28.393877,153.549204,"Melaleuca quinquenervia"
-28.393859,153.549225,"Melaleuca quinquenervia"
-28.393859,153.549225,"Melaleuca quinquenervia"
-28.393859,153.549225,"Melaleuca quinquenervia"
-28.393859,153.549225,"Melaleuca quinquenervia"
-28.393859,153.549225,"Melaleuca quinquenervia"
-28.393859,153.549225,"Melaleuca quinquenervia"
-28.393859,153.549225,"Melaleuca quinquenervia"
-28.393859,153.549225,"Melaleuca quinquenervia"
-28.393859,153.549225,"Melaleuca quinquenervia"
-28.393859,153.549225,"Melaleuca quinquenervia"
-28.393859,153.549225,"Melaleuca quinquenervia"
-28.393859,153.549225,"Melaleuca quinquenervia"
-28.393859,153.549225,"Melaleuca quinquenervia"
-28.393859,153.549225,"Melaleuca quinquenervia"
-28.393859,153.549225,"Melaleuca quinquenervia"
-28.393859,153.549225,"Melaleuca quinquenervia"
-28.393859,153.549225,"Melaleuca quinquenervia"
-28.393859,153.549225,"Melaleuca quinquenervia"
-28.393859,153.549225,"Melaleuca quinquenervia"
-28.393859,153.549225,"Melaleuca quinquenervia"
-28.393859,153.549225,"Melaleuca quinquenervia"
-28.393859,153.549225,"Melaleuca quinquenervia"
-28.393859,153.549225,"Melaleuca quinquenervia"
-28.393859,153.549225,"Melaleuca quinquenervia"
-28.393859,153.549225,"Melaleuca quinquenervia"
-28.393518,153.555327,"Melaleuca quinquenervia"
-28.393518,153.555327,"Melaleuca quinquenervia"
-28.393518,153.555327,"Melaleuca quinquenervia"
-28.393518,153.555327,"Melaleuca quinquenervia"
-28.393518,153.555327,"Melaleuca quinquenervia"
-28.393518,153.555327,"Melaleuca quinquenervia"
-28.393518,153.555327,"Melaleuca quinquenervia"
-28.393518,153.555327,"Melaleuca quinquenervia"
-28.393518,153.555327,"Melaleuca quinquenervia"
-28.393518,153.555327,"Melaleuca quinquenervia"
-28.393518,153.555327,"Melaleuca quinquenervia"
-28.393473,153.555307,"Melaleuca quinquenervia"
-28.393473,153.555307,"Melaleuca quinquenervia"
-28.393473,153.555307,"Melaleuca quinquenervia"
-28.393473,153.555307,"Melaleuca quinquenervia"
-28.393473,153.555307,"Melaleuca quinquenervia"
-28.393473,153.555307,"Melaleuca quinquenervia"
-28.393473,153.555307,"Melaleuca quinquenervia"
-28.393473,153.555307,"Melaleuca quinquenervia"
-28.393473,153.555307,"Melaleuca quinquenervia"
-28.393473,153.555307,"Melaleuca quinquenervia"
-28.393259,153.561359,"Melaleuca quinquenervia"
-28.393259,153.561369,"Melaleuca quinquenervia"
-28.393259,153.561359,"Melaleuca quinquenervia"
-28.393259,153.561369,"Melaleuca quinquenervia"
-28.393259,153.561369,"Melaleuca quinquenervia"
-28.393259,153.561369,"Melaleuca quinquenervia"
-28.393259,153.561369,"Melaleuca quinquenervia"
-28.393259,153.561369,"Melaleuca quinquenervia"
-28.393259,153.561359,"Melaleuca quinquenervia"
-28.393259,153.561359,"Melaleuca quinquenervia"
-28.393259,153.561359,"Melaleuca quinquenervia"
-28.393259,153.561359,"Melaleuca quinquenervia"
-28.393259,153.561369,"Melaleuca quinquenervia"
-28.393195,153.55959,"Melaleuca quinquenervia"
-28.393152,153.544041,"Melaleuca quinquenervia"
-28.393116,153.545087,"Melaleuca quinquenervia"
-28.392217,153.545305,"Melaleuca quinquenervia"
-28.392197,153.546485,"Melaleuca quinquenervia"
-28.391954,153.545894,"Melaleuca quinquenervia"
-28.391906,153.546475,"Melaleuca quinquenervia"
-28.391707,153.559705,"Melaleuca quinquenervia"
-28.391707,153.559705,"Melaleuca quinquenervia"
-28.391703,153.560521,"Melaleuca quinquenervia"
-28.391703,153.560521,"Melaleuca quinquenervia"
-28.391703,153.560521,"Melaleuca quinquenervia"
-28.39135,153.560948,"Melaleuca quinquenervia"
-28.39135,153.560948,"Melaleuca quinquenervia"
-28.39135,153.560948,"Melaleuca quinquenervia"
-28.390899,153.555742,"Melaleuca quinquenervia"
-28.390899,153.555742,"Melaleuca quinquenervia"
-28.390899,153.555742,"Melaleuca quinquenervia"
-28.390899,153.555742,"Melaleuca quinquenervia"
-28.390899,153.555742,"Melaleuca quinquenervia"
-28.390899,153.555742,"Melaleuca quinquenervia"
-28.389651,153.554092,"Melaleuca quinquenervia"
-28.388863,153.56191,"Melaleuca quinquenervia"
-28.388558,153.562575,"Melaleuca quinquenervia"
-28.388255,153.56093,"Melaleuca quinquenervia"
-28.388208,153.563459,"Melaleuca quinquenervia"
-28.387161,153.562147,"Melaleuca quinquenervia"
-28.387161,153.562147,"Melaleuca quinquenervia"
-28.387161,153.562147,"Melaleuca quinquenervia"
-28.387161,153.562147,"Melaleuca quinquenervia"
-28.387161,153.562147,"Melaleuca quinquenervia"
-28.386918,153.562181,"Melaleuca quinquenervia"
-28.386918,153.562181,"Melaleuca quinquenervia"
-28.386918,153.562181,"Melaleuca quinquenervia"
-28.386918,153.562181,"Melaleuca quinquenervia"
-28.386918,153.562181,"Melaleuca quinquenervia"
-28.386779,153.564224,"Melaleuca quinquenervia"
-28.386617,153.563072,"Melaleuca quinquenervia"
-28.386617,153.563072,"Melaleuca quinquenervia"
-28.386617,153.563072,"Melaleuca quinquenervia"
-28.386538,153.562804,"Melaleuca quinquenervia"
-28.386538,153.562804,"Melaleuca quinquenervia"
-28.386538,153.562804,"Melaleuca quinquenervia"
-28.386053,153.565541,"Melaleuca quinquenervia"
-28.385929,153.56314,"Melaleuca quinquenervia"
-28.385651,153.564813,"Melaleuca quinquenervia"
-28.385621,153.562145,"Melaleuca quinquenervia"
-28.3833,153.55,"Melaleuca quinquenervia"
-28.382941,153.561386,"Melaleuca quinquenervia"
-28.382941,153.561386,"Melaleuca quinquenervia"
-28.382941,153.561386,"Melaleuca quinquenervia"
-28.382941,153.561386,"Melaleuca quinquenervia"
-28.382941,153.561386,"Melaleuca quinquenervia"
-28.382941,153.561386,"Melaleuca quinquenervia"
-28.382941,153.561386,"Melaleuca quinquenervia"
-28.382941,153.561386,"Melaleuca quinquenervia"
-28.382941,153.561386,"Melaleuca quinquenervia"
-28.382932,153.561345,"Melaleuca quinquenervia"
-28.382932,153.561345,"Melaleuca quinquenervia"
-28.382932,153.561345,"Melaleuca quinquenervia"
-28.382932,153.561345,"Melaleuca quinquenervia"
-28.382932,153.561345,"Melaleuca quinquenervia"
-28.382932,153.561345,"Melaleuca quinquenervia"
-28.382932,153.561345,"Melaleuca quinquenervia"
-28.382932,153.561345,"Melaleuca quinquenervia"
-28.3827,153.565996,"Melaleuca quinquenervia"
-28.382616,153.559034,"Melaleuca quinquenervia"
-28.382599,153.565076,"Melaleuca quinquenervia"
-28.382524,153.56349,"Melaleuca quinquenervia"
-28.382156,153.562642,"Melaleuca quinquenervia"
-28.382136,153.556225,"Melaleuca quinquenervia"
-28.382042,153.561475,"Melaleuca quinquenervia"
-28.381466,153.55817,"Melaleuca quinquenervia"
-28.380614,153.560197,"Melaleuca quinquenervia"
-28.380168,153.564694,"Melaleuca quinquenervia"
-28.379888,153.558336,"Melaleuca quinquenervia"
-28.379298,153.565621,"Melaleuca quinquenervia"
-28.379298,153.565621,"Melaleuca quinquenervia"
-28.379298,153.565621,"Melaleuca quinquenervia"
-28.378018,153.564474,"Melaleuca quinquenervia"
-28.378002,153.571227,"Melaleuca quinquenervia"
-28.378002,153.571227,"Melaleuca quinquenervia"
-28.377987,153.555699,"Melaleuca quinquenervia"
-28.377879,153.555822,"Melaleuca quinquenervia"
-28.37786,153.557581,"Melaleuca quinquenervia"
-28.37786,153.557581,"Melaleuca quinquenervia"
-28.37786,153.557581,"Melaleuca quinquenervia"
-28.37786,153.557581,"Melaleuca quinquenervia"
-28.377276,153.56701,"Melaleuca quinquenervia"
-28.377276,153.56701,"Melaleuca quinquenervia"
-28.377276,153.56701,"Melaleuca quinquenervia"
-28.377276,153.56701,"Melaleuca quinquenervia"
-28.377276,153.56701,"Melaleuca quinquenervia"
-28.377276,153.56701,"Melaleuca quinquenervia"
-28.377276,153.56701,"Melaleuca quinquenervia"
-28.377276,153.56701,"Melaleuca quinquenervia"
-28.377276,153.56701,"Melaleuca quinquenervia"
-28.377276,153.56701,"Melaleuca quinquenervia"
-28.377276,153.56701,"Melaleuca quinquenervia"
-28.377276,153.56701,"Melaleuca quinquenervia"
-28.377276,153.56701,"Melaleuca quinquenervia"
-28.377276,153.56701,"Melaleuca quinquenervia"
-28.377276,153.56701,"Melaleuca quinquenervia"
-28.377276,153.56701,"Melaleuca quinquenervia"
-28.377222,153.566938,"Melaleuca quinquenervia"
-28.377222,153.566938,"Melaleuca quinquenervia"
-28.377222,153.566938,"Melaleuca quinquenervia"
-28.377222,153.566938,"Melaleuca quinquenervia"
-28.377222,153.566938,"Melaleuca quinquenervia"
-28.377222,153.566938,"Melaleuca quinquenervia"
-28.377222,153.566938,"Melaleuca quinquenervia"
-28.377222,153.566938,"Melaleuca quinquenervia"
-28.377222,153.566938,"Melaleuca quinquenervia"
-28.377222,153.566938,"Melaleuca quinquenervia"
-28.377222,153.566938,"Melaleuca quinquenervia"
-28.377222,153.566938,"Melaleuca quinquenervia"
-28.377222,153.566938,"Melaleuca quinquenervia"
-28.37692,153.561487,"Melaleuca quinquenervia"
-28.37692,153.561487,"Melaleuca quinquenervia"
-28.37692,153.561487,"Melaleuca quinquenervia"
-28.37692,153.561487,"Melaleuca quinquenervia"
-28.37692,153.561487,"Melaleuca quinquenervia"
-28.376814,153.562556,"Melaleuca quinquenervia"
-28.376652,153.57023,"Melaleuca quinquenervia"
-28.376652,153.57023,"Melaleuca quinquenervia"
-28.376652,153.57023,"Melaleuca quinquenervia"
-28.37644,153.556073,"Melaleuca quinquenervia"
-28.376381,153.555583,"Melaleuca quinquenervia"
-28.376342,153.561069,"Melaleuca quinquenervia"
-28.376342,153.561069,"Melaleuca quinquenervia"
-28.376309,153.556045,"Melaleuca quinquenervia"
-28.376161,153.555646,"Melaleuca quinquenervia"
-28.375752,153.565676,"Melaleuca quinquenervia"
-28.375727,153.565695,"Melaleuca quinquenervia"
-28.375718,153.560271,"Melaleuca quinquenervia"
-28.375708,153.565475,"Melaleuca quinquenervia"
-28.375667,153.565768,"Melaleuca quinquenervia"
-28.375628,153.565832,"Melaleuca quinquenervia"
-28.375596,153.565891,"Melaleuca quinquenervia"
-28.375199,153.56577,"Melaleuca quinquenervia"
-28.375176,153.565806,"Melaleuca quinquenervia"
-28.375099,153.565822,"Melaleuca quinquenervia"
-28.375061,153.565865,"Melaleuca quinquenervia"
-28.37503,153.565904,"Melaleuca quinquenervia"
-28.375027,153.565982,"Melaleuca quinquenervia"
-28.375004,153.566035,"Melaleuca quinquenervia"
-28.374971,153.566146,"Melaleuca quinquenervia"
-28.374971,153.566087,"Melaleuca quinquenervia"
-28.374882,153.566756,"Melaleuca quinquenervia"
-28.37488,153.566531,"Melaleuca quinquenervia"
-28.37488,153.567226,"Melaleuca quinquenervia"
-28.374872,153.566706,"Melaleuca quinquenervia"
-28.374871,153.566578,"Melaleuca quinquenervia"
-28.37487,153.567187,"Melaleuca quinquenervia"
-28.374868,153.56663,"Melaleuca quinquenervia"
-28.374866,153.567137,"Melaleuca quinquenervia"
-28.374856,153.567064,"Melaleuca quinquenervia"
-28.374855,153.566836,"Melaleuca quinquenervia"
-28.374852,153.566955,"Melaleuca quinquenervia"
-28.374846,153.567021,"Melaleuca quinquenervia"
-28.374845,153.566891,"Melaleuca quinquenervia"
-28.374305,153.56632,"Melaleuca quinquenervia"
-28.374153,153.567948,"Melaleuca quinquenervia"
-28.374125,153.567979,"Melaleuca quinquenervia"
-28.374112,153.567996,"Melaleuca quinquenervia"
-28.372795,153.559547,"Melaleuca quinquenervia"
-28.372795,153.559547,"Melaleuca quinquenervia"
-28.372731,153.551067,"Melaleuca quinquenervia"
-28.372566,153.563883,"Melaleuca quinquenervia"
-28.372566,153.563883,"Melaleuca quinquenervia"
-28.372275,153.567116,"Melaleuca quinquenervia"
-28.372275,153.567116,"Melaleuca quinquenervia"
-28.372275,153.567116,"Melaleuca quinquenervia"
-28.372275,153.567116,"Melaleuca quinquenervia"
-28.372275,153.567116,"Melaleuca quinquenervia"
-28.372275,153.567116,"Melaleuca quinquenervia"
-28.372275,153.567116,"Melaleuca quinquenervia"
-28.372275,153.567116,"Melaleuca quinquenervia"
-28.372275,153.567116,"Melaleuca quinquenervia"
-28.372275,153.567116,"Melaleuca quinquenervia"
-28.372275,153.567116,"Melaleuca quinquenervia"
-28.372275,153.567116,"Melaleuca quinquenervia"
-28.372275,153.567116,"Melaleuca quinquenervia"
-28.372275,153.567116,"Melaleuca quinquenervia"
-28.372275,153.567116,"Melaleuca quinquenervia"
-28.372275,153.567116,"Melaleuca quinquenervia"
-28.37223,153.567096,"Melaleuca quinquenervia"
-28.37223,153.567096,"Melaleuca quinquenervia"
-28.37223,153.567096,"Melaleuca quinquenervia"
-28.37223,153.567096,"Melaleuca quinquenervia"
-28.37223,153.567096,"Melaleuca quinquenervia"
-28.37223,153.567096,"Melaleuca quinquenervia"
-28.37223,153.567096,"Melaleuca quinquenervia"
-28.37223,153.567096,"Melaleuca quinquenervia"
-28.37223,153.567096,"Melaleuca quinquenervia"
-28.37223,153.567096,"Melaleuca quinquenervia"
-28.37223,153.567096,"Melaleuca quinquenervia"
-28.37223,153.567096,"Melaleuca quinquenervia"
-28.37223,153.567096,"Melaleuca quinquenervia"
-28.37223,153.567096,"Melaleuca quinquenervia"
-28.37223,153.567096,"Melaleuca quinquenervia"
-28.37223,153.567096,"Melaleuca quinquenervia"
-28.37223,153.567096,"Melaleuca quinquenervia"
-28.37223,153.567096,"Melaleuca quinquenervia"
-28.371746,153.495512,"Melaleuca quinquenervia"
-28.371504,153.563001,"Melaleuca quinquenervia"
-28.371102,153.556068,"Melaleuca quinquenervia"
-28.371102,153.556068,"Melaleuca quinquenervia"
-28.371102,153.55619,"Melaleuca quinquenervia"
-28.371102,153.55619,"Melaleuca quinquenervia"
-28.371102,153.556068,"Melaleuca quinquenervia"
-28.371102,153.556068,"Melaleuca quinquenervia"
-28.371102,153.55619,"Melaleuca quinquenervia"
-28.371102,153.556068,"Melaleuca quinquenervia"
-28.37091,153.57273,"Melaleuca quinquenervia"
-28.370713,153.412705,"Melaleuca quinquenervia"
-28.370658,153.493456,"Melaleuca quinquenervia"
-28.370602,153.551762,"Melaleuca quinquenervia"
-28.370602,153.551762,"Melaleuca quinquenervia"
-28.370288,153.493413,"Melaleuca quinquenervia"
-28.369318,153.535235,"Melaleuca quinquenervia"
-28.369078,153.555572,"Melaleuca quinquenervia"
-28.368669,153.555786,"Melaleuca quinquenervia"
-28.368669,153.555786,"Melaleuca quinquenervia"
-28.368474,153.534845,"Melaleuca quinquenervia"
-28.368131,153.534495,"Melaleuca quinquenervia"
-28.368131,153.534495,"Melaleuca quinquenervia"
-28.368131,153.534495,"Melaleuca quinquenervia"
-28.36804,153.561913,"Melaleuca quinquenervia"
-28.367891,153.486511,"Melaleuca quinquenervia"
-28.36769,153.534932,"Melaleuca quinquenervia"
-28.367683,153.535406,"Melaleuca quinquenervia"
-28.367682,153.535656,"Melaleuca quinquenervia"
-28.36768,153.53531,"Melaleuca quinquenervia"
-28.36768,153.53531,"Melaleuca quinquenervia"
-28.36768,153.53531,"Melaleuca quinquenervia"
-28.367628,153.535109,"Melaleuca quinquenervia"
-28.366951,153.534324,"Melaleuca quinquenervia"
-28.366933,153.533424,"Melaleuca quinquenervia"
-28.366933,153.533424,"Melaleuca quinquenervia"
-28.366933,153.533424,"Melaleuca quinquenervia"
-28.366713,153.561163,"Melaleuca quinquenervia"
-28.365298,153.560296,"Melaleuca quinquenervia"
-28.365298,153.560296,"Melaleuca quinquenervia"
-28.361222,153.555139,"Melaleuca quinquenervia"
-28.361222,153.555139,"Melaleuca quinquenervia"
-28.361222,153.555139,"Melaleuca quinquenervia"
-28.361186,153.555067,"Melaleuca quinquenervia"
-28.361186,153.555067,"Melaleuca quinquenervia"
-28.358927,153.523855,"Melaleuca quinquenervia"
-28.358897,153.523315,"Melaleuca quinquenervia"
-28.358786,153.523528,"Melaleuca quinquenervia"
-28.358758,153.523371,"Melaleuca quinquenervia"
-28.358514,153.523688,"Melaleuca quinquenervia"
-28.358298,153.523446,"Melaleuca quinquenervia"
-28.358071,153.568388,"Melaleuca quinquenervia"
-28.35762,153.568385,"Melaleuca quinquenervia"
-28.356968,153.559552,"Melaleuca quinquenervia"
-28.356968,153.559552,"Melaleuca quinquenervia"
-28.354561,153.526004,"Melaleuca quinquenervia"
-28.354545,153.570762,"Melaleuca quinquenervia"
-28.354541,153.526556,"Melaleuca quinquenervia"
-28.354535,153.570767,"Melaleuca quinquenervia"
-28.354029,153.561658,"Melaleuca quinquenervia"
-28.35395,153.526076,"Melaleuca quinquenervia"
-28.353814,153.526287,"Melaleuca quinquenervia"
-28.35347,153.526548,"Melaleuca quinquenervia"
-28.353062,153.571986,"Melaleuca quinquenervia"
-28.35209,153.561467,"Melaleuca quinquenervia"
-28.351273,153.566873,"Melaleuca quinquenervia"
-28.35103,153.566658,"Melaleuca quinquenervia"
-28.35,153.2667,"Melaleuca quinquenervia"
-28.35,153.2667,"Melaleuca quinquenervia"
-28.349842,153.566873,"Melaleuca quinquenervia"
-28.34984,153.570913,"Melaleuca quinquenervia"
-28.34984,153.570913,"Melaleuca quinquenervia"
-28.349724,153.572224,"Melaleuca quinquenervia"
-28.349703,153.572112,"Melaleuca quinquenervia"
-28.3497,153.572029,"Melaleuca quinquenervia"
-28.349685,153.570775,"Melaleuca quinquenervia"
-28.349673,153.571967,"Melaleuca quinquenervia"
-28.349668,153.571787,"Melaleuca quinquenervia"
-28.349661,153.571703,"Melaleuca quinquenervia"
-28.349635,153.570832,"Melaleuca quinquenervia"
-28.349631,153.571051,"Melaleuca quinquenervia"
-28.349627,153.570874,"Melaleuca quinquenervia"
-28.349619,153.571554,"Melaleuca quinquenervia"
-28.349607,153.571478,"Melaleuca quinquenervia"
-28.349606,153.570944,"Melaleuca quinquenervia"
-28.349577,153.571155,"Melaleuca quinquenervia"
-28.349563,153.571424,"Melaleuca quinquenervia"
-28.349553,153.571202,"Melaleuca quinquenervia"
-28.34953,153.571294,"Melaleuca quinquenervia"
-28.349508,153.571409,"Melaleuca quinquenervia"
-28.348292,153.565912,"Melaleuca quinquenervia"
-28.346613,153.550965,"Melaleuca quinquenervia"
-28.346613,153.550965,"Melaleuca quinquenervia"
-28.346613,153.550965,"Melaleuca quinquenervia"
-28.346301,153.550525,"Melaleuca quinquenervia"
-28.344774,153.567213,"Melaleuca quinquenervia"
-28.344774,153.567213,"Melaleuca quinquenervia"
-28.344774,153.567213,"Melaleuca quinquenervia"
-28.342832,153.56242,"Melaleuca quinquenervia"
-28.342832,153.56242,"Melaleuca quinquenervia"
-28.342832,153.56242,"Melaleuca quinquenervia"
-28.342349,153.426832,"Melaleuca quinquenervia"
-28.339759,153.367381,"Melaleuca quinquenervia"
-28.339759,153.367381,"Melaleuca quinquenervia"
-28.339678,153.560995,"Melaleuca quinquenervia"
-28.339678,153.560995,"Melaleuca quinquenervia"
-28.339678,153.560995,"Melaleuca quinquenervia"
-28.339678,153.560995,"Melaleuca quinquenervia"
-28.339678,153.560995,"Melaleuca quinquenervia"
-28.339678,153.560995,"Melaleuca quinquenervia"
-28.339678,153.560995,"Melaleuca quinquenervia"
-28.339678,153.560995,"Melaleuca quinquenervia"
-28.339633,153.560995,"Melaleuca quinquenervia"
-28.339633,153.560995,"Melaleuca quinquenervia"
-28.339633,153.560995,"Melaleuca quinquenervia"
-28.339633,153.560995,"Melaleuca quinquenervia"
-28.339633,153.560995,"Melaleuca quinquenervia"
-28.339633,153.560995,"Melaleuca quinquenervia"
-28.339633,153.560995,"Melaleuca quinquenervia"
-28.339244,153.564245,"Melaleuca quinquenervia"
-28.339047,153.571714,"Melaleuca quinquenervia"
-28.339047,153.571714,"Melaleuca quinquenervia"
-28.338661,153.571212,"Melaleuca quinquenervia"
-28.338661,153.571212,"Melaleuca quinquenervia"
-28.338661,153.571212,"Melaleuca quinquenervia"
-28.338467,153.547708,"Melaleuca quinquenervia"
-28.338467,153.547708,"Melaleuca quinquenervia"
-28.338345,153.56322,"Melaleuca quinquenervia"
-28.338311,153.571382,"Melaleuca quinquenervia"
-28.33603,153.418083,"Melaleuca quinquenervia"
-28.335907,153.544959,"Melaleuca quinquenervia"
-28.335426,153.545955,"Melaleuca quinquenervia"
-28.334551,153.420608,"Melaleuca quinquenervia"
-28.334551,153.420608,"Melaleuca quinquenervia"
-28.334551,153.420608,"Melaleuca quinquenervia"
-28.334391,153.560478,"Melaleuca quinquenervia"
-28.334391,153.560478,"Melaleuca quinquenervia"
-28.334391,153.560478,"Melaleuca quinquenervia"
-28.334391,153.560478,"Melaleuca quinquenervia"
-28.334108,153.543429,"Melaleuca quinquenervia"
-28.334108,153.543429,"Melaleuca quinquenervia"
-28.334108,153.543429,"Melaleuca quinquenervia"
-28.334108,153.543429,"Melaleuca quinquenervia"
-28.334108,153.543429,"Melaleuca quinquenervia"
-28.334108,153.543449,"Melaleuca quinquenervia"
-28.334108,153.543449,"Melaleuca quinquenervia"
-28.334108,153.543449,"Melaleuca quinquenervia"
-28.334108,153.543449,"Melaleuca quinquenervia"
-28.333699,153.536342,"Melaleuca quinquenervia"
-28.333699,153.536342,"Melaleuca quinquenervia"
-28.333656,153.536159,"Melaleuca quinquenervia"
-28.333546,153.535755,"Melaleuca quinquenervia"
-28.333546,153.535755,"Melaleuca quinquenervia"
-28.333546,153.535755,"Melaleuca quinquenervia"
-28.333302,153.535309,"Melaleuca quinquenervia"
-28.333302,153.535309,"Melaleuca quinquenervia"
-28.333302,153.535309,"Melaleuca quinquenervia"
-28.3333,153.4,"Melaleuca quinquenervia"
-28.332954,153.547473,"Melaleuca quinquenervia"
-28.332954,153.547473,"Melaleuca quinquenervia"
-28.332954,153.547473,"Melaleuca quinquenervia"
-28.332954,153.547473,"Melaleuca quinquenervia"
-28.332954,153.547473,"Melaleuca quinquenervia"
-28.332954,153.547473,"Melaleuca quinquenervia"
-28.332954,153.547473,"Melaleuca quinquenervia"
-28.332954,153.547473,"Melaleuca quinquenervia"
-28.332954,153.547473,"Melaleuca quinquenervia"
-28.332954,153.547473,"Melaleuca quinquenervia"
-28.332954,153.547473,"Melaleuca quinquenervia"
-28.332954,153.547473,"Melaleuca quinquenervia"
-28.332876,153.547491,"Melaleuca quinquenervia"
-28.332876,153.547491,"Melaleuca quinquenervia"
-28.332876,153.547491,"Melaleuca quinquenervia"
-28.332327,153.562273,"Melaleuca quinquenervia"
-28.332327,153.562273,"Melaleuca quinquenervia"
-28.332327,153.562273,"Melaleuca quinquenervia"
-28.332097,153.545844,"Melaleuca quinquenervia"
-28.331857,153.554435,"Melaleuca quinquenervia"
-28.331857,153.554435,"Melaleuca quinquenervia"
-28.331479,153.553413,"Melaleuca quinquenervia"
-28.331479,153.553413,"Melaleuca quinquenervia"
-28.331479,153.553413,"Melaleuca quinquenervia"
-28.331278,153.555293,"Melaleuca quinquenervia"
-28.330941,153.543106,"Melaleuca quinquenervia"
-28.330941,153.543106,"Melaleuca quinquenervia"
-28.330941,153.543106,"Melaleuca quinquenervia"
-28.330941,153.543106,"Melaleuca quinquenervia"
-28.330941,153.543106,"Melaleuca quinquenervia"
-28.330941,153.543106,"Melaleuca quinquenervia"
-28.330941,153.543106,"Melaleuca quinquenervia"
-28.330833,153.553733,"Melaleuca quinquenervia"
-28.330823,153.543106,"Melaleuca quinquenervia"
-28.330823,153.543106,"Melaleuca quinquenervia"
-28.330243,153.559025,"Melaleuca quinquenervia"
-28.330243,153.559025,"Melaleuca quinquenervia"
-28.330144,153.54821,"Melaleuca quinquenervia"
-28.329705,153.560462,"Melaleuca quinquenervia"
-28.329534,153.560269,"Melaleuca quinquenervia"
-28.329534,153.560269,"Melaleuca quinquenervia"
-28.329218,153.554371,"Melaleuca quinquenervia"
-28.329218,153.554371,"Melaleuca quinquenervia"
-28.329159,153.548586,"Melaleuca quinquenervia"
-28.329159,153.548586,"Melaleuca quinquenervia"
-28.329159,153.548586,"Melaleuca quinquenervia"
-28.329159,153.548586,"Melaleuca quinquenervia"
-28.329159,153.548586,"Melaleuca quinquenervia"
-28.329159,153.548586,"Melaleuca quinquenervia"
-28.329159,153.548586,"Melaleuca quinquenervia"
-28.329159,153.548586,"Melaleuca quinquenervia"
-28.329159,153.548586,"Melaleuca quinquenervia"
-28.329159,153.548586,"Melaleuca quinquenervia"
-28.329159,153.548586,"Melaleuca quinquenervia"
-28.329159,153.548586,"Melaleuca quinquenervia"
-28.329159,153.548586,"Melaleuca quinquenervia"
-28.329159,153.548586,"Melaleuca quinquenervia"
-28.329159,153.548586,"Melaleuca quinquenervia"
-28.329159,153.548586,"Melaleuca quinquenervia"
-28.329095,153.548626,"Melaleuca quinquenervia"
-28.329095,153.548626,"Melaleuca quinquenervia"
-28.329095,153.548626,"Melaleuca quinquenervia"
-28.329095,153.548626,"Melaleuca quinquenervia"
-28.329095,153.548626,"Melaleuca quinquenervia"
-28.329095,153.548626,"Melaleuca quinquenervia"
-28.329095,153.548626,"Melaleuca quinquenervia"
-28.329095,153.548626,"Melaleuca quinquenervia"
-28.329095,153.548626,"Melaleuca quinquenervia"
-28.329095,153.548626,"Melaleuca quinquenervia"
-28.329095,153.548626,"Melaleuca quinquenervia"
-28.329095,153.548626,"Melaleuca quinquenervia"
-28.329095,153.548626,"Melaleuca quinquenervia"
-28.329095,153.548626,"Melaleuca quinquenervia"
-28.329095,153.548626,"Melaleuca quinquenervia"
-28.329095,153.548626,"Melaleuca quinquenervia"
-28.329095,153.548626,"Melaleuca quinquenervia"
-28.329095,153.548626,"Melaleuca quinquenervia"
-28.329095,153.548626,"Melaleuca quinquenervia"
-28.328809,153.558597,"Melaleuca quinquenervia"
-28.328747,153.558652,"Melaleuca quinquenervia"
-28.328747,153.558652,"Melaleuca quinquenervia"
-28.327874,153.557385,"Melaleuca quinquenervia"
-28.327852,153.557502,"Melaleuca quinquenervia"
-28.32773,153.564646,"Melaleuca quinquenervia"
-28.32773,153.564646,"Melaleuca quinquenervia"
-28.32773,153.564646,"Melaleuca quinquenervia"
-28.32773,153.564646,"Melaleuca quinquenervia"
-28.327703,153.564676,"Melaleuca quinquenervia"
-28.327703,153.564676,"Melaleuca quinquenervia"
-28.327703,153.564676,"Melaleuca quinquenervia"
-28.327451,153.559968,"Melaleuca quinquenervia"
-28.327389,153.558509,"Melaleuca quinquenervia"
-28.327063,153.564426,"Melaleuca quinquenervia"
-28.326607,153.564179,"Melaleuca quinquenervia"
-28.32592,153.548181,"Melaleuca quinquenervia"
-28.32592,153.548181,"Melaleuca quinquenervia"
-28.32592,153.548181,"Melaleuca quinquenervia"
-28.32592,153.548181,"Melaleuca quinquenervia"
-28.32592,153.548181,"Melaleuca quinquenervia"
-28.32592,153.548181,"Melaleuca quinquenervia"
-28.32592,153.548181,"Melaleuca quinquenervia"
-28.32592,153.548181,"Melaleuca quinquenervia"
-28.32592,153.548181,"Melaleuca quinquenervia"
-28.32592,153.548181,"Melaleuca quinquenervia"
-28.32592,153.548181,"Melaleuca quinquenervia"
-28.32592,153.548181,"Melaleuca quinquenervia"
-28.32592,153.548181,"Melaleuca quinquenervia"
-28.32592,153.548181,"Melaleuca quinquenervia"
-28.32592,153.548181,"Melaleuca quinquenervia"
-28.32592,153.548181,"Melaleuca quinquenervia"
-28.32592,153.548181,"Melaleuca quinquenervia"
-28.32592,153.548181,"Melaleuca quinquenervia"
-28.32592,153.548181,"Melaleuca quinquenervia"
-28.32592,153.548181,"Melaleuca quinquenervia"
-28.325893,153.548171,"Melaleuca quinquenervia"
-28.325893,153.548171,"Melaleuca quinquenervia"
-28.325893,153.548171,"Melaleuca quinquenervia"
-28.325893,153.548171,"Melaleuca quinquenervia"
-28.325893,153.548171,"Melaleuca quinquenervia"
-28.325893,153.548171,"Melaleuca quinquenervia"
-28.325893,153.548171,"Melaleuca quinquenervia"
-28.325893,153.548171,"Melaleuca quinquenervia"
-28.325893,153.548171,"Melaleuca quinquenervia"
-28.325893,153.548171,"Melaleuca quinquenervia"
-28.325893,153.548171,"Melaleuca quinquenervia"
-28.325893,153.548171,"Melaleuca quinquenervia"
-28.325893,153.548171,"Melaleuca quinquenervia"
-28.325893,153.548171,"Melaleuca quinquenervia"
-28.325893,153.548171,"Melaleuca quinquenervia"
-28.325893,153.548171,"Melaleuca quinquenervia"
-28.325893,153.548171,"Melaleuca quinquenervia"
-28.325893,153.548171,"Melaleuca quinquenervia"
-28.325893,153.548171,"Melaleuca quinquenervia"
-28.325893,153.548171,"Melaleuca quinquenervia"
-28.325893,153.548171,"Melaleuca quinquenervia"
-28.325893,153.548171,"Melaleuca quinquenervia"
-28.325893,153.548171,"Melaleuca quinquenervia"
-28.325893,153.548171,"Melaleuca quinquenervia"
-28.325893,153.548171,"Melaleuca quinquenervia"
-28.325893,153.548171,"Melaleuca quinquenervia"
-28.325893,153.548171,"Melaleuca quinquenervia"
-28.325893,153.548171,"Melaleuca quinquenervia"
-28.325893,153.548171,"Melaleuca quinquenervia"
-28.321191,153.56415,"Melaleuca quinquenervia"
-28.320272,153.568225,"Melaleuca quinquenervia"
-28.319592,153.383004,"Melaleuca quinquenervia"
-28.319498,153.381914,"Melaleuca quinquenervia"
-28.319498,153.381914,"Melaleuca quinquenervia"
-28.319386,153.56414,"Melaleuca quinquenervia"
-28.319048,153.567583,"Melaleuca quinquenervia"
-28.319048,153.567583,"Melaleuca quinquenervia"
-28.31893,153.537578,"Melaleuca quinquenervia"
-28.318461,153.542094,"Melaleuca quinquenervia"
-28.317739,153.548843,"Melaleuca quinquenervia"
-28.317739,153.548843,"Melaleuca quinquenervia"
-28.31773,153.548853,"Melaleuca quinquenervia"
-28.31773,153.548853,"Melaleuca quinquenervia"
-28.316667,153.566667,"Melaleuca quinquenervia"
-28.315866,153.541681,"Melaleuca quinquenervia"
-28.315866,153.541681,"Melaleuca quinquenervia"
-28.314194,153.506993,"Melaleuca quinquenervia"
-28.314194,153.506993,"Melaleuca quinquenervia"
-28.31308,153.555735,"Melaleuca quinquenervia"
-28.31308,153.555735,"Melaleuca quinquenervia"
-28.31308,153.555735,"Melaleuca quinquenervia"
-28.31308,153.555735,"Melaleuca quinquenervia"
-28.310442,153.543694,"Melaleuca quinquenervia"
-28.309612,153.434432,"Melaleuca quinquenervia"
-28.307333,153.543772,"Melaleuca quinquenervia"
-28.307297,153.543802,"Melaleuca quinquenervia"
-28.304813,153.378541,"Melaleuca quinquenervia"
-28.304813,153.378541,"Melaleuca quinquenervia"
-28.304543,153.378367,"Melaleuca quinquenervia"
-28.304543,153.378367,"Melaleuca quinquenervia"
-28.303592,153.531677,"Melaleuca quinquenervia"
-28.303592,153.531677,"Melaleuca quinquenervia"
-28.303191,153.531277,"Melaleuca quinquenervia"
-28.303191,153.531277,"Melaleuca quinquenervia"
-28.302637,153.522429,"Melaleuca quinquenervia"
-28.302575,153.532504,"Melaleuca quinquenervia"
-28.302167,153.52436,"Melaleuca quinquenervia"
-28.302157,153.556117,"Melaleuca quinquenervia"
-28.302157,153.556117,"Melaleuca quinquenervia"
-28.302157,153.556117,"Melaleuca quinquenervia"
-28.302157,153.556117,"Melaleuca quinquenervia"
-28.302157,153.556117,"Melaleuca quinquenervia"
-28.302157,153.556117,"Melaleuca quinquenervia"
-28.302157,153.556117,"Melaleuca quinquenervia"
-28.302157,153.556117,"Melaleuca quinquenervia"
-28.302157,153.556117,"Melaleuca quinquenervia"
-28.302157,153.556117,"Melaleuca quinquenervia"
-28.302157,153.556117,"Melaleuca quinquenervia"
-28.302157,153.556117,"Melaleuca quinquenervia"
-28.302157,153.556117,"Melaleuca quinquenervia"
-28.302157,153.556117,"Melaleuca quinquenervia"
-28.302157,153.556117,"Melaleuca quinquenervia"
-28.302157,153.556117,"Melaleuca quinquenervia"
-28.302157,153.556117,"Melaleuca quinquenervia"
-28.302157,153.556117,"Melaleuca quinquenervia"
-28.302157,153.556117,"Melaleuca quinquenervia"
-28.302157,153.556117,"Melaleuca quinquenervia"
-28.302157,153.556117,"Melaleuca quinquenervia"
-28.302157,153.556117,"Melaleuca quinquenervia"
-28.302157,153.556117,"Melaleuca quinquenervia"
-28.302157,153.556117,"Melaleuca quinquenervia"
-28.302157,153.556117,"Melaleuca quinquenervia"
-28.302157,153.556117,"Melaleuca quinquenervia"
-28.302157,153.556117,"Melaleuca quinquenervia"
-28.302157,153.556117,"Melaleuca quinquenervia"
-28.302157,153.556117,"Melaleuca quinquenervia"
-28.302157,153.556117,"Melaleuca quinquenervia"
-28.302157,153.556117,"Melaleuca quinquenervia"
-28.301857,153.560939,"Melaleuca quinquenervia"
-28.301857,153.560939,"Melaleuca quinquenervia"
-28.301857,153.560939,"Melaleuca quinquenervia"
-28.301721,153.529393,"Melaleuca quinquenervia"
-28.301721,153.529393,"Melaleuca quinquenervia"
-28.301721,153.529393,"Melaleuca quinquenervia"
-28.301721,153.529393,"Melaleuca quinquenervia"
-28.301721,153.529393,"Melaleuca quinquenervia"
-28.301721,153.529393,"Melaleuca quinquenervia"
-28.301721,153.529393,"Melaleuca quinquenervia"
-28.301721,153.529393,"Melaleuca quinquenervia"
-28.301721,153.529393,"Melaleuca quinquenervia"
-28.301721,153.529393,"Melaleuca quinquenervia"
-28.301721,153.529393,"Melaleuca quinquenervia"
-28.301721,153.529393,"Melaleuca quinquenervia"
-28.301721,153.529393,"Melaleuca quinquenervia"
-28.301704,153.526057,"Melaleuca quinquenervia"
-28.301481,153.566638,"Melaleuca quinquenervia"
-28.301481,153.566638,"Melaleuca quinquenervia"
-28.301481,153.566638,"Melaleuca quinquenervia"
-28.301481,153.566638,"Melaleuca quinquenervia"
-28.301481,153.566638,"Melaleuca quinquenervia"
-28.301481,153.566638,"Melaleuca quinquenervia"
-28.301481,153.566638,"Melaleuca quinquenervia"
-28.301481,153.566638,"Melaleuca quinquenervia"
-28.301481,153.566638,"Melaleuca quinquenervia"
-28.301481,153.566638,"Melaleuca quinquenervia"
-28.301481,153.566638,"Melaleuca quinquenervia"
-28.301481,153.566638,"Melaleuca quinquenervia"
-28.301481,153.566638,"Melaleuca quinquenervia"
-28.301481,153.566638,"Melaleuca quinquenervia"
-28.301481,153.566638,"Melaleuca quinquenervia"
-28.301481,153.566638,"Melaleuca quinquenervia"
-28.301481,153.566638,"Melaleuca quinquenervia"
-28.301481,153.566638,"Melaleuca quinquenervia"
-28.301481,153.566638,"Melaleuca quinquenervia"
-28.301481,153.566638,"Melaleuca quinquenervia"
-28.301481,153.566638,"Melaleuca quinquenervia"
-28.301481,153.566638,"Melaleuca quinquenervia"
-28.301481,153.566638,"Melaleuca quinquenervia"
-28.301481,153.566638,"Melaleuca quinquenervia"
-28.301481,153.566638,"Melaleuca quinquenervia"
-28.301481,153.566638,"Melaleuca quinquenervia"
-28.301481,153.566638,"Melaleuca quinquenervia"
-28.301481,153.566638,"Melaleuca quinquenervia"
-28.301481,153.566638,"Melaleuca quinquenervia"
-28.301481,153.566638,"Melaleuca quinquenervia"
-28.301481,153.566638,"Melaleuca quinquenervia"
-28.301481,153.566638,"Melaleuca quinquenervia"
-28.301481,153.566638,"Melaleuca quinquenervia"
-28.301481,153.566638,"Melaleuca quinquenervia"
-28.301481,153.566638,"Melaleuca quinquenervia"
-28.301481,153.566638,"Melaleuca quinquenervia"
-28.301481,153.566638,"Melaleuca quinquenervia"
-28.301481,153.566638,"Melaleuca quinquenervia"
-28.301481,153.566638,"Melaleuca quinquenervia"
-28.301481,153.566638,"Melaleuca quinquenervia"
-28.301481,153.566638,"Melaleuca quinquenervia"
-28.301481,153.566638,"Melaleuca quinquenervia"
-28.301481,153.566638,"Melaleuca quinquenervia"
-28.301481,153.566638,"Melaleuca quinquenervia"
-28.301481,153.566638,"Melaleuca quinquenervia"
-28.301481,153.566638,"Melaleuca quinquenervia"
-28.301481,153.566638,"Melaleuca quinquenervia"
-28.301481,153.566638,"Melaleuca quinquenervia"
-28.301481,153.566638,"Melaleuca quinquenervia"
-28.301481,153.566638,"Melaleuca quinquenervia"
-28.301481,153.566638,"Melaleuca quinquenervia"
-28.301481,153.566638,"Melaleuca quinquenervia"
-28.301427,153.524776,"Melaleuca quinquenervia"
-28.30122,153.5264,"Melaleuca quinquenervia"
-28.3,153.45,"Melaleuca quinquenervia"
-28.299861,153.526142,"Melaleuca quinquenervia"
-28.298831,153.502434,"Melaleuca quinquenervia"
-28.296832,153.560962,"Melaleuca quinquenervia"
-28.296431,153.561105,"Melaleuca quinquenervia"
-28.296431,153.561105,"Melaleuca quinquenervia"
-28.296431,153.561105,"Melaleuca quinquenervia"
-28.295037,153.548706,"Melaleuca quinquenervia"
-28.295037,153.548706,"Melaleuca quinquenervia"
-28.295037,153.548706,"Melaleuca quinquenervia"
-28.295037,153.548706,"Melaleuca quinquenervia"
-28.295037,153.548706,"Melaleuca quinquenervia"
-28.295037,153.548706,"Melaleuca quinquenervia"
-28.295037,153.548706,"Melaleuca quinquenervia"
-28.295037,153.548706,"Melaleuca quinquenervia"
-28.295037,153.548706,"Melaleuca quinquenervia"
-28.295037,153.548706,"Melaleuca quinquenervia"
-28.295037,153.548706,"Melaleuca quinquenervia"
-28.295037,153.548706,"Melaleuca quinquenervia"
-28.295037,153.548706,"Melaleuca quinquenervia"
-28.295037,153.548706,"Melaleuca quinquenervia"
-28.294972,153.566808,"Melaleuca quinquenervia"
-28.294972,153.566808,"Melaleuca quinquenervia"
-28.294972,153.566808,"Melaleuca quinquenervia"
-28.294972,153.566808,"Melaleuca quinquenervia"
-28.294972,153.566808,"Melaleuca quinquenervia"
-28.294972,153.566808,"Melaleuca quinquenervia"
-28.294972,153.566808,"Melaleuca quinquenervia"
-28.294972,153.566808,"Melaleuca quinquenervia"
-28.294972,153.566808,"Melaleuca quinquenervia"
-28.294972,153.566808,"Melaleuca quinquenervia"
-28.294972,153.566808,"Melaleuca quinquenervia"
-28.294972,153.566808,"Melaleuca quinquenervia"
-28.294972,153.566808,"Melaleuca quinquenervia"
-28.294972,153.566808,"Melaleuca quinquenervia"
-28.294972,153.566808,"Melaleuca quinquenervia"
-28.294972,153.566808,"Melaleuca quinquenervia"
-28.294972,153.566808,"Melaleuca quinquenervia"
-28.294972,153.566808,"Melaleuca quinquenervia"
-28.294972,153.566808,"Melaleuca quinquenervia"
-28.294972,153.566808,"Melaleuca quinquenervia"
-28.294972,153.566808,"Melaleuca quinquenervia"
-28.294972,153.566808,"Melaleuca quinquenervia"
-28.294972,153.566808,"Melaleuca quinquenervia"
-28.294955,153.566747,"Melaleuca quinquenervia"
-28.294955,153.566747,"Melaleuca quinquenervia"
-28.294955,153.566747,"Melaleuca quinquenervia"
-28.294955,153.566747,"Melaleuca quinquenervia"
-28.294955,153.566747,"Melaleuca quinquenervia"
-28.294955,153.566747,"Melaleuca quinquenervia"
-28.294955,153.566747,"Melaleuca quinquenervia"
-28.294955,153.566747,"Melaleuca quinquenervia"
-28.294955,153.566747,"Melaleuca quinquenervia"
-28.294955,153.566747,"Melaleuca quinquenervia"
-28.294955,153.566747,"Melaleuca quinquenervia"
-28.294955,153.566747,"Melaleuca quinquenervia"
-28.294955,153.566747,"Melaleuca quinquenervia"
-28.294955,153.566747,"Melaleuca quinquenervia"
-28.294955,153.566747,"Melaleuca quinquenervia"
-28.294955,153.566747,"Melaleuca quinquenervia"
-28.294955,153.566747,"Melaleuca quinquenervia"
-28.294955,153.566747,"Melaleuca quinquenervia"
-28.294955,153.566747,"Melaleuca quinquenervia"
-28.294955,153.566747,"Melaleuca quinquenervia"
-28.294955,153.566747,"Melaleuca quinquenervia"
-28.294955,153.566747,"Melaleuca quinquenervia"
-28.29492,153.548665,"Melaleuca quinquenervia"
-28.29492,153.548665,"Melaleuca quinquenervia"
-28.29492,153.548665,"Melaleuca quinquenervia"
-28.29492,153.548665,"Melaleuca quinquenervia"
-28.29492,153.548665,"Melaleuca quinquenervia"
-28.29492,153.548665,"Melaleuca quinquenervia"
-28.29492,153.548665,"Melaleuca quinquenervia"
-28.29492,153.548665,"Melaleuca quinquenervia"
-28.29492,153.548665,"Melaleuca quinquenervia"
-28.292247,153.560073,"Melaleuca quinquenervia"
-28.291905,153.568607,"Melaleuca quinquenervia"
-28.291824,153.568566,"Melaleuca quinquenervia"
-28.291746,153.387813,"Melaleuca quinquenervia"
-28.291073,153.555886,"Melaleuca quinquenervia"
-28.291073,153.555886,"Melaleuca quinquenervia"
-28.290086,153.555694,"Melaleuca quinquenervia"
-28.289793,153.52196,"Melaleuca quinquenervia"
-28.289793,153.52196,"Melaleuca quinquenervia"
-28.289793,153.52196,"Melaleuca quinquenervia"
-28.28941,153.565879,"Melaleuca quinquenervia"
-28.28941,153.565879,"Melaleuca quinquenervia"
-28.288696,153.563979,"Melaleuca quinquenervia"
-28.286884,153.568055,"Melaleuca quinquenervia"
-28.285546,153.560823,"Melaleuca quinquenervia"
-28.285546,153.560823,"Melaleuca quinquenervia"
-28.285546,153.560823,"Melaleuca quinquenervia"
-28.285546,153.560823,"Melaleuca quinquenervia"
-28.285546,153.560823,"Melaleuca quinquenervia"
-28.285546,153.560823,"Melaleuca quinquenervia"
-28.285546,153.560823,"Melaleuca quinquenervia"
-28.285546,153.560823,"Melaleuca quinquenervia"
-28.285546,153.560823,"Melaleuca quinquenervia"
-28.285546,153.560823,"Melaleuca quinquenervia"
-28.285546,153.560823,"Melaleuca quinquenervia"
-28.285546,153.560823,"Melaleuca quinquenervia"
-28.285546,153.560823,"Melaleuca quinquenervia"
-28.285546,153.560823,"Melaleuca quinquenervia"
-28.285546,153.560823,"Melaleuca quinquenervia"
-28.285546,153.560823,"Melaleuca quinquenervia"
-28.285501,153.560823,"Melaleuca quinquenervia"
-28.285501,153.560823,"Melaleuca quinquenervia"
-28.285501,153.560823,"Melaleuca quinquenervia"
-28.285501,153.560823,"Melaleuca quinquenervia"
-28.285501,153.560823,"Melaleuca quinquenervia"
-28.285501,153.560823,"Melaleuca quinquenervia"
-28.285501,153.560823,"Melaleuca quinquenervia"
-28.285501,153.560823,"Melaleuca quinquenervia"
-28.285501,153.560823,"Melaleuca quinquenervia"
-28.285501,153.560823,"Melaleuca quinquenervia"
-28.285501,153.560823,"Melaleuca quinquenervia"
-28.285501,153.560823,"Melaleuca quinquenervia"
-28.285501,153.560823,"Melaleuca quinquenervia"
-28.285501,153.560823,"Melaleuca quinquenervia"
-28.285501,153.560823,"Melaleuca quinquenervia"
-28.285501,153.560823,"Melaleuca quinquenervia"
-28.274041,153.463378,"Melaleuca quinquenervia"
-28.271512,153.572045,"Melaleuca quinquenervia"
-28.271206,153.491976,"Melaleuca quinquenervia"
-28.271206,153.491976,"Melaleuca quinquenervia"
-28.270551,153.574525,"Melaleuca quinquenervia"
-28.270551,153.574525,"Melaleuca quinquenervia"
-28.270191,153.370153,"Melaleuca quinquenervia"
-28.269506,153.491436,"Melaleuca quinquenervia"
-28.268606,153.502109,"Melaleuca quinquenervia"
-28.268606,153.502109,"Melaleuca quinquenervia"
-28.268282,153.501893,"Melaleuca quinquenervia"
-28.268282,153.501893,"Melaleuca quinquenervia"
-28.266087,153.574055,"Melaleuca quinquenervia"
-28.265766,153.573287,"Melaleuca quinquenervia"
-28.262013,153.476721,"Melaleuca quinquenervia"
-28.262013,153.476721,"Melaleuca quinquenervia"
-28.262013,153.476721,"Melaleuca quinquenervia"
-28.261973,153.537333,"Melaleuca quinquenervia"
-28.261178,153.5633,"Melaleuca quinquenervia"
-28.261178,153.5633,"Melaleuca quinquenervia"
-28.260712,153.566897,"Melaleuca quinquenervia"
-28.260712,153.566897,"Melaleuca quinquenervia"
-28.260712,153.566897,"Melaleuca quinquenervia"
-28.260255,153.563836,"Melaleuca quinquenervia"
-28.260255,153.563836,"Melaleuca quinquenervia"
-28.260255,153.563836,"Melaleuca quinquenervia"
-28.259786,153.569943,"Melaleuca quinquenervia"
-28.258939,153.567835,"Melaleuca quinquenervia"
-28.258939,153.567835,"Melaleuca quinquenervia"
-28.258939,153.567835,"Melaleuca quinquenervia"
-28.258692,153.567299,"Melaleuca quinquenervia"
-28.258637,153.574068,"Melaleuca quinquenervia"
-28.258578,153.55991,"Melaleuca quinquenervia"
-28.25848,153.560809,"Melaleuca quinquenervia"
-28.25848,153.560809,"Melaleuca quinquenervia"
-28.25848,153.560809,"Melaleuca quinquenervia"
-28.258468,153.574765,"Melaleuca quinquenervia"
-28.258468,153.574765,"Melaleuca quinquenervia"
-28.258468,153.574765,"Melaleuca quinquenervia"
-28.2584,153.569433,"Melaleuca quinquenervia"
-28.258306,153.563545,"Melaleuca quinquenervia"
-28.258251,153.571466,"Melaleuca quinquenervia"
-28.258251,153.571466,"Melaleuca quinquenervia"
-28.258251,153.571466,"Melaleuca quinquenervia"
-28.258245,153.563061,"Melaleuca quinquenervia"
-28.258245,153.563061,"Melaleuca quinquenervia"
-28.258163,153.568717,"Melaleuca quinquenervia"
-28.257564,153.575066,"Melaleuca quinquenervia"
-28.257564,153.575066,"Melaleuca quinquenervia"
-28.257564,153.575066,"Melaleuca quinquenervia"
-28.257499,153.56122,"Melaleuca quinquenervia"
-28.257095,153.560284,"Melaleuca quinquenervia"
-28.255406,153.570753,"Melaleuca quinquenervia"
-28.255406,153.570753,"Melaleuca quinquenervia"
-28.255325,153.571634,"Melaleuca quinquenervia"
-28.251779,153.569108,"Melaleuca quinquenervia"
-28.2494,153.506219,"Melaleuca quinquenervia"
-28.24862,153.558978,"Melaleuca quinquenervia"
-28.24862,153.558978,"Melaleuca quinquenervia"
-28.24862,153.558978,"Melaleuca quinquenervia"
-28.24862,153.558978,"Melaleuca quinquenervia"
-28.24862,153.558978,"Melaleuca quinquenervia"
-28.24862,153.558978,"Melaleuca quinquenervia"
-28.24862,153.558978,"Melaleuca quinquenervia"
-28.24862,153.558978,"Melaleuca quinquenervia"
-28.24862,153.558978,"Melaleuca quinquenervia"
-28.24862,153.558978,"Melaleuca quinquenervia"
-28.24862,153.558978,"Melaleuca quinquenervia"
-28.24862,153.558978,"Melaleuca quinquenervia"
-28.24862,153.558978,"Melaleuca quinquenervia"
-28.24862,153.558978,"Melaleuca quinquenervia"
-28.24862,153.558978,"Melaleuca quinquenervia"
-28.24862,153.558978,"Melaleuca quinquenervia"
-28.24862,153.558978,"Melaleuca quinquenervia"
-28.24862,153.558978,"Melaleuca quinquenervia"
-28.247132,153.559898,"Melaleuca quinquenervia"
-28.244412,153.558386,"Melaleuca quinquenervia"
-28.244368,153.558243,"Melaleuca quinquenervia"
-28.244341,153.5581,"Melaleuca quinquenervia"
-28.244232,153.558415,"Melaleuca quinquenervia"
-28.244214,153.558425,"Melaleuca quinquenervia"
-28.243935,153.558169,"Melaleuca quinquenervia"
-28.243836,153.558169,"Melaleuca quinquenervia"
-28.243638,153.558955,"Melaleuca quinquenervia"
-28.243638,153.558955,"Melaleuca quinquenervia"
-28.243638,153.558955,"Melaleuca quinquenervia"
-28.243185,153.558359,"Melaleuca quinquenervia"
-28.242265,153.55601,"Melaleuca quinquenervia"
-28.242042,153.560696,"Melaleuca quinquenervia"
-28.241398,153.562811,"Melaleuca quinquenervia"
-28.240917,153.559732,"Melaleuca quinquenervia"
-28.237417,153.567009,"Melaleuca quinquenervia"
-28.235025,153.48415,"Melaleuca quinquenervia"
-28.234574,153.559764,"Melaleuca quinquenervia"
-28.231578,153.497153,"Melaleuca quinquenervia"
-28.230863,153.491857,"Melaleuca quinquenervia"
-28.230863,153.491857,"Melaleuca quinquenervia"
-28.230863,153.491857,"Melaleuca quinquenervia"
-28.230849,153.491993,"Melaleuca quinquenervia"
-28.230849,153.491993,"Melaleuca quinquenervia"
-28.230708,153.492152,"Melaleuca quinquenervia"
-28.230708,153.492152,"Melaleuca quinquenervia"
-28.230708,153.492152,"Melaleuca quinquenervia"
-28.230341,153.49257,"Melaleuca quinquenervia"
-28.230204,153.493819,"Melaleuca quinquenervia"
-28.229906,153.493953,"Melaleuca quinquenervia"
-28.229412,153.504402,"Melaleuca quinquenervia"
-28.229383,153.516803,"Melaleuca quinquenervia"
-28.227553,153.492083,"Melaleuca quinquenervia"
-28.227553,153.492083,"Melaleuca quinquenervia"
-28.227516,153.512698,"Melaleuca quinquenervia"
-28.227516,153.512698,"Melaleuca quinquenervia"
-28.227301,153.492438,"Melaleuca quinquenervia"
-28.226747,153.492129,"Melaleuca quinquenervia"
-28.226747,153.492129,"Melaleuca quinquenervia"
-28.226747,153.492129,"Melaleuca quinquenervia"
-28.223093,153.488217,"Melaleuca quinquenervia"
-28.221964,153.493389,"Melaleuca quinquenervia"
-28.220344,153.492067,"Melaleuca quinquenervia"
-28.219791,153.492625,"Melaleuca quinquenervia"
-28.219066,153.490869,"Melaleuca quinquenervia"
-28.219066,153.490869,"Melaleuca quinquenervia"
-28.218339,153.55138,"Melaleuca quinquenervia"
-28.218339,153.55138,"Melaleuca quinquenervia"
-28.215283,153.477351,"Melaleuca quinquenervia"
-28.215024,153.537505,"Melaleuca quinquenervia"
-28.212901,153.461826,"Melaleuca quinquenervia"
-28.212035,153.546947,"Melaleuca quinquenervia"
-28.212029,153.549309,"Melaleuca quinquenervia"
-28.212029,153.549309,"Melaleuca quinquenervia"
-28.21136,153.544151,"Melaleuca quinquenervia"
-28.211335,153.543438,"Melaleuca quinquenervia"
-28.209654,153.553008,"Melaleuca quinquenervia"
-28.20848,153.553267,"Melaleuca quinquenervia"
-28.20848,153.553267,"Melaleuca quinquenervia"
-28.208439,153.544196,"Melaleuca quinquenervia"
-28.207893,153.553294,"Melaleuca quinquenervia"
-28.207893,153.553294,"Melaleuca quinquenervia"
-28.207892,153.55361,"Melaleuca quinquenervia"
-28.207892,153.55361,"Melaleuca quinquenervia"
-28.207892,153.55361,"Melaleuca quinquenervia"
-28.2078,153.461692,"Melaleuca quinquenervia"
-28.20762,153.553833,"Melaleuca quinquenervia"
-28.20657,153.552238,"Melaleuca quinquenervia"
-28.20657,153.552238,"Melaleuca quinquenervia"
-28.205526,153.551601,"Melaleuca quinquenervia"
-28.205526,153.551601,"Melaleuca quinquenervia"
-28.205277,153.55053,"Melaleuca quinquenervia"
-28.205231,153.550692,"Melaleuca quinquenervia"
-28.20037,153.531277,"Melaleuca quinquenervia"
-28.200339,153.538041,"Melaleuca quinquenervia"
-28.200155,153.52877,"Melaleuca quinquenervia"
-28.199951,153.529961,"Melaleuca quinquenervia"
-28.199235,153.528551,"Melaleuca quinquenervia"
-28.198486,153.521334,"Melaleuca quinquenervia"
-28.198401,153.52711,"Melaleuca quinquenervia"
-28.197706,153.518669,"Melaleuca quinquenervia"
-28.196067,153.523584,"Melaleuca quinquenervia"
-28.195635,153.524198,"Melaleuca quinquenervia"
-28.195587,153.516188,"Melaleuca quinquenervia"
-28.195087,153.516663,"Melaleuca quinquenervia"
-28.188008,153.50378,"Melaleuca quinquenervia"
-28.186413,153.504087,"Melaleuca quinquenervia"
-28.186413,153.504087,"Melaleuca quinquenervia"
-28.186413,153.504087,"Melaleuca quinquenervia"
-28.185118,153.505364,"Melaleuca quinquenervia"
-28.183691,153.498094,"Melaleuca quinquenervia"
-28.183691,153.498094,"Melaleuca quinquenervia"
-28.182978,153.497958,"Melaleuca quinquenervia"
-28.177394,153.53222,"Melaleuca quinquenervia"
-28.176671,153.515818,"Melaleuca quinquenervia"
-28.176509,153.517957,"Melaleuca quinquenervia"
-28.176049,153.505904,"Melaleuca quinquenervia"
-28.176031,153.520226,"Melaleuca quinquenervia"
-28.17591,153.51883,"Melaleuca quinquenervia"
-28.175687,153.515834,"Melaleuca quinquenervia"
-28.175615,153.503518,"Melaleuca quinquenervia"
-28.175579,153.506054,"Melaleuca quinquenervia"
-28.175427,153.515456,"Melaleuca quinquenervia"
-28.173487,153.519858,"Melaleuca quinquenervia"
-28.173376,153.507346,"Melaleuca quinquenervia"
-28.172738,153.517419,"Melaleuca quinquenervia"
-28.171785,153.501768,"Melaleuca quinquenervia"
-28.17125,153.519511,"Melaleuca quinquenervia"
-28.170995,153.515292,"Melaleuca quinquenervia"
-28.168911,153.494083,"Melaleuca quinquenervia"
-28.168911,153.494083,"Melaleuca quinquenervia"
-28.167756,153.500242,"Melaleuca quinquenervia"
-28.167324,153.499893,"Melaleuca quinquenervia"
-28.15969,153.49761,"Melaleuca quinquenervia"
-28.142247,153.48568,"Melaleuca quinquenervia"
-28.140454,153.428488,"Melaleuca quinquenervia"
-28.137189,153.462447,"Melaleuca quinquenervia"
-28.13571,153.48768,"Melaleuca quinquenervia"
-28.135391,153.484687,"Melaleuca quinquenervia"
-28.135383,153.475542,"Melaleuca quinquenervia"
-28.135289,153.439772,"Melaleuca quinquenervia"
-28.128925,153.435062,"Melaleuca quinquenervia"
-28.122961,153.264065,"Melaleuca quinquenervia"
-28.122253,153.408157,"Melaleuca quinquenervia"
-28.11005,153.4494,"Melaleuca quinquenervia"
-28.095911,153.40623,"Melaleuca quinquenervia"
-28.094744,153.404928,"Melaleuca quinquenervia"
-28.094712,153.404954,"Melaleuca quinquenervia"
-28.093199,153.404438,"Melaleuca quinquenervia"
-28.09207,153.35828,"Melaleuca quinquenervia"
-28.090364,153.357238,"Melaleuca quinquenervia"
-28.087608,153.40279,"Melaleuca quinquenervia"
-28.086117,153.403039,"Melaleuca quinquenervia"
-28.081734,153.417737,"Melaleuca quinquenervia"
-28.081734,153.417737,"Melaleuca quinquenervia"
-28.070039,153.354308,"Melaleuca quinquenervia"
-28.054233,153.338106,"Melaleuca quinquenervia"
-28.05118,153.41356,"Melaleuca quinquenervia"
-28.021572,153.343058,"Melaleuca quinquenervia"
-28.006828,153.383329,"Melaleuca quinquenervia"
-27.999494,153.347797,"Melaleuca quinquenervia"
-27.994829,153.328644,"Melaleuca quinquenervia"
-27.993394,153.174804,"Melaleuca quinquenervia"
-27.988829,153.148556,"Melaleuca quinquenervia"
-27.988696,153.178743,"Melaleuca quinquenervia"
-27.988666,153.133699,"Melaleuca quinquenervia"
-27.985274,153.335313,"Melaleuca quinquenervia"
-27.98462,153.33523,"Melaleuca quinquenervia"
-27.984136,153.335821,"Melaleuca quinquenervia"
-27.984128,153.025697,"Melaleuca quinquenervia"
-27.983122,152.907472,"Melaleuca quinquenervia"
-27.98264,153.335543,"Melaleuca quinquenervia"
-27.982555,153.071433,"Melaleuca quinquenervia"
-27.98041,153.323929,"Melaleuca quinquenervia"
-27.980347,153.32392,"Melaleuca quinquenervia"
-27.979796,153.167882,"Melaleuca quinquenervia"
-27.9791,153.349792,"Melaleuca quinquenervia"
-27.973134,153.159479,"Melaleuca quinquenervia"
-27.971146,153.393427,"Melaleuca quinquenervia"
-27.970769,153.364493,"Melaleuca quinquenervia"
-27.970512,153.393573,"Melaleuca quinquenervia"
-27.967731,153.40145,"Melaleuca quinquenervia"
-27.9667,153.4167,"Melaleuca quinquenervia"
-27.965775,153.417207,"Melaleuca quinquenervia"
-27.965282,153.379676,"Melaleuca quinquenervia"
-27.964532,153.181344,"Melaleuca quinquenervia"
-27.958208,153.376992,"Melaleuca quinquenervia"
-27.958097,153.410593,"Melaleuca quinquenervia"
-27.955267,153.042662,"Melaleuca quinquenervia"
-27.953526,153.020484,"Melaleuca quinquenervia"
-27.947919,153.377828,"Melaleuca quinquenervia"
-27.94623,153.427153,"Melaleuca quinquenervia"
-27.943663,153.425963,"Melaleuca quinquenervia"
-27.942456,153.349669,"Melaleuca quinquenervia"
-27.94239,153.37011,"Melaleuca quinquenervia"
-27.942125,153.427494,"Melaleuca quinquenervia"
-27.940234,153.349825,"Melaleuca quinquenervia"
-27.939548,153.045398,"Melaleuca quinquenervia"
-27.938371,153.11573,"Melaleuca quinquenervia"
-27.935252,153.433477,"Melaleuca quinquenervia"
-27.93251,153.35369,"Melaleuca quinquenervia"
-27.930298,153.256107,"Melaleuca quinquenervia"
-27.928359,153.142724,"Melaleuca quinquenervia"
-27.927442,152.916268,"Melaleuca quinquenervia"
-27.926358,153.311616,"Melaleuca quinquenervia"
-27.921912,153.180488,"Melaleuca quinquenervia"
-27.919485,153.377058,"Melaleuca quinquenervia"
-27.919187,153.378473,"Melaleuca quinquenervia"
-27.91917,153.378525,"Melaleuca quinquenervia"
-27.919131,153.378464,"Melaleuca quinquenervia"
-27.919131,153.378386,"Melaleuca quinquenervia"
-27.918883,153.377822,"Melaleuca quinquenervia"
-27.918247,153.38022,"Melaleuca quinquenervia"
-27.918173,153.039315,"Melaleuca quinquenervia"
-27.91747,153.37771,"Melaleuca quinquenervia"
-27.917395,153.357562,"Melaleuca quinquenervia"
-27.917222,153.378333,"Melaleuca quinquenervia"
-27.91668,153.34248,"Melaleuca quinquenervia"
-27.916262,153.062602,"Melaleuca quinquenervia"
-27.915966,153.373779,"Melaleuca quinquenervia"
-27.915909,153.373978,"Melaleuca quinquenervia"
-27.91543,153.3765,"Melaleuca quinquenervia"
-27.915228,153.373917,"Melaleuca quinquenervia"
-27.915215,153.37384,"Melaleuca quinquenervia"
-27.915213,153.305701,"Melaleuca quinquenervia"
-27.91517,153.37372,"Melaleuca quinquenervia"
-27.915105,153.373577,"Melaleuca quinquenervia"
-27.915094,153.373636,"Melaleuca quinquenervia"
-27.915005,153.372527,"Melaleuca quinquenervia"
-27.912387,153.374098,"Melaleuca quinquenervia"
-27.911706,153.372837,"Melaleuca quinquenervia"
-27.911706,153.372837,"Melaleuca quinquenervia"
-27.910427,153.373581,"Melaleuca quinquenervia"
-27.909317,153.143386,"Melaleuca quinquenervia"
-27.908971,153.371786,"Melaleuca quinquenervia"
-27.907136,153.249381,"Melaleuca quinquenervia"
-27.907103,153.396218,"Melaleuca quinquenervia"
-27.907038,153.371978,"Melaleuca quinquenervia"
-27.904122,153.007842,"Melaleuca quinquenervia"
-27.903237,153.358056,"Melaleuca quinquenervia"
-27.90227,153.378139,"Melaleuca quinquenervia"
-27.901826,153.395221,"Melaleuca quinquenervia"
-27.9017,153.39493,"Melaleuca quinquenervia"
-27.901685,153.394845,"Melaleuca quinquenervia"
-27.90034,153.38941,"Melaleuca quinquenervia"
-27.886979,153.059268,"Melaleuca quinquenervia"
-27.883677,153.009084,"Melaleuca quinquenervia"
-27.883671,153.360804,"Melaleuca quinquenervia"
-27.883035,153.004962,"Melaleuca quinquenervia"
-27.882114,153.061009,"Melaleuca quinquenervia"
-27.879947,153.07116,"Melaleuca quinquenervia"
-27.879388,152.886935,"Melaleuca quinquenervia"
-27.875978,153.119706,"Melaleuca quinquenervia"
-27.87339,153.24274,"Melaleuca quinquenervia"
-27.87237,153.279555,"Melaleuca quinquenervia"
-27.871112,153.101862,"Melaleuca quinquenervia"
-27.869028,153.304353,"Melaleuca quinquenervia"
-27.854506,153.303223,"Melaleuca quinquenervia"
-27.851532,153.303253,"Melaleuca quinquenervia"
-27.83774,153.27715,"Melaleuca quinquenervia"
-27.83763,153.2769,"Melaleuca quinquenervia"
-27.833642,153.151318,"Melaleuca quinquenervia"
-27.82993,153.14235,"Melaleuca quinquenervia"
-27.829649,153.190648,"Melaleuca quinquenervia"
-27.828696,153.183283,"Melaleuca quinquenervia"
-27.82538,153.14061,"Melaleuca quinquenervia"
-27.82419,153.34345,"Melaleuca quinquenervia"
-27.823917,153.134125,"Melaleuca quinquenervia"
-27.823401,153.344954,"Melaleuca quinquenervia"
-27.82332,153.313387,"Melaleuca quinquenervia"
-27.820622,153.068856,"Melaleuca quinquenervia"
-27.820094,153.119641,"Melaleuca quinquenervia"
-27.819448,153.132827,"Melaleuca quinquenervia"
-27.81798,153.004853,"Melaleuca quinquenervia"
-27.816202,153.330049,"Melaleuca quinquenervia"
-27.815686,153.301964,"Melaleuca quinquenervia"
-27.81231,153.30174,"Melaleuca quinquenervia"
-27.811924,153.353765,"Melaleuca quinquenervia"
-27.811867,153.353547,"Melaleuca quinquenervia"
-27.811853,153.35353,"Melaleuca quinquenervia"
-27.81005,153.350476,"Melaleuca quinquenervia"
-27.806977,153.351966,"Melaleuca quinquenervia"
-27.804738,153.122375,"Melaleuca quinquenervia"
-27.803142,153.105899,"Melaleuca quinquenervia"
-27.80286,153.152468,"Melaleuca quinquenervia"
-27.80259,153.33898,"Melaleuca quinquenervia"
-27.800645,153.259338,"Melaleuca quinquenervia"
-27.799027,152.887612,"Melaleuca quinquenervia"
-27.796716,152.836263,"Melaleuca quinquenervia"
-27.796222,152.974759,"Melaleuca quinquenervia"
-27.79557,152.811327,"Melaleuca quinquenervia"
-27.795313,153.119846,"Melaleuca quinquenervia"
-27.794738,153.03028,"Melaleuca quinquenervia"
-27.79419,152.905513,"Melaleuca quinquenervia"
-27.792354,152.966368,"Melaleuca quinquenervia"
-27.792014,153.113968,"Melaleuca quinquenervia"
-27.791645,153.312003,"Melaleuca quinquenervia"
-27.78929,153.36203,"Melaleuca quinquenervia"
-27.786509,153.099896,"Melaleuca quinquenervia"
-27.785935,153.007573,"Melaleuca quinquenervia"
-27.783176,153.062217,"Melaleuca quinquenervia"
-27.782271,152.868002,"Melaleuca quinquenervia"
-27.781634,153.127945,"Melaleuca quinquenervia"
-27.780195,153.035343,"Melaleuca quinquenervia"
-27.778912,153.323192,"Melaleuca quinquenervia"
-27.775508,153.081093,"Melaleuca quinquenervia"
-27.77339,153.34274,"Melaleuca quinquenervia"
-27.7727,153.2484,"Melaleuca quinquenervia"
-27.772434,153.138372,"Melaleuca quinquenervia"
-27.77069,152.922173,"Melaleuca quinquenervia"
-27.770622,153.020335,"Melaleuca quinquenervia"
-27.76673,152.98107,"Melaleuca quinquenervia"
-27.76629,153.35301,"Melaleuca quinquenervia"
-27.766265,153.311011,"Melaleuca quinquenervia"
-27.765985,153.349739,"Melaleuca quinquenervia"
-27.765813,153.003502,"Melaleuca quinquenervia"
-27.765635,152.877357,"Melaleuca quinquenervia"
-27.764656,152.939778,"Melaleuca quinquenervia"
-27.764062,153.141044,"Melaleuca quinquenervia"
-27.7618,153.361032,"Melaleuca quinquenervia"
-27.761679,152.923679,"Melaleuca quinquenervia"
-27.75938,153.162493,"Melaleuca quinquenervia"
-27.758933,153.141549,"Melaleuca quinquenervia"
-27.7589,153.1114,"Melaleuca quinquenervia"
-27.757381,152.991018,"Melaleuca quinquenervia"
-27.75729,153.112454,"Melaleuca quinquenervia"
-27.754681,153.208577,"Melaleuca quinquenervia"
-27.752314,153.199822,"Melaleuca quinquenervia"
-27.750023,152.883688,"Melaleuca quinquenervia"
-27.74965,153.000696,"Melaleuca quinquenervia"
-27.748078,153.368216,"Melaleuca quinquenervia"
-27.747464,153.133514,"Melaleuca quinquenervia"
-27.746832,153.053098,"Melaleuca quinquenervia"
-27.746764,152.939562,"Melaleuca quinquenervia"
-27.746569,152.939728,"Melaleuca quinquenervia"
-27.74559,153.269393,"Melaleuca quinquenervia"
-27.740849,153.048721,"Melaleuca quinquenervia"
-27.74034,152.82354,"Melaleuca quinquenervia"
-27.74006,153.17607,"Melaleuca quinquenervia"
-27.739701,153.359577,"Melaleuca quinquenervia"
-27.739133,153.060129,"Melaleuca quinquenervia"
-27.738637,153.23789,"Melaleuca quinquenervia"
-27.737046,153.154768,"Melaleuca quinquenervia"
-27.736343,152.821914,"Melaleuca quinquenervia"
-27.735725,153.053672,"Melaleuca quinquenervia"
-27.735472,153.053614,"Melaleuca quinquenervia"
-27.735405,153.053392,"Melaleuca quinquenervia"
-27.735329,153.053752,"Melaleuca quinquenervia"
-27.735222,153.124431,"Melaleuca quinquenervia"
-27.730223,153.143401,"Melaleuca quinquenervia"
-27.729832,153.209986,"Melaleuca quinquenervia"
-27.729488,153.236445,"Melaleuca quinquenervia"
-27.72845,153.20251,"Melaleuca quinquenervia"
-27.728315,152.920326,"Melaleuca quinquenervia"
-27.726701,153.065124,"Melaleuca quinquenervia"
-27.72415,153.036528,"Melaleuca quinquenervia"
-27.721849,152.830501,"Melaleuca quinquenervia"
-27.721371,152.954654,"Melaleuca quinquenervia"
-27.721042,152.867529,"Melaleuca quinquenervia"
-27.719101,152.81862,"Melaleuca quinquenervia"
-27.717969,153.342235,"Melaleuca quinquenervia"
-27.717203,153.204404,"Melaleuca quinquenervia"
-27.715686,153.148012,"Melaleuca quinquenervia"
-27.715332,152.873339,"Melaleuca quinquenervia"
-27.712487,153.150377,"Melaleuca quinquenervia"
-27.712114,153.149879,"Melaleuca quinquenervia"
-27.709379,153.09999,"Melaleuca quinquenervia"
-27.708887,153.227618,"Melaleuca quinquenervia"
-27.70859,153.22825,"Melaleuca quinquenervia"
-27.708392,152.987819,"Melaleuca quinquenervia"
-27.708347,153.307444,"Melaleuca quinquenervia"
-27.708141,153.227474,"Melaleuca quinquenervia"
-27.708141,153.227474,"Melaleuca quinquenervia"
-27.707568,153.229957,"Melaleuca quinquenervia"
-27.706872,153.229538,"Melaleuca quinquenervia"
-27.705787,153.214105,"Melaleuca quinquenervia"
-27.705434,152.947521,"Melaleuca quinquenervia"
-27.704477,152.965579,"Melaleuca quinquenervia"
-27.703372,153.07282,"Melaleuca quinquenervia"
-27.703225,152.958727,"Melaleuca quinquenervia"
-27.702815,153.028735,"Melaleuca quinquenervia"
-27.701633,153.0759,"Melaleuca quinquenervia"
-27.701206,153.150835,"Melaleuca quinquenervia"
-27.70023,153.213686,"Melaleuca quinquenervia"
-27.7,153.166667,"Melaleuca quinquenervia"
-27.698192,152.838832,"Melaleuca quinquenervia"
-27.696667,153.028611,"Melaleuca quinquenervia"
-27.696575,153.131469,"Melaleuca quinquenervia"
-27.696511,153.028136,"Melaleuca quinquenervia"
-27.696433,153.132148,"Melaleuca quinquenervia"
-27.695969,153.133862,"Melaleuca quinquenervia"
-27.695515,153.257045,"Melaleuca quinquenervia"
-27.693092,153.057418,"Melaleuca quinquenervia"
-27.691956,153.020832,"Melaleuca quinquenervia"
-27.691903,152.911339,"Melaleuca quinquenervia"
-27.691653,153.021095,"Melaleuca quinquenervia"
-27.691551,153.018811,"Melaleuca quinquenervia"
-27.691256,153.018681,"Melaleuca quinquenervia"
-27.691183,153.023029,"Melaleuca quinquenervia"
-27.690106,153.027467,"Melaleuca quinquenervia"
-27.689642,153.033503,"Melaleuca quinquenervia"
-27.687787,153.028436,"Melaleuca quinquenervia"
-27.68756,153.26912,"Melaleuca quinquenervia"
-27.687306,152.988097,"Melaleuca quinquenervia"
-27.68666,153.27048,"Melaleuca quinquenervia"
-27.685555,153.104074,"Melaleuca quinquenervia"
-27.684836,152.956871,"Melaleuca quinquenervia"
-27.68435,153.28452,"Melaleuca quinquenervia"
-27.684055,152.951187,"Melaleuca quinquenervia"
-27.683333,153.15,"Melaleuca quinquenervia"
-27.682403,153.023369,"Melaleuca quinquenervia"
-27.680934,153.335032,"Melaleuca quinquenervia"
-27.680094,153.114703,"Melaleuca quinquenervia"
-27.679277,153.016783,"Melaleuca quinquenervia"
-27.67915,152.84889,"Melaleuca quinquenervia"
-27.678897,152.848694,"Melaleuca quinquenervia"
-27.678861,152.848878,"Melaleuca quinquenervia"
-27.677217,152.848587,"Melaleuca quinquenervia"
-27.677116,152.909508,"Melaleuca quinquenervia"
-27.676863,152.848755,"Melaleuca quinquenervia"
-27.676344,152.849656,"Melaleuca quinquenervia"
-27.676177,152.911397,"Melaleuca quinquenervia"
-27.674583,153.197572,"Melaleuca quinquenervia"
-27.674502,153.258464,"Melaleuca quinquenervia"
-27.674112,153.009322,"Melaleuca quinquenervia"
-27.67347,153.44106,"Melaleuca quinquenervia"
-27.67257,153.26716,"Melaleuca quinquenervia"
-27.672078,153.228562,"Melaleuca quinquenervia"
-27.667479,153.222024,"Melaleuca quinquenervia"
-27.667453,153.060173,"Melaleuca quinquenervia"
-27.666137,153.266008,"Melaleuca quinquenervia"
-27.666007,152.930004,"Melaleuca quinquenervia"
-27.664843,153.078166,"Melaleuca quinquenervia"
-27.663759,153.076369,"Melaleuca quinquenervia"
-27.663753,153.115202,"Melaleuca quinquenervia"
-27.663721,153.148257,"Melaleuca quinquenervia"
-27.663555,153.084736,"Melaleuca quinquenervia"
-27.663245,153.074906,"Melaleuca quinquenervia"
-27.663211,152.995208,"Melaleuca quinquenervia"
-27.662893,153.077337,"Melaleuca quinquenervia"
-27.662002,153.20823,"Melaleuca quinquenervia"
-27.661988,152.804162,"Melaleuca quinquenervia"
-27.661024,153.151171,"Melaleuca quinquenervia"
-27.659585,152.836891,"Melaleuca quinquenervia"
-27.65941,152.845985,"Melaleuca quinquenervia"
-27.659361,153.324686,"Melaleuca quinquenervia"
-27.658286,153.165164,"Melaleuca quinquenervia"
-27.657265,153.224342,"Melaleuca quinquenervia"
-27.656908,153.099585,"Melaleuca quinquenervia"
-27.656583,153.085896,"Melaleuca quinquenervia"
-27.654058,153.143494,"Melaleuca quinquenervia"
-27.65056,153.45684,"Melaleuca quinquenervia"
-27.650121,153.052461,"Melaleuca quinquenervia"
-27.649775,153.297583,"Melaleuca quinquenervia"
-27.64938,153.083953,"Melaleuca quinquenervia"
-27.648465,153.264503,"Melaleuca quinquenervia"
-27.64832,153.44873,"Melaleuca quinquenervia"
-27.64816,153.45112,"Melaleuca quinquenervia"
-27.64808,153.44783,"Melaleuca quinquenervia"
-27.64795,153.44668,"Melaleuca quinquenervia"
-27.64741,153.44592,"Melaleuca quinquenervia"
-27.64708,153.154627,"Melaleuca quinquenervia"
-27.646781,153.090431,"Melaleuca quinquenervia"
-27.64648,153.103373,"Melaleuca quinquenervia"
-27.646389,153.103056,"Melaleuca quinquenervia"
-27.64634,153.29097,"Melaleuca quinquenervia"
-27.646319,153.095752,"Melaleuca quinquenervia"
-27.646297,153.078461,"Melaleuca quinquenervia"
-27.646268,153.120071,"Melaleuca quinquenervia"
-27.644901,152.881534,"Melaleuca quinquenervia"
-27.644787,153.252682,"Melaleuca quinquenervia"
-27.644777,153.149169,"Melaleuca quinquenervia"
-27.644619,153.076995,"Melaleuca quinquenervia"
-27.644113,153.03572,"Melaleuca quinquenervia"
-27.643786,153.146728,"Melaleuca quinquenervia"
-27.64336,153.05002,"Melaleuca quinquenervia"
-27.643001,153.069705,"Melaleuca quinquenervia"
-27.64284,153.44299,"Melaleuca quinquenervia"
-27.64259,153.124839,"Melaleuca quinquenervia"
-27.642181,153.13315,"Melaleuca quinquenervia"
-27.641803,153.070283,"Melaleuca quinquenervia"
-27.64136,153.07399,"Melaleuca quinquenervia"
-27.640772,153.074187,"Melaleuca quinquenervia"
-27.640772,153.074187,"Melaleuca quinquenervia"
-27.640735,153.132273,"Melaleuca quinquenervia"
-27.640068,153.176065,"Melaleuca quinquenervia"
-27.639866,153.279234,"Melaleuca quinquenervia"
-27.63707,153.06522,"Melaleuca quinquenervia"
-27.63607,152.758838,"Melaleuca quinquenervia"
-27.636022,152.758862,"Melaleuca quinquenervia"
-27.635814,153.059783,"Melaleuca quinquenervia"
-27.635585,153.060781,"Melaleuca quinquenervia"
-27.635225,153.089605,"Melaleuca quinquenervia"
-27.63402,153.46182,"Melaleuca quinquenervia"
-27.63386,153.46099,"Melaleuca quinquenervia"
-27.633806,153.072088,"Melaleuca quinquenervia"
-27.633366,152.854538,"Melaleuca quinquenervia"
-27.633145,153.038769,"Melaleuca quinquenervia"
-27.632887,153.072175,"Melaleuca quinquenervia"
-27.632811,153.072211,"Melaleuca quinquenervia"
-27.632513,153.205367,"Melaleuca quinquenervia"
-27.63236,153.45303,"Melaleuca quinquenervia"
-27.63224,153.45244,"Melaleuca quinquenervia"
-27.63214,153.45162,"Melaleuca quinquenervia"
-27.632008,153.122299,"Melaleuca quinquenervia"
-27.631967,153.202117,"Melaleuca quinquenervia"
-27.631839,153.202408,"Melaleuca quinquenervia"
-27.631798,153.071871,"Melaleuca quinquenervia"
-27.63165,153.070297,"Melaleuca quinquenervia"
-27.63165,153.44612,"Melaleuca quinquenervia"
-27.631422,153.311587,"Melaleuca quinquenervia"
-27.630562,153.058154,"Melaleuca quinquenervia"
-27.629695,152.981514,"Melaleuca quinquenervia"
-27.628991,153.170165,"Melaleuca quinquenervia"
-27.628888,153.233129,"Melaleuca quinquenervia"
-27.62789,153.43888,"Melaleuca quinquenervia"
-27.627888,153.019555,"Melaleuca quinquenervia"
-27.62742,153.4567,"Melaleuca quinquenervia"
-27.627121,152.877813,"Melaleuca quinquenervia"
-27.62707,153.45466,"Melaleuca quinquenervia"
-27.6267,153.45314,"Melaleuca quinquenervia"
-27.625547,152.920755,"Melaleuca quinquenervia"
-27.624609,152.80989,"Melaleuca quinquenervia"
-27.623937,153.096793,"Melaleuca quinquenervia"
-27.62288,153.156764,"Melaleuca quinquenervia"
-27.62263,153.15248,"Melaleuca quinquenervia"
-27.620894,153.068165,"Melaleuca quinquenervia"
-27.620857,153.153462,"Melaleuca quinquenervia"
-27.619089,152.989517,"Melaleuca quinquenervia"
-27.618364,153.173662,"Melaleuca quinquenervia"
-27.61825,153.4652,"Melaleuca quinquenervia"
-27.61819,153.46212,"Melaleuca quinquenervia"
-27.61809,153.45903,"Melaleuca quinquenervia"
-27.617954,153.086105,"Melaleuca quinquenervia"
-27.61736,153.45609,"Melaleuca quinquenervia"
-27.61733,153.4558,"Melaleuca quinquenervia"
-27.61733,153.162073,"Melaleuca quinquenervia"
-27.6167,152.7667,"Melaleuca quinquenervia"
-27.616284,152.822247,"Melaleuca quinquenervia"
-27.61608,153.4474,"Melaleuca quinquenervia"
-27.615955,153.458324,"Melaleuca quinquenervia"
-27.614202,153.089657,"Melaleuca quinquenervia"
-27.613889,153.010278,"Melaleuca quinquenervia"
-27.61169,153.42754,"Melaleuca quinquenervia"
-27.611456,152.800723,"Melaleuca quinquenervia"
-27.610935,153.08375,"Melaleuca quinquenervia"
-27.610681,152.988665,"Melaleuca quinquenervia"
-27.610542,153.011094,"Melaleuca quinquenervia"
-27.60756,153.175932,"Melaleuca quinquenervia"
-27.60712,153.43657,"Melaleuca quinquenervia"
-27.60689,153.46766,"Melaleuca quinquenervia"
-27.60658,153.46038,"Melaleuca quinquenervia"
-27.6065,153.46579,"Melaleuca quinquenervia"
-27.60599,153.29236,"Melaleuca quinquenervia"
-27.60492,153.42823,"Melaleuca quinquenervia"
-27.60458,153.42524,"Melaleuca quinquenervia"
-27.602699,153.149067,"Melaleuca quinquenervia"
-27.602087,153.148079,"Melaleuca quinquenervia"
-27.601097,153.070083,"Melaleuca quinquenervia"
-27.6,153.1,"Melaleuca quinquenervia"
-27.6,152.9,"Melaleuca quinquenervia"
-27.6,152.9,"Melaleuca quinquenervia"
-27.59789,153.47035,"Melaleuca quinquenervia"
-27.59735,153.46528,"Melaleuca quinquenervia"
-27.59721,153.46329,"Melaleuca quinquenervia"
-27.597179,153.150308,"Melaleuca quinquenervia"
-27.59694,153.46238,"Melaleuca quinquenervia"
-27.595736,153.1073,"Melaleuca quinquenervia"
-27.591622,153.279808,"Melaleuca quinquenervia"
-27.590755,153.154378,"Melaleuca quinquenervia"
-27.590068,153.092732,"Melaleuca quinquenervia"
-27.588278,153.159924,"Melaleuca quinquenervia"
-27.585821,152.991846,"Melaleuca quinquenervia"
-27.585156,153.068516,"Melaleuca quinquenervia"
-27.585027,152.99,"Melaleuca quinquenervia"
-27.584819,152.989478,"Melaleuca quinquenervia"
-27.584781,152.987892,"Melaleuca quinquenervia"
-27.584587,152.9899,"Melaleuca quinquenervia"
-27.58442,152.989993,"Melaleuca quinquenervia"
-27.584417,152.98783,"Melaleuca quinquenervia"
-27.584357,152.987965,"Melaleuca quinquenervia"
-27.58427,153.17775,"Melaleuca quinquenervia"
-27.584176,152.987323,"Melaleuca quinquenervia"
-27.583599,152.990643,"Melaleuca quinquenervia"
-27.583414,152.990692,"Melaleuca quinquenervia"
-27.5833,153.05,"Melaleuca quinquenervia"
-27.5833,153.05,"Melaleuca quinquenervia"
-27.58326,152.990845,"Melaleuca quinquenervia"
-27.582842,153.185228,"Melaleuca quinquenervia"
-27.582796,152.991171,"Melaleuca quinquenervia"
-27.5826,153.47309,"Melaleuca quinquenervia"
-27.582505,152.928238,"Melaleuca quinquenervia"
-27.582462,152.991344,"Melaleuca quinquenervia"
-27.582452,153.068809,"Melaleuca quinquenervia"
-27.582388,151.970627,"Melaleuca quinquenervia"
-27.582289,152.991454,"Melaleuca quinquenervia"
-27.582019,153.068522,"Melaleuca quinquenervia"
-27.581738,152.751073,"Melaleuca quinquenervia"
-27.581738,152.91774,"Melaleuca quinquenervia"
-27.581738,152.91774,"Melaleuca quinquenervia"
-27.581738,152.91774,"Melaleuca quinquenervia"
-27.581735,153.084399,"Melaleuca quinquenervia"
-27.581735,153.084399,"Melaleuca quinquenervia"
-27.58128,153.279824,"Melaleuca quinquenervia"
-27.581047,152.927261,"Melaleuca quinquenervia"
-27.580692,153.071381,"Melaleuca quinquenervia"
-27.57995,153.47082,"Melaleuca quinquenervia"
-27.579772,153.281303,"Melaleuca quinquenervia"
-27.579664,153.073961,"Melaleuca quinquenervia"
-27.5796,152.993775,"Melaleuca quinquenervia"
-27.579553,153.280485,"Melaleuca quinquenervia"
-27.578423,152.992434,"Melaleuca quinquenervia"
-27.578362,152.992332,"Melaleuca quinquenervia"
-27.578285,153.092223,"Melaleuca quinquenervia"
-27.57747,153.47308,"Melaleuca quinquenervia"
-27.57708,153.47163,"Melaleuca quinquenervia"
-27.57665,153.46977,"Melaleuca quinquenervia"
-27.5744,153.47152,"Melaleuca quinquenervia"
-27.574087,153.167152,"Melaleuca quinquenervia"
-27.57372,152.994625,"Melaleuca quinquenervia"
-27.573401,153.176065,"Melaleuca quinquenervia"
-27.572937,153.153987,"Melaleuca quinquenervia"
-27.571787,152.939513,"Melaleuca quinquenervia"
-27.571684,153.105398,"Melaleuca quinquenervia"
-27.57157,153.47385,"Melaleuca quinquenervia"
-27.57099,153.47234,"Melaleuca quinquenervia"
-27.57097,153.4718,"Melaleuca quinquenervia"
-27.570667,153.106195,"Melaleuca quinquenervia"
-27.570579,153.164896,"Melaleuca quinquenervia"
-27.569736,153.160126,"Melaleuca quinquenervia"
-27.568983,152.989089,"Melaleuca quinquenervia"
-27.568961,152.989778,"Melaleuca quinquenervia"
-27.56871,153.276,"Melaleuca quinquenervia"
-27.567681,153.105987,"Melaleuca quinquenervia"
-27.567357,153.10193,"Melaleuca quinquenervia"
-27.567262,153.174373,"Melaleuca quinquenervia"
-27.567165,153.045564,"Melaleuca quinquenervia"
-27.5671,153.044257,"Melaleuca quinquenervia"
-27.567053,153.044126,"Melaleuca quinquenervia"
-27.567046,153.280423,"Melaleuca quinquenervia"
-27.567025,153.044337,"Melaleuca quinquenervia"
-27.566713,153.045242,"Melaleuca quinquenervia"
-27.566712,153.04302,"Melaleuca quinquenervia"
-27.5667,153.2667,"Melaleuca quinquenervia"
-27.5667,153.2667,"Melaleuca quinquenervia"
-27.566667,153.45,"Melaleuca quinquenervia"
-27.566667,153.45,"Melaleuca quinquenervia"
-27.563841,153.271263,"Melaleuca quinquenervia"
-27.56333,153.4124,"Melaleuca quinquenervia"
-27.563104,153.103604,"Melaleuca quinquenervia"
-27.562922,153.102525,"Melaleuca quinquenervia"
-27.562034,153.097156,"Melaleuca quinquenervia"
-27.55979,153.260631,"Melaleuca quinquenervia"
-27.558902,153.260409,"Melaleuca quinquenervia"
-27.557996,153.26021,"Melaleuca quinquenervia"
-27.557783,153.066239,"Melaleuca quinquenervia"
-27.557733,153.066196,"Melaleuca quinquenervia"
-27.556953,152.985795,"Melaleuca quinquenervia"
-27.556878,152.985533,"Melaleuca quinquenervia"
-27.55473,152.339792,"Melaleuca quinquenervia"
-27.554705,153.23958,"Melaleuca quinquenervia"
-27.554645,152.951542,"Melaleuca quinquenervia"
-27.554281,153.188362,"Melaleuca quinquenervia"
-27.554183,152.339845,"Melaleuca quinquenervia"
-27.553802,153.173692,"Melaleuca quinquenervia"
-27.553637,153.073386,"Melaleuca quinquenervia"
-27.55363,153.07338,"Melaleuca quinquenervia"
-27.553422,153.019578,"Melaleuca quinquenervia"
-27.55341,153.020777,"Melaleuca quinquenervia"
-27.552745,153.173518,"Melaleuca quinquenervia"
-27.552338,153.175079,"Melaleuca quinquenervia"
-27.552338,153.175079,"Melaleuca quinquenervia"
-27.552264,153.173919,"Melaleuca quinquenervia"
-27.55192,153.17548,"Melaleuca quinquenervia"
-27.55167,152.990937,"Melaleuca quinquenervia"
-27.551501,153.053192,"Melaleuca quinquenervia"
-27.551413,153.167188,"Melaleuca quinquenervia"
-27.551404,153.064774,"Melaleuca quinquenervia"
-27.5514,153.17603,"Melaleuca quinquenervia"
-27.551125,153.238667,"Melaleuca quinquenervia"
-27.550913,153.064965,"Melaleuca quinquenervia"
-27.550842,152.993545,"Melaleuca quinquenervia"
-27.550623,153.064304,"Melaleuca quinquenervia"
-27.55061,153.064043,"Melaleuca quinquenervia"
-27.550544,153.063987,"Melaleuca quinquenervia"
-27.550275,153.016511,"Melaleuca quinquenervia"
-27.550255,153.017106,"Melaleuca quinquenervia"
-27.550127,153.055325,"Melaleuca quinquenervia"
-27.550095,153.055297,"Melaleuca quinquenervia"
-27.55,153.083333,"Melaleuca quinquenervia"
-27.54998,153.167317,"Melaleuca quinquenervia"
-27.549582,152.952728,"Melaleuca quinquenervia"
-27.54868,153.024733,"Melaleuca quinquenervia"
-27.548645,153.024628,"Melaleuca quinquenervia"
-27.54862,153.024658,"Melaleuca quinquenervia"
-27.548578,153.030181,"Melaleuca quinquenervia"
-27.548333,153.024445,"Melaleuca quinquenervia"
-27.54831,153.4842,"Melaleuca quinquenervia"
-27.548275,153.052408,"Melaleuca quinquenervia"
-27.54825,153.216745,"Melaleuca quinquenervia"
-27.548224,153.052168,"Melaleuca quinquenervia"
-27.548173,153.052185,"Melaleuca quinquenervia"
-27.548038,153.248047,"Melaleuca quinquenervia"
-27.547617,153.216467,"Melaleuca quinquenervia"
-27.547384,153.174215,"Melaleuca quinquenervia"
-27.54732,153.001572,"Melaleuca quinquenervia"
-27.546997,153.061417,"Melaleuca quinquenervia"
-27.546893,153.172398,"Melaleuca quinquenervia"
-27.546792,153.166153,"Melaleuca quinquenervia"
-27.546784,153.060997,"Melaleuca quinquenervia"
-27.546775,153.166122,"Melaleuca quinquenervia"
-27.546137,153.001114,"Melaleuca quinquenervia"
-27.545975,152.992325,"Melaleuca quinquenervia"
-27.545792,152.992522,"Melaleuca quinquenervia"
-27.545608,153.053257,"Melaleuca quinquenervia"
-27.545605,153.017075,"Melaleuca quinquenervia"
-27.545122,153.01715,"Melaleuca quinquenervia"
-27.543937,153.015472,"Melaleuca quinquenervia"
-27.543669,153.062259,"Melaleuca quinquenervia"
-27.543447,153.014847,"Melaleuca quinquenervia"
-27.543376,153.014875,"Melaleuca quinquenervia"
-27.543158,153.116666,"Melaleuca quinquenervia"
-27.541504,152.995117,"Melaleuca quinquenervia"
-27.540874,152.991562,"Melaleuca quinquenervia"
-27.539274,153.10949,"Melaleuca quinquenervia"
-27.53861,153.4897,"Melaleuca quinquenervia"
-27.53847,153.48943,"Melaleuca quinquenervia"
-27.53821,153.48895,"Melaleuca quinquenervia"
-27.537547,152.325897,"Melaleuca quinquenervia"
-27.537547,152.325897,"Melaleuca quinquenervia"
-27.537545,152.325912,"Melaleuca quinquenervia"
-27.537331,152.325894,"Melaleuca quinquenervia"
-27.537033,153.152633,"Melaleuca quinquenervia"
-27.53673,153.21579,"Melaleuca quinquenervia"
-27.53638,153.483,"Melaleuca quinquenervia"
-27.53621,153.4802,"Melaleuca quinquenervia"
-27.53563,153.23843,"Melaleuca quinquenervia"
-27.53534,153.48615,"Melaleuca quinquenervia"
-27.534122,153.151647,"Melaleuca quinquenervia"
-27.533681,153.009047,"Melaleuca quinquenervia"
-27.533285,153.24915,"Melaleuca quinquenervia"
-27.532937,152.253327,"Melaleuca quinquenervia"
-27.532865,153.1597,"Melaleuca quinquenervia"
-27.53274,153.49078,"Melaleuca quinquenervia"
-27.532664,153.234335,"Melaleuca quinquenervia"
-27.532371,153.250094,"Melaleuca quinquenervia"
-27.532258,153.462608,"Melaleuca quinquenervia"
-27.532121,152.975727,"Melaleuca quinquenervia"
-27.532117,152.975686,"Melaleuca quinquenervia"
-27.531863,152.976174,"Melaleuca quinquenervia"
-27.531829,152.975996,"Melaleuca quinquenervia"
-27.531787,152.975825,"Melaleuca quinquenervia"
-27.531249,153.249898,"Melaleuca quinquenervia"
-27.530335,152.974214,"Melaleuca quinquenervia"
-27.530103,153.236878,"Melaleuca quinquenervia"
-27.529805,152.974146,"Melaleuca quinquenervia"
-27.5298,152.974259,"Melaleuca quinquenervia"
-27.529782,152.974123,"Melaleuca quinquenervia"
-27.529774,152.974162,"Melaleuca quinquenervia"
-27.528557,153.104398,"Melaleuca quinquenervia"
-27.525281,152.937336,"Melaleuca quinquenervia"
-27.525245,153.25972,"Melaleuca quinquenervia"
-27.524504,152.98919,"Melaleuca quinquenervia"
-27.524198,153.10258,"Melaleuca quinquenervia"
-27.523405,152.976073,"Melaleuca quinquenervia"
-27.523401,153.026065,"Melaleuca quinquenervia"
-27.523401,153.176065,"Melaleuca quinquenervia"
-27.523401,153.476065,"Melaleuca quinquenervia"
-27.522725,152.314194,"Melaleuca quinquenervia"
-27.522706,152.314147,"Melaleuca quinquenervia"
-27.522656,152.314117,"Melaleuca quinquenervia"
-27.522594,152.313492,"Melaleuca quinquenervia"
-27.522553,152.311614,"Melaleuca quinquenervia"
-27.522531,152.313736,"Melaleuca quinquenervia"
-27.522414,152.312317,"Melaleuca quinquenervia"
-27.522302,153.246523,"Melaleuca quinquenervia"
-27.52217,153.497817,"Melaleuca quinquenervia"
-27.522054,152.310842,"Melaleuca quinquenervia"
-27.521928,152.310106,"Melaleuca quinquenervia"
-27.520648,153.186559,"Melaleuca quinquenervia"
-27.520213,153.159348,"Melaleuca quinquenervia"
-27.518689,152.131211,"Melaleuca quinquenervia"
-27.516667,153.016667,"Melaleuca quinquenervia"
-27.516667,153.216667,"Melaleuca quinquenervia"
-27.514883,152.324556,"Melaleuca quinquenervia"
-27.514382,153.25357,"Melaleuca quinquenervia"
-27.513824,153.225588,"Melaleuca quinquenervia"
-27.51287,153.460726,"Melaleuca quinquenervia"
-27.511257,153.251965,"Melaleuca quinquenervia"
-27.509842,153.208786,"Melaleuca quinquenervia"
-27.508351,153.136063,"Melaleuca quinquenervia"
-27.508265,153.133365,"Melaleuca quinquenervia"
-27.508069,153.212005,"Melaleuca quinquenervia"
-27.507795,153.211104,"Melaleuca quinquenervia"
-27.507778,153.082778,"Melaleuca quinquenervia"
-27.507543,153.117048,"Melaleuca quinquenervia"
-27.507455,153.107375,"Melaleuca quinquenervia"
-27.506124,153.121798,"Melaleuca quinquenervia"
-27.50595,153.014161,"Melaleuca quinquenervia"
-27.505808,153.208008,"Melaleuca quinquenervia"
-27.505686,153.010622,"Melaleuca quinquenervia"
-27.504386,153.177921,"Melaleuca quinquenervia"
-27.50412,153.18272,"Melaleuca quinquenervia"
-27.503414,153.178346,"Melaleuca quinquenervia"
-27.50314,153.18066,"Melaleuca quinquenervia"
-27.502815,153.228308,"Melaleuca quinquenervia"
-27.502795,153.177945,"Melaleuca quinquenervia"
-27.502591,153.178043,"Melaleuca quinquenervia"
-27.50193,153.17028,"Melaleuca quinquenervia"
-27.501422,153.184268,"Melaleuca quinquenervia"
-27.501295,153.174787,"Melaleuca quinquenervia"
-27.500113,153.424279,"Melaleuca quinquenervia"
-27.5,153.1,"Melaleuca quinquenervia"
-27.5,153,"Melaleuca quinquenervia"
-27.5,153,"Melaleuca quinquenervia"
-27.498395,153.50106,"Melaleuca quinquenervia"
-27.498395,153.50106,"Melaleuca quinquenervia"
-27.498395,153.50106,"Melaleuca quinquenervia"
-27.498395,153.50106,"Melaleuca quinquenervia"
-27.498395,153.50106,"Melaleuca quinquenervia"
-27.496222,153.014177,"Melaleuca quinquenervia"
-27.493912,153.407212,"Melaleuca quinquenervia"
-27.493694,153.153056,"Melaleuca quinquenervia"
-27.493412,153.149553,"Melaleuca quinquenervia"
-27.492517,153.172372,"Melaleuca quinquenervia"
-27.492462,153.430062,"Melaleuca quinquenervia"
-27.4922,153.430025,"Melaleuca quinquenervia"
-27.492114,153.429956,"Melaleuca quinquenervia"
-27.492,153.18342,"Melaleuca quinquenervia"
-27.490069,153.459394,"Melaleuca quinquenervia"
-27.49,153.43,"Melaleuca quinquenervia"
-27.488483,153.134212,"Melaleuca quinquenervia"
-27.488353,153.430587,"Melaleuca quinquenervia"
-27.485563,153.117038,"Melaleuca quinquenervia"
-27.485076,153.431778,"Melaleuca quinquenervia"
-27.484654,153.1147,"Melaleuca quinquenervia"
-27.484654,153.1147,"Melaleuca quinquenervia"
-27.484632,152.938816,"Melaleuca quinquenervia"
-27.483384,153.115077,"Melaleuca quinquenervia"
-27.482796,153.167041,"Melaleuca quinquenervia"
-27.482522,153.110022,"Melaleuca quinquenervia"
-27.482258,152.322586,"Melaleuca quinquenervia"
-27.48158,153.170457,"Melaleuca quinquenervia"
-27.481488,153.169943,"Melaleuca quinquenervia"
-27.480155,153.053808,"Melaleuca quinquenervia"
-27.480034,153.086303,"Melaleuca quinquenervia"
-27.479908,153.086075,"Melaleuca quinquenervia"
-27.479908,153.086075,"Melaleuca quinquenervia"
-27.478376,153.462531,"Melaleuca quinquenervia"
-27.473304,153.183754,"Melaleuca quinquenervia"
-27.473129,153.183645,"Melaleuca quinquenervia"
-27.47126,153.13806,"Melaleuca quinquenervia"
-27.469781,152.37175,"Melaleuca quinquenervia"
-27.469772,152.371733,"Melaleuca quinquenervia"
-27.469561,152.370942,"Melaleuca quinquenervia"
-27.469483,152.370575,"Melaleuca quinquenervia"
-27.469472,152.370789,"Melaleuca quinquenervia"
-27.46907,152.37024,"Melaleuca quinquenervia"
-27.46907,152.37024,"Melaleuca quinquenervia"
-27.468975,152.370347,"Melaleuca quinquenervia"
-27.468617,152.370256,"Melaleuca quinquenervia"
-27.4675,153.005556,"Melaleuca quinquenervia"
-27.4667,153.0167,"Melaleuca quinquenervia"
-27.4667,153.0167,"Melaleuca quinquenervia"
-27.466667,153.016667,"Melaleuca quinquenervia"
-27.466667,153.016667,"Melaleuca quinquenervia"
-27.465807,153.138005,"Melaleuca quinquenervia"
-27.462403,153.146228,"Melaleuca quinquenervia"
-27.462003,153.147614,"Melaleuca quinquenervia"
-27.461664,153.469474,"Melaleuca quinquenervia"
-27.461664,153.469474,"Melaleuca quinquenervia"
-27.460006,152.341356,"Melaleuca quinquenervia"
-27.458258,153.146303,"Melaleuca quinquenervia"
-27.456828,153.074734,"Melaleuca quinquenervia"
-27.456736,153.076061,"Melaleuca quinquenervia"
-27.456736,153.076061,"Melaleuca quinquenervia"
-27.454101,153.04306,"Melaleuca quinquenervia"
-27.452817,153.162887,"Melaleuca quinquenervia"
-27.452772,152.323975,"Melaleuca quinquenervia"
-27.452633,153.015411,"Melaleuca quinquenervia"
-27.45228,153.44579,"Melaleuca quinquenervia"
-27.450795,153.052589,"Melaleuca quinquenervia"
-27.446221,152.335913,"Melaleuca quinquenervia"
-27.445744,152.315994,"Melaleuca quinquenervia"
-27.445539,152.299206,"Melaleuca quinquenervia"
-27.443418,153.528269,"Melaleuca quinquenervia"
-27.440763,153.022275,"Melaleuca quinquenervia"
-27.435615,153.149327,"Melaleuca quinquenervia"
-27.435576,153.149266,"Melaleuca quinquenervia"
-27.4348,153.149703,"Melaleuca quinquenervia"
-27.434743,153.148264,"Melaleuca quinquenervia"
-27.434608,153.14813,"Melaleuca quinquenervia"
-27.434321,153.048152,"Melaleuca quinquenervia"
-27.434182,153.44883,"Melaleuca quinquenervia"
-27.434169,153.148495,"Melaleuca quinquenervia"
-27.433968,153.151537,"Melaleuca quinquenervia"
-27.433946,153.149564,"Melaleuca quinquenervia"
-27.433455,153.151961,"Melaleuca quinquenervia"
-27.433197,153.150422,"Melaleuca quinquenervia"
-27.433027,153.52605,"Melaleuca quinquenervia"
-27.432965,153.151696,"Melaleuca quinquenervia"
-27.432302,153.150014,"Melaleuca quinquenervia"
-27.429378,153.494807,"Melaleuca quinquenervia"
-27.427787,153.526531,"Melaleuca quinquenervia"
-27.427692,153.526397,"Melaleuca quinquenervia"
-27.427508,153.521981,"Melaleuca quinquenervia"
-27.426633,153.158678,"Melaleuca quinquenervia"
-27.426631,153.524345,"Melaleuca quinquenervia"
-27.426305,153.52636,"Melaleuca quinquenervia"
-27.426,153.526,"Melaleuca quinquenervia"
-27.42516,153.520556,"Melaleuca quinquenervia"
-27.424215,153.518637,"Melaleuca quinquenervia"
-27.424103,153.517152,"Melaleuca quinquenervia"
-27.423403,153.092728,"Melaleuca quinquenervia"
-27.421727,153.496914,"Melaleuca quinquenervia"
-27.421634,153.16713,"Melaleuca quinquenervia"
-27.421633,153.513992,"Melaleuca quinquenervia"
-27.42157,153.51287,"Melaleuca quinquenervia"
-27.420761,153.493467,"Melaleuca quinquenervia"
-27.415069,153.084394,"Melaleuca quinquenervia"
-27.412517,152.982433,"Melaleuca quinquenervia"
-27.41104,152.82814,"Melaleuca quinquenervia"
-27.41087,153.45978,"Melaleuca quinquenervia"
-27.408472,153.071124,"Melaleuca quinquenervia"
-27.406472,153.07512,"Melaleuca quinquenervia"
-27.405995,153.073781,"Melaleuca quinquenervia"
-27.405645,153.082839,"Melaleuca quinquenervia"
-27.404207,153.186278,"Melaleuca quinquenervia"
-27.401618,153.08349,"Melaleuca quinquenervia"
-27.4,153.1,"Melaleuca quinquenervia"
-27.399744,153.080225,"Melaleuca quinquenervia"
-27.399113,152.619933,"Melaleuca quinquenervia"
-27.39795,153.08775,"Melaleuca quinquenervia"
-27.394935,153.020694,"Melaleuca quinquenervia"
-27.390069,153.076061,"Melaleuca quinquenervia"
-27.390069,153.076061,"Melaleuca quinquenervia"
-27.390069,153.126061,"Melaleuca quinquenervia"
-27.390005,153.00567,"Melaleuca quinquenervia"
-27.39,153.005889,"Melaleuca quinquenervia"
-27.382491,153.058119,"Melaleuca quinquenervia"
-27.382112,153.079265,"Melaleuca quinquenervia"
-27.380067,152.999535,"Melaleuca quinquenervia"
-27.379963,153.034674,"Melaleuca quinquenervia"
-27.378272,153.045058,"Melaleuca quinquenervia"
-27.375983,153.093555,"Melaleuca quinquenervia"
-27.374372,153.095061,"Melaleuca quinquenervia"
-27.373747,153.095139,"Melaleuca quinquenervia"
-27.373403,153.092728,"Melaleuca quinquenervia"
-27.373301,153.094874,"Melaleuca quinquenervia"
-27.369137,153.035719,"Melaleuca quinquenervia"
-27.369061,153.036124,"Melaleuca quinquenervia"
-27.3667,153.0833,"Melaleuca quinquenervia"
-27.366667,153.066667,"Melaleuca quinquenervia"
-27.36637,152.956857,"Melaleuca quinquenervia"
-27.365146,153.069235,"Melaleuca quinquenervia"
-27.364675,153.072203,"Melaleuca quinquenervia"
-27.364217,153.015975,"Melaleuca quinquenervia"
-27.363158,153.043011,"Melaleuca quinquenervia"
-27.361873,153.070197,"Melaleuca quinquenervia"
-27.361818,153.070127,"Melaleuca quinquenervia"
-27.359155,153.098915,"Melaleuca quinquenervia"
-27.355192,153.079469,"Melaleuca quinquenervia"
-27.353278,153.09047,"Melaleuca quinquenervia"
-27.353262,153.090483,"Melaleuca quinquenervia"
-27.352962,153.086792,"Melaleuca quinquenervia"
-27.352578,153.094956,"Melaleuca quinquenervia"
-27.352567,153.094956,"Melaleuca quinquenervia"
-27.35085,153.106125,"Melaleuca quinquenervia"
-27.35034,153.08146,"Melaleuca quinquenervia"
-27.347061,153.076767,"Melaleuca quinquenervia"
-27.343605,153.076058,"Melaleuca quinquenervia"
-27.343098,153.097977,"Melaleuca quinquenervia"
-27.343022,153.097442,"Melaleuca quinquenervia"
-27.343019,153.097397,"Melaleuca quinquenervia"
-27.343019,153.097456,"Melaleuca quinquenervia"
-27.343005,153.097465,"Melaleuca quinquenervia"
-27.342988,153.097397,"Melaleuca quinquenervia"
-27.342967,153.097403,"Melaleuca quinquenervia"
-27.342693,153.096681,"Melaleuca quinquenervia"
-27.342138,153.077912,"Melaleuca quinquenervia"
-27.341425,153.078098,"Melaleuca quinquenervia"
-27.340155,153.077811,"Melaleuca quinquenervia"
-27.339357,153.078503,"Melaleuca quinquenervia"
-27.339133,153.078318,"Melaleuca quinquenervia"
-27.339017,153.082019,"Melaleuca quinquenervia"
-27.338967,153.077168,"Melaleuca quinquenervia"
-27.337869,153.080122,"Melaleuca quinquenervia"
-27.337845,153.081483,"Melaleuca quinquenervia"
-27.337503,153.077806,"Melaleuca quinquenervia"
-27.33739,153.0758,"Melaleuca quinquenervia"
-27.337021,153.081617,"Melaleuca quinquenervia"
-27.333943,153.064887,"Melaleuca quinquenervia"
-27.328683,153.059617,"Melaleuca quinquenervia"
-27.32638,153.02362,"Melaleuca quinquenervia"
-27.324998,153.049522,"Melaleuca quinquenervia"
-27.323403,153.076061,"Melaleuca quinquenervia"
-27.323403,153.426061,"Melaleuca quinquenervia"
-27.320629,153.050607,"Melaleuca quinquenervia"
-27.317864,153.052383,"Melaleuca quinquenervia"
-27.317,153.41481,"Melaleuca quinquenervia"
-27.31682,153.05218,"Melaleuca quinquenervia"
-27.3167,153.0667,"Melaleuca quinquenervia"
-27.3167,153.0667,"Melaleuca quinquenervia"
-27.3167,153,"Melaleuca quinquenervia"
-27.316667,153.066667,"Melaleuca quinquenervia"
-27.31543,153.052206,"Melaleuca quinquenervia"
-27.315286,153.052039,"Melaleuca quinquenervia"
-27.313368,153.050003,"Melaleuca quinquenervia"
-27.313133,153.050347,"Melaleuca quinquenervia"
-27.311557,153.050425,"Melaleuca quinquenervia"
-27.311322,153.050499,"Melaleuca quinquenervia"
-27.31128,153.0504,"Melaleuca quinquenervia"
-27.311243,153.050464,"Melaleuca quinquenervia"
-27.30674,152.942736,"Melaleuca quinquenervia"
-27.30073,153.415414,"Melaleuca quinquenervia"
-27.300104,153.040464,"Melaleuca quinquenervia"
-27.3,153.0667,"Melaleuca quinquenervia"
-27.3,153.0667,"Melaleuca quinquenervia"
-27.298653,153.038853,"Melaleuca quinquenervia"
-27.298328,153.056245,"Melaleuca quinquenervia"
-27.295799,152.585616,"Melaleuca quinquenervia"
-27.29442,153.04016,"Melaleuca quinquenervia"
-27.277895,152.896969,"Melaleuca quinquenervia"
-27.270033,152.852955,"Melaleuca quinquenervia"
-27.265611,153.041717,"Melaleuca quinquenervia"
-27.263796,152.859876,"Melaleuca quinquenervia"
-27.256667,152.421111,"Melaleuca quinquenervia"
-27.255077,152.422188,"Melaleuca quinquenervia"
-27.252402,153.030494,"Melaleuca quinquenervia"
-27.251586,153.02434,"Melaleuca quinquenervia"
-27.25,153.083333,"Melaleuca quinquenervia"
-27.248406,152.917736,"Melaleuca quinquenervia"
-27.248403,153.084394,"Melaleuca quinquenervia"
-27.248403,153.084394,"Melaleuca quinquenervia"
-27.234204,153.044282,"Melaleuca quinquenervia"
-27.232315,153.099043,"Melaleuca quinquenervia"
-27.231079,153.098111,"Melaleuca quinquenervia"
-27.225,152.977417,"Melaleuca quinquenervia"
-27.22423,153.0459,"Melaleuca quinquenervia"
-27.219753,153.034127,"Melaleuca quinquenervia"
-27.21819,153.03028,"Melaleuca quinquenervia"
-27.215489,153.014953,"Melaleuca quinquenervia"
-27.214,152.96369,"Melaleuca quinquenervia"
-27.213233,153.064726,"Melaleuca quinquenervia"
-27.20971,153.030433,"Melaleuca quinquenervia"
-27.20964,153.05437,"Melaleuca quinquenervia"
-27.2,153.1,"Melaleuca quinquenervia"
-27.184712,153.011203,"Melaleuca quinquenervia"
-27.1833,153.0667,"Melaleuca quinquenervia"
-27.179931,153.373927,"Melaleuca quinquenervia"
-27.17755,152.99707,"Melaleuca quinquenervia"
-27.174341,152.988388,"Melaleuca quinquenervia"
-27.166946,152.811275,"Melaleuca quinquenervia"
-27.1667,153.4,"Melaleuca quinquenervia"
-27.164951,152.983791,"Melaleuca quinquenervia"
-27.164915,152.983744,"Melaleuca quinquenervia"
-27.16337,152.94065,"Melaleuca quinquenervia"
-27.158333,153.408333,"Melaleuca quinquenervia"
-27.146739,153.424079,"Melaleuca quinquenervia"
-27.14673,153.42408,"Melaleuca quinquenervia"
-27.145313,152.942654,"Melaleuca quinquenervia"
-27.14156,152.999786,"Melaleuca quinquenervia"
-27.139849,153.045494,"Melaleuca quinquenervia"
-27.137489,152.968017,"Melaleuca quinquenervia"
-27.134023,153.401561,"Melaleuca quinquenervia"
-27.134023,153.401561,"Melaleuca quinquenervia"
-27.134023,153.401561,"Melaleuca quinquenervia"
-27.134023,153.401561,"Melaleuca quinquenervia"
-27.134023,153.401561,"Melaleuca quinquenervia"
-27.134023,153.401561,"Melaleuca quinquenervia"
-27.131891,152.971102,"Melaleuca quinquenervia"
-27.125783,152.999086,"Melaleuca quinquenervia"
-27.125,153.375,"Melaleuca quinquenervia"
-27.123403,153.376061,"Melaleuca quinquenervia"
-27.1199,152.92491,"Melaleuca quinquenervia"
-27.118409,152.902907,"Melaleuca quinquenervia"
-27.117453,153.437788,"Melaleuca quinquenervia"
-27.115977,152.950232,"Melaleuca quinquenervia"
-27.11593,152.989623,"Melaleuca quinquenervia"
-27.114914,152.951686,"Melaleuca quinquenervia"
-27.113839,152.930725,"Melaleuca quinquenervia"
-27.113042,152.931717,"Melaleuca quinquenervia"
-27.110751,152.936189,"Melaleuca quinquenervia"
-27.109577,153.440401,"Melaleuca quinquenervia"
-27.109322,153.064225,"Melaleuca quinquenervia"
-27.09607,153.4334,"Melaleuca quinquenervia"
-27.093089,153.440614,"Melaleuca quinquenervia"
-27.093067,153.440658,"Melaleuca quinquenervia"
-27.09283,153.44084,"Melaleuca quinquenervia"
-27.09007,153.01818,"Melaleuca quinquenervia"
-27.088382,152.940803,"Melaleuca quinquenervia"
-27.086481,152.915835,"Melaleuca quinquenervia"
-27.084858,153.11809,"Melaleuca quinquenervia"
-27.08174,152.917736,"Melaleuca quinquenervia"
-27.081736,153.084394,"Melaleuca quinquenervia"
-27.081736,153.084394,"Melaleuca quinquenervia"
-27.0814,153.07496,"Melaleuca quinquenervia"
-27.08027,152.83028,"Melaleuca quinquenervia"
-27.079218,153.127801,"Melaleuca quinquenervia"
-27.078642,152.971909,"Melaleuca quinquenervia"
-27.07727,153.08781,"Melaleuca quinquenervia"
-27.07382,152.954355,"Melaleuca quinquenervia"
-27.070855,152.957978,"Melaleuca quinquenervia"
-27.070761,152.959153,"Melaleuca quinquenervia"
-27.070688,152.9749,"Melaleuca quinquenervia"
-27.070647,152.95957,"Melaleuca quinquenervia"
-27.07055,152.957655,"Melaleuca quinquenervia"
-27.070505,152.957717,"Melaleuca quinquenervia"
-27.070438,152.975571,"Melaleuca quinquenervia"
-27.070253,152.954695,"Melaleuca quinquenervia"
-27.070249,152.957106,"Melaleuca quinquenervia"
-27.070055,152.959843,"Melaleuca quinquenervia"
-27.069513,152.957713,"Melaleuca quinquenervia"
-27.069472,152.975237,"Melaleuca quinquenervia"
-27.069183,152.959758,"Melaleuca quinquenervia"
-27.06647,153.05086,"Melaleuca quinquenervia"
-27.06565,153.04461,"Melaleuca quinquenervia"
-27.065592,152.973386,"Melaleuca quinquenervia"
-27.06542,152.978001,"Melaleuca quinquenervia"
-27.064153,152.944763,"Melaleuca quinquenervia"
-27.062925,152.93062,"Melaleuca quinquenervia"
-27.061236,152.944245,"Melaleuca quinquenervia"
-27.05979,153.04746,"Melaleuca quinquenervia"
-27.05936,153.04814,"Melaleuca quinquenervia"
-27.058333,152.958333,"Melaleuca quinquenervia"
-27.05817,153.04895,"Melaleuca quinquenervia"
-27.05258,153.04666,"Melaleuca quinquenervia"
-27.04917,152.947195,"Melaleuca quinquenervia"
-27.048917,152.944563,"Melaleuca quinquenervia"
-27.048864,152.9451,"Melaleuca quinquenervia"
-27.04786,153.04901,"Melaleuca quinquenervia"
-27.043178,153.101256,"Melaleuca quinquenervia"
-27.04295,153.10083,"Melaleuca quinquenervia"
-27.04013,153.03519,"Melaleuca quinquenervia"
-27.03498,153.00359,"Melaleuca quinquenervia"
-27.033333,153.05,"Melaleuca quinquenervia"
-27.03238,153.440799,"Melaleuca quinquenervia"
-27.03237,153.4408,"Melaleuca quinquenervia"
-27.032214,152.973629,"Melaleuca quinquenervia"
-27.031983,153.151373,"Melaleuca quinquenervia"
-27.031679,152.979586,"Melaleuca quinquenervia"
-27.031638,152.979612,"Melaleuca quinquenervia"
-27.030993,153.070963,"Melaleuca quinquenervia"
-27.030944,153.145152,"Melaleuca quinquenervia"
-27.029898,153.069266,"Melaleuca quinquenervia"
-27.02808,153.06838,"Melaleuca quinquenervia"
-27.027652,153.093695,"Melaleuca quinquenervia"
-27.02368,153.12051,"Melaleuca quinquenervia"
-27.02252,153.07487,"Melaleuca quinquenervia"
-27.02058,153.12199,"Melaleuca quinquenervia"
-27.018285,153.115082,"Melaleuca quinquenervia"
-27.016767,152.941086,"Melaleuca quinquenervia"
-27.01667,153,"Melaleuca quinquenervia"
-27.016522,152.942146,"Melaleuca quinquenervia"
-27.01636,153.12904,"Melaleuca quinquenervia"
-27.01623,153.02754,"Melaleuca quinquenervia"
-27.016131,152.942038,"Melaleuca quinquenervia"
-27.015213,152.940558,"Melaleuca quinquenervia"
-27.015213,152.940558,"Melaleuca quinquenervia"
-27.014703,153.101806,"Melaleuca quinquenervia"
-27.01344,153.06853,"Melaleuca quinquenervia"
-27.01342,152.89428,"Melaleuca quinquenervia"
-27.01325,153.06913,"Melaleuca quinquenervia"
-27.01257,153.07096,"Melaleuca quinquenervia"
-27.01227,153.06874,"Melaleuca quinquenervia"
-27.01056,153.06903,"Melaleuca quinquenervia"
-27.01048,152.92691,"Melaleuca quinquenervia"
-27.00946,152.84376,"Melaleuca quinquenervia"
-27.0085,152.86094,"Melaleuca quinquenervia"
-27.006908,153.138685,"Melaleuca quinquenervia"
-27.00673,152.92611,"Melaleuca quinquenervia"
-27.00507,152.85106,"Melaleuca quinquenervia"
-27.00249,152.91806,"Melaleuca quinquenervia"
-27.0019,152.86218,"Melaleuca quinquenervia"
-27.00105,152.85427,"Melaleuca quinquenervia"
-27.000156,152.794005,"Melaleuca quinquenervia"
-27.00013,153.05372,"Melaleuca quinquenervia"
-27,152.9833,"Melaleuca quinquenervia"
-27,153.033333,"Melaleuca quinquenervia"
-26.99973,153.05773,"Melaleuca quinquenervia"
-26.99902,153.06588,"Melaleuca quinquenervia"
-26.99858,152.83436,"Melaleuca quinquenervia"
-26.99817,152.85121,"Melaleuca quinquenervia"
-26.99764,153.05722,"Melaleuca quinquenervia"
-26.99475,153.05208,"Melaleuca quinquenervia"
-26.99475,153.05208,"Melaleuca quinquenervia"
-26.9861,153.132524,"Melaleuca quinquenervia"
-26.98318,153.02314,"Melaleuca quinquenervia"
-26.9806,153.01792,"Melaleuca quinquenervia"
-26.980408,152.773735,"Melaleuca quinquenervia"
-26.97978,153.07834,"Melaleuca quinquenervia"
-26.97787,153.0982,"Melaleuca quinquenervia"
-26.97781,153.06177,"Melaleuca quinquenervia"
-26.97726,153.09103,"Melaleuca quinquenervia"
-26.97652,152.90657,"Melaleuca quinquenervia"
-26.97628,153.08034,"Melaleuca quinquenervia"
-26.97538,153.0674,"Melaleuca quinquenervia"
-26.97506,153.06468,"Melaleuca quinquenervia"
-26.97391,153.05882,"Melaleuca quinquenervia"
-26.9737,153.05609,"Melaleuca quinquenervia"
-26.97192,153.06519,"Melaleuca quinquenervia"
-26.96956,152.91347,"Melaleuca quinquenervia"
-26.96827,153.06591,"Melaleuca quinquenervia"
-26.96782,152.91632,"Melaleuca quinquenervia"
-26.96756,152.91568,"Melaleuca quinquenervia"
-26.96606,152.89618,"Melaleuca quinquenervia"
-26.96365,153.05843,"Melaleuca quinquenervia"
-26.96338,153.06094,"Melaleuca quinquenervia"
-26.96232,153.05748,"Melaleuca quinquenervia"
-26.95973,152.89665,"Melaleuca quinquenervia"
-26.95972,153.05382,"Melaleuca quinquenervia"
-26.959167,152.781389,"Melaleuca quinquenervia"
-26.95804,153.08824,"Melaleuca quinquenervia"
-26.95716,152.95461,"Melaleuca quinquenervia"
-26.955828,152.954432,"Melaleuca quinquenervia"
-26.955765,152.95459,"Melaleuca quinquenervia"
-26.95537,152.90979,"Melaleuca quinquenervia"
-26.95491,152.90046,"Melaleuca quinquenervia"
-26.95453,152.90393,"Melaleuca quinquenervia"
-26.95247,153.04282,"Melaleuca quinquenervia"
-26.95135,152.91696,"Melaleuca quinquenervia"
-26.948947,152.771269,"Melaleuca quinquenervia"
-26.947036,152.768001,"Melaleuca quinquenervia"
-26.94265,152.79083,"Melaleuca quinquenervia"
-26.94216,152.82557,"Melaleuca quinquenervia"
-26.941417,152.789064,"Melaleuca quinquenervia"
-26.94,152.83204,"Melaleuca quinquenervia"
-26.93961,153.12308,"Melaleuca quinquenervia"
-26.93803,152.942,"Melaleuca quinquenervia"
-26.938,152.83354,"Melaleuca quinquenervia"
-26.93789,152.813,"Melaleuca quinquenervia"
-26.937595,152.813375,"Melaleuca quinquenervia"
-26.935367,153.040979,"Melaleuca quinquenervia"
-26.93522,152.83605,"Melaleuca quinquenervia"
-26.93522,152.83605,"Melaleuca quinquenervia"
-26.935006,152.93464,"Melaleuca quinquenervia"
-26.9349,152.9429,"Melaleuca quinquenervia"
-26.93369,152.79892,"Melaleuca quinquenervia"
-26.93369,152.79892,"Melaleuca quinquenervia"
-26.933057,153.01829,"Melaleuca quinquenervia"
-26.932772,152.948762,"Melaleuca quinquenervia"
-26.93194,152.94088,"Melaleuca quinquenervia"
-26.931537,152.93625,"Melaleuca quinquenervia"
-26.93137,152.82735,"Melaleuca quinquenervia"
-26.9284,153.12101,"Melaleuca quinquenervia"
-26.92732,153.11779,"Melaleuca quinquenervia"
-26.926214,152.916001,"Melaleuca quinquenervia"
-26.926214,152.916001,"Melaleuca quinquenervia"
-26.92569,152.94167,"Melaleuca quinquenervia"
-26.92506,153.13413,"Melaleuca quinquenervia"
-26.92424,152.83249,"Melaleuca quinquenervia"
-26.92344,153.11391,"Melaleuca quinquenervia"
-26.92294,152.81537,"Melaleuca quinquenervia"
-26.91749,152.83448,"Melaleuca quinquenervia"
-26.91717,153.10273,"Melaleuca quinquenervia"
-26.91705,152.94965,"Melaleuca quinquenervia"
-26.91705,152.94965,"Melaleuca quinquenervia"
-26.916667,152.966667,"Melaleuca quinquenervia"
-26.91658,153.07734,"Melaleuca quinquenervia"
-26.916111,152.76,"Melaleuca quinquenervia"
-26.916,153.0767,"Melaleuca quinquenervia"
-26.915074,152.751064,"Melaleuca quinquenervia"
-26.915074,152.917731,"Melaleuca quinquenervia"
-26.915074,152.917731,"Melaleuca quinquenervia"
-26.91387,153.05461,"Melaleuca quinquenervia"
-26.9137,152.91689,"Melaleuca quinquenervia"
-26.9136,152.91769,"Melaleuca quinquenervia"
-26.91131,153.05348,"Melaleuca quinquenervia"
-26.91131,153.05348,"Melaleuca quinquenervia"
-26.91098,153.09266,"Melaleuca quinquenervia"
-26.91032,153.13703,"Melaleuca quinquenervia"
-26.91011,153.0546,"Melaleuca quinquenervia"
-26.90991,153.04818,"Melaleuca quinquenervia"
-26.9097,153.04965,"Melaleuca quinquenervia"
-26.90943,153.04907,"Melaleuca quinquenervia"
-26.90792,153.08265,"Melaleuca quinquenervia"
-26.9077,153.13645,"Melaleuca quinquenervia"
-26.90692,153.11365,"Melaleuca quinquenervia"
-26.90688,153.04829,"Melaleuca quinquenervia"
-26.90632,153.06045,"Melaleuca quinquenervia"
-26.904214,152.940018,"Melaleuca quinquenervia"
-26.904149,152.938629,"Melaleuca quinquenervia"
-26.90413,153.12435,"Melaleuca quinquenervia"
-26.9034,153.04981,"Melaleuca quinquenervia"
-26.90332,153.07501,"Melaleuca quinquenervia"
-26.9011,153.07639,"Melaleuca quinquenervia"
-26.89966,153.09499,"Melaleuca quinquenervia"
-26.89864,153.12296,"Melaleuca quinquenervia"
-26.89774,153.09327,"Melaleuca quinquenervia"
-26.89678,153.04989,"Melaleuca quinquenervia"
-26.89564,152.90461,"Melaleuca quinquenervia"
-26.895352,152.958369,"Melaleuca quinquenervia"
-26.89423,152.93163,"Melaleuca quinquenervia"
-26.89398,153.05073,"Melaleuca quinquenervia"
-26.89347,153.05411,"Melaleuca quinquenervia"
-26.89343,153.05032,"Melaleuca quinquenervia"
-26.89312,153.12042,"Melaleuca quinquenervia"
-26.89289,153.05032,"Melaleuca quinquenervia"
-26.89281,153.05038,"Melaleuca quinquenervia"
-26.89233,153.09483,"Melaleuca quinquenervia"
-26.89231,153.09901,"Melaleuca quinquenervia"
-26.8914,152.8795,"Melaleuca quinquenervia"
-26.89116,153.05031,"Melaleuca quinquenervia"
-26.89056,153.05544,"Melaleuca quinquenervia"
-26.88894,153.03934,"Melaleuca quinquenervia"
-26.88844,153.12442,"Melaleuca quinquenervia"
-26.88821,153.05877,"Melaleuca quinquenervia"
-26.88375,153.12011,"Melaleuca quinquenervia"
-26.882558,153.09047,"Melaleuca quinquenervia"
-26.88183,153.1252,"Melaleuca quinquenervia"
-26.87778,153.08629,"Melaleuca quinquenervia"
-26.87653,153.10606,"Melaleuca quinquenervia"
-26.87627,153.10633,"Melaleuca quinquenervia"
-26.87605,153.10143,"Melaleuca quinquenervia"
-26.875822,152.95765,"Melaleuca quinquenervia"
-26.87085,153.12178,"Melaleuca quinquenervia"
-26.87061,153.09955,"Melaleuca quinquenervia"
-26.8659,152.78551,"Melaleuca quinquenervia"
-26.86278,152.98981,"Melaleuca quinquenervia"
-26.86278,152.98981,"Melaleuca quinquenervia"
-26.86278,152.98981,"Melaleuca quinquenervia"
-26.86278,152.98981,"Melaleuca quinquenervia"
-26.862018,153.015188,"Melaleuca quinquenervia"
-26.860968,152.977435,"Melaleuca quinquenervia"
-26.860828,153.001383,"Melaleuca quinquenervia"
-26.860361,153.002269,"Melaleuca quinquenervia"
-26.860218,152.999725,"Melaleuca quinquenervia"
-26.8599,153.0029,"Melaleuca quinquenervia"
-26.859812,152.99267,"Melaleuca quinquenervia"
-26.859,153.0029,"Melaleuca quinquenervia"
-26.858656,153.003722,"Melaleuca quinquenervia"
-26.8584,152.98524,"Melaleuca quinquenervia"
-26.857242,153.004953,"Melaleuca quinquenervia"
-26.85667,153.005464,"Melaleuca quinquenervia"
-26.85667,152.98125,"Melaleuca quinquenervia"
-26.8566,153.00598,"Melaleuca quinquenervia"
-26.856537,153.005589,"Melaleuca quinquenervia"
-26.856112,152.9801,"Melaleuca quinquenervia"
-26.855997,153.006075,"Melaleuca quinquenervia"
-26.855822,153.006272,"Melaleuca quinquenervia"
-26.85548,153.00631,"Melaleuca quinquenervia"
-26.854542,152.962997,"Melaleuca quinquenervia"
-26.851761,152.963684,"Melaleuca quinquenervia"
-26.85131,152.96061,"Melaleuca quinquenervia"
-26.85116,153.09374,"Melaleuca quinquenervia"
-26.85,152.95,"Melaleuca quinquenervia"
-26.85,152.95,"Melaleuca quinquenervia"
-26.85,152.95,"Melaleuca quinquenervia"
-26.85,152.866667,"Melaleuca quinquenervia"
-26.84538,152.96423,"Melaleuca quinquenervia"
-26.84538,153.02908,"Melaleuca quinquenervia"
-26.84498,152.96193,"Melaleuca quinquenervia"
-26.84351,153.0279,"Melaleuca quinquenervia"
-26.84148,153.02607,"Melaleuca quinquenervia"
-26.8408,153.127533,"Melaleuca quinquenervia"
-26.84062,153.03051,"Melaleuca quinquenervia"
-26.840528,153.109136,"Melaleuca quinquenervia"
-26.84026,153.02517,"Melaleuca quinquenervia"
-26.8333,153,"Melaleuca quinquenervia"
-26.83212,153.02919,"Melaleuca quinquenervia"
-26.83212,153.02919,"Melaleuca quinquenervia"
-26.828967,153.097078,"Melaleuca quinquenervia"
-26.827323,153.018355,"Melaleuca quinquenervia"
-26.827323,153.018355,"Melaleuca quinquenervia"
-26.826488,153.121278,"Melaleuca quinquenervia"
-26.82644,153.08535,"Melaleuca quinquenervia"
-26.82475,153.024,"Melaleuca quinquenervia"
-26.823408,152.992731,"Melaleuca quinquenervia"
-26.823381,153.117958,"Melaleuca quinquenervia"
-26.82336,153.117982,"Melaleuca quinquenervia"
-26.822895,153.117971,"Melaleuca quinquenervia"
-26.821722,152.974922,"Melaleuca quinquenervia"
-26.82145,152.95579,"Melaleuca quinquenervia"
-26.82131,153.0912,"Melaleuca quinquenervia"
-26.81973,153.08805,"Melaleuca quinquenervia"
-26.81911,152.955867,"Melaleuca quinquenervia"
-26.81887,153.09056,"Melaleuca quinquenervia"
-26.8167,152.9833,"Melaleuca quinquenervia"
-26.815987,152.951783,"Melaleuca quinquenervia"
-26.8157,153.06622,"Melaleuca quinquenervia"
-26.815608,153.115081,"Melaleuca quinquenervia"
-26.813405,153.110362,"Melaleuca quinquenervia"
-26.81334,153.109725,"Melaleuca quinquenervia"
-26.812806,153.107834,"Melaleuca quinquenervia"
-26.812423,153.102816,"Melaleuca quinquenervia"
-26.81219,153.09489,"Melaleuca quinquenervia"
-26.81102,153.10865,"Melaleuca quinquenervia"
-26.80896,153.09136,"Melaleuca quinquenervia"
-26.80722,153.10385,"Melaleuca quinquenervia"
-26.806424,152.991956,"Melaleuca quinquenervia"
-26.80624,153.08469,"Melaleuca quinquenervia"
-26.805756,152.992011,"Melaleuca quinquenervia"
-26.805378,152.991384,"Melaleuca quinquenervia"
-26.804672,152.990761,"Melaleuca quinquenervia"
-26.802501,153.098338,"Melaleuca quinquenervia"
-26.801599,153.137602,"Melaleuca quinquenervia"
-26.80101,153.0063,"Melaleuca quinquenervia"
-26.8,153.1167,"Melaleuca quinquenervia"
-26.8,152.9833,"Melaleuca quinquenervia"
-26.79995,153.04978,"Melaleuca quinquenervia"
-26.799306,153.12526,"Melaleuca quinquenervia"
-26.79838,153.089429,"Melaleuca quinquenervia"
-26.79836,153.04758,"Melaleuca quinquenervia"
-26.798334,153.089385,"Melaleuca quinquenervia"
-26.79803,153.05162,"Melaleuca quinquenervia"
-26.797345,153.124516,"Melaleuca quinquenervia"
-26.79729,153.01107,"Melaleuca quinquenervia"
-26.7972,153.0092,"Melaleuca quinquenervia"
-26.797194,153.122772,"Melaleuca quinquenervia"
-26.79717,153.00488,"Melaleuca quinquenervia"
-26.796631,153.109217,"Melaleuca quinquenervia"
-26.796558,152.991158,"Melaleuca quinquenervia"
-26.796503,152.990182,"Melaleuca quinquenervia"
-26.79648,153.00565,"Melaleuca quinquenervia"
-26.79638,153.00241,"Melaleuca quinquenervia"
-26.79636,153.02804,"Melaleuca quinquenervia"
-26.79595,153.02567,"Melaleuca quinquenervia"
-26.795695,152.993582,"Melaleuca quinquenervia"
-26.79541,152.96886,"Melaleuca quinquenervia"
-26.79541,152.96886,"Melaleuca quinquenervia"
-26.795159,153.077346,"Melaleuca quinquenervia"
-26.795159,153.077346,"Melaleuca quinquenervia"
-26.794968,153.074303,"Melaleuca quinquenervia"
-26.794968,153.074303,"Melaleuca quinquenervia"
-26.794897,152.997157,"Melaleuca quinquenervia"
-26.79477,153.05229,"Melaleuca quinquenervia"
-26.79424,152.96721,"Melaleuca quinquenervia"
-26.794031,153.103281,"Melaleuca quinquenervia"
-26.793748,153.067375,"Melaleuca quinquenervia"
-26.793748,153.067375,"Melaleuca quinquenervia"
-26.793091,152.967238,"Melaleuca quinquenervia"
-26.79282,153.0059,"Melaleuca quinquenervia"
-26.792783,153.058425,"Melaleuca quinquenervia"
-26.792398,153.122833,"Melaleuca quinquenervia"
-26.79224,153.077841,"Melaleuca quinquenervia"
-26.79224,153.077841,"Melaleuca quinquenervia"
-26.79189,153.0069,"Melaleuca quinquenervia"
-26.791858,153.077369,"Melaleuca quinquenervia"
-26.791858,153.077369,"Melaleuca quinquenervia"
-26.791304,153.075882,"Melaleuca quinquenervia"
-26.791304,153.075882,"Melaleuca quinquenervia"
-26.79031,153.133087,"Melaleuca quinquenervia"
-26.790302,153.066814,"Melaleuca quinquenervia"
-26.790302,153.066814,"Melaleuca quinquenervia"
-26.79007,153.092724,"Melaleuca quinquenervia"
-26.78972,153.01109,"Melaleuca quinquenervia"
-26.78839,153.05335,"Melaleuca quinquenervia"
-26.78655,153.05107,"Melaleuca quinquenervia"
-26.786192,153.055008,"Melaleuca quinquenervia"
-26.78609,153.05378,"Melaleuca quinquenervia"
-26.785238,152.985717,"Melaleuca quinquenervia"
-26.78491,153.04888,"Melaleuca quinquenervia"
-26.78464,153.054121,"Melaleuca quinquenervia"
-26.78448,153.05407,"Melaleuca quinquenervia"
-26.783442,153.083237,"Melaleuca quinquenervia"
-26.783333,153.083333,"Melaleuca quinquenervia"
-26.7833,153.0833,"Melaleuca quinquenervia"
-26.7833,153.0833,"Melaleuca quinquenervia"
-26.78293,153.0541,"Melaleuca quinquenervia"
-26.7819494,153.0841898,"Melaleuca quinquenervia"
-26.78107,153.138526,"Melaleuca quinquenervia"
-26.78107,153.138526,"Melaleuca quinquenervia"
-26.78084,153.050095,"Melaleuca quinquenervia"
-26.779797,153.138316,"Melaleuca quinquenervia"
-26.779797,153.138316,"Melaleuca quinquenervia"
-26.77973,153.0511,"Melaleuca quinquenervia"
-26.778551,153.137984,"Melaleuca quinquenervia"
-26.778551,153.137984,"Melaleuca quinquenervia"
-26.776945,153.108154,"Melaleuca quinquenervia"
-26.77505,153.0415,"Melaleuca quinquenervia"
-26.775,152.991667,"Melaleuca quinquenervia"
-26.774792,153.110291,"Melaleuca quinquenervia"
-26.774653,153.089423,"Melaleuca quinquenervia"
-26.774612,153.009492,"Melaleuca quinquenervia"
-26.774521,153.089389,"Melaleuca quinquenervia"
-26.774417,153.135987,"Melaleuca quinquenervia"
-26.773521,153.129115,"Melaleuca quinquenervia"
-26.773408,152.992731,"Melaleuca quinquenervia"
-26.772699,153.131875,"Melaleuca quinquenervia"
-26.772628,153.1353,"Melaleuca quinquenervia"
-26.772628,153.1353,"Melaleuca quinquenervia"
-26.77088,153.04119,"Melaleuca quinquenervia"
-26.769977,153.089784,"Melaleuca quinquenervia"
-26.768722,153.09151,"Melaleuca quinquenervia"
-26.76687,153.10724,"Melaleuca quinquenervia"
-26.7667,153.1167,"Melaleuca quinquenervia"
-26.7667,153.1167,"Melaleuca quinquenervia"
-26.7667,153.1167,"Melaleuca quinquenervia"
-26.76663,153.10888,"Melaleuca quinquenervia"
-26.766101,153.135664,"Melaleuca quinquenervia"
-26.765905,153.123135,"Melaleuca quinquenervia"
-26.765587,153.125075,"Melaleuca quinquenervia"
-26.765087,152.961418,"Melaleuca quinquenervia"
-26.763886,153.128073,"Melaleuca quinquenervia"
-26.763886,153.128073,"Melaleuca quinquenervia"
-26.763733,153.129151,"Melaleuca quinquenervia"
-26.763733,153.129198,"Melaleuca quinquenervia"
-26.763284,153.130029,"Melaleuca quinquenervia"
-26.763272,153.130716,"Melaleuca quinquenervia"
-26.763247,153.13025,"Melaleuca quinquenervia"
-26.763189,153.130722,"Melaleuca quinquenervia"
-26.763174,153.132045,"Melaleuca quinquenervia"
-26.76317,153.129897,"Melaleuca quinquenervia"
-26.763164,153.129433,"Melaleuca quinquenervia"
-26.763126,153.130957,"Melaleuca quinquenervia"
-26.763061,153.131181,"Melaleuca quinquenervia"
-26.76306,153.13333,"Melaleuca quinquenervia"
-26.763056,153.133333,"Melaleuca quinquenervia"
-26.763039,153.132631,"Melaleuca quinquenervia"
-26.763022,153.13332,"Melaleuca quinquenervia"
-26.762973,153.136349,"Melaleuca quinquenervia"
-26.762967,153.134431,"Melaleuca quinquenervia"
-26.762886,153.134654,"Melaleuca quinquenervia"
-26.762743,153.128295,"Melaleuca quinquenervia"
-26.762721,153.131792,"Melaleuca quinquenervia"
-26.762685,153.133975,"Melaleuca quinquenervia"
-26.762517,153.133583,"Melaleuca quinquenervia"
-26.762193,153.132518,"Melaleuca quinquenervia"
-26.762082,153.133252,"Melaleuca quinquenervia"
-26.761303,153.131052,"Melaleuca quinquenervia"
-26.761303,153.131052,"Melaleuca quinquenervia"
-26.7611,153.13195,"Melaleuca quinquenervia"
-26.761025,153.136081,"Melaleuca quinquenervia"
-26.760998,153.132432,"Melaleuca quinquenervia"
-26.760854,153.132471,"Melaleuca quinquenervia"
-26.760853,153.132235,"Melaleuca quinquenervia"
-26.760852,153.129144,"Melaleuca quinquenervia"
-26.760793,153.133892,"Melaleuca quinquenervia"
-26.760689,153.129921,"Melaleuca quinquenervia"
-26.760265,153.129191,"Melaleuca quinquenervia"
-26.760076,153.131146,"Melaleuca quinquenervia"
-26.76004,153.131011,"Melaleuca quinquenervia"
-26.759995,153.131011,"Melaleuca quinquenervia"
-26.759962,153.130935,"Melaleuca quinquenervia"
-26.759718,153.131783,"Melaleuca quinquenervia"
-26.759545,153.131986,"Melaleuca quinquenervia"
-26.75948,153.12461,"Melaleuca quinquenervia"
-26.758438,153.05661,"Melaleuca quinquenervia"
-26.757939,153.134948,"Melaleuca quinquenervia"
-26.757244,153.108139,"Melaleuca quinquenervia"
-26.75702,153.11464,"Melaleuca quinquenervia"
-26.75661,153.102469,"Melaleuca quinquenervia"
-26.75374,153.05313,"Melaleuca quinquenervia"
-26.75303,153.11973,"Melaleuca quinquenervia"
-26.750453,153.049775,"Melaleuca quinquenervia"
-26.750223,153.103287,"Melaleuca quinquenervia"
-26.75,153.083333,"Melaleuca quinquenervia"
-26.75,153.083333,"Melaleuca quinquenervia"
-26.748403,153.08439,"Melaleuca quinquenervia"
-26.748403,153.08439,"Melaleuca quinquenervia"
-26.748403,153.08439,"Melaleuca quinquenervia"
-26.748403,153.08439,"Melaleuca quinquenervia"
-26.744809,153.102504,"Melaleuca quinquenervia"
-26.743658,153.131731,"Melaleuca quinquenervia"
-26.74304,152.96195,"Melaleuca quinquenervia"
-26.74282,153.133832,"Melaleuca quinquenervia"
-26.74012,153.11339,"Melaleuca quinquenervia"
-26.74007,153.05939,"Melaleuca quinquenervia"
-26.73932,153.107424,"Melaleuca quinquenervia"
-26.738822,153.097381,"Melaleuca quinquenervia"
-26.737382,153.107178,"Melaleuca quinquenervia"
-26.73566,153.11238,"Melaleuca quinquenervia"
-26.733165,153.066151,"Melaleuca quinquenervia"
-26.731973,153.093011,"Melaleuca quinquenervia"
-26.731805,153.092859,"Melaleuca quinquenervia"
-26.730898,153.087622,"Melaleuca quinquenervia"
-26.73049,153.0889,"Melaleuca quinquenervia"
-26.730228,153.087279,"Melaleuca quinquenervia"
-26.729631,153.087769,"Melaleuca quinquenervia"
-26.728693,153.08827,"Melaleuca quinquenervia"
-26.728414,153.088346,"Melaleuca quinquenervia"
-26.72728,153.092727,"Melaleuca quinquenervia"
-26.72661,153.08973,"Melaleuca quinquenervia"
-26.726128,153.118135,"Melaleuca quinquenervia"
-26.724417,153.095596,"Melaleuca quinquenervia"
-26.7236,153.09028,"Melaleuca quinquenervia"
-26.721137,153.066094,"Melaleuca quinquenervia"
-26.72047,153.07596,"Melaleuca quinquenervia"
-26.72017,153.098647,"Melaleuca quinquenervia"
-26.720063,153.06761,"Melaleuca quinquenervia"
-26.71985,153.11364,"Melaleuca quinquenervia"
-26.719636,153.065027,"Melaleuca quinquenervia"
-26.719608,153.065035,"Melaleuca quinquenervia"
-26.719327,153.06366,"Melaleuca quinquenervia"
-26.71885,153.11044,"Melaleuca quinquenervia"
-26.7186,153.0953,"Melaleuca quinquenervia"
-26.71808,153.10813,"Melaleuca quinquenervia"
-26.717616,153.068151,"Melaleuca quinquenervia"
-26.71755,153.11511,"Melaleuca quinquenervia"
-26.717101,153.06559,"Melaleuca quinquenervia"
-26.716489,153.060148,"Melaleuca quinquenervia"
-26.71628,153.09678,"Melaleuca quinquenervia"
-26.715987,153.061928,"Melaleuca quinquenervia"
-26.715987,153.061928,"Melaleuca quinquenervia"
-26.713645,153.11305,"Melaleuca quinquenervia"
-26.713245,153.06952,"Melaleuca quinquenervia"
-26.71218,153.040956,"Melaleuca quinquenervia"
-26.70997,153.071,"Melaleuca quinquenervia"
-26.70994,153.07646,"Melaleuca quinquenervia"
-26.704722,153.08705,"Melaleuca quinquenervia"
-26.702485,153.115965,"Melaleuca quinquenervia"
-26.70171,152.96283,"Melaleuca quinquenervia"
-26.692849,153.112252,"Melaleuca quinquenervia"
-26.68587,153.104088,"Melaleuca quinquenervia"
-26.685162,153.103917,"Melaleuca quinquenervia"
-26.684317,153.12355,"Melaleuca quinquenervia"
-26.682,153.00523,"Melaleuca quinquenervia"
-26.68006,152.99162,"Melaleuca quinquenervia"
-26.666986,153.024752,"Melaleuca quinquenervia"
-26.666986,153.024752,"Melaleuca quinquenervia"
-26.66657,153.071559,"Melaleuca quinquenervia"
-26.66556,153.00968,"Melaleuca quinquenervia"
-26.662902,153.080466,"Melaleuca quinquenervia"
-26.656736,153.092724,"Melaleuca quinquenervia"
-26.65571,153.03688,"Melaleuca quinquenervia"
-26.654722,152.961389,"Melaleuca quinquenervia"
-26.65367,153.0569,"Melaleuca quinquenervia"
-26.65237,153.03656,"Melaleuca quinquenervia"
-26.65176,153.04943,"Melaleuca quinquenervia"
-26.65148,153.04431,"Melaleuca quinquenervia"
-26.65117,152.98107,"Melaleuca quinquenervia"
-26.65,153.1,"Melaleuca quinquenervia"
-26.64772,153.04856,"Melaleuca quinquenervia"
-26.64537,153.04142,"Melaleuca quinquenervia"
-26.63746,153.08112,"Melaleuca quinquenervia"
-26.63656,153.08917,"Melaleuca quinquenervia"
-26.632086,152.942489,"Melaleuca quinquenervia"
-26.629943,153.095785,"Melaleuca quinquenervia"
-26.62957,153.09265,"Melaleuca quinquenervia"
-26.629486,153.092366,"Melaleuca quinquenervia"
-26.62915,153.09897,"Melaleuca quinquenervia"
-26.626479,153.092922,"Melaleuca quinquenervia"
-26.62028,153.10042,"Melaleuca quinquenervia"
-26.619031,153.065998,"Melaleuca quinquenervia"
-26.615135,153.100597,"Melaleuca quinquenervia"
-26.612862,153.040375,"Melaleuca quinquenervia"
-26.61151,153.04133,"Melaleuca quinquenervia"
-26.60913,153.0443,"Melaleuca quinquenervia"
-26.60825,153.08249,"Melaleuca quinquenervia"
-26.607513,153.093764,"Melaleuca quinquenervia"
-26.60728,153.04773,"Melaleuca quinquenervia"
-26.607203,153.051605,"Melaleuca quinquenervia"
-26.606685,153.04995,"Melaleuca quinquenervia"
-26.60297,153.0791,"Melaleuca quinquenervia"
-26.594645,153.092523,"Melaleuca quinquenervia"
-26.593554,153.089716,"Melaleuca quinquenervia"
-26.592888,153.09021,"Melaleuca quinquenervia"
-26.59186,153.058413,"Melaleuca quinquenervia"
-26.59186,153.058413,"Melaleuca quinquenervia"
-26.591463,153.058167,"Melaleuca quinquenervia"
-26.591302,153.057374,"Melaleuca quinquenervia"
-26.591302,153.057374,"Melaleuca quinquenervia"
-26.584737,153.092945,"Melaleuca quinquenervia"
-26.58385,153.08813,"Melaleuca quinquenervia"
-26.583333,153.083333,"Melaleuca quinquenervia"
-26.583333,153.083333,"Melaleuca quinquenervia"
-26.58256,153.01134,"Melaleuca quinquenervia"
-26.581741,152.917731,"Melaleuca quinquenervia"
-26.581736,153.08439,"Melaleuca quinquenervia"
-26.581736,153.08439,"Melaleuca quinquenervia"
-26.581736,153.08439,"Melaleuca quinquenervia"
-26.581736,153.08439,"Melaleuca quinquenervia"
-26.581736,153.08439,"Melaleuca quinquenervia"
-26.581736,153.08439,"Melaleuca quinquenervia"
-26.581736,153.08439,"Melaleuca quinquenervia"
-26.581736,153.08439,"Melaleuca quinquenervia"
-26.579159,153.092449,"Melaleuca quinquenervia"
-26.5787,153.08816,"Melaleuca quinquenervia"
-26.575,153.0903,"Melaleuca quinquenervia"
-26.575,153.090278,"Melaleuca quinquenervia"
-26.573442,153.091478,"Melaleuca quinquenervia"
-26.573403,153.092724,"Melaleuca quinquenervia"
-26.57335,153.087819,"Melaleuca quinquenervia"
-26.572374,153.079053,"Melaleuca quinquenervia"
-26.572374,153.079053,"Melaleuca quinquenervia"
-26.572079,153.077553,"Melaleuca quinquenervia"
-26.572079,153.077553,"Melaleuca quinquenervia"
-26.570557,153.097464,"Melaleuca quinquenervia"
-26.568737,153.07733,"Melaleuca quinquenervia"
-26.568737,153.07733,"Melaleuca quinquenervia"
-26.567531,153.009135,"Melaleuca quinquenervia"
-26.567504,153.009858,"Melaleuca quinquenervia"
-26.567126,153.077802,"Melaleuca quinquenervia"
-26.567126,153.077802,"Melaleuca quinquenervia"
-26.566787,153.052933,"Melaleuca quinquenervia"
-26.565948,153.05366,"Melaleuca quinquenervia"
-26.565853,153.053725,"Melaleuca quinquenervia"
-26.56508,153.04031,"Melaleuca quinquenervia"
-26.562045,153.029151,"Melaleuca quinquenervia"
-26.562005,153.090789,"Melaleuca quinquenervia"
-26.561983,153.090639,"Melaleuca quinquenervia"
-26.561773,153.09033,"Melaleuca quinquenervia"
-26.56145,153.09134,"Melaleuca quinquenervia"
-26.56134,153.090278,"Melaleuca quinquenervia"
-26.559556,153.090303,"Melaleuca quinquenervia"
-26.557225,153.085572,"Melaleuca quinquenervia"
-26.556736,153.092724,"Melaleuca quinquenervia"
-26.556302,152.95557,"Melaleuca quinquenervia"
-26.555425,152.95117,"Melaleuca quinquenervia"
-26.551373,153.095946,"Melaleuca quinquenervia"
-26.550006,153.083767,"Melaleuca quinquenervia"
-26.55,153.08333,"Melaleuca quinquenervia"
-26.54889,153.05144,"Melaleuca quinquenervia"
-26.54776,153.04964,"Melaleuca quinquenervia"
-26.546857,153.037665,"Melaleuca quinquenervia"
-26.542417,153.039075,"Melaleuca quinquenervia"
-26.5333,153.05,"Melaleuca quinquenervia"
-26.5333,153.0833,"Melaleuca quinquenervia"
-26.5333,153.0833,"Melaleuca quinquenervia"
-26.53239,153.05249,"Melaleuca quinquenervia"
-26.53206,153.07685,"Melaleuca quinquenervia"
-26.531514,153.090356,"Melaleuca quinquenervia"
-26.526086,153.069183,"Melaleuca quinquenervia"
-26.526086,153.069183,"Melaleuca quinquenervia"
-26.522997,153.067694,"Melaleuca quinquenervia"
-26.522997,153.067694,"Melaleuca quinquenervia"
-26.52258,153.07256,"Melaleuca quinquenervia"
-26.522489,153.070005,"Melaleuca quinquenervia"
-26.522489,153.070005,"Melaleuca quinquenervia"
-26.51802,152.985,"Melaleuca quinquenervia"
-26.51715,152.98393,"Melaleuca quinquenervia"
-26.51643,153.0691,"Melaleuca quinquenervia"
-26.516051,153.062818,"Melaleuca quinquenervia"
-26.516019,153.063519,"Melaleuca quinquenervia"
-26.51579,152.98796,"Melaleuca quinquenervia"
-26.515732,153.063214,"Melaleuca quinquenervia"
-26.515641,153.063352,"Melaleuca quinquenervia"
-26.515565,153.063528,"Melaleuca quinquenervia"
-26.51549,153.09281,"Melaleuca quinquenervia"
-26.514513,153.087936,"Melaleuca quinquenervia"
-26.50883,153.08428,"Melaleuca quinquenervia"
-26.50855,153.08227,"Melaleuca quinquenervia"
-26.507581,153.091842,"Melaleuca quinquenervia"
-26.507381,153.092877,"Melaleuca quinquenervia"
-26.507312,153.092857,"Melaleuca quinquenervia"
-26.50722,153.0929,"Melaleuca quinquenervia"
-26.507111,153.078801,"Melaleuca quinquenervia"
-26.507047,153.092239,"Melaleuca quinquenervia"
-26.506874,153.09157,"Melaleuca quinquenervia"
-26.506865,153.091666,"Melaleuca quinquenervia"
-26.506832,153.092578,"Melaleuca quinquenervia"
-26.50682,153.09175,"Melaleuca quinquenervia"
-26.50679,153.091182,"Melaleuca quinquenervia"
-26.50677,153.08637,"Melaleuca quinquenervia"
-26.50677,153.08637,"Melaleuca quinquenervia"
-26.50677,153.08637,"Melaleuca quinquenervia"
-26.50677,153.08637,"Melaleuca quinquenervia"
-26.506752,153.078582,"Melaleuca quinquenervia"
-26.506717,153.06598,"Melaleuca quinquenervia"
-26.506592,153.079758,"Melaleuca quinquenervia"
-26.5065,153.066239,"Melaleuca quinquenervia"
-26.50629,153.09241,"Melaleuca quinquenervia"
-26.50622,153.09087,"Melaleuca quinquenervia"
-26.50622,153.09085,"Melaleuca quinquenervia"
-26.505149,153.088429,"Melaleuca quinquenervia"
-26.50497,153.08386,"Melaleuca quinquenervia"
-26.504635,153.081671,"Melaleuca quinquenervia"
-26.504138,153.08288,"Melaleuca quinquenervia"
-26.503553,153.084914,"Melaleuca quinquenervia"
-26.503466,153.084844,"Melaleuca quinquenervia"
-26.5031,153.08746,"Melaleuca quinquenervia"
-26.502863,153.084992,"Melaleuca quinquenervia"
-26.50249,153.08737,"Melaleuca quinquenervia"
-26.502477,153.087159,"Melaleuca quinquenervia"
-26.50236,153.08725,"Melaleuca quinquenervia"
-26.502353,153.086887,"Melaleuca quinquenervia"
-26.501828,153.083375,"Melaleuca quinquenervia"
-26.50089,153.08578,"Melaleuca quinquenervia"
-26.4999,153.09096,"Melaleuca quinquenervia"
-26.4998,153.09103,"Melaleuca quinquenervia"
-26.4996,153.09174,"Melaleuca quinquenervia"
-26.49951,153.09169,"Melaleuca quinquenervia"
-26.498555,153.073761,"Melaleuca quinquenervia"
-26.498445,153.072358,"Melaleuca quinquenervia"
-26.498087,153.072922,"Melaleuca quinquenervia"
-26.496853,153.071954,"Melaleuca quinquenervia"
-26.4967,153.093978,"Melaleuca quinquenervia"
-26.496553,153.081908,"Melaleuca quinquenervia"
-26.49637,152.98685,"Melaleuca quinquenervia"
-26.49637,152.98685,"Melaleuca quinquenervia"
-26.49637,152.98685,"Melaleuca quinquenervia"
-26.49637,152.98685,"Melaleuca quinquenervia"
-26.49637,152.98685,"Melaleuca quinquenervia"
-26.49637,152.98685,"Melaleuca quinquenervia"
-26.49637,152.98685,"Melaleuca quinquenervia"
-26.49637,152.98685,"Melaleuca quinquenervia"
-26.49637,152.98685,"Melaleuca quinquenervia"
-26.49637,152.98685,"Melaleuca quinquenervia"
-26.49637,152.98685,"Melaleuca quinquenervia"
-26.49637,152.98685,"Melaleuca quinquenervia"
-26.49637,152.98685,"Melaleuca quinquenervia"
-26.49637,152.98685,"Melaleuca quinquenervia"
-26.49637,152.98685,"Melaleuca quinquenervia"
-26.49637,152.98685,"Melaleuca quinquenervia"
-26.49637,152.98685,"Melaleuca quinquenervia"
-26.49637,152.98685,"Melaleuca quinquenervia"
-26.49637,152.98685,"Melaleuca quinquenervia"
-26.49637,152.98685,"Melaleuca quinquenervia"
-26.49637,152.98685,"Melaleuca quinquenervia"
-26.49637,152.98685,"Melaleuca quinquenervia"
-26.49637,152.98685,"Melaleuca quinquenervia"
-26.49637,152.98685,"Melaleuca quinquenervia"
-26.49637,152.98685,"Melaleuca quinquenervia"
-26.49637,152.98685,"Melaleuca quinquenervia"
-26.49637,152.98685,"Melaleuca quinquenervia"
-26.49637,152.98685,"Melaleuca quinquenervia"
-26.49628,153.08613,"Melaleuca quinquenervia"
-26.49617,152.98724,"Melaleuca quinquenervia"
-26.49617,152.98724,"Melaleuca quinquenervia"
-26.49617,152.98724,"Melaleuca quinquenervia"
-26.49617,152.98724,"Melaleuca quinquenervia"
-26.49617,152.98724,"Melaleuca quinquenervia"
-26.49617,152.98724,"Melaleuca quinquenervia"
-26.49617,152.98724,"Melaleuca quinquenervia"
-26.49617,152.98724,"Melaleuca quinquenervia"
-26.49617,152.98724,"Melaleuca quinquenervia"
-26.49617,152.98724,"Melaleuca quinquenervia"
-26.49617,152.98724,"Melaleuca quinquenervia"
-26.49617,152.98724,"Melaleuca quinquenervia"
-26.49617,152.98724,"Melaleuca quinquenervia"
-26.49617,152.98724,"Melaleuca quinquenervia"
-26.49617,152.98724,"Melaleuca quinquenervia"
-26.49617,152.98724,"Melaleuca quinquenervia"
-26.49617,152.98724,"Melaleuca quinquenervia"
-26.49617,152.98724,"Melaleuca quinquenervia"
-26.49617,152.98724,"Melaleuca quinquenervia"
-26.49617,152.98724,"Melaleuca quinquenervia"
-26.49617,152.98724,"Melaleuca quinquenervia"
-26.49617,152.98724,"Melaleuca quinquenervia"
-26.49617,152.98724,"Melaleuca quinquenervia"
-26.49617,152.98724,"Melaleuca quinquenervia"
-26.49617,152.98724,"Melaleuca quinquenervia"
-26.49617,152.98724,"Melaleuca quinquenervia"
-26.49617,152.98724,"Melaleuca quinquenervia"
-26.49617,152.98724,"Melaleuca quinquenervia"
-26.49617,152.98724,"Melaleuca quinquenervia"
-26.49617,152.98724,"Melaleuca quinquenervia"
-26.49617,152.98724,"Melaleuca quinquenervia"
-26.49617,152.98724,"Melaleuca quinquenervia"
-26.49617,152.98724,"Melaleuca quinquenervia"
-26.49617,152.98724,"Melaleuca quinquenervia"
-26.49617,152.98724,"Melaleuca quinquenervia"
-26.49617,152.98724,"Melaleuca quinquenervia"
-26.49617,152.98724,"Melaleuca quinquenervia"
-26.49617,152.98724,"Melaleuca quinquenervia"
-26.49617,152.98724,"Melaleuca quinquenervia"
-26.49617,152.98724,"Melaleuca quinquenervia"
-26.49617,152.98724,"Melaleuca quinquenervia"
-26.49617,152.98724,"Melaleuca quinquenervia"
-26.495205,153.062592,"Melaleuca quinquenervia"
-26.494793,153.059681,"Melaleuca quinquenervia"
-26.493238,153.080489,"Melaleuca quinquenervia"
-26.49124,153.064391,"Melaleuca quinquenervia"
-26.49094,153.08185,"Melaleuca quinquenervia"
-26.49046,153.08409,"Melaleuca quinquenervia"
-26.48948,153.08537,"Melaleuca quinquenervia"
-26.4875,153.09386,"Melaleuca quinquenervia"
-26.48726,153.0939,"Melaleuca quinquenervia"
-26.48721,152.9731,"Melaleuca quinquenervia"
-26.48389,153.096557,"Melaleuca quinquenervia"
-26.48385,153.057562,"Melaleuca quinquenervia"
-26.48338,152.98434,"Melaleuca quinquenervia"
-26.4831,153.08521,"Melaleuca quinquenervia"
-26.48168,153.055791,"Melaleuca quinquenervia"
-26.48168,153.055791,"Melaleuca quinquenervia"
-26.480493,153.057947,"Melaleuca quinquenervia"
-26.480493,153.057947,"Melaleuca quinquenervia"
-26.47688,153.09,"Melaleuca quinquenervia"
-26.47684,153.08995,"Melaleuca quinquenervia"
-26.476564,153.089138,"Melaleuca quinquenervia"
-26.475695,153.085572,"Melaleuca quinquenervia"
-26.474023,153.003561,"Melaleuca quinquenervia"
-26.472007,153.059857,"Melaleuca quinquenervia"
-26.471643,153.001072,"Melaleuca quinquenervia"
-26.471643,153.001072,"Melaleuca quinquenervia"
-26.46645,153.01357,"Melaleuca quinquenervia"
-26.466419,153.078853,"Melaleuca quinquenervia"
-26.46562,153.00273,"Melaleuca quinquenervia"
-26.46532,153.08493,"Melaleuca quinquenervia"
-26.45617,153.05901,"Melaleuca quinquenervia"
-26.456022,153.057907,"Melaleuca quinquenervia"
-26.455577,153.094477,"Melaleuca quinquenervia"
-26.45454,153.05667,"Melaleuca quinquenervia"
-26.45,153.1,"Melaleuca quinquenervia"
-26.449075,153.093125,"Melaleuca quinquenervia"
-26.446917,153.088839,"Melaleuca quinquenervia"
-26.44589,152.87211,"Melaleuca quinquenervia"
-26.4386,153.05751,"Melaleuca quinquenervia"
-26.4386,153.05751,"Melaleuca quinquenervia"
-26.43849,152.85541,"Melaleuca quinquenervia"
-26.437083,152.96745,"Melaleuca quinquenervia"
-26.43605,153.061763,"Melaleuca quinquenervia"
-26.432093,152.90801,"Melaleuca quinquenervia"
-26.432093,152.90801,"Melaleuca quinquenervia"
-26.43119,153.00541,"Melaleuca quinquenervia"
-26.427904,152.944536,"Melaleuca quinquenervia"
-26.42559,152.93611,"Melaleuca quinquenervia"
-26.4203,153.027889,"Melaleuca quinquenervia"
-26.42023,153.028365,"Melaleuca quinquenervia"
-26.41764,153.03125,"Melaleuca quinquenervia"
-26.41749,153.05223,"Melaleuca quinquenervia"
-26.41744,153.028492,"Melaleuca quinquenervia"
-26.41719,152.95431,"Melaleuca quinquenervia"
-26.416667,153.083333,"Melaleuca quinquenervia"
-26.41611,153.01491,"Melaleuca quinquenervia"
-26.415075,152.917726,"Melaleuca quinquenervia"
-26.415069,153.084387,"Melaleuca quinquenervia"
-26.415069,153.084387,"Melaleuca quinquenervia"
-26.41482,153.01611,"Melaleuca quinquenervia"
-26.41466,153.03456,"Melaleuca quinquenervia"
-26.41466,153.03456,"Melaleuca quinquenervia"
-26.4092,152.998092,"Melaleuca quinquenervia"
-26.40899,152.97611,"Melaleuca quinquenervia"
-26.40732,153.0943,"Melaleuca quinquenervia"
-26.40722,153.01452,"Melaleuca quinquenervia"
-26.402054,152.949108,"Melaleuca quinquenervia"
-26.401911,153.079969,"Melaleuca quinquenervia"
-26.40075,153.00851,"Melaleuca quinquenervia"
-26.40049,153.0134,"Melaleuca quinquenervia"
-26.398,153.093,"Melaleuca quinquenervia"
-26.3961,153.022448,"Melaleuca quinquenervia"
-26.396067,153.089447,"Melaleuca quinquenervia"
-26.39125,153.00881,"Melaleuca quinquenervia"
-26.3885,153.01256,"Melaleuca quinquenervia"
-26.38746,153.01181,"Melaleuca quinquenervia"
-26.38699,152.9993,"Melaleuca quinquenervia"
-26.38699,152.9993,"Melaleuca quinquenervia"
-26.3867,152.930594,"Melaleuca quinquenervia"
-26.38584,153.00193,"Melaleuca quinquenervia"
-26.38579,153.01591,"Melaleuca quinquenervia"
-26.38499,153.006,"Melaleuca quinquenervia"
-26.384751,153.006934,"Melaleuca quinquenervia"
-26.38413,153.00881,"Melaleuca quinquenervia"
-26.384114,153.008653,"Melaleuca quinquenervia"
-26.38311,153.08661,"Melaleuca quinquenervia"
-26.38215,152.99825,"Melaleuca quinquenervia"
-26.38208,153.01705,"Melaleuca quinquenervia"
-26.38208,153.01705,"Melaleuca quinquenervia"
-26.38208,153.01705,"Melaleuca quinquenervia"
-26.38208,153.01705,"Melaleuca quinquenervia"
-26.38208,153.01705,"Melaleuca quinquenervia"
-26.38208,153.01705,"Melaleuca quinquenervia"
-26.38208,153.01705,"Melaleuca quinquenervia"
-26.38208,153.01705,"Melaleuca quinquenervia"
-26.38208,153.01705,"Melaleuca quinquenervia"
-26.38201,153.01774,"Melaleuca quinquenervia"
-26.38074,153.02097,"Melaleuca quinquenervia"
-26.380586,153.021005,"Melaleuca quinquenervia"
-26.379523,152.997148,"Melaleuca quinquenervia"
-26.37806,153.05259,"Melaleuca quinquenervia"
-26.37806,153.05259,"Melaleuca quinquenervia"
-26.37806,153.05259,"Melaleuca quinquenervia"
-26.37806,153.05259,"Melaleuca quinquenervia"
-26.37806,153.05259,"Melaleuca quinquenervia"
-26.37806,153.05259,"Melaleuca quinquenervia"
-26.37806,153.05259,"Melaleuca quinquenervia"
-26.37806,153.05259,"Melaleuca quinquenervia"
-26.37806,153.05259,"Melaleuca quinquenervia"
-26.37806,153.05259,"Melaleuca quinquenervia"
-26.37806,153.05259,"Melaleuca quinquenervia"
-26.37806,153.05259,"Melaleuca quinquenervia"
-26.37806,153.05259,"Melaleuca quinquenervia"
-26.37806,153.05259,"Melaleuca quinquenervia"
-26.37806,153.05259,"Melaleuca quinquenervia"
-26.37806,153.05259,"Melaleuca quinquenervia"
-26.37806,153.05259,"Melaleuca quinquenervia"
-26.37806,153.05259,"Melaleuca quinquenervia"
-26.37806,153.05259,"Melaleuca quinquenervia"
-26.37806,153.05259,"Melaleuca quinquenervia"
-26.37806,153.05259,"Melaleuca quinquenervia"
-26.37806,153.05259,"Melaleuca quinquenervia"
-26.37806,153.05259,"Melaleuca quinquenervia"
-26.37806,153.05259,"Melaleuca quinquenervia"
-26.37806,153.05259,"Melaleuca quinquenervia"
-26.375675,153.036208,"Melaleuca quinquenervia"
-26.375361,153.037872,"Melaleuca quinquenervia"
-26.37398,152.9311,"Melaleuca quinquenervia"
-26.372769,152.853272,"Melaleuca quinquenervia"
-26.37131,152.95068,"Melaleuca quinquenervia"
-26.36529,152.78601,"Melaleuca quinquenervia"
-26.36506,153.00106,"Melaleuca quinquenervia"
-26.364543,152.96767,"Melaleuca quinquenervia"
-26.36409,152.98671,"Melaleuca quinquenervia"
-26.36403,153.05141,"Melaleuca quinquenervia"
-26.36339,152.97491,"Melaleuca quinquenervia"
-26.36229,152.94611,"Melaleuca quinquenervia"
-26.360365,153.053448,"Melaleuca quinquenervia"
-26.356034,153.013654,"Melaleuca quinquenervia"
-26.35449,152.93931,"Melaleuca quinquenervia"
-26.35439,152.94421,"Melaleuca quinquenervia"
-26.354311,153.060303,"Melaleuca quinquenervia"
-26.347047,153.061661,"Melaleuca quinquenervia"
-26.346375,152.970777,"Melaleuca quinquenervia"
-26.34613,153.05989,"Melaleuca quinquenervia"
-26.345605,153.059325,"Melaleuca quinquenervia"
-26.343617,153.052683,"Melaleuca quinquenervia"
-26.343,152.994,"Melaleuca quinquenervia"
-26.33969,153.00151,"Melaleuca quinquenervia"
-26.339211,152.964102,"Melaleuca quinquenervia"
-26.338909,152.962753,"Melaleuca quinquenervia"
-26.337705,152.967788,"Melaleuca quinquenervia"
-26.33599,152.92281,"Melaleuca quinquenervia"
-26.33497,152.99486,"Melaleuca quinquenervia"
-26.334344,153.060469,"Melaleuca quinquenervia"
-26.333631,153.060592,"Melaleuca quinquenervia"
-26.333394,153.060806,"Melaleuca quinquenervia"
-26.32069,152.95331,"Melaleuca quinquenervia"
-26.318763,152.972233,"Melaleuca quinquenervia"
-26.30659,152.97401,"Melaleuca quinquenervia"
-26.30649,152.96501,"Melaleuca quinquenervia"
-26.30639,152.93181,"Melaleuca quinquenervia"
-26.30089,152.94341,"Melaleuca quinquenervia"
-26.29451,152.98106,"Melaleuca quinquenervia"
-26.29305,152.988755,"Melaleuca quinquenervia"
-26.293045,152.988787,"Melaleuca quinquenervia"
-26.28725,152.994431,"Melaleuca quinquenervia"
-26.286177,152.993402,"Melaleuca quinquenervia"
-26.28569,152.98121,"Melaleuca quinquenervia"
-26.28549,152.90921,"Melaleuca quinquenervia"
-26.284966,152.997572,"Melaleuca quinquenervia"
-26.28399,152.97091,"Melaleuca quinquenervia"
-26.2833,153,"Melaleuca quinquenervia"
-26.2833,153,"Melaleuca quinquenervia"
-26.28289,152.95341,"Melaleuca quinquenervia"
-26.26989,152.97161,"Melaleuca quinquenervia"
-26.266667,153.016667,"Melaleuca quinquenervia"
-26.25769,152.97421,"Melaleuca quinquenervia"
-26.257342,152.995589,"Melaleuca quinquenervia"
-26.25699,152.96901,"Melaleuca quinquenervia"
-26.256611,152.994369,"Melaleuca quinquenervia"
-26.25559,152.96861,"Melaleuca quinquenervia"
-26.25339,152.98001,"Melaleuca quinquenervia"
-26.252597,152.969422,"Melaleuca quinquenervia"
-26.252586,152.96936,"Melaleuca quinquenervia"
-26.248912,152.976902,"Melaleuca quinquenervia"
-26.248403,153.084387,"Melaleuca quinquenervia"
-26.24812,152.977627,"Melaleuca quinquenervia"
-26.247912,152.976438,"Melaleuca quinquenervia"
-26.24612,153.008526,"Melaleuca quinquenervia"
-26.233333,153.06533,"Melaleuca quinquenervia"
-26.23329,152.89471,"Melaleuca quinquenervia"
-26.232033,153.028611,"Melaleuca quinquenervia"
-26.22199,152.94991,"Melaleuca quinquenervia"
-26.216533,153.03443,"Melaleuca quinquenervia"
-26.21569,152.93671,"Melaleuca quinquenervia"
-26.212706,153.035194,"Melaleuca quinquenervia"
-26.20316,153.005374,"Melaleuca quinquenervia"
-26.19132,153.030348,"Melaleuca quinquenervia"
-26.1833,152.6667,"Melaleuca quinquenervia"
-26.16847,153.0283,"Melaleuca quinquenervia"
-26.1667,153,"Melaleuca quinquenervia"
-26.156746,152.209401,"Melaleuca quinquenervia"
-26.152491,152.746698,"Melaleuca quinquenervia"
-26.13731,153.04932,"Melaleuca quinquenervia"
-26.10875,152.96798,"Melaleuca quinquenervia"
-26.1,153,"Melaleuca quinquenervia"
-26.0999,153,"Melaleuca quinquenervia"
-26.097056,152.530556,"Melaleuca quinquenervia"
-26.081736,153.084387,"Melaleuca quinquenervia"
-26.057728,153.006443,"Melaleuca quinquenervia"
-26.052723,152.90534,"Melaleuca quinquenervia"
-26.048457,153.039336,"Melaleuca quinquenervia"
-26.04784,153.0755,"Melaleuca quinquenervia"
-26.04423,152.70912,"Melaleuca quinquenervia"
-26.040831,153.047974,"Melaleuca quinquenervia"
-26.033256,153.046449,"Melaleuca quinquenervia"
-26.03203,153.02461,"Melaleuca quinquenervia"
-26.030597,153.02617,"Melaleuca quinquenervia"
-26.02368,153.02405,"Melaleuca quinquenervia"
-26.021335,152.835189,"Melaleuca quinquenervia"
-26.017375,153.023543,"Melaleuca quinquenervia"
-26.015019,153.02112,"Melaleuca quinquenervia"
-26.0142,153.011161,"Melaleuca quinquenervia"
-26.009889,153.094517,"Melaleuca quinquenervia"
-26.009579,153.09323,"Melaleuca quinquenervia"
-26.008125,152.96933,"Melaleuca quinquenervia"
-26.006063,153.018166,"Melaleuca quinquenervia"
-26.00318,153.01959,"Melaleuca quinquenervia"
-26,153,"Melaleuca quinquenervia"
-26,153,"Melaleuca quinquenervia"
-26,153,"Melaleuca quinquenervia"
-26,152.8333,"Melaleuca quinquenervia"
-25.998092,153.01725,"Melaleuca quinquenervia"
-25.99756,153.1405,"Melaleuca quinquenervia"
-25.99395,152.9719,"Melaleuca quinquenervia"
-25.9934,152.65328,"Melaleuca quinquenervia"
-25.98556,153.00526,"Melaleuca quinquenervia"
-25.981281,153.069793,"Melaleuca quinquenervia"
-25.98071,153.069662,"Melaleuca quinquenervia"
-25.975,153.125,"Melaleuca quinquenervia"
-25.974308,153.072542,"Melaleuca quinquenervia"
-25.973845,153.072342,"Melaleuca quinquenervia"
-25.973842,153.073355,"Melaleuca quinquenervia"
-25.973797,153.072403,"Melaleuca quinquenervia"
-25.973185,153.072307,"Melaleuca quinquenervia"
-25.971334,153.087066,"Melaleuca quinquenervia"
-25.969506,152.659387,"Melaleuca quinquenervia"
-25.967862,153.06091,"Melaleuca quinquenervia"
-25.965948,153.109585,"Melaleuca quinquenervia"
-25.964521,153.111232,"Melaleuca quinquenervia"
-25.964227,153.111661,"Melaleuca quinquenervia"
-25.964188,153.111558,"Melaleuca quinquenervia"
-25.964183,153.111891,"Melaleuca quinquenervia"
-25.963727,153.115213,"Melaleuca quinquenervia"
-25.962117,152.661387,"Melaleuca quinquenervia"
-25.961072,152.953626,"Melaleuca quinquenervia"
-25.96,153.11,"Melaleuca quinquenervia"
-25.956392,153.100737,"Melaleuca quinquenervia"
-25.955596,153.10816,"Melaleuca quinquenervia"
-25.951872,152.937027,"Melaleuca quinquenervia"
-25.946088,153.001755,"Melaleuca quinquenervia"
-25.943289,153.073604,"Melaleuca quinquenervia"
-25.9432,153.073218,"Melaleuca quinquenervia"
-25.9333,152.9167,"Melaleuca quinquenervia"
-25.929451,152.908458,"Melaleuca quinquenervia"
-25.927529,152.905834,"Melaleuca quinquenervia"
-25.924514,153.01166,"Melaleuca quinquenervia"
-25.923955,153.072556,"Melaleuca quinquenervia"
-25.923955,153.072556,"Melaleuca quinquenervia"
-25.91868,152.7844,"Melaleuca quinquenervia"
-25.91508,152.417729,"Melaleuca quinquenervia"
-25.915076,152.584388,"Melaleuca quinquenervia"
-25.903768,153.014909,"Melaleuca quinquenervia"
-25.903131,153.072861,"Melaleuca quinquenervia"
-25.903053,153.07225,"Melaleuca quinquenervia"
-25.90297,153.013724,"Melaleuca quinquenervia"
-25.900269,153.062256,"Melaleuca quinquenervia"
-25.9,153.05,"Melaleuca quinquenervia"
-25.9,153.0167,"Melaleuca quinquenervia"
-25.898465,152.872063,"Melaleuca quinquenervia"
-25.898445,153.06285,"Melaleuca quinquenervia"
-25.8972,153.0617,"Melaleuca quinquenervia"
-25.8972,153.0617,"Melaleuca quinquenervia"
-25.895553,153.060408,"Melaleuca quinquenervia"
-25.895518,153.059803,"Melaleuca quinquenervia"
-25.89475,153.059539,"Melaleuca quinquenervia"
-25.892203,153.062425,"Melaleuca quinquenervia"
-25.887595,152.986018,"Melaleuca quinquenervia"
-25.886734,152.986421,"Melaleuca quinquenervia"
-25.885322,152.982983,"Melaleuca quinquenervia"
-25.885232,152.981471,"Melaleuca quinquenervia"
-25.884698,152.981091,"Melaleuca quinquenervia"
-25.884398,152.981876,"Melaleuca quinquenervia"
-25.879986,152.861273,"Melaleuca quinquenervia"
-25.87979,152.71106,"Melaleuca quinquenervia"
-25.870894,153.006288,"Melaleuca quinquenervia"
-25.870856,152.906518,"Melaleuca quinquenervia"
-25.869332,152.72522,"Melaleuca quinquenervia"
-25.867433,152.577372,"Melaleuca quinquenervia"
-25.86506,152.70523,"Melaleuca quinquenervia"
-25.86506,152.70523,"Melaleuca quinquenervia"
-25.86421,152.94667,"Melaleuca quinquenervia"
-25.856743,152.942722,"Melaleuca quinquenervia"
-25.85,152.9333,"Melaleuca quinquenervia"
-25.85,152.933334,"Melaleuca quinquenervia"
-25.848605,152.719865,"Melaleuca quinquenervia"
-25.84776,152.86917,"Melaleuca quinquenervia"
-25.84776,152.86917,"Melaleuca quinquenervia"
-25.847032,152.719332,"Melaleuca quinquenervia"
-25.846295,152.715973,"Melaleuca quinquenervia"
-25.840668,152.883833,"Melaleuca quinquenervia"
-25.839345,152.647482,"Melaleuca quinquenervia"
-25.836488,152.657542,"Melaleuca quinquenervia"
-25.827203,152.675877,"Melaleuca quinquenervia"
-25.81946,152.726433,"Melaleuca quinquenervia"
-25.81812,152.69995,"Melaleuca quinquenervia"
-25.81812,152.69995,"Melaleuca quinquenervia"
-25.81812,152.69995,"Melaleuca quinquenervia"
-25.81062,152.69884,"Melaleuca quinquenervia"
-25.81062,152.69884,"Melaleuca quinquenervia"
-25.80895,152.69967,"Melaleuca quinquenervia"
-25.80672,152.62008,"Melaleuca quinquenervia"
-25.80207,152.791743,"Melaleuca quinquenervia"
-25.79284,152.69967,"Melaleuca quinquenervia"
-25.789615,152.695273,"Melaleuca quinquenervia"
-25.789557,152.695255,"Melaleuca quinquenervia"
-25.789506,152.69545,"Melaleuca quinquenervia"
-25.78879,152.695248,"Melaleuca quinquenervia"
-25.788637,152.695123,"Melaleuca quinquenervia"
-25.788406,152.695532,"Melaleuca quinquenervia"
-25.788175,152.694515,"Melaleuca quinquenervia"
-25.78166,152.908042,"Melaleuca quinquenervia"
-25.773148,152.851037,"Melaleuca quinquenervia"
-25.771165,152.947973,"Melaleuca quinquenervia"
-25.768208,152.691738,"Melaleuca quinquenervia"
-25.766667,152.816667,"Melaleuca quinquenervia"
-25.76595,152.756482,"Melaleuca quinquenervia"
-25.765617,152.852693,"Melaleuca quinquenervia"
-25.76238,152.759727,"Melaleuca quinquenervia"
-25.7611,152.9339,"Melaleuca quinquenervia"
-25.761098,152.68888,"Melaleuca quinquenervia"
-25.760378,152.952469,"Melaleuca quinquenervia"
-25.757723,152.953445,"Melaleuca quinquenervia"
-25.75744,152.59749,"Melaleuca quinquenervia"
-25.75479,152.69717,"Melaleuca quinquenervia"
-25.7534,152.70328,"Melaleuca quinquenervia"
-25.75248,152.48051,"Melaleuca quinquenervia"
-25.75236,152.64788,"Melaleuca quinquenervia"
-25.75118,152.64634,"Melaleuca quinquenervia"
-25.74924,152.36635,"Melaleuca quinquenervia"
-25.74841,152.917722,"Melaleuca quinquenervia"
-25.74784,152.68301,"Melaleuca quinquenervia"
-25.74535,152.47147,"Melaleuca quinquenervia"
-25.737326,152.781513,"Melaleuca quinquenervia"
-25.725957,152.456398,"Melaleuca quinquenervia"
-25.725344,152.894069,"Melaleuca quinquenervia"
-25.724762,152.727775,"Melaleuca quinquenervia"
-25.724632,152.768485,"Melaleuca quinquenervia"
-25.717024,152.55843,"Melaleuca quinquenervia"
-25.715883,152.54141,"Melaleuca quinquenervia"
-25.71588,152.54141,"Melaleuca quinquenervia"
-25.71479,152.46468,"Melaleuca quinquenervia"
-25.71368,152.64884,"Melaleuca quinquenervia"
-25.70743,152.64653,"Melaleuca quinquenervia"
-25.70716,152.64655,"Melaleuca quinquenervia"
-25.70594,152.906505,"Melaleuca quinquenervia"
-25.705756,152.905287,"Melaleuca quinquenervia"
-25.70384,152.39679,"Melaleuca quinquenervia"
-25.698287,153.074403,"Melaleuca quinquenervia"
-25.698208,152.86536,"Melaleuca quinquenervia"
-25.697987,152.693315,"Melaleuca quinquenervia"
-25.693125,152.89202,"Melaleuca quinquenervia"
-25.684963,152.212908,"Melaleuca quinquenervia"
-25.684963,152.212908,"Melaleuca quinquenervia"
-25.682813,152.214097,"Melaleuca quinquenervia"
-25.680352,152.471339,"Melaleuca quinquenervia"
-25.68035,152.47134,"Melaleuca quinquenervia"
-25.67896,152.63606,"Melaleuca quinquenervia"
-25.676055,152.63826,"Melaleuca quinquenervia"
-25.66946,152.46077,"Melaleuca quinquenervia"
-25.66943,152.65417,"Melaleuca quinquenervia"
-25.667175,152.876253,"Melaleuca quinquenervia"
-25.667057,152.863152,"Melaleuca quinquenervia"
-25.664773,152.850288,"Melaleuca quinquenervia"
-25.648333,152.641827,"Melaleuca quinquenervia"
-25.64562,152.52135,"Melaleuca quinquenervia"
-25.64507,152.66523,"Melaleuca quinquenervia"
-25.64347,152.55409,"Melaleuca quinquenervia"
-25.640322,153.076786,"Melaleuca quinquenervia"
-25.636975,152.792217,"Melaleuca quinquenervia"
-25.633532,152.846698,"Melaleuca quinquenervia"
-25.632477,152.772818,"Melaleuca quinquenervia"
-25.629062,152.783798,"Melaleuca quinquenervia"
-25.6167,151.0833,"Melaleuca quinquenervia"
-25.612503,152.872392,"Melaleuca quinquenervia"
-25.611113,152.861665,"Melaleuca quinquenervia"
-25.602617,153.089508,"Melaleuca quinquenervia"
-25.599583,153.090333,"Melaleuca quinquenervia"
-25.599572,153.090317,"Melaleuca quinquenervia"
-25.599547,153.090317,"Melaleuca quinquenervia"
-25.599203,153.092772,"Melaleuca quinquenervia"
-25.599199,153.092686,"Melaleuca quinquenervia"
-25.597717,153.076465,"Melaleuca quinquenervia"
-25.596655,153.093597,"Melaleuca quinquenervia"
-25.595355,152.852925,"Melaleuca quinquenervia"
-25.59367,152.79578,"Melaleuca quinquenervia"
-25.592778,152.375556,"Melaleuca quinquenervia"
-25.592069,152.7957,"Melaleuca quinquenervia"
-25.592069,152.7957,"Melaleuca quinquenervia"
-25.591961,153.089004,"Melaleuca quinquenervia"
-25.59105,152.822407,"Melaleuca quinquenervia"
-25.58507,152.33441,"Melaleuca quinquenervia"
-25.58374,152.71603,"Melaleuca quinquenervia"
-25.583333,151.916667,"Melaleuca quinquenervia"
-25.583333,152.183333,"Melaleuca quinquenervia"
-25.58333,152.18333,"Melaleuca quinquenervia"
-25.5833,152.1833,"Melaleuca quinquenervia"
-25.582912,152.717862,"Melaleuca quinquenervia"
-25.581743,152.584388,"Melaleuca quinquenervia"
-25.578957,152.838563,"Melaleuca quinquenervia"
-25.57885,152.71694,"Melaleuca quinquenervia"
-25.57874,152.72049,"Melaleuca quinquenervia"
-25.572067,152.690964,"Melaleuca quinquenervia"
-25.57201,152.717155,"Melaleuca quinquenervia"
-25.57145,152.315717,"Melaleuca quinquenervia"
-25.571074,152.688387,"Melaleuca quinquenervia"
-25.571071,152.320913,"Melaleuca quinquenervia"
-25.56674,152.46635,"Melaleuca quinquenervia"
-25.560278,152.124444,"Melaleuca quinquenervia"
-25.56012,152.67826,"Melaleuca quinquenervia"
-25.55931,152.68873,"Melaleuca quinquenervia"
-25.559282,152.678998,"Melaleuca quinquenervia"
-25.55917,152.68455,"Melaleuca quinquenervia"
-25.557303,152.680197,"Melaleuca quinquenervia"
-25.55703,152.73636,"Melaleuca quinquenervia"
-25.55562,152.68746,"Melaleuca quinquenervia"
-25.555374,153.071615,"Melaleuca quinquenervia"
-25.55,152.7167,"Melaleuca quinquenervia"
-25.55,152.7167,"Melaleuca quinquenervia"
-25.54907,152.58994,"Melaleuca quinquenervia"
-25.54873,152.34329,"Melaleuca quinquenervia"
-25.54612,153.07116,"Melaleuca quinquenervia"
-25.544792,152.689185,"Melaleuca quinquenervia"
-25.544521,152.584534,"Melaleuca quinquenervia"
-25.544323,153.070021,"Melaleuca quinquenervia"
-25.543304,152.580376,"Melaleuca quinquenervia"
-25.536445,152.598078,"Melaleuca quinquenervia"
-25.53201,152.79661,"Melaleuca quinquenervia"
-25.53109,152.5838,"Melaleuca quinquenervia"
-25.53108,152.58381,"Melaleuca quinquenervia"
-25.528677,152.766527,"Melaleuca quinquenervia"
-25.527091,152.685797,"Melaleuca quinquenervia"
-25.52708,152.58973,"Melaleuca quinquenervia"
-25.52708,152.58972,"Melaleuca quinquenervia"
-25.527,152.761862,"Melaleuca quinquenervia"
-25.526991,152.763062,"Melaleuca quinquenervia"
-25.51899,152.67638,"Melaleuca quinquenervia"
-25.516667,152.7,"Melaleuca quinquenervia"
-25.515923,152.684814,"Melaleuca quinquenervia"
-25.515842,152.613562,"Melaleuca quinquenervia"
-25.515046,153.05083,"Melaleuca quinquenervia"
-25.513004,152.697463,"Melaleuca quinquenervia"
-25.51229,151.89441,"Melaleuca quinquenervia"
-25.509249,151.896348,"Melaleuca quinquenervia"
-25.508866,153.127145,"Melaleuca quinquenervia"
-25.506737,153.126049,"Melaleuca quinquenervia"
-25.50618,152.57134,"Melaleuca quinquenervia"
-25.506012,152.670377,"Melaleuca quinquenervia"
-25.50535,152.53412,"Melaleuca quinquenervia"
-25.503805,152.661114,"Melaleuca quinquenervia"
-25.502885,152.67107,"Melaleuca quinquenervia"
-25.50157,152.83158,"Melaleuca quinquenervia"
-25.500047,152.588295,"Melaleuca quinquenervia"
-25.5,152.683333,"Melaleuca quinquenervia"
-25.499503,153.053222,"Melaleuca quinquenervia"
-25.4986191,153.0008506,"Melaleuca quinquenervia"
-25.49841,152.501055,"Melaleuca quinquenervia"
-25.495627,153.053514,"Melaleuca quinquenervia"
-25.494479,153.066399,"Melaleuca quinquenervia"
-25.493694,151.829333,"Melaleuca quinquenervia"
-25.49071,152.6784,"Melaleuca quinquenervia"
-25.4884,152.59996,"Melaleuca quinquenervia"
-25.48696,152.76559,"Melaleuca quinquenervia"
-25.4833,151.8167,"Melaleuca quinquenervia"
-25.48312,152.58579,"Melaleuca quinquenervia"
-25.48256,152.7594,"Melaleuca quinquenervia"
-25.48177,152.613006,"Melaleuca quinquenervia"
-25.47479,152.82467,"Melaleuca quinquenervia"
-25.47257,152.59773,"Melaleuca quinquenervia"
-25.46964,152.79955,"Melaleuca quinquenervia"
-25.46868,152.75634,"Melaleuca quinquenervia"
-25.468672,153.042983,"Melaleuca quinquenervia"
-25.4584,152.63134,"Melaleuca quinquenervia"
-25.45729,152.81495,"Melaleuca quinquenervia"
-25.456408,153.130603,"Melaleuca quinquenervia"
-25.45253,153.01039,"Melaleuca quinquenervia"
-25.447648,153.051239,"Melaleuca quinquenervia"
-25.447223,153.051095,"Melaleuca quinquenervia"
-25.446992,153.051239,"Melaleuca quinquenervia"
-25.446852,153.051189,"Melaleuca quinquenervia"
-25.446694,153.051345,"Melaleuca quinquenervia"
-25.446388,153.051422,"Melaleuca quinquenervia"
-25.446382,153.051366,"Melaleuca quinquenervia"
-25.446106,153.051417,"Melaleuca quinquenervia"
-25.44597,153.055423,"Melaleuca quinquenervia"
-25.445621,153.051535,"Melaleuca quinquenervia"
-25.445621,153.051535,"Melaleuca quinquenervia"
-25.445605,153.051561,"Melaleuca quinquenervia"
-25.445505,153.053277,"Melaleuca quinquenervia"
-25.445344,153.051884,"Melaleuca quinquenervia"
-25.445102,153.051818,"Melaleuca quinquenervia"
-25.444638,153.052126,"Melaleuca quinquenervia"
-25.44405,153.05353,"Melaleuca quinquenervia"
-25.44382,153.052933,"Melaleuca quinquenervia"
-25.443702,153.054356,"Melaleuca quinquenervia"
-25.443611,153.054722,"Melaleuca quinquenervia"
-25.443346,153.054593,"Melaleuca quinquenervia"
-25.442037,152.635475,"Melaleuca quinquenervia"
-25.436089,152.841922,"Melaleuca quinquenervia"
-25.43602,152.55171,"Melaleuca quinquenervia"
-25.43516,152.53857,"Melaleuca quinquenervia"
-25.43106,152.47728,"Melaleuca quinquenervia"
-25.4309,152.65662,"Melaleuca quinquenervia"
-25.42868,152.74634,"Melaleuca quinquenervia"
-25.424876,152.757728,"Melaleuca quinquenervia"
-25.42146,152.65662,"Melaleuca quinquenervia"
-25.41116,153.03272,"Melaleuca quinquenervia"
-25.406022,152.553673,"Melaleuca quinquenervia"
-25.403589,152.756898,"Melaleuca quinquenervia"
-25.403561,152.757526,"Melaleuca quinquenervia"
-25.40313,152.59939,"Melaleuca quinquenervia"
-25.396622,152.451353,"Melaleuca quinquenervia"
-25.39368,152.7355,"Melaleuca quinquenervia"
-25.38701,152.69995,"Melaleuca quinquenervia"
-25.375968,152.801888,"Melaleuca quinquenervia"
-25.368772,152.787687,"Melaleuca quinquenervia"
-25.368354,152.787082,"Melaleuca quinquenervia"
-25.368354,152.788281,"Melaleuca quinquenervia"
-25.368282,152.788158,"Melaleuca quinquenervia"
-25.367969,152.787414,"Melaleuca quinquenervia"
-25.367634,152.788471,"Melaleuca quinquenervia"
-25.367578,152.787661,"Melaleuca quinquenervia"
-25.367538,152.788655,"Melaleuca quinquenervia"
-25.367288,152.788547,"Melaleuca quinquenervia"
-25.366667,153.116667,"Melaleuca quinquenervia"
-25.366667,153.116667,"Melaleuca quinquenervia"
-25.359378,152.773502,"Melaleuca quinquenervia"
-25.358865,152.806087,"Melaleuca quinquenervia"
-25.358745,152.805102,"Melaleuca quinquenervia"
-25.353247,152.752717,"Melaleuca quinquenervia"
-25.352492,152.751627,"Melaleuca quinquenervia"
-25.352006,152.753913,"Melaleuca quinquenervia"
-25.348927,152.739812,"Melaleuca quinquenervia"
-25.3439,152.740097,"Melaleuca quinquenervia"
-25.343738,152.767101,"Melaleuca quinquenervia"
-25.34368,152.61189,"Melaleuca quinquenervia"
-25.34301,152.7662,"Melaleuca quinquenervia"
-25.34284,152.51661,"Melaleuca quinquenervia"
-25.342579,152.797945,"Melaleuca quinquenervia"
-25.342238,152.765765,"Melaleuca quinquenervia"
-25.341965,152.792325,"Melaleuca quinquenervia"
-25.341667,152.758333,"Melaleuca quinquenervia"
-25.341667,152.758333,"Melaleuca quinquenervia"
-25.340537,152.740425,"Melaleuca quinquenervia"
-25.340078,152.759384,"Melaleuca quinquenervia"
-25.340078,152.759384,"Melaleuca quinquenervia"
-25.337555,153.201187,"Melaleuca quinquenervia"
-25.336543,152.741318,"Melaleuca quinquenervia"
-25.333333,152.75,"Melaleuca quinquenervia"
-25.33333,152.75,"Melaleuca quinquenervia"
-25.332715,152.764388,"Melaleuca quinquenervia"
-25.33229,152.58551,"Melaleuca quinquenervia"
-25.33032,152.75651,"Melaleuca quinquenervia"
-25.329662,152.743283,"Melaleuca quinquenervia"
-25.328897,152.740464,"Melaleuca quinquenervia"
-25.328693,152.746655,"Melaleuca quinquenervia"
-25.327458,152.794525,"Melaleuca quinquenervia"
-25.325462,152.588714,"Melaleuca quinquenervia"
-25.325,152.71591,"Melaleuca quinquenervia"
-25.32022,152.76005,"Melaleuca quinquenervia"
-25.314394,152.763565,"Melaleuca quinquenervia"
-25.311455,152.47133,"Melaleuca quinquenervia"
-25.31051,152.47536,"Melaleuca quinquenervia"
-25.307485,152.553635,"Melaleuca quinquenervia"
-25.307253,152.553039,"Melaleuca quinquenervia"
-25.304491,152.738817,"Melaleuca quinquenervia"
-25.299323,152.714313,"Melaleuca quinquenervia"
-25.299275,152.710898,"Melaleuca quinquenervia"
-25.298487,152.80388,"Melaleuca quinquenervia"
-25.297539,152.803089,"Melaleuca quinquenervia"
-25.296208,152.802445,"Melaleuca quinquenervia"
-25.295562,153.221897,"Melaleuca quinquenervia"
-25.295428,153.221895,"Melaleuca quinquenervia"
-25.29424,152.71133,"Melaleuca quinquenervia"
-25.291667,152.758333,"Melaleuca quinquenervia"
-25.291667,152.758333,"Melaleuca quinquenervia"
-25.289119,152.724883,"Melaleuca quinquenervia"
-25.288154,152.767663,"Melaleuca quinquenervia"
-25.287959,152.724831,"Melaleuca quinquenervia"
-25.283042,152.659722,"Melaleuca quinquenervia"
-25.282872,152.695917,"Melaleuca quinquenervia"
-25.282129,152.700827,"Melaleuca quinquenervia"
-25.282122,152.698204,"Melaleuca quinquenervia"
-25.281894,152.696131,"Melaleuca quinquenervia"
-25.281881,152.696164,"Melaleuca quinquenervia"
-25.281734,152.696221,"Melaleuca quinquenervia"
-25.27935,152.7653,"Melaleuca quinquenervia"
-25.27882,152.54311,"Melaleuca quinquenervia"
-25.278578,152.693597,"Melaleuca quinquenervia"
-25.276105,152.760362,"Melaleuca quinquenervia"
-25.274365,152.759225,"Melaleuca quinquenervia"
-25.274322,152.759244,"Melaleuca quinquenervia"
-25.271412,152.719677,"Melaleuca quinquenervia"
-25.27054,152.700394,"Melaleuca quinquenervia"
-25.270086,152.700394,"Melaleuca quinquenervia"
-25.26952,152.76548,"Melaleuca quinquenervia"
-25.269111,152.729472,"Melaleuca quinquenervia"
-25.269111,152.729472,"Melaleuca quinquenervia"
-25.267277,152.700958,"Melaleuca quinquenervia"
-25.267265,152.698773,"Melaleuca quinquenervia"
-25.266926,152.70015,"Melaleuca quinquenervia"
-25.266743,152.699753,"Melaleuca quinquenervia"
-25.266667,152.566667,"Melaleuca quinquenervia"
-25.266263,152.680013,"Melaleuca quinquenervia"
-25.263412,152.695647,"Melaleuca quinquenervia"
-25.256739,153.176045,"Melaleuca quinquenervia"
-25.256739,153.176045,"Melaleuca quinquenervia"
-25.256739,153.176045,"Melaleuca quinquenervia"
-25.25312,152.42107,"Melaleuca quinquenervia"
-25.25108,152.4762,"Melaleuca quinquenervia"
-25.25,153.166667,"Melaleuca quinquenervia"
-25.25,153.133333,"Melaleuca quinquenervia"
-25.25,153.133333,"Melaleuca quinquenervia"
-25.25,153.166667,"Melaleuca quinquenervia"
-25.25,153.133333,"Melaleuca quinquenervia"
-25.25,153.133333,"Melaleuca quinquenervia"
-25.248411,152.584384,"Melaleuca quinquenervia"
-25.239823,153.132524,"Melaleuca quinquenervia"
-25.239267,153.167068,"Melaleuca quinquenervia"
-25.23646,153.24113,"Melaleuca quinquenervia"
-25.2359,152.17106,"Melaleuca quinquenervia"
-25.2357,152.61389,"Melaleuca quinquenervia"
-25.23471,152.55228,"Melaleuca quinquenervia"
-25.23471,152.55228,"Melaleuca quinquenervia"
-25.2333,152.5667,"Melaleuca quinquenervia"
-25.22951,152.63022,"Melaleuca quinquenervia"
-25.2167,152.2667,"Melaleuca quinquenervia"
-25.2167,152.2667,"Melaleuca quinquenervia"
-25.2167,152.2667,"Melaleuca quinquenervia"
-25.20785,152.44496,"Melaleuca quinquenervia"
-25.207257,152.633463,"Melaleuca quinquenervia"
-25.200391,152.59464,"Melaleuca quinquenervia"
-25.186333,152.618352,"Melaleuca quinquenervia"
-25.16362,152.57446,"Melaleuca quinquenervia"
-25.16262,152.47487,"Melaleuca quinquenervia"
-25.157561,152.379272,"Melaleuca quinquenervia"
-25.156748,152.209392,"Melaleuca quinquenervia"
-25.15206,152.33507,"Melaleuca quinquenervia"
-25.15,152.4167,"Melaleuca quinquenervia"
-25.14812,152.61384,"Melaleuca quinquenervia"
-25.14667,152.6121,"Melaleuca quinquenervia"
-25.1453,152.3919,"Melaleuca quinquenervia"
-25.1453,152.3919,"Melaleuca quinquenervia"
-25.1453,152.3919,"Melaleuca quinquenervia"
-25.1453,152.3919,"Melaleuca quinquenervia"
-25.145278,152.391944,"Melaleuca quinquenervia"
-25.145278,152.391944,"Melaleuca quinquenervia"
-25.145278,152.391944,"Melaleuca quinquenervia"
-25.14284,152.59162,"Melaleuca quinquenervia"
-25.14255,152.51468,"Melaleuca quinquenervia"
-25.1269,152.4117,"Melaleuca quinquenervia"
-25.125359,152.412725,"Melaleuca quinquenervia"
-25.12174,152.56136,"Melaleuca quinquenervia"
-25.119718,152.519362,"Melaleuca quinquenervia"
-25.106744,152.526051,"Melaleuca quinquenervia"
-25.1,152.516667,"Melaleuca quinquenervia"
-25.099203,152.554122,"Melaleuca quinquenervia"
-25.09853,152.553663,"Melaleuca quinquenervia"
-25.09423,152.47523,"Melaleuca quinquenervia"
-25.09396,152.40689,"Melaleuca quinquenervia"
-25.09201,152.48689,"Melaleuca quinquenervia"
-25.090081,152.459392,"Melaleuca quinquenervia"
-25.08201,152.4994,"Melaleuca quinquenervia"
-25.081748,152.417725,"Melaleuca quinquenervia"
-25.08173,152.41773,"Melaleuca quinquenervia"
-25.08173,152.41773,"Melaleuca quinquenervia"
-25.07951,152.40384,"Melaleuca quinquenervia"
-25.0623,152.28162,"Melaleuca quinquenervia"
-25.05175,152.21167,"Melaleuca quinquenervia"
-25.047295,152.317536,"Melaleuca quinquenervia"
-25.04701,152.31745,"Melaleuca quinquenervia"
-25.04563,152.33439,"Melaleuca quinquenervia"
-25.043708,152.347503,"Melaleuca quinquenervia"
-25.040695,152.346878,"Melaleuca quinquenervia"
-25.03368,152.45578,"Melaleuca quinquenervia"
-25.03118,152.51523,"Melaleuca quinquenervia"
-25.01674,152.42718,"Melaleuca quinquenervia"
-25,152,"Melaleuca quinquenervia"
-24.99994,152.46687,"Melaleuca quinquenervia"
-24.99833,152.47551,"Melaleuca quinquenervia"
-24.996969,152.237938,"Melaleuca quinquenervia"
-24.99534,152.49217,"Melaleuca quinquenervia"
-24.99423,152.31384,"Melaleuca quinquenervia"
-24.99118,152.44106,"Melaleuca quinquenervia"
-24.990082,152.442722,"Melaleuca quinquenervia"
-24.9848,152.46606,"Melaleuca quinquenervia"
-24.97035,152.42329,"Melaleuca quinquenervia"
-24.968251,152.049829,"Melaleuca quinquenervia"
-24.96146,152.4705,"Melaleuca quinquenervia"
-24.95701,152.48273,"Melaleuca quinquenervia"
-24.956786,153.236917,"Melaleuca quinquenervia"
-24.956498,152.238577,"Melaleuca quinquenervia"
-24.95577,152.280913,"Melaleuca quinquenervia"
-24.94008,153.26736,"Melaleuca quinquenervia"
-24.94008,153.26736,"Melaleuca quinquenervia"
-24.94008,153.26736,"Melaleuca quinquenervia"
-24.93962,153.26997,"Melaleuca quinquenervia"
-24.938058,152.266664,"Melaleuca quinquenervia"
-24.937614,152.267028,"Melaleuca quinquenervia"
-24.93424,152.48106,"Melaleuca quinquenervia"
-24.931211,152.274186,"Melaleuca quinquenervia"
-24.930664,152.273803,"Melaleuca quinquenervia"
-24.930175,152.274369,"Melaleuca quinquenervia"
-24.924239,153.277153,"Melaleuca quinquenervia"
-24.923996,152.277096,"Melaleuca quinquenervia"
-24.923459,152.386423,"Melaleuca quinquenervia"
-24.920806,152.285838,"Melaleuca quinquenervia"
-24.920587,152.286977,"Melaleuca quinquenervia"
-24.920354,152.260799,"Melaleuca quinquenervia"
-24.915082,152.251055,"Melaleuca quinquenervia"
-24.91452,152.33412,"Melaleuca quinquenervia"
-24.913452,153.272949,"Melaleuca quinquenervia"
-24.89396,152.16634,"Melaleuca quinquenervia"
-24.891985,152.29961,"Melaleuca quinquenervia"
-24.867634,152.380637,"Melaleuca quinquenervia"
-24.867529,152.37924,"Melaleuca quinquenervia"
-24.867351,152.379416,"Melaleuca quinquenervia"
-24.867035,152.367286,"Melaleuca quinquenervia"
-24.866226,152.367244,"Melaleuca quinquenervia"
-24.864609,152.36676,"Melaleuca quinquenervia"
-24.845454,152.301561,"Melaleuca quinquenervia"
-24.82879,152.26911,"Melaleuca quinquenervia"
-24.828315,152.350275,"Melaleuca quinquenervia"
-24.828192,152.3523,"Melaleuca quinquenervia"
-24.827904,152.336459,"Melaleuca quinquenervia"
-24.81007,152.43328,"Melaleuca quinquenervia"
-24.809024,152.220188,"Melaleuca quinquenervia"
-24.807838,152.438167,"Melaleuca quinquenervia"
-24.805043,152.443433,"Melaleuca quinquenervia"
-24.804167,152.442778,"Melaleuca quinquenervia"
-24.802423,152.449469,"Melaleuca quinquenervia"
-24.797226,152.440216,"Melaleuca quinquenervia"
-24.796667,152.439623,"Melaleuca quinquenervia"
-24.79035,152.38911,"Melaleuca quinquenervia"
-24.75757,152.19689,"Melaleuca quinquenervia"
-24.7134,152.13468,"Melaleuca quinquenervia"
-24.6884,152.11385,"Melaleuca quinquenervia"
-24.68618,152.23884,"Melaleuca quinquenervia"
-24.68534,152.24054,"Melaleuca quinquenervia"
-24.68534,152.24054,"Melaleuca quinquenervia"
-24.68534,152.24054,"Melaleuca quinquenervia"
-24.62202,151.94495,"Melaleuca quinquenervia"
-24.61132,152.01597,"Melaleuca quinquenervia"
-24.60674,152.07078,"Melaleuca quinquenervia"
-24.6034,152.03133,"Melaleuca quinquenervia"
-24.59218,152.03592,"Melaleuca quinquenervia"
-24.58422,152.08437,"Melaleuca quinquenervia"
-24.581752,151.917729,"Melaleuca quinquenervia"
-24.581752,151.917729,"Melaleuca quinquenervia"
-24.581752,151.917729,"Melaleuca quinquenervia"
-24.581752,151.917729,"Melaleuca quinquenervia"
-24.581752,151.917729,"Melaleuca quinquenervia"
-24.556752,151.976063,"Melaleuca quinquenervia"
-24.54813,151.97328,"Melaleuca quinquenervia"
-24.54452,151.99857,"Melaleuca quinquenervia"
-24.53335,152.02728,"Melaleuca quinquenervia"
-24.52923,152.01004,"Melaleuca quinquenervia"
-24.52813,151.99801,"Melaleuca quinquenervia"
-24.52396,151.99412,"Melaleuca quinquenervia"
-24.5209,151.99884,"Melaleuca quinquenervia"
-24.51785,151.99995,"Melaleuca quinquenervia"
-24.50907,151.99819,"Melaleuca quinquenervia"
-24.49584,152.039078,"Melaleuca quinquenervia"
-24.48091,152.00579,"Melaleuca quinquenervia"
-24.436974,152.003967,"Melaleuca quinquenervia"
-24.41454,151.49503,"Melaleuca quinquenervia"
-24.406594,151.551746,"Melaleuca quinquenervia"
-24.400208,151.92785,"Melaleuca quinquenervia"
-24.38424,151.52524,"Melaleuca quinquenervia"
-24.32785,151.86385,"Melaleuca quinquenervia"
-24.31841,151.87635,"Melaleuca quinquenervia"
-24.2898,151.94357,"Melaleuca quinquenervia"
-24.260875,151.924272,"Melaleuca quinquenervia"
-24.25452,151.82524,"Melaleuca quinquenervia"
-24.252638,151.922477,"Melaleuca quinquenervia"
-24.252638,151.922477,"Melaleuca quinquenervia"
-24.2484,151.90106,"Melaleuca quinquenervia"
-24.23355,151.918473,"Melaleuca quinquenervia"
-24.231565,151.525914,"Melaleuca quinquenervia"
-24.228797,151.827117,"Melaleuca quinquenervia"
-24.226359,151.898807,"Melaleuca quinquenervia"
-24.21507,151.90106,"Melaleuca quinquenervia"
-24.21507,151.90106,"Melaleuca quinquenervia"
-24.21507,151.90106,"Melaleuca quinquenervia"
-24.21507,151.90106,"Melaleuca quinquenervia"
-24.21507,151.90106,"Melaleuca quinquenervia"
-24.211433,151.905645,"Melaleuca quinquenervia"
-24.17896,151.8819,"Melaleuca quinquenervia"
-24.173419,151.842727,"Melaleuca quinquenervia"
-24.158441,151.216378,"Melaleuca quinquenervia"
-24.1167,151.8167,"Melaleuca quinquenervia"
-24.1167,151.6167,"Melaleuca quinquenervia"
-24.08396,151.75134,"Melaleuca quinquenervia"
-24.081752,151.584393,"Melaleuca quinquenervia"
-24.08007,151.73746,"Melaleuca quinquenervia"
-24.02036,151.41968,"Melaleuca quinquenervia"
-24.00963,149.45394,"Melaleuca quinquenervia"
-24,151.05,"Melaleuca quinquenervia"
-24,151.05,"Melaleuca quinquenervia"
-23.99536,151.3608,"Melaleuca quinquenervia"
-23.977429,151.236423,"Melaleuca quinquenervia"
-23.971285,151.318633,"Melaleuca quinquenervia"
-23.969237,151.322403,"Melaleuca quinquenervia"
-23.960347,151.357345,"Melaleuca quinquenervia"
-23.956755,151.376067,"Melaleuca quinquenervia"
-23.943003,151.368466,"Melaleuca quinquenervia"
-23.942576,151.367215,"Melaleuca quinquenervia"
-23.940181,151.361769,"Melaleuca quinquenervia"
-23.94008,151.36774,"Melaleuca quinquenervia"
-23.934569,151.355416,"Melaleuca quinquenervia"
-23.93377,151.339508,"Melaleuca quinquenervia"
-23.92591,151.34635,"Melaleuca quinquenervia"
-23.920445,151.261212,"Melaleuca quinquenervia"
-23.916667,151.35,"Melaleuca quinquenervia"
-23.890307,151.221796,"Melaleuca quinquenervia"
-23.890295,151.221787,"Melaleuca quinquenervia"
-23.877028,151.287569,"Melaleuca quinquenervia"
-23.805447,149.587417,"Melaleuca quinquenervia"
-23.748421,151.251067,"Melaleuca quinquenervia"
-23.748421,151.251067,"Melaleuca quinquenervia"
-23.738333,151.223889,"Melaleuca quinquenervia"
-23.723421,151.292734,"Melaleuca quinquenervia"
-23.67091,151.26135,"Melaleuca quinquenervia"
-23.66508,151.16774,"Melaleuca quinquenervia"
-23.6484,150.96773,"Melaleuca quinquenervia"
-23.64619,151.13858,"Melaleuca quinquenervia"
-23.64285,151.17302,"Melaleuca quinquenervia"
-23.63174,151.16774,"Melaleuca quinquenervia"
-23.63091,151.21469,"Melaleuca quinquenervia"
-23.6223,151.13163,"Melaleuca quinquenervia"
-23.61341,151.17552,"Melaleuca quinquenervia"
-23.60202,151.22302,"Melaleuca quinquenervia"
-23.599167,151.22,"Melaleuca quinquenervia"
-23.5898,151.18246,"Melaleuca quinquenervia"
-23.58841,151.22135,"Melaleuca quinquenervia"
-23.58841,151.22135,"Melaleuca quinquenervia"
-23.58785,151.1983,"Melaleuca quinquenervia"
-23.58174,151.16774,"Melaleuca quinquenervia"
-23.54785,151.14524,"Melaleuca quinquenervia"
-23.5398,151.16135,"Melaleuca quinquenervia"
-23.53702,151.21024,"Melaleuca quinquenervia"
-23.51508,150.86775,"Melaleuca quinquenervia"
-23.5073,151.11163,"Melaleuca quinquenervia"
-23.498421,150.501075,"Melaleuca quinquenervia"
-23.490089,150.876075,"Melaleuca quinquenervia"
-23.43128,150.51325,"Melaleuca quinquenervia"
-23.405924,150.503188,"Melaleuca quinquenervia"
-23.39841,150.71775,"Melaleuca quinquenervia"
-23.3667,150.4667,"Melaleuca quinquenervia"
-23.3667,150.4667,"Melaleuca quinquenervia"
-23.340089,150.792742,"Melaleuca quinquenervia"
-23.32049,150.48581,"Melaleuca quinquenervia"
-23.297042,150.703594,"Melaleuca quinquenervia"
-23.297017,150.703583,"Melaleuca quinquenervia"
-23.249543,150.50608,"Melaleuca quinquenervia"
-23.222185,150.417741,"Melaleuca quinquenervia"
-23.21719,150.78361,"Melaleuca quinquenervia"
-23.2136,150.6731,"Melaleuca quinquenervia"
-23.212033,150.674131,"Melaleuca quinquenervia"
-23.19722,150.786622,"Melaleuca quinquenervia"
-23.166667,150.756667,"Melaleuca quinquenervia"
-23.166667,150.756667,"Melaleuca quinquenervia"
-23.166667,150.756667,"Melaleuca quinquenervia"
-23.156756,150.776075,"Melaleuca quinquenervia"
-23.1565,150.75277,"Melaleuca quinquenervia"
-23.1565,150.75277,"Melaleuca quinquenervia"
-23.1565,150.75277,"Melaleuca quinquenervia"
-23.1565,150.75277,"Melaleuca quinquenervia"
-23.155218,150.76442,"Melaleuca quinquenervia"
-23.15,150.7667,"Melaleuca quinquenervia"
-23.15,150.7667,"Melaleuca quinquenervia"
-23.135518,150.744887,"Melaleuca quinquenervia"
-23.11538,150.58394,"Melaleuca quinquenervia"
-23.10952,150.71775,"Melaleuca quinquenervia"
-23.08743,150.75368,"Melaleuca quinquenervia"
-23.083333,150.766667,"Melaleuca quinquenervia"
-23.02065,150.73612,"Melaleuca quinquenervia"
-23.01794,150.74306,"Melaleuca quinquenervia"
-22.99916,150.42138,"Melaleuca quinquenervia"
-22.92356,150.50123,"Melaleuca quinquenervia"
-22.890088,150.626072,"Melaleuca quinquenervia"
-22.873424,150.292748,"Melaleuca quinquenervia"
-22.873424,150.292748,"Melaleuca quinquenervia"
-22.83672,150.67032,"Melaleuca quinquenervia"
-22.802035,150.691383,"Melaleuca quinquenervia"
-22.799438,150.757039,"Melaleuca quinquenervia"
-22.79147,150.75246,"Melaleuca quinquenervia"
-22.79147,150.75247,"Melaleuca quinquenervia"
-22.7833,150.75,"Melaleuca quinquenervia"
-22.783056,150.7375,"Melaleuca quinquenervia"
-22.76708,150.5826,"Melaleuca quinquenervia"
-22.758385,150.271074,"Melaleuca quinquenervia"
-22.751553,150.225581,"Melaleuca quinquenervia"
-22.748422,150.751072,"Melaleuca quinquenervia"
-22.661,150.71161,"Melaleuca quinquenervia"
-22.6527,150.75072,"Melaleuca quinquenervia"
-22.65078,150.75449,"Melaleuca quinquenervia"
-22.64285,150.76386,"Melaleuca quinquenervia"
-22.64063,150.76469,"Melaleuca quinquenervia"
-22.64008,150.7658,"Melaleuca quinquenervia"
-22.60698,150.71495,"Melaleuca quinquenervia"
-22.605451,150.157661,"Melaleuca quinquenervia"
-22.603167,150.682694,"Melaleuca quinquenervia"
-22.602521,150.682294,"Melaleuca quinquenervia"
-22.60083,150.71179,"Melaleuca quinquenervia"
-22.59882,150.71217,"Melaleuca quinquenervia"
-22.59766,150.70914,"Melaleuca quinquenervia"
-22.590088,150.709405,"Melaleuca quinquenervia"
-22.58885,150.70942,"Melaleuca quinquenervia"
-22.58741,150.70558,"Melaleuca quinquenervia"
-22.58621,150.70433,"Melaleuca quinquenervia"
-22.584832,150.676273,"Melaleuca quinquenervia"
-22.58437,150.71241,"Melaleuca quinquenervia"
-22.58424,150.7133,"Melaleuca quinquenervia"
-22.57702,150.71358,"Melaleuca quinquenervia"
-22.5679,150.40064,"Melaleuca quinquenervia"
-22.56785,150.40053,"Melaleuca quinquenervia"
-22.56674,150.71802,"Melaleuca quinquenervia"
-22.56525,150.70106,"Melaleuca quinquenervia"
-22.56524,150.70104,"Melaleuca quinquenervia"
-22.49223,150.70907,"Melaleuca quinquenervia"
-22.49202,150.70885,"Melaleuca quinquenervia"
-22.49133,150.70908,"Melaleuca quinquenervia"
-22.49119,150.70885,"Melaleuca quinquenervia"
-21.274166,149.179168,"Melaleuca quinquenervia"
-21.165558,149.1913,"Melaleuca quinquenervia"
-21.156767,149.209416,"Melaleuca quinquenervia"
-20.532515,147.037224,"Melaleuca quinquenervia"
-20.47123,148.75815,"Melaleuca quinquenervia"
-20.4667,148.7333,"Melaleuca quinquenervia"
-20.41864,148.64254,"Melaleuca quinquenervia"
-20.416667,148.75,"Melaleuca quinquenervia"
-20.25,143.1,"Melaleuca quinquenervia"
-20.19756,148.64497,"Melaleuca quinquenervia"
-20.192642,148.36652,"Melaleuca quinquenervia"
-19.916667,146,"Melaleuca quinquenervia"
-19.916667,146,"Melaleuca quinquenervia"
-19.6667,146.8167,"Melaleuca quinquenervia"
-19.6667,147.5,"Melaleuca quinquenervia"
-19.6667,147.5,"Melaleuca quinquenervia"
-19.3986611,146.3342382,"Melaleuca quinquenervia"
-19.34276,146.91865,"Melaleuca quinquenervia"
-19.316075,146.751842,"Melaleuca quinquenervia"
-19.279022,146.809511,"Melaleuca quinquenervia"
-19.233933,146.7827,"Melaleuca quinquenervia"
-19.173875,146.528897,"Melaleuca quinquenervia"
-19.09771,146.4543,"Melaleuca quinquenervia"
-19.063,146.4358,"Melaleuca quinquenervia"
-19.046136,146.394638,"Melaleuca quinquenervia"
-19.017658,146.385588,"Melaleuca quinquenervia"
-18.9922,146.3394,"Melaleuca quinquenervia"
-18.8167,146.1,"Melaleuca quinquenervia"
-18.8167,146.1,"Melaleuca quinquenervia"
-18.723649,145.770149,"Melaleuca quinquenervia"
-18.6667,146.1667,"Melaleuca quinquenervia"
-18.655982,146.150597,"Melaleuca quinquenervia"
-18.655615,146.148738,"Melaleuca quinquenervia"
-18.65,146.1833,"Melaleuca quinquenervia"
-18.65,146.1833,"Melaleuca quinquenervia"
-18.59734,146.15304,"Melaleuca quinquenervia"
-18.59672,146.16041,"Melaleuca quinquenervia"
-18.59644,146.16361,"Melaleuca quinquenervia"
-18.59629,146.15596,"Melaleuca quinquenervia"
-18.59434,146.15718,"Melaleuca quinquenervia"
-18.59292,146.17351,"Melaleuca quinquenervia"
-18.59267,146.17058,"Melaleuca quinquenervia"
-18.49837,146.18379,"Melaleuca quinquenervia"
-18.477916,146.131402,"Melaleuca quinquenervia"
-18.4691,146.1601,"Melaleuca quinquenervia"
-18.46434,146.0348,"Melaleuca quinquenervia"
-18.390125,146.326105,"Melaleuca quinquenervia"
-18.25,146,"Melaleuca quinquenervia"
-18.25,146,"Melaleuca quinquenervia"
-18.25,146,"Melaleuca quinquenervia"
-18.25,146,"Melaleuca quinquenervia"
-18.24851,145.93005,"Melaleuca quinquenervia"
-18.248461,145.917778,"Melaleuca quinquenervia"
-18.2083,145.9458,"Melaleuca quinquenervia"
-18.18995,145.95862,"Melaleuca quinquenervia"
-18.11403,145.90758,"Melaleuca quinquenervia"
-18.11048,145.9072,"Melaleuca quinquenervia"
-18.10424,145.90479,"Melaleuca quinquenervia"
-18.1,146.0167,"Melaleuca quinquenervia"
-18.1,146.0167,"Melaleuca quinquenervia"
-18.1,146.0167,"Melaleuca quinquenervia"
-18.1,146.0167,"Melaleuca quinquenervia"
-18.09748,145.86613,"Melaleuca quinquenervia"
-18.081893,145.8508451,"Melaleuca quinquenervia"
-18.07651,145.86143,"Melaleuca quinquenervia"
-18.059905,145.908387,"Melaleuca quinquenervia"
-18.05422,146.00714,"Melaleuca quinquenervia"
-18.05297,146.01736,"Melaleuca quinquenervia"
-18.05297,146.01736,"Melaleuca quinquenervia"
-18.05297,146.01736,"Melaleuca quinquenervia"
-18.05297,146.01736,"Melaleuca quinquenervia"
-18.05297,146.01736,"Melaleuca quinquenervia"
-18.05297,146.01736,"Melaleuca quinquenervia"
-18.05297,146.01736,"Melaleuca quinquenervia"
-18.05297,146.01736,"Melaleuca quinquenervia"
-18.05297,146.01736,"Melaleuca quinquenervia"
-18.05297,146.01736,"Melaleuca quinquenervia"
-18.05297,146.01736,"Melaleuca quinquenervia"
-18.05297,146.01736,"Melaleuca quinquenervia"
-18.05297,146.01736,"Melaleuca quinquenervia"
-18.05297,146.01736,"Melaleuca quinquenervia"
-18.05297,146.01736,"Melaleuca quinquenervia"
-18.05297,146.01736,"Melaleuca quinquenervia"
-18.05297,146.01736,"Melaleuca quinquenervia"
-18.05297,146.01736,"Melaleuca quinquenervia"
-18.05297,146.01736,"Melaleuca quinquenervia"
-18.05297,146.01736,"Melaleuca quinquenervia"
-18.05297,146.01736,"Melaleuca quinquenervia"
-18.05297,146.01736,"Melaleuca quinquenervia"
-18.05297,146.01736,"Melaleuca quinquenervia"
-18.05297,146.01736,"Melaleuca quinquenervia"
-18.05297,146.01736,"Melaleuca quinquenervia"
-18.05297,146.01736,"Melaleuca quinquenervia"
-18.05297,146.01736,"Melaleuca quinquenervia"
-18.05297,146.01736,"Melaleuca quinquenervia"
-18.05297,146.01736,"Melaleuca quinquenervia"
-18.05297,146.01736,"Melaleuca quinquenervia"
-18.05297,146.01736,"Melaleuca quinquenervia"
-18.05297,146.01736,"Melaleuca quinquenervia"
-18.05297,146.01736,"Melaleuca quinquenervia"
-18.05297,146.01736,"Melaleuca quinquenervia"
-18.05297,146.01736,"Melaleuca quinquenervia"
-18.05297,146.01736,"Melaleuca quinquenervia"
-18.05297,146.01736,"Melaleuca quinquenervia"
-18.05297,146.01736,"Melaleuca quinquenervia"
-18.05297,146.01736,"Melaleuca quinquenervia"
-18.05297,146.01736,"Melaleuca quinquenervia"
-18.05297,146.01736,"Melaleuca quinquenervia"
-18.05297,146.01736,"Melaleuca quinquenervia"
-18.05297,146.01736,"Melaleuca quinquenervia"
-18.05297,146.01736,"Melaleuca quinquenervia"
-18.05297,146.01736,"Melaleuca quinquenervia"
-18.05297,146.01736,"Melaleuca quinquenervia"
-18.05297,146.01736,"Melaleuca quinquenervia"
-18.05297,146.01736,"Melaleuca quinquenervia"
-18.05297,146.01736,"Melaleuca quinquenervia"
-18.05297,146.01736,"Melaleuca quinquenervia"
-18.05297,146.01736,"Melaleuca quinquenervia"
-18.05297,146.01736,"Melaleuca quinquenervia"
-18.05297,146.01736,"Melaleuca quinquenervia"
-18.05297,146.01736,"Melaleuca quinquenervia"
-18.05297,146.01736,"Melaleuca quinquenervia"
-18.05297,146.01736,"Melaleuca quinquenervia"
-18.05297,146.01736,"Melaleuca quinquenervia"
-18.05297,146.01736,"Melaleuca quinquenervia"
-18.05297,146.01736,"Melaleuca quinquenervia"
-18.05297,146.01736,"Melaleuca quinquenervia"
-18.05297,146.01736,"Melaleuca quinquenervia"
-18.05297,146.01736,"Melaleuca quinquenervia"
-18.05297,146.01736,"Melaleuca quinquenervia"
-18.05297,146.01736,"Melaleuca quinquenervia"
-18.05297,146.01736,"Melaleuca quinquenervia"
-18.05297,146.01736,"Melaleuca quinquenervia"
-18.05297,146.01736,"Melaleuca quinquenervia"
-18.05297,146.01736,"Melaleuca quinquenervia"
-18.05297,146.01736,"Melaleuca quinquenervia"
-18.05297,146.01736,"Melaleuca quinquenervia"
-18.05297,146.01736,"Melaleuca quinquenervia"
-18.05297,146.01736,"Melaleuca quinquenervia"
-18.05297,146.01736,"Melaleuca quinquenervia"
-18.05297,146.01736,"Melaleuca quinquenervia"
-18.05297,146.01736,"Melaleuca quinquenervia"
-18.05297,146.01736,"Melaleuca quinquenervia"
-18.05297,146.01736,"Melaleuca quinquenervia"
-18.05297,146.01736,"Melaleuca quinquenervia"
-18.05297,146.01736,"Melaleuca quinquenervia"
-18.05297,146.01736,"Melaleuca quinquenervia"
-18.05297,146.01736,"Melaleuca quinquenervia"
-18.05297,146.01736,"Melaleuca quinquenervia"
-18.05297,146.01736,"Melaleuca quinquenervia"
-18.05297,146.01736,"Melaleuca quinquenervia"
-18.05297,146.01736,"Melaleuca quinquenervia"
-18.05297,146.01736,"Melaleuca quinquenervia"
-18.05297,146.01736,"Melaleuca quinquenervia"
-18.05297,146.01736,"Melaleuca quinquenervia"
-18.05297,146.01736,"Melaleuca quinquenervia"
-18.05297,146.01736,"Melaleuca quinquenervia"
-18.05297,146.01736,"Melaleuca quinquenervia"
-18.05297,146.01736,"Melaleuca quinquenervia"
-18.05297,146.01736,"Melaleuca quinquenervia"
-18.05297,146.01736,"Melaleuca quinquenervia"
-18.05297,146.01736,"Melaleuca quinquenervia"
-18.05297,146.01736,"Melaleuca quinquenervia"
-18.05297,146.01736,"Melaleuca quinquenervia"
-18.05297,146.01736,"Melaleuca quinquenervia"
-18.05297,146.01736,"Melaleuca quinquenervia"
-18.05297,146.01736,"Melaleuca quinquenervia"
-18.05297,146.01736,"Melaleuca quinquenervia"
-18.05297,146.01736,"Melaleuca quinquenervia"
-18.05297,146.01736,"Melaleuca quinquenervia"
-18.05297,146.01736,"Melaleuca quinquenervia"
-18.05297,146.01736,"Melaleuca quinquenervia"
-18.05297,146.01736,"Melaleuca quinquenervia"
-18.05297,146.01736,"Melaleuca quinquenervia"
-18.05297,146.01736,"Melaleuca quinquenervia"
-18.05297,146.01736,"Melaleuca quinquenervia"
-18.05297,146.01736,"Melaleuca quinquenervia"
-18.05297,146.01736,"Melaleuca quinquenervia"
-18.05297,146.01736,"Melaleuca quinquenervia"
-18.05297,146.01736,"Melaleuca quinquenervia"
-18.05297,146.01736,"Melaleuca quinquenervia"
-18.05297,146.01736,"Melaleuca quinquenervia"
-18.05297,146.01736,"Melaleuca quinquenervia"
-18.05297,146.01736,"Melaleuca quinquenervia"
-18.05297,146.01736,"Melaleuca quinquenervia"
-18.05297,146.01736,"Melaleuca quinquenervia"
-18.05297,146.01736,"Melaleuca quinquenervia"
-18.05297,146.01736,"Melaleuca quinquenervia"
-18.05297,146.01736,"Melaleuca quinquenervia"
-18.05297,146.01736,"Melaleuca quinquenervia"
-18.05297,146.01736,"Melaleuca quinquenervia"
-18.05297,146.01736,"Melaleuca quinquenervia"
-18.05297,146.01736,"Melaleuca quinquenervia"
-18.05297,146.01736,"Melaleuca quinquenervia"
-18.05297,146.01736,"Melaleuca quinquenervia"
-18.05297,146.01736,"Melaleuca quinquenervia"
-18.05297,146.01736,"Melaleuca quinquenervia"
-18.05297,146.01736,"Melaleuca quinquenervia"
-18.05297,146.01736,"Melaleuca quinquenervia"
-18.05297,146.01736,"Melaleuca quinquenervia"
-18.05297,146.01736,"Melaleuca quinquenervia"
-18.05297,146.01736,"Melaleuca quinquenervia"
-18.05297,146.01736,"Melaleuca quinquenervia"
-18.05297,146.01736,"Melaleuca quinquenervia"
-18.05297,146.01736,"Melaleuca quinquenervia"
-18.05297,146.01736,"Melaleuca quinquenervia"
-18.05297,146.01736,"Melaleuca quinquenervia"
-18.05297,146.01736,"Melaleuca quinquenervia"
-18.05297,146.01736,"Melaleuca quinquenervia"
-18.05297,146.01736,"Melaleuca quinquenervia"
-18.05297,146.01736,"Melaleuca quinquenervia"
-18.05297,146.01736,"Melaleuca quinquenervia"
-18.05297,146.01736,"Melaleuca quinquenervia"
-18.05297,146.01736,"Melaleuca quinquenervia"
-18.05297,146.01736,"Melaleuca quinquenervia"
-18.05297,146.01736,"Melaleuca quinquenervia"
-18.05297,146.01736,"Melaleuca quinquenervia"
-18.05297,146.01736,"Melaleuca quinquenervia"
-18.05297,146.01736,"Melaleuca quinquenervia"
-18.05297,146.01736,"Melaleuca quinquenervia"
-18.05297,146.01736,"Melaleuca quinquenervia"
-18.05297,146.01736,"Melaleuca quinquenervia"
-18.05297,146.01736,"Melaleuca quinquenervia"
-18.05297,146.01736,"Melaleuca quinquenervia"
-18.05297,146.01736,"Melaleuca quinquenervia"
-18.05297,146.01736,"Melaleuca quinquenervia"
-18.05297,146.01736,"Melaleuca quinquenervia"
-18.05297,146.01736,"Melaleuca quinquenervia"
-18.05297,146.01736,"Melaleuca quinquenervia"
-18.05297,146.01736,"Melaleuca quinquenervia"
-18.05297,146.01736,"Melaleuca quinquenervia"
-18.05297,146.01736,"Melaleuca quinquenervia"
-18.05297,146.01736,"Melaleuca quinquenervia"
-18.05278,146.00419,"Melaleuca quinquenervia"
-18.04556,145.82167,"Melaleuca quinquenervia"
-18.0333,146.0333,"Melaleuca quinquenervia"
-18.0167,145.9667,"Melaleuca quinquenervia"
-18.01504,145.95199,"Melaleuca quinquenervia"
-18.014151,145.85164,"Melaleuca quinquenervia"
-18.00125,146.05008,"Melaleuca quinquenervia"
-17.9667,146.0167,"Melaleuca quinquenervia"
-17.94261,146.04334,"Melaleuca quinquenervia"
-17.93785,146.03324,"Melaleuca quinquenervia"
-17.923461,146.009433,"Melaleuca quinquenervia"
-17.923461,146.0261,"Melaleuca quinquenervia"
-17.92275,146.01564,"Melaleuca quinquenervia"
-17.92275,146.01564,"Melaleuca quinquenervia"
-17.92275,146.01564,"Melaleuca quinquenervia"
-17.92275,146.01564,"Melaleuca quinquenervia"
-17.92275,146.01564,"Melaleuca quinquenervia"
-17.92275,146.01564,"Melaleuca quinquenervia"
-17.92275,146.01564,"Melaleuca quinquenervia"
-17.92275,146.01564,"Melaleuca quinquenervia"
-17.92275,146.01564,"Melaleuca quinquenervia"
-17.92275,146.01564,"Melaleuca quinquenervia"
-17.92275,146.01564,"Melaleuca quinquenervia"
-17.92275,146.01564,"Melaleuca quinquenervia"
-17.92275,146.01564,"Melaleuca quinquenervia"
-17.92275,146.01564,"Melaleuca quinquenervia"
-17.92275,146.01564,"Melaleuca quinquenervia"
-17.92275,146.01564,"Melaleuca quinquenervia"
-17.92275,146.01564,"Melaleuca quinquenervia"
-17.92275,146.01564,"Melaleuca quinquenervia"
-17.92275,146.01564,"Melaleuca quinquenervia"
-17.92275,146.01564,"Melaleuca quinquenervia"
-17.92275,146.01564,"Melaleuca quinquenervia"
-17.92275,146.01564,"Melaleuca quinquenervia"
-17.92275,146.01564,"Melaleuca quinquenervia"
-17.92275,146.01564,"Melaleuca quinquenervia"
-17.92275,146.01564,"Melaleuca quinquenervia"
-17.92275,146.01564,"Melaleuca quinquenervia"
-17.92275,146.01564,"Melaleuca quinquenervia"
-17.92275,146.01564,"Melaleuca quinquenervia"
-17.92275,146.01564,"Melaleuca quinquenervia"
-17.92275,146.01564,"Melaleuca quinquenervia"
-17.92275,146.01564,"Melaleuca quinquenervia"
-17.92275,146.01564,"Melaleuca quinquenervia"
-17.92275,146.01564,"Melaleuca quinquenervia"
-17.92275,146.01564,"Melaleuca quinquenervia"
-17.92275,146.01564,"Melaleuca quinquenervia"
-17.92275,146.01564,"Melaleuca quinquenervia"
-17.92275,146.01564,"Melaleuca quinquenervia"
-17.92275,146.01564,"Melaleuca quinquenervia"
-17.92275,146.01564,"Melaleuca quinquenervia"
-17.92275,146.01564,"Melaleuca quinquenervia"
-17.92275,146.01564,"Melaleuca quinquenervia"
-17.92275,146.01564,"Melaleuca quinquenervia"
-17.92275,146.01564,"Melaleuca quinquenervia"
-17.92275,146.01564,"Melaleuca quinquenervia"
-17.92275,146.01564,"Melaleuca quinquenervia"
-17.92275,146.01564,"Melaleuca quinquenervia"
-17.92275,146.01564,"Melaleuca quinquenervia"
-17.92275,146.01564,"Melaleuca quinquenervia"
-17.92275,146.01564,"Melaleuca quinquenervia"
-17.92275,146.01564,"Melaleuca quinquenervia"
-17.92275,146.01564,"Melaleuca quinquenervia"
-17.92275,146.01564,"Melaleuca quinquenervia"
-17.92275,146.01564,"Melaleuca quinquenervia"
-17.92275,146.01564,"Melaleuca quinquenervia"
-17.92275,146.01564,"Melaleuca quinquenervia"
-17.92275,146.01564,"Melaleuca quinquenervia"
-17.92275,146.01564,"Melaleuca quinquenervia"
-17.92275,146.01564,"Melaleuca quinquenervia"
-17.92275,146.01564,"Melaleuca quinquenervia"
-17.92275,146.01564,"Melaleuca quinquenervia"
-17.92275,146.01564,"Melaleuca quinquenervia"
-17.92275,146.01564,"Melaleuca quinquenervia"
-17.92275,146.01564,"Melaleuca quinquenervia"
-17.92275,146.01564,"Melaleuca quinquenervia"
-17.92275,146.01564,"Melaleuca quinquenervia"
-17.92275,146.01564,"Melaleuca quinquenervia"
-17.92275,146.01564,"Melaleuca quinquenervia"
-17.92275,146.01564,"Melaleuca quinquenervia"
-17.92275,146.01564,"Melaleuca quinquenervia"
-17.92275,146.01564,"Melaleuca quinquenervia"
-17.92275,146.01564,"Melaleuca quinquenervia"
-17.92275,146.01564,"Melaleuca quinquenervia"
-17.92275,146.01564,"Melaleuca quinquenervia"
-17.92275,146.01564,"Melaleuca quinquenervia"
-17.92275,146.01564,"Melaleuca quinquenervia"
-17.92275,146.01564,"Melaleuca quinquenervia"
-17.92275,146.01564,"Melaleuca quinquenervia"
-17.91842,145.96625,"Melaleuca quinquenervia"
-17.91842,145.96625,"Melaleuca quinquenervia"
-17.9167,146.0167,"Melaleuca quinquenervia"
-17.9167,146.0167,"Melaleuca quinquenervia"
-17.9146,145.9664,"Melaleuca quinquenervia"
-17.87964,146.00236,"Melaleuca quinquenervia"
-17.87964,146.00236,"Melaleuca quinquenervia"
-17.87964,146.00236,"Melaleuca quinquenervia"
-17.87964,146.00236,"Melaleuca quinquenervia"
-17.87964,146.00236,"Melaleuca quinquenervia"
-17.87964,146.00236,"Melaleuca quinquenervia"
-17.87964,146.00236,"Melaleuca quinquenervia"
-17.87964,146.00236,"Melaleuca quinquenervia"
-17.87964,146.00236,"Melaleuca quinquenervia"
-17.87964,146.00236,"Melaleuca quinquenervia"
-17.87964,146.00236,"Melaleuca quinquenervia"
-17.87964,146.00236,"Melaleuca quinquenervia"
-17.87964,146.00236,"Melaleuca quinquenervia"
-17.87964,146.00236,"Melaleuca quinquenervia"
-17.87964,146.00236,"Melaleuca quinquenervia"
-17.87964,146.00236,"Melaleuca quinquenervia"
-17.87964,146.00236,"Melaleuca quinquenervia"
-17.87964,146.00236,"Melaleuca quinquenervia"
-17.87964,146.00236,"Melaleuca quinquenervia"
-17.87964,146.00236,"Melaleuca quinquenervia"
-17.87964,146.00236,"Melaleuca quinquenervia"
-17.87964,146.00236,"Melaleuca quinquenervia"
-17.87964,146.00236,"Melaleuca quinquenervia"
-17.87964,146.00236,"Melaleuca quinquenervia"
-17.87964,146.00236,"Melaleuca quinquenervia"
-17.87964,146.00236,"Melaleuca quinquenervia"
-17.87964,146.00236,"Melaleuca quinquenervia"
-17.87964,146.00236,"Melaleuca quinquenervia"
-17.87964,146.00236,"Melaleuca quinquenervia"
-17.87964,146.00236,"Melaleuca quinquenervia"
-17.87964,146.00236,"Melaleuca quinquenervia"
-17.87964,146.00236,"Melaleuca quinquenervia"
-17.87964,146.00236,"Melaleuca quinquenervia"
-17.87964,146.00236,"Melaleuca quinquenervia"
-17.87964,146.00236,"Melaleuca quinquenervia"
-17.87964,146.00236,"Melaleuca quinquenervia"
-17.87964,146.00236,"Melaleuca quinquenervia"
-17.87964,146.00236,"Melaleuca quinquenervia"
-17.87964,146.00236,"Melaleuca quinquenervia"
-17.87964,146.00236,"Melaleuca quinquenervia"
-17.87964,146.00236,"Melaleuca quinquenervia"
-17.87964,146.00236,"Melaleuca quinquenervia"
-17.87964,146.00236,"Melaleuca quinquenervia"
-17.87964,146.00236,"Melaleuca quinquenervia"
-17.87964,146.00236,"Melaleuca quinquenervia"
-17.87964,146.00236,"Melaleuca quinquenervia"
-17.87964,146.00236,"Melaleuca quinquenervia"
-17.87964,146.00236,"Melaleuca quinquenervia"
-17.87964,146.00236,"Melaleuca quinquenervia"
-17.87964,146.00236,"Melaleuca quinquenervia"
-17.87964,146.00236,"Melaleuca quinquenervia"
-17.87964,146.00236,"Melaleuca quinquenervia"
-17.87964,146.00236,"Melaleuca quinquenervia"
-17.87964,146.00236,"Melaleuca quinquenervia"
-17.87964,146.00236,"Melaleuca quinquenervia"
-17.87964,146.00236,"Melaleuca quinquenervia"
-17.87964,146.00236,"Melaleuca quinquenervia"
-17.87964,146.00236,"Melaleuca quinquenervia"
-17.87964,146.00236,"Melaleuca quinquenervia"
-17.87964,146.00236,"Melaleuca quinquenervia"
-17.87964,146.00236,"Melaleuca quinquenervia"
-17.87964,146.00236,"Melaleuca quinquenervia"
-17.87964,146.00236,"Melaleuca quinquenervia"
-17.87964,146.00236,"Melaleuca quinquenervia"
-17.87964,146.00236,"Melaleuca quinquenervia"
-17.87964,146.00236,"Melaleuca quinquenervia"
-17.87964,146.00236,"Melaleuca quinquenervia"
-17.87964,146.00236,"Melaleuca quinquenervia"
-17.87964,146.00236,"Melaleuca quinquenervia"
-17.87964,146.00236,"Melaleuca quinquenervia"
-17.87964,146.00236,"Melaleuca quinquenervia"
-17.87964,146.00236,"Melaleuca quinquenervia"
-17.87964,146.00236,"Melaleuca quinquenervia"
-17.87964,146.00236,"Melaleuca quinquenervia"
-17.87964,146.00236,"Melaleuca quinquenervia"
-17.87964,146.00236,"Melaleuca quinquenervia"
-17.87964,146.00236,"Melaleuca quinquenervia"
-17.87964,146.00236,"Melaleuca quinquenervia"
-17.87964,146.00236,"Melaleuca quinquenervia"
-17.87964,146.00236,"Melaleuca quinquenervia"
-17.87964,146.00236,"Melaleuca quinquenervia"
-17.87964,146.00236,"Melaleuca quinquenervia"
-17.87964,146.00236,"Melaleuca quinquenervia"
-17.87964,146.00236,"Melaleuca quinquenervia"
-17.87964,146.00236,"Melaleuca quinquenervia"
-17.87964,146.00236,"Melaleuca quinquenervia"
-17.87964,146.00236,"Melaleuca quinquenervia"
-17.86349,146.01661,"Melaleuca quinquenervia"
-17.748461,146.084433,"Melaleuca quinquenervia"
-17.7167,146.0333,"Melaleuca quinquenervia"
-17.66321,146.11935,"Melaleuca quinquenervia"
-17.66321,146.11935,"Melaleuca quinquenervia"
-17.66321,146.11935,"Melaleuca quinquenervia"
-17.66321,146.11935,"Melaleuca quinquenervia"
-17.66321,146.11935,"Melaleuca quinquenervia"
-17.66321,146.11935,"Melaleuca quinquenervia"
-17.66321,146.11935,"Melaleuca quinquenervia"
-17.66321,146.11935,"Melaleuca quinquenervia"
-17.66321,146.11935,"Melaleuca quinquenervia"
-17.66321,146.11935,"Melaleuca quinquenervia"
-17.66321,146.11935,"Melaleuca quinquenervia"
-17.66321,146.11935,"Melaleuca quinquenervia"
-17.66321,146.11935,"Melaleuca quinquenervia"
-17.66321,146.11935,"Melaleuca quinquenervia"
-17.66321,146.11935,"Melaleuca quinquenervia"
-17.66321,146.11935,"Melaleuca quinquenervia"
-17.66321,146.11935,"Melaleuca quinquenervia"
-17.66321,146.11935,"Melaleuca quinquenervia"
-17.66321,146.11935,"Melaleuca quinquenervia"
-17.66321,146.11935,"Melaleuca quinquenervia"
-17.66321,146.11935,"Melaleuca quinquenervia"
-17.66321,146.11935,"Melaleuca quinquenervia"
-17.66321,146.11935,"Melaleuca quinquenervia"
-17.66321,146.11935,"Melaleuca quinquenervia"
-17.66321,146.11935,"Melaleuca quinquenervia"
-17.66321,146.11935,"Melaleuca quinquenervia"
-17.66321,146.11935,"Melaleuca quinquenervia"
-17.66321,146.11935,"Melaleuca quinquenervia"
-17.66321,146.11935,"Melaleuca quinquenervia"
-17.66321,146.11935,"Melaleuca quinquenervia"
-17.66321,146.11935,"Melaleuca quinquenervia"
-17.66321,146.11935,"Melaleuca quinquenervia"
-17.66321,146.11935,"Melaleuca quinquenervia"
-17.66321,146.11935,"Melaleuca quinquenervia"
-17.66321,146.11935,"Melaleuca quinquenervia"
-17.66321,146.11935,"Melaleuca quinquenervia"
-17.66321,146.11935,"Melaleuca quinquenervia"
-17.64274,146.11935,"Melaleuca quinquenervia"
-17.45,145.7,"Melaleuca quinquenervia"
-17.45,145.9333,"Melaleuca quinquenervia"
-17.45,145.9333,"Melaleuca quinquenervia"
-17.44685,145.97383,"Melaleuca quinquenervia"
-17.42694,145.9875,"Melaleuca quinquenervia"
-17.423465,145.959437,"Melaleuca quinquenervia"
-17.4167,145.95,"Melaleuca quinquenervia"
-17.373462,146.042763,"Melaleuca quinquenervia"
-17.35,145.9833,"Melaleuca quinquenervia"
-17.35,146.0167,"Melaleuca quinquenervia"
-17.35,145.8833,"Melaleuca quinquenervia"
-17.35,145.9833,"Melaleuca quinquenervia"
-17.337075,146.003194,"Melaleuca quinquenervia"
-17.255573,145.483078,"Melaleuca quinquenervia"
-17.17156,138.05775,"Melaleuca quinquenervia"
-17.081798,145.751104,"Melaleuca quinquenervia"
-17.040131,145.809437,"Melaleuca quinquenervia"
-17.0333,145.8167,"Melaleuca quinquenervia"
-17.023465,145.809437,"Melaleuca quinquenervia"
-17,145.833333,"Melaleuca quinquenervia"
-17,145.733333,"Melaleuca quinquenervia"
-17,145.733333,"Melaleuca quinquenervia"
-17,145.8333,"Melaleuca quinquenervia"
-17,145.8333,"Melaleuca quinquenervia"
-17,145.8333,"Melaleuca quinquenervia"
-17,145.8333,"Melaleuca quinquenervia"
-16.961162,145.666029,"Melaleuca quinquenervia"
-16.94131,145.90438,"Melaleuca quinquenervia"
-16.940133,145.759434,"Melaleuca quinquenervia"
-16.933333,145.75,"Melaleuca quinquenervia"
-16.9333,145.75,"Melaleuca quinquenervia"
-16.9333,145.75,"Melaleuca quinquenervia"
-16.9333,145.75,"Melaleuca quinquenervia"
-16.9333,145.75,"Melaleuca quinquenervia"
-16.9333,145.75,"Melaleuca quinquenervia"
-16.923467,145.876101,"Melaleuca quinquenervia"
-16.920162,145.728321,"Melaleuca quinquenervia"
-16.9193,145.753879,"Melaleuca quinquenervia"
-16.915133,145.751101,"Melaleuca quinquenervia"
-16.910153,145.741546,"Melaleuca quinquenervia"
-16.90973,145.74151,"Melaleuca quinquenervia"
-16.9011,145.7508,"Melaleuca quinquenervia"
-16.900892,145.749636,"Melaleuca quinquenervia"
-16.9,145.7,"Melaleuca quinquenervia"
-16.85,145.6383,"Melaleuca quinquenervia"
-16.830032,145.700243,"Melaleuca quinquenervia"
-16.7872,145.6786,"Melaleuca quinquenervia"
-16.75,145.5833,"Melaleuca quinquenervia"
-16.75,145.5833,"Melaleuca quinquenervia"
-16.75,145.5833,"Melaleuca quinquenervia"
-16.6667,145.4833,"Melaleuca quinquenervia"
-16.6667,145.4833,"Melaleuca quinquenervia"
-16.640136,145.326108,"Melaleuca quinquenervia"
-16.638264,145.327046,"Melaleuca quinquenervia"
-16.63575,145.330182,"Melaleuca quinquenervia"
-16.635615,145.326633,"Melaleuca quinquenervia"
-16.633333,145.383333,"Melaleuca quinquenervia"
-16.6333,145.3167,"Melaleuca quinquenervia"
-16.632583,145.412806,"Melaleuca quinquenervia"
-16.6319005,145.3175471,"Melaleuca quinquenervia"
-16.6304395,145.3185891,"Melaleuca quinquenervia"
-16.63,145.38,"Melaleuca quinquenervia"
-16.5283,145.1367,"Melaleuca quinquenervia"
-16.508712,145.462783,"Melaleuca quinquenervia"
-16.415137,145.417773,"Melaleuca quinquenervia"
-16.3667,145.3667,"Melaleuca quinquenervia"
-16.326193,145.412485,"Melaleuca quinquenervia"
-16.326111,145.4125,"Melaleuca quinquenervia"
-16.290137,145.392773,"Melaleuca quinquenervia"
-16.258452,145.399158,"Melaleuca quinquenervia"
-16.22652,145.44459,"Melaleuca quinquenervia"
-16.226338,145.436274,"Melaleuca quinquenervia"
-16.22123,145.417387,"Melaleuca quinquenervia"
-16.2,145.4333,"Melaleuca quinquenervia"
-16.172349,145.441783,"Melaleuca quinquenervia"
-16.140137,145.326106,"Melaleuca quinquenervia"
-16.106804,145.342773,"Melaleuca quinquenervia"
-16.0833,145.25,"Melaleuca quinquenervia"
-16.0833,142.3333,"Melaleuca quinquenervia"
-16.0833,145.25,"Melaleuca quinquenervia"
-16.0667,145.3333,"Melaleuca quinquenervia"
-16.066667,145.233333,"Melaleuca quinquenervia"
-15.973472,145.24277,"Melaleuca quinquenervia"
-15.89885,145.34472,"Melaleuca quinquenervia"
-15.89871,145.34611,"Melaleuca quinquenervia"
-15.88686,145.34577,"Melaleuca quinquenervia"
-15.886855,145.34577,"Melaleuca quinquenervia"
-15.75,145.25,"Melaleuca quinquenervia"
-15.7333,145.25,"Melaleuca quinquenervia"
-15.71666,143.71666,"Melaleuca quinquenervia"
-15.633333,145.183333,"Melaleuca quinquenervia"
-15.5833,145.3,"Melaleuca quinquenervia"
-15.566667,144.45,"Melaleuca quinquenervia"
-15.566667,144.45,"Melaleuca quinquenervia"
-15.5,145.25,"Melaleuca quinquenervia"
-15.5,145.25,"Melaleuca quinquenervia"
-15.5,145.25,"Melaleuca quinquenervia"
-15.487222,145.173611,"Melaleuca quinquenervia"
-15.477222,145.060278,"Melaleuca quinquenervia"
-15.4667,145.25,"Melaleuca quinquenervia"
-15.3333,144.5,"Melaleuca quinquenervia"
-15.3333,144.5,"Melaleuca quinquenervia"
-15.3167,145.2833,"Melaleuca quinquenervia"
-15.3153067,145.2841443,"Melaleuca quinquenervia"
-15.290139,145.009436,"Melaleuca quinquenervia"
-15.140139,145.192769,"Melaleuca quinquenervia"
-15.1167,145.0833,"Melaleuca quinquenervia"
-15.106806,145.209435,"Melaleuca quinquenervia"
-15.1,145.2,"Melaleuca quinquenervia"
-15.1,145.2,"Melaleuca quinquenervia"
-15.1,145.2,"Melaleuca quinquenervia"
-15.0833,145.15,"Melaleuca quinquenervia"
-15.073473,145.209436,"Melaleuca quinquenervia"
-15.0667,145.2,"Melaleuca quinquenervia"
-15.06667,145.2,"Melaleuca quinquenervia"
-15.06667,145.15,"Melaleuca quinquenervia"
-15.064722,145.153889,"Melaleuca quinquenervia"
-15.064722,145.153889,"Melaleuca quinquenervia"
-15.0647,145.1539,"Melaleuca quinquenervia"
-15,145.1333,"Melaleuca quinquenervia"
-14.998889,145.041667,"Melaleuca quinquenervia"
-14.998889,145.041667,"Melaleuca quinquenervia"
-14.957222,145.006111,"Melaleuca quinquenervia"
-14.957222,145.006111,"Melaleuca quinquenervia"
-14.95722,145.00611,"Melaleuca quinquenervia"
-14.758333,141.691667,"Melaleuca quinquenervia"
-14.75,141.583333,"Melaleuca quinquenervia"
-14.7292,144.7844,"Melaleuca quinquenervia"
-14.7292,144.7844,"Melaleuca quinquenervia"
-14.729167,144.784444,"Melaleuca quinquenervia"
-14.727644,144.785551,"Melaleuca quinquenervia"
-14.716667,144.783333,"Melaleuca quinquenervia"
-14.696887,144.600116,"Melaleuca quinquenervia"
-14.6833,144.5833,"Melaleuca quinquenervia"
-14.506813,144.126112,"Melaleuca quinquenervia"
-14.45,144.4167,"Melaleuca quinquenervia"
-14.356815,144.459443,"Melaleuca quinquenervia"
-14.35,144.45,"Melaleuca quinquenervia"
-14.35,144.45,"Melaleuca quinquenervia"
-14.3486132,144.4508517,"Melaleuca quinquenervia"
-14.344146,144.561289,"Melaleuca quinquenervia"
-14.229444,143.661667,"Melaleuca quinquenervia"
-14.228056,143.661667,"Melaleuca quinquenervia"
-14.228056,143.661667,"Melaleuca quinquenervia"
-13.8833,143.5,"Melaleuca quinquenervia"
-13.825667,143.101972,"Melaleuca quinquenervia"
-13.825667,143.101972,"Melaleuca quinquenervia"
-13.8256,143.1019,"Melaleuca quinquenervia"
-13.7833,143.3167,"Melaleuca quinquenervia"
-13.740156,143.342786,"Melaleuca quinquenervia"
-13.740156,143.326119,"Melaleuca quinquenervia"
-13.733333,143.316667,"Melaleuca quinquenervia"
-13.7333,143.3167,"Melaleuca quinquenervia"
-13.7333,143.3167,"Melaleuca quinquenervia"
-13.7333,143.3167,"Melaleuca quinquenervia"
-13.7333,143.3167,"Melaleuca quinquenervia"
-13.7333,143.3167,"Melaleuca quinquenervia"
-13.7333,143.3167,"Melaleuca quinquenervia"
-13.6667,143.3333,"Melaleuca quinquenervia"
-13.6667,143.3333,"Melaleuca quinquenervia"
-13.6667,143.3333,"Melaleuca quinquenervia"
-13.6667,143.3333,"Melaleuca quinquenervia"
-13.373498,141.776129,"Melaleuca quinquenervia"
-13.373498,141.776129,"Melaleuca quinquenervia"
-13.3667,141.7667,"Melaleuca quinquenervia"
-13.3667,141.7667,"Melaleuca quinquenervia"
-13.366667,141.766667,"Melaleuca quinquenervia"
-13.326781,141.836931,"Melaleuca quinquenervia"
-13.323498,141.842795,"Melaleuca quinquenervia"
-13.323498,141.842795,"Melaleuca quinquenervia"
-13.3167,141.8333,"Melaleuca quinquenervia"
-13.3167,141.8333,"Melaleuca quinquenervia"
-13.316667,141.833333,"Melaleuca quinquenervia"
-13.122528,143.019889,"Melaleuca quinquenervia"
-13.0833,142.9167,"Melaleuca quinquenervia"
-13.073498,141.759462,"Melaleuca quinquenervia"
-13.073498,141.759462,"Melaleuca quinquenervia"
-13.0667,141.75,"Melaleuca quinquenervia"
-13.0667,141.75,"Melaleuca quinquenervia"
-13.066667,141.75,"Melaleuca quinquenervia"
-13.066667,141.75,"Melaleuca quinquenervia"
-13.0653244,141.7508785,"Melaleuca quinquenervia"
-13.0638374,141.7519794,"Melaleuca quinquenervia"
-13.006825,143.259451,"Melaleuca quinquenervia"
-13,143.25,"Melaleuca quinquenervia"
-12.9986224,143.2508625,"Melaleuca quinquenervia"
-12.9986224,143.2508625,"Melaleuca quinquenervia"
-12.9986224,143.2508625,"Melaleuca quinquenervia"
-12.9986224,143.2508625,"Melaleuca quinquenervia"
-12.9986224,143.2508625,"Melaleuca quinquenervia"
-12.80186,142.63733,"Melaleuca quinquenervia"
-12.80186,142.63733,"Melaleuca quinquenervia"
-12.801859,142.637329,"Melaleuca quinquenervia"
-12.801859,142.637329,"Melaleuca quinquenervia"
-12.773496,142.609454,"Melaleuca quinquenervia"
-12.7667,142.6,"Melaleuca quinquenervia"
-12.7667,143.1333,"Melaleuca quinquenervia"
-12.7667,142.6,"Melaleuca quinquenervia"
-12.766667,142.6,"Melaleuca quinquenervia"
-12.766667,142.6,"Melaleuca quinquenervia"
-12.766667,131.016667,"Melaleuca quinquenervia"
-12.7638376,142.6019551,"Melaleuca quinquenervia"
-12.756827,143.10945,"Melaleuca quinquenervia"
-12.756827,143.242783,"Melaleuca quinquenervia"
-12.75,143.2167,"Melaleuca quinquenervia"
-12.75,143.2333,"Melaleuca quinquenervia"
-12.75,143.233333,"Melaleuca quinquenervia"
-12.7486237,143.2341623,"Melaleuca quinquenervia"
-12.748494,143.251116,"Melaleuca quinquenervia"
-12.7433,143.2278,"Melaleuca quinquenervia"
-12.74283,143.22599,"Melaleuca quinquenervia"
-12.740161,143.20945,"Melaleuca quinquenervia"
-12.732378,143.210787,"Melaleuca quinquenervia"
-12.7239,143.1939,"Melaleuca quinquenervia"
-12.723889,143.193889,"Melaleuca quinquenervia"
-12.7167,143.1833,"Melaleuca quinquenervia"
-12.7167,143.1833,"Melaleuca quinquenervia"
-12.7167,143.1833,"Melaleuca quinquenervia"
-12.7167,143.1833,"Melaleuca quinquenervia"
-12.7167,143.1833,"Melaleuca quinquenervia"
-12.7167,143.1833,"Melaleuca quinquenervia"
-12.7167,143.15,"Melaleuca quinquenervia"
-12.7167,143.1833,"Melaleuca quinquenervia"
-12.7167,143.1833,"Melaleuca quinquenervia"
-12.71667,143.18333,"Melaleuca quinquenervia"
-12.716667,143.183333,"Melaleuca quinquenervia"
-12.716667,143.183333,"Melaleuca quinquenervia"
-12.716667,143.183333,"Melaleuca quinquenervia"
-12.7153626,143.1509218,"Melaleuca quinquenervia"
-12.702081,141.981763,"Melaleuca quinquenervia"
-12.55,133.9167,"Melaleuca quinquenervia"
-12.534429,141.962882,"Melaleuca quinquenervia"
-12.533609,141.963036,"Melaleuca quinquenervia"
-12.523496,142.509454,"Melaleuca quinquenervia"
-12.5167,142.5,"Melaleuca quinquenervia"
-12.515326,142.5008698,"Melaleuca quinquenervia"
-12.515326,142.5008698,"Melaleuca quinquenervia"
-12.473497,142.642787,"Melaleuca quinquenervia"
-12.4667,142.6333,"Melaleuca quinquenervia"
-12.4667,142.6333,"Melaleuca quinquenervia"
-12.363056,142.1775,"Melaleuca quinquenervia"
-12.306836,141.809457,"Melaleuca quinquenervia"
-12.2933,141.7217,"Melaleuca quinquenervia"
-11.95427,142.6657,"Melaleuca quinquenervia"
-11.9539,142.6642,"Melaleuca quinquenervia"
-11.9539,142.6642,"Melaleuca quinquenervia"
-11.953889,142.664167,"Melaleuca quinquenervia"
-11.95378,142.66405,"Melaleuca quinquenervia"
-11.953073,142.231963,"Melaleuca quinquenervia"
-11.953073,142.231963,"Melaleuca quinquenervia"
-11.9417,142.925,"Melaleuca quinquenervia"
-11.940165,142.926119,"Melaleuca quinquenervia"
-11.79825,142.064483,"Melaleuca quinquenervia"
-11.79825,142.064483,"Melaleuca quinquenervia"
-11.606835,142.242788,"Melaleuca quinquenervia"
-11.6,142.2333,"Melaleuca quinquenervia"
-11.6,142.23333,"Melaleuca quinquenervia"
-11.6,142.2333,"Melaleuca quinquenervia"
-11.5986314,142.2341713,"Melaleuca quinquenervia"
-11.383611,142.413889,"Melaleuca quinquenervia"
-11.3836,142.4139,"Melaleuca quinquenervia"
-11.38,142.41,"Melaleuca quinquenervia"
-11.340167,142.742785,"Melaleuca quinquenervia"
-11.2167,142.3667,"Melaleuca quinquenervia"
-11.175,142.375,"Melaleuca quinquenervia"
-11.173503,142.359454,"Melaleuca quinquenervia"
-11.173503,142.376121,"Melaleuca quinquenervia"
-11.1667,142.35,"Melaleuca quinquenervia"
-11.1667,142.7833,"Melaleuca quinquenervia"
-11.1667,142.35,"Melaleuca quinquenervia"
-11.1667,142.35,"Melaleuca quinquenervia"
-11.1667,142.3667,"Melaleuca quinquenervia"
-11.166667,142.666667,"Melaleuca quinquenervia"
-11.166667,142.666667,"Melaleuca quinquenervia"
-11.166667,142.35,"Melaleuca quinquenervia"
-11.15938,142.75809,"Melaleuca quinquenervia"
-11.156834,142.759451,"Melaleuca quinquenervia"
-11.156834,142.759451,"Melaleuca quinquenervia"
-11.156834,142.776118,"Melaleuca quinquenervia"
-11.15,142.75,"Melaleuca quinquenervia"
-11.15,142.75,"Melaleuca quinquenervia"
-11.15,142.75,"Melaleuca quinquenervia"
-11.15,142.75,"Melaleuca quinquenervia"
-11.15,142.75,"Melaleuca quinquenervia"
-11.15,142.7667,"Melaleuca quinquenervia"
-11.15,142.75,"Melaleuca quinquenervia"
-11.125,142.358333,"Melaleuca quinquenervia"
-11.123503,142.376121,"Melaleuca quinquenervia"
-11.1167,142.3667,"Melaleuca quinquenervia"
-11.1167,142.3667,"Melaleuca quinquenervia"
-11.1167,142.3333,"Melaleuca quinquenervia"
-11.1167,142.3667,"Melaleuca quinquenervia"
-11.116667,142.366667,"Melaleuca quinquenervia"
-11.116667,142.366667,"Melaleuca quinquenervia"
-11.0333,142.3833,"Melaleuca quinquenervia"
-11.02647,142.382862,"Melaleuca quinquenervia"
-10.981083,142.368917,"Melaleuca quinquenervia"
-10.973505,142.326121,"Melaleuca quinquenervia"
-10.9667,142.3167,"Melaleuca quinquenervia"
-10.9667,142.45,"Melaleuca quinquenervia"
-10.9667,142.3167,"Melaleuca quinquenervia"
-10.966667,142.316667,"Melaleuca quinquenervia"
-10.956838,142.459454,"Melaleuca quinquenervia"
-10.940172,142.459454,"Melaleuca quinquenervia"
-10.915172,142.417787,"Melaleuca quinquenervia"
-10.8833,142.4,"Melaleuca quinquenervia"
-10.7825,142.585833,"Melaleuca quinquenervia"
-10.7667,142.5833,"Melaleuca quinquenervia"
-10.7667,142.5667,"Melaleuca quinquenervia"
-10.756836,142.559449,"Melaleuca quinquenervia"
-10.75,142.55,"Melaleuca quinquenervia"
-10.748503,142.584449,"Melaleuca quinquenervia"
-10.20388,142.32169,"Melaleuca quinquenervia"
-10.20208,142.32268,"Melaleuca quinquenervia"
-10.18365,142.24472,"Melaleuca quinquenervia"
-10.17627,142.20782,"Melaleuca quinquenervia"
-10.16923,142.23079,"Melaleuca quinquenervia"
-10.16392,142.14691,"Melaleuca quinquenervia"
-10.16363,142.15836,"Melaleuca quinquenervia"
-10.16291,142.15887,"Melaleuca quinquenervia"
-10.16278,142.14976,"Melaleuca quinquenervia"
-10.16118,142.15206,"Melaleuca quinquenervia"
-10.16058,142.22266,"Melaleuca quinquenervia"
-10.15135,142.25894,"Melaleuca quinquenervia"
-10.15133,142.25717,"Melaleuca quinquenervia"
-10.15131,142.25717,"Melaleuca quinquenervia"
